finding_id,investigation_id,severity,category,description,confidence_score,status,created_at,validated_at
FND-000001,INV-00449,HIGH,MISSING_RECEIPT,Expense claim missing receipt. Policy POL-0006 requires receipts for all claims above $200.,0.774,FALSE_POSITIVE,2024-03-05,2024-03-19
FND-000002,INV-00008,MEDIUM,VENDOR_RISK,"Vendor XcelPath Networks Group holds CRITICAL risk rating. 8 payments totalling $4,062 processed in the audit period.",0.533,RESOLVED,2022-09-22,
FND-000003,INV-00339,MEDIUM,POLICY_BREACH,"Expense claim of $312,255 for Software exceeds the policy maximum of $5,000. Overage: $38,926.",0.479,RESOLVED,2024-12-17,2024-12-21
FND-000004,INV-00158,CRITICAL,VENDOR_RISK,"BLACKLISTED vendor VND-VND-02359 received payment of $470,138 via contract CON-102952 that was not updated following blacklisting.",0.972,OPEN,2024-07-09,2024-07-30
FND-000005,INV-00400,MEDIUM,EXPIRED_COMPLIANCE,"Payment of $28,357 released to Epsilon_Group Group whose GDPR compliance expired 175 days before payment date.",0.452,OPEN,2022-07-27,2022-08-24
FND-000006,INV-00016,MEDIUM,VENDOR_RISK,"BLACKLISTED vendor VND-VND-00895 received payment of $441,028 via contract CON-106850 that was not updated following blacklisting.",0.729,OPEN,2024-02-23,2024-03-11
FND-000007,INV-00279,MEDIUM,MISSING_RECEIPT,"Employee EMP-85842 submitted 8 claims totalling $4,121 without receipts in the review period.",0.599,VALIDATED,2021-07-16,2021-07-29
FND-000008,INV-00242,MEDIUM,VENDOR_RISK,"BLACKLISTED vendor VND-VND-00802 received payment of $367,604 via contract CON-106103 that was not updated following blacklisting.",0.525,OPEN,2024-02-22,2024-03-21
FND-000009,INV-00488,HIGH,EXPIRED_COMPLIANCE,"Payment of $406,243 released to DawnTech Services Holdings whose PCI-DSS compliance expired 406 days before payment date.",0.745,RESOLVED,2023-01-03,
FND-000010,INV-00097,MEDIUM,MISSING_RECEIPT,Expense claim missing receipt. Policy POL-0014 requires receipts for all claims above $50.,0.416,OPEN,2022-09-19,2022-10-18
FND-000011,INV-00260,HIGH,POLICY_BREACH,Employee submitted Office Supplies claim 9% above the authorised policy limit without prior exception approval.,0.641,OPEN,2021-10-20,2021-11-12
FND-000012,INV-00013,CRITICAL,VENDOR_RISK,"High-risk vendor TrueNorth Services Holdings has no compliance record on file. Payment of $343,856 released without compliance clearance.",0.89,RESOLVED,2023-06-01,
FND-000013,INV-00299,MEDIUM,APPROVAL_LIMIT,"Escalation protocol was bypassed. Transaction valued at $255,474 was approved at L3 without L4 countersignature.",0.747,RESOLVED,2024-04-22,2024-04-26
FND-000014,INV-00494,MEDIUM,EXPIRED_COMPLIANCE,"Vendor VND-VND-04160 received payment of $491,648 on 2022-12-08. Compliance certificate expired on 2021-05-10 — 183 days prior.",0.509,OPEN,2022-06-30,2022-07-15
FND-000015,INV-00406,HIGH,VENDOR_RISK,"High-risk vendor HorizonEdge Inc International has no compliance record on file. Payment of $195,578 released without compliance clearance.",0.811,VALIDATED,2023-11-12,2023-11-14
FND-000016,INV-00281,MEDIUM,FRAUD_PATTERN,Transaction routed through 4 intermediate accounts before reaching final beneficiary. Unusual for CASH_OUT transaction type.,0.726,RESOLVED,2023-08-28,2023-08-30
FND-000017,INV-00016,MEDIUM,APPROVAL_LIMIT,"Payment of $148,067 approved at Level 1, which has a limit of $25,000. Transaction exceeded limit by $14,297.",0.507,OPEN,2024-02-12,2024-03-09
FND-000018,INV-00255,LOW,VENDOR_RISK,"BLACKLISTED vendor VND-VND-04104 received payment of $391,496 via contract CON-108657 that was not updated following blacklisting.",0.309,RESOLVED,2023-12-10,2023-12-18
FND-000019,INV-00154,MEDIUM,MISSING_RECEIPT,"Reimbursement of $35,550 for Equipment was approved despite no receipt documentation in the system.",0.643,OPEN,2024-03-13,2024-03-21
FND-000020,INV-00076,MEDIUM,APPROVAL_LIMIT,"Escalation protocol was bypassed. Transaction valued at $109,467 was approved at L2 without L3 countersignature.",0.646,RESOLVED,2023-08-29,2023-08-31
FND-000021,INV-00401,HIGH,MISSING_RECEIPT,Expense claim EXP-153785 submitted for Marketing without an attached supporting receipt.,0.648,RESOLVED,2022-10-20,2022-11-16
FND-000022,INV-00039,CRITICAL,POLICY_BREACH,"Claim EXP-195634 violates Policy POL-0015 section 4.2: Travel expenditure capped at $500,000 per event.",0.824,VALIDATED,2022-11-16,2022-11-20
FND-000023,INV-00215,MEDIUM,POLICY_BREACH,"Entertainment expense of $156,723 submitted by EMP-76866 exceeds monthly policy allowance of $100,000.",0.455,VALIDATED,2021-12-24,2022-01-14
FND-000024,INV-00491,MEDIUM,POLICY_BREACH,"Entertainment expense of $167,378 submitted by EMP-72250 exceeds monthly policy allowance of $25,000.",0.638,VALIDATED,2022-01-26,2022-01-30
FND-000025,INV-00148,HIGH,POLICY_BREACH,"Claim EXP-103599 violates Policy POL-0010 section 4.2: Marketing expenditure capped at $25,000 per event.",0.621,FALSE_POSITIVE,2024-10-17,
FND-000026,INV-00375,MEDIUM,POLICY_BREACH,Employee submitted Training claim 23% above the authorised policy limit without prior exception approval.,0.515,OPEN,2021-06-12,
FND-000027,INV-00191,MEDIUM,POLICY_BREACH,"Entertainment expense of $476,428 submitted by EMP-28103 exceeds monthly policy allowance of $100,000.",0.556,OPEN,2022-08-15,2022-08-17
FND-000028,INV-00325,MEDIUM,APPROVAL_LIMIT,"Escalation protocol was bypassed. Transaction valued at $105,847 was approved at L1 without L3 countersignature.",0.727,OPEN,2021-10-21,
FND-000029,INV-00287,CRITICAL,FRAUD_PATTERN,Transaction routed through 6 intermediate accounts before reaching final beneficiary. Unusual for CASH_OUT transaction type.,0.794,VALIDATED,2022-04-26,2022-05-21
FND-000030,INV-00214,LOW,POLICY_BREACH,"Expense claim of $477,112 for Training exceeds the policy maximum of $500,000. Overage: $8,965.",0.232,VALIDATED,2023-07-15,
FND-000031,INV-00216,MEDIUM,EXPIRED_COMPLIANCE,Compliance record CMP-107654 for vendor KryptonPath Ltd was in EXPIRED status at time of payment processing.,0.749,OPEN,2023-07-26,
FND-000032,INV-00265,LOW,APPROVAL_LIMIT,"Escalation protocol was bypassed. Transaction valued at $186,921 was approved at L3 without L5 countersignature.",0.388,RESOLVED,2024-03-08,2024-03-11
FND-000033,INV-00254,LOW,EXPIRED_COMPLIANCE,"Payment of $308,313 released to YellowBridge Partners Ltd whose ISO 27001 compliance expired 198 days before payment date.",0.338,ESCALATED,2023-11-16,2023-11-18
FND-000034,INV-00024,MEDIUM,VENDOR_RISK,Payment issued to VND-VND-03395 rated LOW risk. Active contract CON-106539 in place. Enhanced due diligence not documented.,0.713,ESCALATED,2022-02-21,2022-02-25
FND-000035,INV-00078,MEDIUM,POLICY_BREACH,"Entertainment expense of $127,800 submitted by EMP-36466 exceeds monthly policy allowance of $5,000.",0.572,VALIDATED,2023-10-27,
FND-000036,INV-00199,MEDIUM,MISSING_RECEIPT,"Reimbursement of $412,697 for Equipment was approved despite no receipt documentation in the system.",0.694,VALIDATED,2024-11-16,2024-12-13
FND-000037,INV-00467,HIGH,APPROVAL_LIMIT,"Escalation protocol was bypassed. Transaction valued at $423,075 was approved at L3 without L3 countersignature.",0.763,VALIDATED,2023-04-21,2023-05-02
FND-000038,INV-00055,MEDIUM,MISSING_RECEIPT,"Reimbursement of $125,411 for Marketing was approved despite no receipt documentation in the system.",0.473,ESCALATED,2021-08-23,2021-09-16
FND-000039,INV-00142,CRITICAL,APPROVAL_LIMIT,"Escalation protocol was bypassed. Transaction valued at $82,376 was approved at L1 without L4 countersignature.",0.936,ESCALATED,2024-07-22,2024-08-13
FND-000040,INV-00096,CRITICAL,APPROVAL_LIMIT,"Approval granted by EMP-24159 who was not authorised to approve amounts above $25,000. Transaction value: $355,434.",0.969,VALIDATED,2022-10-02,2022-10-31
FND-000041,INV-00401,LOW,MISSING_RECEIPT,Expense claim missing receipt. Policy POL-0007 requires receipts for all claims above $75.,0.312,RESOLVED,2024-06-28,2024-06-29
FND-000042,INV-00030,MEDIUM,POLICY_BREACH,"Entertainment expense of $211,942 submitted by EMP-76112 exceeds monthly policy allowance of $100,000.",0.571,FALSE_POSITIVE,2024-06-18,2024-07-04
FND-000043,INV-00290,CRITICAL,POLICY_BREACH,"Claim EXP-111471 violates Policy POL-0020 section 4.2: Meals expenditure capped at $500,000 per event.",0.864,VALIDATED,2021-10-25,
FND-000044,INV-00217,MEDIUM,VENDOR_RISK,"Vendor GreenBridge Consulting LLC holds CRITICAL risk rating. 6 payments totalling $13,925 processed in the audit period.",0.403,ESCALATED,2023-12-26,
FND-000045,INV-00488,LOW,VENDOR_RISK,"BLACKLISTED vendor VND-VND-04905 received payment of $388,785 via contract CON-109669 that was not updated following blacklisting.",0.319,OPEN,2024-06-25,2024-06-29
FND-000046,INV-00231,MEDIUM,EXPIRED_COMPLIANCE,Procurement team processed payment without checking compliance status. Certificate had been expired for 514 days.,0.593,OPEN,2022-11-12,
FND-000047,INV-00065,MEDIUM,POLICY_BREACH,"Entertainment expense of $475,586 submitted by EMP-40987 exceeds monthly policy allowance of $500,000.",0.55,VALIDATED,2021-12-27,2022-01-01
FND-000048,INV-00012,LOW,POLICY_BREACH,"Entertainment expense of $142,695 submitted by EMP-77970 exceeds monthly policy allowance of $100,000.",0.397,VALIDATED,2023-03-15,2023-03-31
FND-000049,INV-00443,LOW,EXPIRED_COMPLIANCE,Procurement team processed payment without checking compliance status. Certificate had been expired for 28 days.,0.358,VALIDATED,2023-03-30,
FND-000050,INV-00028,MEDIUM,POLICY_BREACH,"Claim EXP-175796 violates Policy POL-0008 section 4.2: Office Supplies expenditure capped at $25,000 per event.",0.686,ESCALATED,2023-04-27,2023-05-17
FND-000051,INV-00445,MEDIUM,VENDOR_RISK,Payment issued to VND-VND-03125 rated LOW risk. Active contract CON-108592 in place. Enhanced due diligence not documented.,0.68,VALIDATED,2024-05-14,2024-06-07
FND-000052,INV-00498,LOW,FRAUD_PATTERN,Transaction routed through 6 intermediate accounts before reaching final beneficiary. Unusual for PAYMENT transaction type.,0.227,OPEN,2024-06-25,2024-06-26
FND-000053,INV-00491,MEDIUM,MISSING_RECEIPT,"Reimbursement of $330,415 for Entertainment was approved despite no receipt documentation in the system.",0.671,VALIDATED,2022-07-07,2022-08-01
FND-000054,INV-00124,MEDIUM,POLICY_BREACH,"Entertainment expense of $455,850 submitted by EMP-98719 exceeds monthly policy allowance of $100,000.",0.5,VALIDATED,2023-03-17,
FND-000055,INV-00166,MEDIUM,APPROVAL_LIMIT,"Escalation protocol was bypassed. Transaction valued at $85,582 was approved at L2 without L5 countersignature.",0.557,VALIDATED,2024-04-26,2024-05-23
FND-000056,INV-00306,MEDIUM,EXPIRED_COMPLIANCE,Procurement team processed payment without checking compliance status. Certificate had been expired for 246 days.,0.513,OPEN,2024-08-06,
FND-000057,INV-00259,LOW,EXPIRED_COMPLIANCE,"Vendor VND-VND-03770 received payment of $222,144 on 2022-11-14. Compliance certificate expired on 2021-04-16 — 67 days prior.",0.553,RESOLVED,2021-06-04,2021-06-29
FND-000058,INV-00074,LOW,VENDOR_RISK,"Vendor FusionCore Analytics Inc holds CRITICAL risk rating. 2 payments totalling $17,468 processed in the audit period.",0.27,OPEN,2022-12-18,
FND-000059,INV-00368,LOW,VENDOR_RISK,"BLACKLISTED vendor VND-VND-02914 received payment of $66,972 via contract CON-107081 that was not updated following blacklisting.",0.514,VALIDATED,2023-10-12,2023-11-09
FND-000060,INV-00002,HIGH,APPROVAL_LIMIT,"Approval granted by EMP-81985 who was not authorised to approve amounts above $25,000. Transaction value: $349,444.",0.644,RESOLVED,2023-06-13,2023-06-30
FND-000061,INV-00105,LOW,VENDOR_RISK,"BLACKLISTED vendor VND-VND-04893 received payment of $469,760 via contract CON-103287 that was not updated following blacklisting.",0.455,VALIDATED,2023-11-08,2023-12-03
FND-000062,INV-00317,LOW,FRAUD_PATTERN,"Round-number transaction of $494,839 processed at 00:45 — outside standard business hours. Flagged by anomaly detection.",0.252,RESOLVED,2023-06-24,2023-07-19
FND-000063,INV-00397,MEDIUM,VENDOR_RISK,"Vendor YellowBridge Partners International holds CRITICAL risk rating. 2 payments totalling $16,374 processed in the audit period.",0.511,RESOLVED,2022-08-06,
FND-000064,INV-00146,MEDIUM,APPROVAL_LIMIT,"Payment of $329,733 approved at Level 2, which has a limit of $100,000. Transaction exceeded limit by $14,988.",0.441,VALIDATED,2023-08-10,2023-08-19
FND-000065,INV-00339,MEDIUM,VENDOR_RISK,Payment issued to VND-VND-00253 rated LOW risk. Active contract CON-100965 in place. Enhanced due diligence not documented.,0.572,VALIDATED,2023-02-24,
FND-000066,INV-00423,LOW,EXPIRED_COMPLIANCE,Procurement team processed payment without checking compliance status. Certificate had been expired for 411 days.,0.63,RESOLVED,2022-07-02,2022-07-16
FND-000067,INV-00187,MEDIUM,APPROVAL_LIMIT,"Escalation protocol was bypassed. Transaction valued at $163,863 was approved at L2 without L4 countersignature.",0.613,RESOLVED,2022-12-22,
FND-000068,INV-00246,LOW,EXPIRED_COMPLIANCE,Compliance record CMP-106796 for vendor RapidCore Consulting International was in EXPIRED status at time of payment processing.,0.245,OPEN,2021-09-04,2021-09-30
FND-000069,INV-00139,MEDIUM,APPROVAL_LIMIT,"Escalation protocol was bypassed. Transaction valued at $283,866 was approved at L3 without L5 countersignature.",0.656,RESOLVED,2024-03-08,2024-03-28
FND-000070,INV-00121,LOW,MISSING_RECEIPT,Expense claim missing receipt. Policy POL-0020 requires receipts for all claims above $100.,0.598,ESCALATED,2023-04-11,2023-05-08
FND-000071,INV-00035,MEDIUM,APPROVAL_LIMIT,"Payment of $337,631 approved at Level 1, which has a limit of $500,000. Transaction exceeded limit by $49,227.",0.612,OPEN,2023-10-19,
FND-000072,INV-00203,HIGH,POLICY_BREACH,"Claim EXP-156667 violates Policy POL-0012 section 4.2: Travel expenditure capped at $100,000 per event.",0.704,OPEN,2024-09-02,2024-09-10
FND-000073,INV-00184,MEDIUM,MISSING_RECEIPT,Expense claim EXP-168787 submitted for Meals without an attached supporting receipt.,0.611,RESOLVED,2021-12-11,2021-12-23
FND-000074,INV-00480,MEDIUM,MISSING_RECEIPT,Expense claim EXP-165583 submitted for Equipment without an attached supporting receipt.,0.592,VALIDATED,2021-06-03,
FND-000075,INV-00248,LOW,MISSING_RECEIPT,"Reimbursement of $294,232 for Training was approved despite no receipt documentation in the system.",0.618,RESOLVED,2021-12-07,2021-12-29
FND-000076,INV-00098,HIGH,APPROVAL_LIMIT,"Escalation protocol was bypassed. Transaction valued at $39,388 was approved at L3 without L3 countersignature.",0.802,VALIDATED,2024-08-30,2024-09-13
FND-000077,INV-00366,LOW,APPROVAL_LIMIT,"Escalation protocol was bypassed. Transaction valued at $161,846 was approved at L2 without L4 countersignature.",0.625,VALIDATED,2022-05-31,2022-06-08
FND-000078,INV-00322,HIGH,APPROVAL_LIMIT,Transaction processed with approval from an officer whose delegated authority was 20% below the required threshold.,0.827,RESOLVED,2022-09-24,
FND-000079,INV-00498,HIGH,APPROVAL_LIMIT,"Payment of $73,662 approved at Level 1, which has a limit of $25,000. Transaction exceeded limit by $40,075.",0.841,OPEN,2024-12-29,2025-01-09
FND-000080,INV-00357,HIGH,APPROVAL_LIMIT,"Escalation protocol was bypassed. Transaction valued at $109,362 was approved at L2 without L4 countersignature.",0.627,VALIDATED,2022-06-22,2022-06-28
FND-000081,INV-00173,LOW,MISSING_RECEIPT,"Reimbursement of $448,680 for Entertainment was approved despite no receipt documentation in the system.",0.327,VALIDATED,2023-08-06,
FND-000082,INV-00305,MEDIUM,VENDOR_RISK,Payment issued to VND-VND-03713 rated MEDIUM risk. Active contract CON-104310 in place. Enhanced due diligence not documented.,0.689,RESOLVED,2023-07-12,2023-07-30
FND-000083,INV-00475,MEDIUM,EXPIRED_COMPLIANCE,Procurement team processed payment without checking compliance status. Certificate had been expired for 95 days.,0.723,OPEN,2023-06-30,
FND-000084,INV-00110,MEDIUM,POLICY_BREACH,"Claim EXP-150016 violates Policy POL-0002 section 4.2: Travel expenditure capped at $5,000 per event.",0.492,RESOLVED,2022-11-11,2022-11-17
FND-000085,INV-00201,HIGH,MISSING_RECEIPT,Expense claim EXP-160078 submitted for Software without an attached supporting receipt.,0.813,OPEN,2022-09-12,2022-09-16
FND-000086,INV-00295,HIGH,FRAUD_PATTERN,"Split payment pattern detected: 2 transactions to same beneficiary totalling $7,319 — each below approval threshold of $25,000.",0.703,RESOLVED,2024-09-29,2024-10-25
FND-000087,INV-00420,LOW,VENDOR_RISK,"High-risk vendor GlobalNex Corp Inc has no compliance record on file. Payment of $457,430 released without compliance clearance.",0.213,ESCALATED,2024-10-14,2024-11-11
FND-000088,INV-00201,LOW,MISSING_RECEIPT,Expense claim missing receipt. Policy POL-0010 requires receipts for all claims above $75.,0.214,OPEN,2024-05-10,
FND-000089,INV-00026,CRITICAL,MISSING_RECEIPT,Expense claim missing receipt. Policy POL-0003 requires receipts for all claims above $100.,0.828,RESOLVED,2024-09-24,
FND-000090,INV-00128,MEDIUM,VENDOR_RISK,"Vendor HorizonEdge Inc holds CRITICAL risk rating. 8 payments totalling $9,385 processed in the audit period.",0.465,OPEN,2024-01-09,2024-01-26
FND-000091,INV-00221,HIGH,MISSING_RECEIPT,"Employee EMP-46160 submitted 7 claims totalling $3,157 without receipts in the review period.",0.667,VALIDATED,2024-07-09,2024-07-10
FND-000092,INV-00350,MEDIUM,VENDOR_RISK,Payment issued to VND-VND-01358 rated MEDIUM risk. Active contract CON-107779 in place. Enhanced due diligence not documented.,0.569,VALIDATED,2023-06-17,2023-07-06
FND-000093,INV-00468,MEDIUM,POLICY_BREACH,"Entertainment expense of $225,324 submitted by EMP-73919 exceeds monthly policy allowance of $500,000.",0.492,OPEN,2022-09-22,
FND-000094,INV-00265,LOW,APPROVAL_LIMIT,"Approval granted by EMP-30641 who was not authorised to approve amounts above $25,000. Transaction value: $408,753.",0.53,RESOLVED,2023-04-15,
FND-000095,INV-00345,MEDIUM,APPROVAL_LIMIT,"Approval granted by EMP-23373 who was not authorised to approve amounts above $100,000. Transaction value: $92,641.",0.415,FALSE_POSITIVE,2024-11-30,2024-12-12
FND-000096,INV-00157,MEDIUM,POLICY_BREACH,"Entertainment expense of $379,342 submitted by EMP-51017 exceeds monthly policy allowance of $500,000.",0.623,FALSE_POSITIVE,2024-11-12,2024-12-08
FND-000097,INV-00096,CRITICAL,FRAUD_PATTERN,"Round-number transaction of $92,118 processed at 03:33 — outside standard business hours. Flagged by anomaly detection.",0.949,VALIDATED,2022-12-31,
FND-000098,INV-00117,MEDIUM,FRAUD_PATTERN,Transaction routed through 6 intermediate accounts before reaching final beneficiary. Unusual for PAYMENT transaction type.,0.639,VALIDATED,2023-03-13,2023-03-27
FND-000099,INV-00203,HIGH,VENDOR_RISK,Payment issued to VND-VND-00424 rated LOW risk. Active contract CON-104974 in place. Enhanced due diligence not documented.,0.714,RESOLVED,2023-06-11,
FND-000100,INV-00470,MEDIUM,VENDOR_RISK,"High-risk vendor Gamma_Co Group has no compliance record on file. Payment of $473,134 released without compliance clearance.",0.558,ESCALATED,2022-05-02,2022-05-13
FND-000101,INV-00256,MEDIUM,POLICY_BREACH,"Entertainment expense of $207,262 submitted by EMP-34528 exceeds monthly policy allowance of $100,000.",0.492,OPEN,2023-09-19,2023-09-27
FND-000102,INV-00019,MEDIUM,VENDOR_RISK,"High-risk vendor RapidCore Consulting LLC has no compliance record on file. Payment of $176,109 released without compliance clearance.",0.482,RESOLVED,2023-07-18,2023-07-19
FND-000103,INV-00205,LOW,VENDOR_RISK,Payment issued to VND-VND-03234 rated MEDIUM risk. Active contract CON-105401 in place. Enhanced due diligence not documented.,0.508,RESOLVED,2022-05-18,2022-06-11
FND-000104,INV-00053,MEDIUM,VENDOR_RISK,"High-risk vendor Alpha_Inc Group has no compliance record on file. Payment of $474,239 released without compliance clearance.",0.52,VALIDATED,2021-10-11,2021-11-04
FND-000105,INV-00257,HIGH,POLICY_BREACH,Employee submitted Entertainment claim 42% above the authorised policy limit without prior exception approval.,0.787,OPEN,2021-12-23,
FND-000106,INV-00444,MEDIUM,MISSING_RECEIPT,"Employee EMP-72087 submitted 7 claims totalling $3,041 without receipts in the review period.",0.537,VALIDATED,2023-04-07,
FND-000107,INV-00334,MEDIUM,EXPIRED_COMPLIANCE,"Vendor VND-VND-02443 received payment of $342,715 on 2022-09-16. Compliance certificate expired on 2022-12-19 — 116 days prior.",0.659,VALIDATED,2021-07-14,2021-08-07
FND-000108,INV-00500,MEDIUM,VENDOR_RISK,"High-risk vendor BridgeTech Consulting Holdings has no compliance record on file. Payment of $33,742 released without compliance clearance.",0.538,RESOLVED,2023-02-24,
FND-000109,INV-00366,HIGH,MISSING_RECEIPT,Expense claim missing receipt. Policy POL-0014 requires receipts for all claims above $75.,0.791,RESOLVED,2022-05-11,
FND-000110,INV-00133,HIGH,VENDOR_RISK,"Vendor DeltaPath Logistics Ltd holds CRITICAL risk rating. 3 payments totalling $9,379 processed in the audit period.",0.718,OPEN,2022-01-24,2022-01-27
FND-000111,INV-00288,LOW,EXPIRED_COMPLIANCE,Compliance record CMP-104559 for vendor BlueStar Procurement was in EXPIRED status at time of payment processing.,0.405,OPEN,2023-06-20,2023-07-09
FND-000112,INV-00248,LOW,VENDOR_RISK,Payment issued to VND-VND-00873 rated LOW risk. Active contract CON-109597 in place. Enhanced due diligence not documented.,0.497,OPEN,2023-12-17,
FND-000113,INV-00344,LOW,MISSING_RECEIPT,"Reimbursement of $222,776 for Software was approved despite no receipt documentation in the system.",0.475,RESOLVED,2024-09-12,
FND-000114,INV-00021,CRITICAL,APPROVAL_LIMIT,"Payment of $287,133 approved at Level 3, which has a limit of $500,000. Transaction exceeded limit by $30,178.",0.825,OPEN,2022-03-23,
FND-000115,INV-00263,HIGH,EXPIRED_COMPLIANCE,Compliance record CMP-100495 for vendor TrueNorth Services was in EXPIRED status at time of payment processing.,0.828,RESOLVED,2021-07-14,2021-07-31
FND-000116,INV-00305,LOW,MISSING_RECEIPT,Expense claim EXP-182334 submitted for Meals without an attached supporting receipt.,0.243,VALIDATED,2022-02-12,
FND-000117,INV-00350,CRITICAL,VENDOR_RISK,"Vendor CoreVault Systems holds CRITICAL risk rating. 3 payments totalling $11,058 processed in the audit period.",0.8,ESCALATED,2021-12-02,2021-12-29
FND-000118,INV-00422,HIGH,MISSING_RECEIPT,"Employee EMP-73805 submitted 2 claims totalling $9,054 without receipts in the review period.",0.858,OPEN,2024-03-19,2024-04-05
FND-000119,INV-00222,HIGH,VENDOR_RISK,"BLACKLISTED vendor VND-VND-03247 received payment of $20,826 via contract CON-108947 that was not updated following blacklisting.",0.68,RESOLVED,2023-06-07,2023-07-02
FND-000120,INV-00078,CRITICAL,APPROVAL_LIMIT,"Approval granted by EMP-27523 who was not authorised to approve amounts above $25,000. Transaction value: $353,528.",0.847,FALSE_POSITIVE,2023-01-30,
FND-000121,INV-00200,MEDIUM,APPROVAL_LIMIT,"Approval granted by EMP-48895 who was not authorised to approve amounts above $5,000. Transaction value: $227,612.",0.629,VALIDATED,2023-06-22,
FND-000122,INV-00230,MEDIUM,APPROVAL_LIMIT,"Approval granted by EMP-86149 who was not authorised to approve amounts above $5,000. Transaction value: $436,079.",0.719,ESCALATED,2024-08-18,
FND-000123,INV-00024,LOW,APPROVAL_LIMIT,Transaction processed with approval from an officer whose delegated authority was 78% below the required threshold.,0.221,RESOLVED,2021-06-27,
FND-000124,INV-00418,LOW,POLICY_BREACH,"Expense claim of $273,524 for Travel exceeds the policy maximum of $100,000. Overage: $30,534.",0.202,RESOLVED,2024-04-24,2024-05-14
FND-000125,INV-00494,MEDIUM,MISSING_RECEIPT,Expense claim missing receipt. Policy POL-0006 requires receipts for all claims above $50.,0.697,OPEN,2024-05-27,2024-06-25
FND-000126,INV-00193,HIGH,MISSING_RECEIPT,Expense claim missing receipt. Policy POL-0014 requires receipts for all claims above $75.,0.856,VALIDATED,2024-11-21,2024-11-23
FND-000127,INV-00282,MEDIUM,MISSING_RECEIPT,"Reimbursement of $365,819 for Software was approved despite no receipt documentation in the system.",0.726,RESOLVED,2021-09-25,
FND-000128,INV-00399,MEDIUM,APPROVAL_LIMIT,"Approval granted by EMP-11558 who was not authorised to approve amounts above $5,000. Transaction value: $471,692.",0.697,RESOLVED,2021-11-14,
FND-000129,INV-00443,LOW,APPROVAL_LIMIT,"Approval granted by EMP-38918 who was not authorised to approve amounts above $25,000. Transaction value: $294,237.",0.647,VALIDATED,2024-02-16,
FND-000130,INV-00035,MEDIUM,VENDOR_RISK,Payment issued to VND-VND-04980 rated LOW risk. Active contract CON-102574 in place. Enhanced due diligence not documented.,0.497,FALSE_POSITIVE,2024-02-14,2024-03-13
FND-000131,INV-00315,MEDIUM,MISSING_RECEIPT,"Reimbursement of $131,249 for Accommodation was approved despite no receipt documentation in the system.",0.644,VALIDATED,2022-10-10,2022-10-26
FND-000132,INV-00256,CRITICAL,POLICY_BREACH,"Claim EXP-116111 violates Policy POL-0011 section 4.2: Entertainment expenditure capped at $500,000 per event.",0.984,VALIDATED,2021-06-26,2021-07-20
FND-000133,INV-00370,LOW,VENDOR_RISK,Payment issued to VND-VND-01802 rated LOW risk. Active contract CON-100425 in place. Enhanced due diligence not documented.,0.311,RESOLVED,2022-07-17,2022-08-06
FND-000134,INV-00169,MEDIUM,POLICY_BREACH,"Expense claim of $217,506 for Office Supplies exceeds the policy maximum of $5,000. Overage: $26,658.",0.418,VALIDATED,2023-05-03,2023-05-27
FND-000135,INV-00282,HIGH,MISSING_RECEIPT,"Employee EMP-49866 submitted 5 claims totalling $17,241 without receipts in the review period.",0.64,RESOLVED,2021-08-28,2021-09-21
FND-000136,INV-00456,MEDIUM,APPROVAL_LIMIT,"Approval granted by EMP-49912 who was not authorised to approve amounts above $5,000. Transaction value: $475,097.",0.695,RESOLVED,2023-06-08,
FND-000137,INV-00409,LOW,VENDOR_RISK,"High-risk vendor WavePath Inc LLC has no compliance record on file. Payment of $178,374 released without compliance clearance.",0.631,RESOLVED,2023-03-09,2023-03-27
FND-000138,INV-00097,MEDIUM,APPROVAL_LIMIT,"Approval granted by EMP-18935 who was not authorised to approve amounts above $5,000. Transaction value: $390,612.",0.687,RESOLVED,2024-04-10,2024-05-09
FND-000139,INV-00400,LOW,EXPIRED_COMPLIANCE,"Vendor VND-VND-04987 received payment of $10,791 on 2022-05-18. Compliance certificate expired on 2021-11-07 — 158 days prior.",0.409,VALIDATED,2024-04-10,2024-05-02
FND-000140,INV-00481,HIGH,POLICY_BREACH,Employee submitted Accommodation claim 54% above the authorised policy limit without prior exception approval.,0.737,RESOLVED,2021-09-24,2021-09-29
FND-000141,INV-00108,CRITICAL,EXPIRED_COMPLIANCE,Compliance record CMP-105651 for vendor ClearPath Logistics Ltd was in EXPIRED status at time of payment processing.,0.901,OPEN,2021-07-30,2021-08-17
FND-000142,INV-00442,MEDIUM,EXPIRED_COMPLIANCE,Compliance record CMP-109935 for vendor UnityCore Technologies Group was in EXPIRED status at time of payment processing.,0.535,VALIDATED,2022-10-17,2022-10-22
FND-000143,INV-00164,HIGH,MISSING_RECEIPT,Expense claim EXP-129878 submitted for Travel without an attached supporting receipt.,0.74,OPEN,2022-12-27,2023-01-17
FND-000144,INV-00228,MEDIUM,POLICY_BREACH,"Entertainment expense of $120,015 submitted by EMP-38978 exceeds monthly policy allowance of $25,000.",0.464,OPEN,2021-12-25,2021-12-30
FND-000145,INV-00424,LOW,EXPIRED_COMPLIANCE,Compliance record CMP-103011 for vendor RapidCore Consulting Holdings was in EXPIRED status at time of payment processing.,0.649,OPEN,2023-03-18,
FND-000146,INV-00271,HIGH,FRAUD_PATTERN,"Round-number transaction of $319,859 processed at 02:01 — outside standard business hours. Flagged by anomaly detection.",0.752,VALIDATED,2022-12-20,2023-01-01
FND-000147,INV-00037,HIGH,APPROVAL_LIMIT,"Escalation protocol was bypassed. Transaction valued at $283,390 was approved at L3 without L4 countersignature.",0.768,RESOLVED,2021-11-12,2021-11-21
FND-000148,INV-00290,CRITICAL,VENDOR_RISK,"High-risk vendor InnoCore Dynamics Ltd has no compliance record on file. Payment of $490,714 released without compliance clearance.",0.915,VALIDATED,2024-11-18,2024-11-27
FND-000149,INV-00331,LOW,VENDOR_RISK,"High-risk vendor Acuity Systems Inc has no compliance record on file. Payment of $15,646 released without compliance clearance.",0.345,ESCALATED,2024-01-14,2024-01-27
FND-000150,INV-00465,MEDIUM,MISSING_RECEIPT,"Employee EMP-59217 submitted 7 claims totalling $15,651 without receipts in the review period.",0.722,RESOLVED,2024-09-14,2024-09-28
FND-000151,INV-00034,MEDIUM,MISSING_RECEIPT,Expense claim EXP-121557 submitted for Consulting without an attached supporting receipt.,0.634,OPEN,2021-08-22,2021-09-06
FND-000152,INV-00261,CRITICAL,APPROVAL_LIMIT,Transaction processed with approval from an officer whose delegated authority was 14% below the required threshold.,0.941,RESOLVED,2022-12-12,2023-01-08
FND-000153,INV-00471,LOW,MISSING_RECEIPT,"Employee EMP-45822 submitted 3 claims totalling $13,324 without receipts in the review period.",0.218,RESOLVED,2023-12-03,2023-12-27
FND-000154,INV-00171,LOW,MISSING_RECEIPT,Expense claim missing receipt. Policy POL-0013 requires receipts for all claims above $50.,0.456,FALSE_POSITIVE,2021-12-04,2021-12-25
FND-000155,INV-00239,HIGH,MISSING_RECEIPT,Expense claim EXP-115617 submitted for Software without an attached supporting receipt.,0.797,OPEN,2024-11-25,2024-11-26
FND-000156,INV-00133,HIGH,APPROVAL_LIMIT,"Escalation protocol was bypassed. Transaction valued at $308,668 was approved at L3 without L4 countersignature.",0.784,VALIDATED,2024-03-13,2024-03-22
FND-000157,INV-00428,MEDIUM,POLICY_BREACH,"Entertainment expense of $486,134 submitted by EMP-43195 exceeds monthly policy allowance of $100,000.",0.575,VALIDATED,2023-11-21,2023-12-16
FND-000158,INV-00126,CRITICAL,MISSING_RECEIPT,Expense claim missing receipt. Policy POL-0001 requires receipts for all claims above $200.,0.833,RESOLVED,2024-09-23,2024-10-22
FND-000159,INV-00055,LOW,VENDOR_RISK,"High-risk vendor XpressCore Dynamics Ltd has no compliance record on file. Payment of $386,639 released without compliance clearance.",0.239,ESCALATED,2024-08-11,2024-08-22
FND-000160,INV-00387,HIGH,POLICY_BREACH,"Expense claim of $261,553 for Travel exceeds the policy maximum of $5,000. Overage: $19,252.",0.633,OPEN,2023-10-10,2023-10-24
FND-000161,INV-00008,LOW,FRAUD_PATTERN,"Round-number transaction of $204,992 processed at 01:56 — outside standard business hours. Flagged by anomaly detection.",0.501,VALIDATED,2023-06-04,2023-06-19
FND-000162,INV-00283,LOW,APPROVAL_LIMIT,"Escalation protocol was bypassed. Transaction valued at $499,727 was approved at L2 without L3 countersignature.",0.514,RESOLVED,2023-05-23,
FND-000163,INV-00056,MEDIUM,VENDOR_RISK,Payment issued to VND-VND-04960 rated LOW risk. Active contract CON-108809 in place. Enhanced due diligence not documented.,0.499,OPEN,2021-09-26,2021-10-14
FND-000164,INV-00476,LOW,FRAUD_PATTERN,Transaction routed through 3 intermediate accounts before reaching final beneficiary. Unusual for TRANSFER transaction type.,0.342,VALIDATED,2024-07-14,
FND-000165,INV-00074,LOW,APPROVAL_LIMIT,Transaction processed with approval from an officer whose delegated authority was 16% below the required threshold.,0.352,RESOLVED,2022-07-28,2022-08-25
FND-000166,INV-00308,CRITICAL,MISSING_RECEIPT,Expense claim missing receipt. Policy POL-0015 requires receipts for all claims above $50.,0.971,VALIDATED,2023-12-07,2023-12-29
FND-000167,INV-00119,HIGH,FRAUD_PATTERN,Transaction routed through 7 intermediate accounts before reaching final beneficiary. Unusual for CASH_OUT transaction type.,0.796,VALIDATED,2023-06-07,2023-06-30
FND-000168,INV-00388,LOW,FRAUD_PATTERN,Transaction routed through 8 intermediate accounts before reaching final beneficiary. Unusual for TRANSFER transaction type.,0.556,RESOLVED,2022-10-09,2022-10-13
FND-000169,INV-00278,HIGH,APPROVAL_LIMIT,"Payment of $107,358 approved at Level 3, which has a limit of $100,000. Transaction exceeded limit by $37,249.",0.723,OPEN,2022-03-09,2022-03-17
FND-000170,INV-00057,MEDIUM,POLICY_BREACH,Employee submitted Training claim 8% above the authorised policy limit without prior exception approval.,0.527,RESOLVED,2024-05-17,
FND-000171,INV-00243,LOW,APPROVAL_LIMIT,Transaction processed with approval from an officer whose delegated authority was 30% below the required threshold.,0.576,RESOLVED,2023-06-15,
FND-000172,INV-00393,LOW,APPROVAL_LIMIT,Transaction processed with approval from an officer whose delegated authority was 35% below the required threshold.,0.424,FALSE_POSITIVE,2024-10-01,2024-10-25
FND-000173,INV-00007,MEDIUM,EXPIRED_COMPLIANCE,Compliance record CMP-107829 for vendor ClearPath Logistics Inc was in EXPIRED status at time of payment processing.,0.495,VALIDATED,2023-04-24,2023-04-28
FND-000174,INV-00376,HIGH,POLICY_BREACH,"Expense claim of $10,489 for Office Supplies exceeds the policy maximum of $25,000. Overage: $10,448.",0.803,RESOLVED,2021-07-08,2021-07-12
FND-000175,INV-00308,MEDIUM,EXPIRED_COMPLIANCE,Procurement team processed payment without checking compliance status. Certificate had been expired for 271 days.,0.453,OPEN,2023-01-19,2023-01-21
FND-000176,INV-00295,LOW,MISSING_RECEIPT,Expense claim EXP-104373 submitted for Travel without an attached supporting receipt.,0.6,RESOLVED,2021-10-16,2021-10-19
FND-000177,INV-00446,MEDIUM,APPROVAL_LIMIT,"Escalation protocol was bypassed. Transaction valued at $2,720 was approved at L1 without L5 countersignature.",0.481,VALIDATED,2022-10-29,2022-11-01
FND-000178,INV-00094,LOW,MISSING_RECEIPT,Expense claim EXP-172509 submitted for Consulting without an attached supporting receipt.,0.455,RESOLVED,2024-12-22,2025-01-06
FND-000179,INV-00477,MEDIUM,POLICY_BREACH,"Expense claim of $488,710 for Marketing exceeds the policy maximum of $100,000. Overage: $48,771.",0.402,OPEN,2023-11-08,
FND-000180,INV-00293,LOW,APPROVAL_LIMIT,Transaction processed with approval from an officer whose delegated authority was 51% below the required threshold.,0.272,VALIDATED,2023-02-20,2023-02-21
FND-000181,INV-00394,MEDIUM,MISSING_RECEIPT,"Reimbursement of $40,984 for Software was approved despite no receipt documentation in the system.",0.565,ESCALATED,2024-07-19,
FND-000182,INV-00011,LOW,MISSING_RECEIPT,"Employee EMP-35696 submitted 6 claims totalling $7,235 without receipts in the review period.",0.628,RESOLVED,2024-05-02,2024-05-23
FND-000183,INV-00093,LOW,EXPIRED_COMPLIANCE,Compliance record CMP-105867 for vendor EcoVenture Supplies Holdings was in EXPIRED status at time of payment processing.,0.586,VALIDATED,2023-12-07,
FND-000184,INV-00009,MEDIUM,EXPIRED_COMPLIANCE,"Payment of $348,407 released to Gamma_Co LLC whose PCI-DSS compliance expired 306 days before payment date.",0.463,RESOLVED,2022-11-09,2022-12-08
FND-000185,INV-00389,MEDIUM,APPROVAL_LIMIT,"Approval granted by EMP-27376 who was not authorised to approve amounts above $5,000. Transaction value: $430,157.",0.557,VALIDATED,2021-10-04,2021-10-27
FND-000186,INV-00118,MEDIUM,VENDOR_RISK,Payment issued to VND-VND-01018 rated LOW risk. Active contract CON-109562 in place. Enhanced due diligence not documented.,0.516,ESCALATED,2022-11-05,2022-11-26
FND-000187,INV-00075,MEDIUM,VENDOR_RISK,"BLACKLISTED vendor VND-VND-04882 received payment of $359,372 via contract CON-104778 that was not updated following blacklisting.",0.474,VALIDATED,2023-06-15,2023-07-15
FND-000188,INV-00474,MEDIUM,APPROVAL_LIMIT,"Escalation protocol was bypassed. Transaction valued at $371,345 was approved at L3 without L3 countersignature.",0.699,OPEN,2024-12-31,
FND-000189,INV-00266,LOW,POLICY_BREACH,Employee submitted Entertainment claim 52% above the authorised policy limit without prior exception approval.,0.459,OPEN,2024-09-07,2024-10-04
FND-000190,INV-00497,LOW,EXPIRED_COMPLIANCE,Procurement team processed payment without checking compliance status. Certificate had been expired for 535 days.,0.624,FALSE_POSITIVE,2021-08-04,2021-08-18
FND-000191,INV-00327,HIGH,VENDOR_RISK,"BLACKLISTED vendor VND-VND-03458 received payment of $166,087 via contract CON-108970 that was not updated following blacklisting.",0.839,VALIDATED,2024-08-20,2024-08-27
FND-000192,INV-00219,LOW,POLICY_BREACH,"Expense claim of $25,911 for Entertainment exceeds the policy maximum of $500,000. Overage: $17,768.",0.371,OPEN,2024-01-29,
FND-000193,INV-00210,MEDIUM,FRAUD_PATTERN,"Round-number transaction of $343,403 processed at 00:18 — outside standard business hours. Flagged by anomaly detection.",0.477,ESCALATED,2023-10-23,2023-10-31
FND-000194,INV-00181,MEDIUM,APPROVAL_LIMIT,"Payment of $258,493 approved at Level 2, which has a limit of $500,000. Transaction exceeded limit by $3,558.",0.731,VALIDATED,2023-01-11,2023-01-22
FND-000195,INV-00147,MEDIUM,EXPIRED_COMPLIANCE,"Vendor VND-VND-03328 received payment of $38,267 on 2023-02-14. Compliance certificate expired on 2020-07-12 — 316 days prior.",0.516,RESOLVED,2022-08-07,2022-09-05
FND-000196,INV-00452,LOW,FRAUD_PATTERN,Employee EMP-25881 submitted 2 expense claims within 72 hours for identical amounts — potential duplicate fraud pattern.,0.586,OPEN,2022-03-17,2022-03-20
FND-000197,INV-00260,MEDIUM,POLICY_BREACH,"Claim EXP-110149 violates Policy POL-0001 section 4.2: Training expenditure capped at $5,000 per event.",0.453,RESOLVED,2021-12-16,2021-12-28
FND-000198,INV-00320,CRITICAL,MISSING_RECEIPT,Expense claim EXP-163739 submitted for Accommodation without an attached supporting receipt.,0.886,OPEN,2022-01-26,
FND-000199,INV-00462,CRITICAL,MISSING_RECEIPT,"Reimbursement of $79,211 for Accommodation was approved despite no receipt documentation in the system.",0.764,VALIDATED,2023-03-14,2023-04-10
FND-000200,INV-00043,LOW,APPROVAL_LIMIT,"Approval granted by EMP-26765 who was not authorised to approve amounts above $100,000. Transaction value: $332,747.",0.419,RESOLVED,2022-06-28,
FND-000201,INV-00024,LOW,EXPIRED_COMPLIANCE,Compliance record CMP-107847 for vendor NexPoint Analytics LLC was in EXPIRED status at time of payment processing.,0.306,RESOLVED,2022-01-19,2022-02-09
FND-000202,INV-00144,CRITICAL,APPROVAL_LIMIT,Transaction processed with approval from an officer whose delegated authority was 68% below the required threshold.,0.843,VALIDATED,2024-11-20,2024-12-03
FND-000203,INV-00324,LOW,VENDOR_RISK,"Vendor QuantumEdge Solutions Ltd holds CRITICAL risk rating. 7 payments totalling $6,234 processed in the audit period.",0.381,VALIDATED,2022-09-03,2022-10-01
FND-000204,INV-00293,MEDIUM,FRAUD_PATTERN,"Split payment pattern detected: 8 transactions to same beneficiary totalling $9,830 — each below approval threshold of $5,000.",0.428,RESOLVED,2024-03-02,2024-03-05
FND-000205,INV-00304,MEDIUM,FRAUD_PATTERN,Employee EMP-72604 submitted 6 expense claims within 72 hours for identical amounts — potential duplicate fraud pattern.,0.501,VALIDATED,2023-05-18,2023-06-13
FND-000206,INV-00266,MEDIUM,POLICY_BREACH,"Entertainment expense of $308,780 submitted by EMP-63306 exceeds monthly policy allowance of $25,000.",0.525,RESOLVED,2022-02-26,2022-03-05
FND-000207,INV-00169,CRITICAL,MISSING_RECEIPT,Expense claim missing receipt. Policy POL-0002 requires receipts for all claims above $100.,0.989,RESOLVED,2021-10-18,2021-10-19
FND-000208,INV-00292,MEDIUM,FRAUD_PATTERN,Transaction routed through 4 intermediate accounts before reaching final beneficiary. Unusual for PAYMENT transaction type.,0.475,FALSE_POSITIVE,2023-10-30,2023-11-17
FND-000209,INV-00150,MEDIUM,APPROVAL_LIMIT,"Approval granted by EMP-15022 who was not authorised to approve amounts above $100,000. Transaction value: $383,287.",0.406,OPEN,2022-09-30,2022-10-05
FND-000210,INV-00098,LOW,APPROVAL_LIMIT,"Escalation protocol was bypassed. Transaction valued at $168,033 was approved at L1 without L4 countersignature.",0.238,RESOLVED,2021-07-18,2021-08-07
FND-000211,INV-00413,CRITICAL,APPROVAL_LIMIT,Transaction processed with approval from an officer whose delegated authority was 46% below the required threshold.,0.811,VALIDATED,2021-06-07,2021-06-19
FND-000212,INV-00064,LOW,FRAUD_PATTERN,Employee EMP-72525 submitted 6 expense claims within 72 hours for identical amounts — potential duplicate fraud pattern.,0.647,VALIDATED,2024-02-21,
FND-000213,INV-00080,HIGH,VENDOR_RISK,Payment issued to VND-VND-04684 rated LOW risk. Active contract CON-102005 in place. Enhanced due diligence not documented.,0.888,RESOLVED,2024-08-13,2024-08-19
FND-000214,INV-00251,LOW,POLICY_BREACH,"Expense claim of $307,456 for Office Supplies exceeds the policy maximum of $25,000. Overage: $15,647.",0.631,ESCALATED,2021-08-14,2021-08-30
FND-000215,INV-00432,LOW,MISSING_RECEIPT,Expense claim EXP-186723 submitted for Marketing without an attached supporting receipt.,0.499,OPEN,2021-12-06,
FND-000216,INV-00261,MEDIUM,MISSING_RECEIPT,"Employee EMP-45885 submitted 3 claims totalling $13,681 without receipts in the review period.",0.484,VALIDATED,2021-09-27,2021-10-11
FND-000217,INV-00007,MEDIUM,POLICY_BREACH,Employee submitted Training claim 58% above the authorised policy limit without prior exception approval.,0.72,RESOLVED,2021-12-24,
FND-000218,INV-00012,MEDIUM,APPROVAL_LIMIT,Transaction processed with approval from an officer whose delegated authority was 16% below the required threshold.,0.631,OPEN,2023-02-06,
FND-000219,INV-00217,LOW,EXPIRED_COMPLIANCE,"Vendor VND-VND-00941 received payment of $95,319 on 2023-03-28. Compliance certificate expired on 2022-08-25 — 233 days prior.",0.576,RESOLVED,2022-10-22,
FND-000220,INV-00434,MEDIUM,EXPIRED_COMPLIANCE,"Payment of $386,031 released to VoltEdge Solutions Inc whose PCI-DSS compliance expired 217 days before payment date.",0.492,VALIDATED,2021-10-23,
FND-000221,INV-00125,HIGH,EXPIRED_COMPLIANCE,"Payment of $473,109 released to ClearPath Logistics Inc whose ISO 27001 compliance expired 221 days before payment date.",0.693,VALIDATED,2022-12-23,2022-12-24
FND-000222,INV-00110,MEDIUM,APPROVAL_LIMIT,"Escalation protocol was bypassed. Transaction valued at $471,404 was approved at L2 without L5 countersignature.",0.68,VALIDATED,2021-08-25,
FND-000223,INV-00074,CRITICAL,VENDOR_RISK,"BLACKLISTED vendor VND-VND-02871 received payment of $285,628 via contract CON-102032 that was not updated following blacklisting.",0.976,OPEN,2023-10-22,2023-10-26
FND-000224,INV-00186,MEDIUM,APPROVAL_LIMIT,Transaction processed with approval from an officer whose delegated authority was 46% below the required threshold.,0.544,VALIDATED,2021-12-11,2021-12-30
FND-000225,INV-00001,HIGH,MISSING_RECEIPT,"Reimbursement of $289,183 for Software was approved despite no receipt documentation in the system.",0.849,OPEN,2024-10-24,
FND-000226,INV-00362,LOW,FRAUD_PATTERN,Transaction routed through 3 intermediate accounts before reaching final beneficiary. Unusual for TRANSFER transaction type.,0.498,ESCALATED,2024-10-08,
FND-000227,INV-00391,HIGH,EXPIRED_COMPLIANCE,Procurement team processed payment without checking compliance status. Certificate had been expired for 223 days.,0.648,OPEN,2021-06-10,2021-07-04
FND-000228,INV-00332,CRITICAL,MISSING_RECEIPT,"Reimbursement of $113,121 for Meals was approved despite no receipt documentation in the system.",0.99,VALIDATED,2022-01-21,
FND-000229,INV-00361,HIGH,MISSING_RECEIPT,Expense claim EXP-133741 submitted for Meals without an attached supporting receipt.,0.867,VALIDATED,2024-08-31,2024-09-06
FND-000230,INV-00161,MEDIUM,MISSING_RECEIPT,"Employee EMP-55162 submitted 5 claims totalling $15,042 without receipts in the review period.",0.592,OPEN,2024-11-30,
FND-000231,INV-00337,LOW,VENDOR_RISK,Payment issued to VND-VND-03704 rated LOW risk. Active contract CON-104486 in place. Enhanced due diligence not documented.,0.209,RESOLVED,2023-12-02,2023-12-23
FND-000232,INV-00096,CRITICAL,MISSING_RECEIPT,Expense claim missing receipt. Policy POL-0010 requires receipts for all claims above $200.,0.777,VALIDATED,2024-03-04,
FND-000233,INV-00371,MEDIUM,FRAUD_PATTERN,"Split payment pattern detected: 6 transactions to same beneficiary totalling $17,063 — each below approval threshold of $25,000.",0.585,VALIDATED,2021-08-16,
FND-000234,INV-00077,LOW,POLICY_BREACH,"Claim EXP-181049 violates Policy POL-0017 section 4.2: Consulting expenditure capped at $5,000 per event.",0.617,VALIDATED,2021-09-13,2021-09-16
FND-000235,INV-00397,MEDIUM,VENDOR_RISK,Payment issued to VND-VND-02377 rated LOW risk. Active contract CON-108599 in place. Enhanced due diligence not documented.,0.586,ESCALATED,2022-10-29,
FND-000236,INV-00139,CRITICAL,FRAUD_PATTERN,"Round-number transaction of $466,468 processed at 03:50 — outside standard business hours. Flagged by anomaly detection.",0.927,VALIDATED,2023-06-03,2023-06-28
FND-000237,INV-00046,MEDIUM,VENDOR_RISK,Payment issued to VND-VND-04316 rated LOW risk. Active contract CON-101147 in place. Enhanced due diligence not documented.,0.699,VALIDATED,2024-12-21,2025-01-06
FND-000238,INV-00235,LOW,APPROVAL_LIMIT,Transaction processed with approval from an officer whose delegated authority was 66% below the required threshold.,0.254,OPEN,2023-04-12,
FND-000239,INV-00092,LOW,EXPIRED_COMPLIANCE,"Vendor VND-VND-03684 received payment of $87,303 on 2024-03-09. Compliance certificate expired on 2020-08-11 — 341 days prior.",0.595,RESOLVED,2023-05-06,2023-05-26
FND-000240,INV-00450,MEDIUM,APPROVAL_LIMIT,Transaction processed with approval from an officer whose delegated authority was 52% below the required threshold.,0.712,VALIDATED,2024-12-25,2025-01-20
FND-000241,INV-00167,LOW,FRAUD_PATTERN,Transaction routed through 2 intermediate accounts before reaching final beneficiary. Unusual for PAYMENT transaction type.,0.384,VALIDATED,2024-02-18,2024-03-13
FND-000242,INV-00208,MEDIUM,EXPIRED_COMPLIANCE,Procurement team processed payment without checking compliance status. Certificate had been expired for 131 days.,0.622,OPEN,2022-06-12,2022-07-07
FND-000243,INV-00152,MEDIUM,APPROVAL_LIMIT,"Escalation protocol was bypassed. Transaction valued at $269,123 was approved at L3 without L4 countersignature.",0.622,RESOLVED,2022-07-05,
FND-000244,INV-00499,MEDIUM,APPROVAL_LIMIT,"Payment of $380,710 approved at Level 3, which has a limit of $25,000. Transaction exceeded limit by $19,167.",0.497,OPEN,2024-07-17,2024-08-14
FND-000245,INV-00157,MEDIUM,FRAUD_PATTERN,Employee EMP-33536 submitted 4 expense claims within 72 hours for identical amounts — potential duplicate fraud pattern.,0.486,VALIDATED,2022-08-09,
FND-000246,INV-00364,MEDIUM,MISSING_RECEIPT,Expense claim missing receipt. Policy POL-0005 requires receipts for all claims above $200.,0.559,OPEN,2022-07-04,
FND-000247,INV-00099,MEDIUM,POLICY_BREACH,"Entertainment expense of $274,956 submitted by EMP-95713 exceeds monthly policy allowance of $25,000.",0.561,VALIDATED,2022-06-30,2022-07-16
FND-000248,INV-00487,HIGH,MISSING_RECEIPT,Expense claim missing receipt. Policy POL-0003 requires receipts for all claims above $50.,0.862,RESOLVED,2024-10-10,
FND-000249,INV-00275,LOW,APPROVAL_LIMIT,"Approval granted by EMP-45252 who was not authorised to approve amounts above $5,000. Transaction value: $432,935.",0.377,RESOLVED,2022-10-12,
FND-000250,INV-00132,MEDIUM,APPROVAL_LIMIT,"Payment of $482,766 approved at Level 1, which has a limit of $500,000. Transaction exceeded limit by $44,083.",0.544,RESOLVED,2023-11-11,2023-11-29
FND-000251,INV-00380,LOW,VENDOR_RISK,"BLACKLISTED vendor VND-VND-04077 received payment of $328,176 via contract CON-105292 that was not updated following blacklisting.",0.319,VALIDATED,2023-04-15,2023-04-28
FND-000252,INV-00315,LOW,POLICY_BREACH,Employee submitted Consulting claim 65% above the authorised policy limit without prior exception approval.,0.497,RESOLVED,2022-01-28,2022-02-08
FND-000253,INV-00207,CRITICAL,POLICY_BREACH,"Expense claim of $490,545 for Consulting exceeds the policy maximum of $25,000. Overage: $45,041.",0.967,RESOLVED,2023-01-04,2023-01-11
FND-000254,INV-00440,HIGH,FRAUD_PATTERN,Transaction routed through 8 intermediate accounts before reaching final beneficiary. Unusual for CASH_OUT transaction type.,0.722,FALSE_POSITIVE,2022-03-08,2022-03-10
FND-000255,INV-00401,MEDIUM,EXPIRED_COMPLIANCE,Procurement team processed payment without checking compliance status. Certificate had been expired for 459 days.,0.647,OPEN,2022-07-11,
FND-000256,INV-00188,MEDIUM,VENDOR_RISK,"High-risk vendor BridgeTech Consulting International has no compliance record on file. Payment of $56,618 released without compliance clearance.",0.728,RESOLVED,2023-09-23,2023-09-26
FND-000257,INV-00055,MEDIUM,EXPIRED_COMPLIANCE,"Vendor VND-VND-03608 received payment of $382,555 on 2023-08-24. Compliance certificate expired on 2021-10-13 — 251 days prior.",0.634,RESOLVED,2023-04-17,
FND-000258,INV-00152,LOW,FRAUD_PATTERN,Transaction routed through 3 intermediate accounts before reaching final beneficiary. Unusual for PAYMENT transaction type.,0.226,RESOLVED,2023-06-25,2023-07-02
FND-000259,INV-00197,MEDIUM,APPROVAL_LIMIT,"Payment of $198,587 approved at Level 3, which has a limit of $25,000. Transaction exceeded limit by $414.",0.412,RESOLVED,2023-05-27,2023-06-22
FND-000260,INV-00371,LOW,APPROVAL_LIMIT,"Approval granted by EMP-97181 who was not authorised to approve amounts above $5,000. Transaction value: $326,655.",0.595,OPEN,2022-11-17,2022-11-19
FND-000261,INV-00442,MEDIUM,POLICY_BREACH,Employee submitted Accommodation claim 74% above the authorised policy limit without prior exception approval.,0.573,ESCALATED,2023-11-05,2023-11-15
FND-000262,INV-00112,HIGH,FRAUD_PATTERN,Transaction routed through 4 intermediate accounts before reaching final beneficiary. Unusual for TRANSFER transaction type.,0.833,VALIDATED,2021-09-29,2021-10-15
FND-000263,INV-00432,CRITICAL,APPROVAL_LIMIT,"Escalation protocol was bypassed. Transaction valued at $106,304 was approved at L3 without L5 countersignature.",0.845,RESOLVED,2022-08-04,2022-08-16
FND-000264,INV-00094,HIGH,VENDOR_RISK,"Vendor CoreVault Systems LLC holds CRITICAL risk rating. 6 payments totalling $11,330 processed in the audit period.",0.775,VALIDATED,2024-08-09,2024-09-06
FND-000265,INV-00364,HIGH,EXPIRED_COMPLIANCE,"Payment of $477,536 released to HarborLight Services Ltd whose SOC 2 compliance expired 370 days before payment date.",0.73,VALIDATED,2022-11-10,2022-11-18
FND-000266,INV-00027,MEDIUM,APPROVAL_LIMIT,"Approval granted by EMP-45780 who was not authorised to approve amounts above $500,000. Transaction value: $302,314.",0.536,OPEN,2023-10-24,
FND-000267,INV-00099,HIGH,APPROVAL_LIMIT,"Payment of $318,978 approved at Level 3, which has a limit of $500,000. Transaction exceeded limit by $40,596.",0.682,FALSE_POSITIVE,2023-10-13,2023-11-10
FND-000268,INV-00330,LOW,FRAUD_PATTERN,"Round-number transaction of $67,305 processed at 02:16 — outside standard business hours. Flagged by anomaly detection.",0.267,RESOLVED,2024-11-21,2024-12-09
FND-000269,INV-00054,MEDIUM,FRAUD_PATTERN,Employee EMP-38842 submitted 8 expense claims within 72 hours for identical amounts — potential duplicate fraud pattern.,0.748,OPEN,2021-08-28,2021-09-13
FND-000270,INV-00265,MEDIUM,EXPIRED_COMPLIANCE,Compliance record CMP-105590 for vendor UltraVista Technologies Group was in EXPIRED status at time of payment processing.,0.537,RESOLVED,2023-09-08,2023-09-15
FND-000271,INV-00257,LOW,VENDOR_RISK,Payment issued to VND-VND-00033 rated LOW risk. Active contract CON-103513 in place. Enhanced due diligence not documented.,0.216,VALIDATED,2023-07-20,2023-07-27
FND-000272,INV-00259,MEDIUM,EXPIRED_COMPLIANCE,Procurement team processed payment without checking compliance status. Certificate had been expired for 372 days.,0.727,VALIDATED,2023-09-18,
FND-000273,INV-00478,MEDIUM,EXPIRED_COMPLIANCE,Procurement team processed payment without checking compliance status. Certificate had been expired for 183 days.,0.696,OPEN,2023-01-04,
FND-000274,INV-00100,MEDIUM,POLICY_BREACH,Employee submitted Marketing claim 14% above the authorised policy limit without prior exception approval.,0.574,VALIDATED,2022-09-09,2022-10-03
FND-000275,INV-00151,LOW,VENDOR_RISK,"High-risk vendor DeltaPath Logistics LLC has no compliance record on file. Payment of $347,558 released without compliance clearance.",0.403,RESOLVED,2021-12-30,
FND-000276,INV-00413,CRITICAL,FRAUD_PATTERN,Transaction routed through 4 intermediate accounts before reaching final beneficiary. Unusual for CASH_OUT transaction type.,0.866,RESOLVED,2022-01-18,2022-02-14
FND-000277,INV-00084,HIGH,APPROVAL_LIMIT,Transaction processed with approval from an officer whose delegated authority was 14% below the required threshold.,0.694,OPEN,2024-04-04,
FND-000278,INV-00376,MEDIUM,APPROVAL_LIMIT,"Escalation protocol was bypassed. Transaction valued at $434,435 was approved at L2 without L3 countersignature.",0.709,OPEN,2022-03-29,2022-04-15
FND-000279,INV-00497,LOW,VENDOR_RISK,"BLACKLISTED vendor VND-VND-02906 received payment of $45,280 via contract CON-108671 that was not updated following blacklisting.",0.336,RESOLVED,2022-05-15,
FND-000280,INV-00258,HIGH,FRAUD_PATTERN,"Split payment pattern detected: 7 transactions to same beneficiary totalling $8,657 — each below approval threshold of $100,000.",0.657,OPEN,2024-12-10,2024-12-18
FND-000281,INV-00386,MEDIUM,MISSING_RECEIPT,"Employee EMP-89887 submitted 5 claims totalling $2,041 without receipts in the review period.",0.594,VALIDATED,2021-12-28,2022-01-14
FND-000282,INV-00119,LOW,MISSING_RECEIPT,Expense claim EXP-159611 submitted for Office Supplies without an attached supporting receipt.,0.57,RESOLVED,2024-01-15,2024-01-20
FND-000283,INV-00003,LOW,VENDOR_RISK,"BLACKLISTED vendor VND-VND-03514 received payment of $316,620 via contract CON-101071 that was not updated following blacklisting.",0.514,OPEN,2021-12-03,2021-12-09
FND-000284,INV-00074,MEDIUM,VENDOR_RISK,"Vendor LatticeCore Partners Holdings holds CRITICAL risk rating. 7 payments totalling $7,004 processed in the audit period.",0.689,FALSE_POSITIVE,2022-11-06,2022-12-04
FND-000285,INV-00099,MEDIUM,MISSING_RECEIPT,"Reimbursement of $230,743 for Accommodation was approved despite no receipt documentation in the system.",0.421,OPEN,2022-01-31,
FND-000286,INV-00466,MEDIUM,MISSING_RECEIPT,"Reimbursement of $187,114 for Meals was approved despite no receipt documentation in the system.",0.442,VALIDATED,2024-08-20,2024-08-31
FND-000287,INV-00468,MEDIUM,MISSING_RECEIPT,"Employee EMP-11462 submitted 8 claims totalling $6,499 without receipts in the review period.",0.675,RESOLVED,2023-10-29,
FND-000288,INV-00432,MEDIUM,APPROVAL_LIMIT,"Payment of $167,434 approved at Level 3, which has a limit of $100,000. Transaction exceeded limit by $48,073.",0.745,ESCALATED,2024-09-19,2024-10-17
FND-000289,INV-00010,MEDIUM,EXPIRED_COMPLIANCE,"Payment of $390,881 released to PeakVault Services International whose SOC 2 compliance expired 339 days before payment date.",0.584,RESOLVED,2024-11-06,
FND-000290,INV-00419,MEDIUM,APPROVAL_LIMIT,"Approval granted by EMP-47279 who was not authorised to approve amounts above $5,000. Transaction value: $401,457.",0.585,OPEN,2023-02-08,2023-02-18
FND-000291,INV-00431,LOW,POLICY_BREACH,"Expense claim of $463,982 for Meals exceeds the policy maximum of $25,000. Overage: $11,961.",0.213,VALIDATED,2023-05-13,2023-06-09
FND-000292,INV-00242,MEDIUM,EXPIRED_COMPLIANCE,Compliance record CMP-109011 for vendor Epsilon_Group Inc was in EXPIRED status at time of payment processing.,0.61,RESOLVED,2023-07-31,2023-08-03
FND-000293,INV-00215,HIGH,FRAUD_PATTERN,Transaction routed through 6 intermediate accounts before reaching final beneficiary. Unusual for PAYMENT transaction type.,0.69,ESCALATED,2022-10-06,
FND-000294,INV-00254,HIGH,FRAUD_PATTERN,Employee EMP-44104 submitted 5 expense claims within 72 hours for identical amounts — potential duplicate fraud pattern.,0.736,OPEN,2024-10-12,2024-10-13
FND-000295,INV-00150,CRITICAL,EXPIRED_COMPLIANCE,Compliance record CMP-104406 for vendor Alpha_Inc Holdings was in EXPIRED status at time of payment processing.,0.852,VALIDATED,2024-05-15,2024-05-22
FND-000296,INV-00018,CRITICAL,MISSING_RECEIPT,Expense claim missing receipt. Policy POL-0010 requires receipts for all claims above $200.,0.845,RESOLVED,2022-04-13,2022-04-19
FND-000297,INV-00330,MEDIUM,VENDOR_RISK,"High-risk vendor DawnTech Services Inc has no compliance record on file. Payment of $126,037 released without compliance clearance.",0.462,ESCALATED,2021-10-19,
FND-000298,INV-00026,LOW,FRAUD_PATTERN,Transaction routed through 8 intermediate accounts before reaching final beneficiary. Unusual for PAYMENT transaction type.,0.223,RESOLVED,2024-03-23,
FND-000299,INV-00407,MEDIUM,APPROVAL_LIMIT,"Escalation protocol was bypassed. Transaction valued at $234,045 was approved at L3 without L5 countersignature.",0.682,FALSE_POSITIVE,2023-02-05,
FND-000300,INV-00256,MEDIUM,POLICY_BREACH,"Entertainment expense of $136,556 submitted by EMP-35094 exceeds monthly policy allowance of $25,000.",0.711,OPEN,2024-07-18,2024-07-23
FND-000301,INV-00119,MEDIUM,VENDOR_RISK,"High-risk vendor KryptonPath Ltd has no compliance record on file. Payment of $388,054 released without compliance clearance.",0.568,VALIDATED,2023-07-02,
FND-000302,INV-00409,MEDIUM,MISSING_RECEIPT,Expense claim EXP-135196 submitted for Travel without an attached supporting receipt.,0.599,ESCALATED,2023-08-17,2023-08-27
FND-000303,INV-00155,MEDIUM,FRAUD_PATTERN,Transaction routed through 2 intermediate accounts before reaching final beneficiary. Unusual for CASH_OUT transaction type.,0.702,VALIDATED,2021-07-08,
FND-000304,INV-00468,MEDIUM,VENDOR_RISK,Payment issued to VND-VND-04705 rated LOW risk. Active contract CON-103857 in place. Enhanced due diligence not documented.,0.408,ESCALATED,2023-05-08,2023-05-25
FND-000305,INV-00268,HIGH,MISSING_RECEIPT,Expense claim EXP-145405 submitted for Software without an attached supporting receipt.,0.686,VALIDATED,2021-11-05,2021-11-24
FND-000306,INV-00332,MEDIUM,APPROVAL_LIMIT,"Approval granted by EMP-52601 who was not authorised to approve amounts above $100,000. Transaction value: $473,712.",0.47,OPEN,2023-04-18,2023-05-14
FND-000307,INV-00375,MEDIUM,VENDOR_RISK,"BLACKLISTED vendor VND-VND-04235 received payment of $185,587 via contract CON-101031 that was not updated following blacklisting.",0.529,OPEN,2023-01-04,2023-01-09
FND-000308,INV-00217,MEDIUM,POLICY_BREACH,"Claim EXP-132717 violates Policy POL-0005 section 4.2: Meals expenditure capped at $5,000 per event.",0.603,OPEN,2023-07-15,
FND-000309,INV-00492,MEDIUM,EXPIRED_COMPLIANCE,Compliance record CMP-104308 for vendor FlowBridge Inc Holdings was in EXPIRED status at time of payment processing.,0.745,ESCALATED,2024-03-17,2024-04-01
FND-000310,INV-00223,LOW,APPROVAL_LIMIT,"Payment of $155,092 approved at Level 1, which has a limit of $500,000. Transaction exceeded limit by $36,989.",0.338,RESOLVED,2024-08-20,
FND-000311,INV-00449,HIGH,EXPIRED_COMPLIANCE,Compliance record CMP-103403 for vendor TrueNorth Services International was in EXPIRED status at time of payment processing.,0.842,OPEN,2022-11-09,2022-11-14
FND-000312,INV-00384,MEDIUM,APPROVAL_LIMIT,"Escalation protocol was bypassed. Transaction valued at $419,880 was approved at L2 without L5 countersignature.",0.703,RESOLVED,2024-11-15,2024-12-11
FND-000313,INV-00287,CRITICAL,APPROVAL_LIMIT,Transaction processed with approval from an officer whose delegated authority was 75% below the required threshold.,0.89,OPEN,2024-05-22,2024-05-23
FND-000314,INV-00041,LOW,MISSING_RECEIPT,Expense claim missing receipt. Policy POL-0009 requires receipts for all claims above $200.,0.431,VALIDATED,2024-11-05,2024-11-29
FND-000315,INV-00092,MEDIUM,MISSING_RECEIPT,"Employee EMP-63163 submitted 3 claims totalling $1,941 without receipts in the review period.",0.547,OPEN,2022-09-20,2022-09-25
FND-000316,INV-00012,MEDIUM,APPROVAL_LIMIT,"Payment of $326,749 approved at Level 3, which has a limit of $500,000. Transaction exceeded limit by $38,779.",0.748,OPEN,2022-10-21,
FND-000317,INV-00430,MEDIUM,FRAUD_PATTERN,"Split payment pattern detected: 6 transactions to same beneficiary totalling $1,408 — each below approval threshold of $5,000.",0.645,FALSE_POSITIVE,2022-07-19,
FND-000318,INV-00466,MEDIUM,MISSING_RECEIPT,"Employee EMP-68306 submitted 5 claims totalling $19,506 without receipts in the review period.",0.701,RESOLVED,2021-09-20,2021-10-07
FND-000319,INV-00331,LOW,APPROVAL_LIMIT,"Payment of $399,552 approved at Level 3, which has a limit of $500,000. Transaction exceeded limit by $28,807.",0.525,ESCALATED,2022-08-09,
FND-000320,INV-00270,MEDIUM,APPROVAL_LIMIT,Transaction processed with approval from an officer whose delegated authority was 65% below the required threshold.,0.539,RESOLVED,2022-01-11,2022-01-19
FND-000321,INV-00497,HIGH,POLICY_BREACH,Employee submitted Entertainment claim 76% above the authorised policy limit without prior exception approval.,0.822,RESOLVED,2023-08-31,
FND-000322,INV-00200,MEDIUM,FRAUD_PATTERN,Employee EMP-56096 submitted 3 expense claims within 72 hours for identical amounts — potential duplicate fraud pattern.,0.705,OPEN,2023-07-14,
FND-000323,INV-00161,HIGH,APPROVAL_LIMIT,"Approval granted by EMP-36473 who was not authorised to approve amounts above $500,000. Transaction value: $195,000.",0.826,VALIDATED,2024-05-14,2024-05-30
FND-000324,INV-00040,HIGH,FRAUD_PATTERN,"Round-number transaction of $385,426 processed at 00:51 — outside standard business hours. Flagged by anomaly detection.",0.804,VALIDATED,2022-09-29,2022-10-05
FND-000325,INV-00358,MEDIUM,FRAUD_PATTERN,Employee EMP-45505 submitted 5 expense claims within 72 hours for identical amounts — potential duplicate fraud pattern.,0.611,FALSE_POSITIVE,2023-05-27,2023-06-19
FND-000326,INV-00203,MEDIUM,POLICY_BREACH,"Expense claim of $279,751 for Software exceeds the policy maximum of $100,000. Overage: $33,473.",0.717,VALIDATED,2023-12-12,2023-12-17
FND-000327,INV-00099,LOW,POLICY_BREACH,"Claim EXP-157945 violates Policy POL-0010 section 4.2: Software expenditure capped at $25,000 per event.",0.411,OPEN,2024-10-20,
FND-000328,INV-00098,MEDIUM,VENDOR_RISK,"High-risk vendor YieldPoint Partners Holdings has no compliance record on file. Payment of $411,724 released without compliance clearance.",0.692,RESOLVED,2023-05-11,2023-06-04
FND-000329,INV-00079,MEDIUM,EXPIRED_COMPLIANCE,"Vendor VND-VND-04919 received payment of $2,172 on 2023-11-09. Compliance certificate expired on 2021-02-22 — 435 days prior.",0.519,VALIDATED,2021-06-05,2021-07-05
FND-000330,INV-00161,MEDIUM,MISSING_RECEIPT,"Employee EMP-27144 submitted 2 claims totalling $16,825 without receipts in the review period.",0.661,VALIDATED,2022-09-24,2022-10-13
FND-000331,INV-00375,MEDIUM,VENDOR_RISK,"Vendor ClearPath Logistics holds CRITICAL risk rating. 3 payments totalling $10,436 processed in the audit period.",0.435,OPEN,2024-10-19,2024-11-17
FND-000332,INV-00061,MEDIUM,FRAUD_PATTERN,Employee EMP-96062 submitted 4 expense claims within 72 hours for identical amounts — potential duplicate fraud pattern.,0.73,VALIDATED,2023-10-27,2023-11-20
FND-000333,INV-00422,MEDIUM,EXPIRED_COMPLIANCE,"Payment of $139,031 released to VertiLink Distributors International whose ISO 27001 compliance expired 126 days before payment date.",0.571,OPEN,2024-06-20,
FND-000334,INV-00003,LOW,EXPIRED_COMPLIANCE,"Payment of $366,713 released to EcoVenture Supplies Inc whose SOC 2 compliance expired 385 days before payment date.",0.541,ESCALATED,2023-06-22,2023-07-22
FND-000335,INV-00257,LOW,VENDOR_RISK,"Vendor XpressCore Dynamics Ltd holds CRITICAL risk rating. 7 payments totalling $11,246 processed in the audit period.",0.518,ESCALATED,2024-11-29,
FND-000336,INV-00376,MEDIUM,EXPIRED_COMPLIANCE,Compliance record CMP-100912 for vendor KryptonPath Ltd Group was in EXPIRED status at time of payment processing.,0.491,OPEN,2022-08-28,2022-09-12
FND-000337,INV-00178,MEDIUM,MISSING_RECEIPT,Expense claim missing receipt. Policy POL-0014 requires receipts for all claims above $50.,0.455,VALIDATED,2023-04-10,2023-04-29
FND-000338,INV-00391,MEDIUM,POLICY_BREACH,Employee submitted Marketing claim 38% above the authorised policy limit without prior exception approval.,0.52,ESCALATED,2022-07-05,2022-07-06
FND-000339,INV-00245,MEDIUM,POLICY_BREACH,Employee submitted Accommodation claim 18% above the authorised policy limit without prior exception approval.,0.468,VALIDATED,2021-07-20,2021-08-08
FND-000340,INV-00154,CRITICAL,MISSING_RECEIPT,Expense claim missing receipt. Policy POL-0004 requires receipts for all claims above $200.,0.89,VALIDATED,2022-09-25,
FND-000341,INV-00031,MEDIUM,POLICY_BREACH,"Claim EXP-176207 violates Policy POL-0009 section 4.2: Equipment expenditure capped at $5,000 per event.",0.481,RESOLVED,2024-06-05,
FND-000342,INV-00362,MEDIUM,EXPIRED_COMPLIANCE,Compliance record CMP-107599 for vendor IronPoint Manufacturing LLC was in EXPIRED status at time of payment processing.,0.557,VALIDATED,2022-03-12,2022-03-14
FND-000343,INV-00043,MEDIUM,APPROVAL_LIMIT,"Payment of $257,030 approved at Level 3, which has a limit of $25,000. Transaction exceeded limit by $21,326.",0.618,VALIDATED,2021-11-13,2021-12-11
FND-000344,INV-00489,MEDIUM,FRAUD_PATTERN,"Round-number transaction of $324,387 processed at 01:45 — outside standard business hours. Flagged by anomaly detection.",0.448,OPEN,2023-01-25,
FND-000345,INV-00251,MEDIUM,EXPIRED_COMPLIANCE,Procurement team processed payment without checking compliance status. Certificate had been expired for 232 days.,0.515,ESCALATED,2022-05-11,
FND-000346,INV-00002,HIGH,APPROVAL_LIMIT,"Payment of $322,359 approved at Level 2, which has a limit of $500,000. Transaction exceeded limit by $9,507.",0.606,ESCALATED,2024-07-17,2024-07-31
FND-000347,INV-00105,MEDIUM,FRAUD_PATTERN,"Split payment pattern detected: 4 transactions to same beneficiary totalling $7,778 — each below approval threshold of $25,000.",0.602,OPEN,2022-07-31,2022-08-27
FND-000348,INV-00258,MEDIUM,FRAUD_PATTERN,Transaction routed through 3 intermediate accounts before reaching final beneficiary. Unusual for CASH_OUT transaction type.,0.488,VALIDATED,2023-03-08,2023-03-17
FND-000349,INV-00106,MEDIUM,APPROVAL_LIMIT,"Approval granted by EMP-45361 who was not authorised to approve amounts above $5,000. Transaction value: $477,419.",0.729,VALIDATED,2022-05-23,
FND-000350,INV-00294,LOW,EXPIRED_COMPLIANCE,"Payment of $316,687 released to YellowBridge Partners Ltd whose PCI-DSS compliance expired 476 days before payment date.",0.478,ESCALATED,2021-07-24,2021-08-11
FND-000351,INV-00306,MEDIUM,POLICY_BREACH,"Claim EXP-164570 violates Policy POL-0006 section 4.2: Entertainment expenditure capped at $500,000 per event.",0.685,VALIDATED,2022-07-12,2022-07-24
FND-000352,INV-00128,CRITICAL,VENDOR_RISK,Payment issued to VND-VND-01541 rated LOW risk. Active contract CON-108262 in place. Enhanced due diligence not documented.,0.978,RESOLVED,2024-06-10,
FND-000353,INV-00261,MEDIUM,VENDOR_RISK,"BLACKLISTED vendor VND-VND-04942 received payment of $398,794 via contract CON-102240 that was not updated following blacklisting.",0.645,OPEN,2022-05-11,
FND-000354,INV-00282,HIGH,APPROVAL_LIMIT,"Approval granted by EMP-74937 who was not authorised to approve amounts above $25,000. Transaction value: $142,121.",0.681,VALIDATED,2022-06-11,2022-06-27
FND-000355,INV-00254,HIGH,VENDOR_RISK,"BLACKLISTED vendor VND-VND-04119 received payment of $11,677 via contract CON-105678 that was not updated following blacklisting.",0.875,OPEN,2021-08-22,2021-08-26
FND-000356,INV-00261,HIGH,EXPIRED_COMPLIANCE,"Vendor VND-VND-02569 received payment of $189,360 on 2022-06-01. Compliance certificate expired on 2020-09-23 — 490 days prior.",0.633,RESOLVED,2023-02-05,2023-02-14
FND-000357,INV-00495,MEDIUM,APPROVAL_LIMIT,Transaction processed with approval from an officer whose delegated authority was 37% below the required threshold.,0.689,RESOLVED,2024-08-12,2024-09-05
FND-000358,INV-00229,HIGH,VENDOR_RISK,Payment issued to VND-VND-01349 rated HIGH risk. Active contract CON-101492 in place. Enhanced due diligence not documented.,0.605,RESOLVED,2022-02-27,2022-03-15
FND-000359,INV-00181,CRITICAL,EXPIRED_COMPLIANCE,Procurement team processed payment without checking compliance status. Certificate had been expired for 262 days.,0.79,RESOLVED,2023-05-18,2023-06-12
FND-000360,INV-00234,HIGH,MISSING_RECEIPT,"Employee EMP-17627 submitted 3 claims totalling $5,369 without receipts in the review period.",0.62,VALIDATED,2024-02-03,2024-02-29
FND-000361,INV-00073,MEDIUM,VENDOR_RISK,"BLACKLISTED vendor VND-VND-04844 received payment of $195,252 via contract CON-100635 that was not updated following blacklisting.",0.566,RESOLVED,2022-05-09,
FND-000362,INV-00126,MEDIUM,APPROVAL_LIMIT,"Approval granted by EMP-81551 who was not authorised to approve amounts above $5,000. Transaction value: $107,922.",0.417,ESCALATED,2024-11-07,2024-11-08
FND-000363,INV-00498,HIGH,EXPIRED_COMPLIANCE,"Vendor VND-VND-04593 received payment of $86,742 on 2022-08-15. Compliance certificate expired on 2021-11-26 — 348 days prior.",0.652,OPEN,2023-10-10,2023-10-27
FND-000364,INV-00077,MEDIUM,APPROVAL_LIMIT,"Escalation protocol was bypassed. Transaction valued at $31,867 was approved at L3 without L5 countersignature.",0.653,OPEN,2022-12-12,2023-01-10
FND-000365,INV-00181,LOW,MISSING_RECEIPT,Expense claim EXP-182507 submitted for Consulting without an attached supporting receipt.,0.497,FALSE_POSITIVE,2024-04-22,2024-05-12
FND-000366,INV-00138,LOW,EXPIRED_COMPLIANCE,Compliance record CMP-105851 for vendor CoreVault Systems Inc was in EXPIRED status at time of payment processing.,0.427,OPEN,2023-12-16,2023-12-20
FND-000367,INV-00411,LOW,VENDOR_RISK,Payment issued to VND-VND-03963 rated LOW risk. Active contract CON-100876 in place. Enhanced due diligence not documented.,0.465,VALIDATED,2022-04-28,2022-05-21
FND-000368,INV-00272,CRITICAL,APPROVAL_LIMIT,Transaction processed with approval from an officer whose delegated authority was 9% below the required threshold.,0.789,RESOLVED,2022-06-21,2022-07-04
FND-000369,INV-00370,LOW,FRAUD_PATTERN,"Split payment pattern detected: 4 transactions to same beneficiary totalling $19,150 — each below approval threshold of $500,000.",0.577,OPEN,2021-07-18,2021-08-03
FND-000370,INV-00163,LOW,VENDOR_RISK,"Vendor JetStream Analytics Ltd holds CRITICAL risk rating. 4 payments totalling $10,043 processed in the audit period.",0.456,VALIDATED,2021-11-18,2021-12-05
FND-000371,INV-00283,LOW,APPROVAL_LIMIT,"Escalation protocol was bypassed. Transaction valued at $395,839 was approved at L1 without L5 countersignature.",0.288,VALIDATED,2023-01-01,2023-01-25
FND-000372,INV-00098,HIGH,POLICY_BREACH,Employee submitted Equipment claim 8% above the authorised policy limit without prior exception approval.,0.882,OPEN,2024-07-24,
FND-000373,INV-00312,MEDIUM,MISSING_RECEIPT,Expense claim EXP-152281 submitted for Accommodation without an attached supporting receipt.,0.471,FALSE_POSITIVE,2023-09-18,2023-09-29
FND-000374,INV-00103,HIGH,FRAUD_PATTERN,"Split payment pattern detected: 8 transactions to same beneficiary totalling $2,995 — each below approval threshold of $500,000.",0.709,RESOLVED,2024-04-26,2024-05-11
FND-000375,INV-00448,MEDIUM,POLICY_BREACH,"Claim EXP-131405 violates Policy POL-0011 section 4.2: Equipment expenditure capped at $5,000 per event.",0.456,VALIDATED,2024-11-22,2024-12-08
FND-000376,INV-00122,LOW,EXPIRED_COMPLIANCE,"Payment of $229,632 released to IronPoint Manufacturing whose SOC 2 compliance expired 187 days before payment date.",0.522,OPEN,2024-07-11,2024-07-16
FND-000377,INV-00386,CRITICAL,APPROVAL_LIMIT,"Payment of $110,312 approved at Level 2, which has a limit of $100,000. Transaction exceeded limit by $28,778.",0.806,OPEN,2023-02-26,
FND-000378,INV-00394,LOW,VENDOR_RISK,Payment issued to VND-VND-03158 rated LOW risk. Active contract CON-108060 in place. Enhanced due diligence not documented.,0.626,OPEN,2024-06-19,2024-06-27
FND-000379,INV-00356,MEDIUM,FRAUD_PATTERN,"Split payment pattern detected: 2 transactions to same beneficiary totalling $2,171 — each below approval threshold of $100,000.",0.606,VALIDATED,2024-12-27,2024-12-31
FND-000380,INV-00040,HIGH,EXPIRED_COMPLIANCE,Compliance record CMP-103109 for vendor LucentBridge Technologies Inc was in EXPIRED status at time of payment processing.,0.704,RESOLVED,2024-02-29,2024-03-13
FND-000381,INV-00359,MEDIUM,VENDOR_RISK,"Vendor MomentumCore Corp LLC holds CRITICAL risk rating. 2 payments totalling $17,595 processed in the audit period.",0.619,OPEN,2024-04-13,2024-05-10
FND-000382,INV-00282,MEDIUM,APPROVAL_LIMIT,"Approval granted by EMP-41142 who was not authorised to approve amounts above $500,000. Transaction value: $306,955.",0.651,OPEN,2024-11-26,
FND-000383,INV-00278,MEDIUM,POLICY_BREACH,"Claim EXP-190376 violates Policy POL-0003 section 4.2: Training expenditure capped at $500,000 per event.",0.431,OPEN,2024-01-08,2024-01-17
FND-000384,INV-00369,MEDIUM,APPROVAL_LIMIT,Transaction processed with approval from an officer whose delegated authority was 39% below the required threshold.,0.633,OPEN,2024-04-03,
FND-000385,INV-00080,MEDIUM,EXPIRED_COMPLIANCE,"Payment of $353,093 released to FlowBridge Inc Ltd whose SOC 2 compliance expired 328 days before payment date.",0.527,RESOLVED,2023-12-19,
FND-000386,INV-00079,LOW,VENDOR_RISK,"High-risk vendor PrimeAxis Corp International has no compliance record on file. Payment of $217,074 released without compliance clearance.",0.515,OPEN,2023-08-09,2023-08-12
FND-000387,INV-00362,MEDIUM,MISSING_RECEIPT,"Reimbursement of $376,161 for Consulting was approved despite no receipt documentation in the system.",0.473,OPEN,2021-10-19,
FND-000388,INV-00309,MEDIUM,FRAUD_PATTERN,"Split payment pattern detected: 8 transactions to same beneficiary totalling $11,049 — each below approval threshold of $5,000.",0.426,FALSE_POSITIVE,2022-08-14,
FND-000389,INV-00420,MEDIUM,VENDOR_RISK,"BLACKLISTED vendor VND-VND-02164 received payment of $103,228 via contract CON-103836 that was not updated following blacklisting.",0.711,FALSE_POSITIVE,2024-07-24,2024-08-06
FND-000390,INV-00229,MEDIUM,APPROVAL_LIMIT,"Escalation protocol was bypassed. Transaction valued at $487,587 was approved at L2 without L3 countersignature.",0.72,FALSE_POSITIVE,2022-03-22,2022-04-02
FND-000391,INV-00146,MEDIUM,VENDOR_RISK,Payment issued to VND-VND-02366 rated LOW risk. Active contract CON-102030 in place. Enhanced due diligence not documented.,0.422,RESOLVED,2021-11-26,2021-12-08
FND-000392,INV-00275,MEDIUM,EXPIRED_COMPLIANCE,Compliance record CMP-107992 for vendor YellowBridge Partners Group was in EXPIRED status at time of payment processing.,0.64,ESCALATED,2023-06-11,2023-06-16
FND-000393,INV-00160,LOW,APPROVAL_LIMIT,"Payment of $284,038 approved at Level 2, which has a limit of $5,000. Transaction exceeded limit by $27,300.",0.567,RESOLVED,2023-07-19,2023-07-20
FND-000394,INV-00085,LOW,POLICY_BREACH,"Expense claim of $164,697 for Consulting exceeds the policy maximum of $100,000. Overage: $7,349.",0.333,OPEN,2024-05-01,
FND-000395,INV-00252,CRITICAL,APPROVAL_LIMIT,Transaction processed with approval from an officer whose delegated authority was 43% below the required threshold.,0.835,RESOLVED,2024-05-11,
FND-000396,INV-00309,HIGH,EXPIRED_COMPLIANCE,Compliance record CMP-106126 for vendor XcelPath Networks was in EXPIRED status at time of payment processing.,0.766,OPEN,2024-09-11,2024-10-02
FND-000397,INV-00460,MEDIUM,POLICY_BREACH,"Entertainment expense of $460,229 submitted by EMP-17017 exceeds monthly policy allowance of $100,000.",0.457,OPEN,2024-07-12,
FND-000398,INV-00376,MEDIUM,VENDOR_RISK,"Vendor BlueStar Procurement International holds CRITICAL risk rating. 3 payments totalling $7,338 processed in the audit period.",0.414,RESOLVED,2022-01-03,2022-01-11
FND-000399,INV-00138,MEDIUM,POLICY_BREACH,Employee submitted Software claim 77% above the authorised policy limit without prior exception approval.,0.497,VALIDATED,2022-10-28,2022-11-27
FND-000400,INV-00298,LOW,POLICY_BREACH,"Expense claim of $441,606 for Consulting exceeds the policy maximum of $100,000. Overage: $7,209.",0.454,FALSE_POSITIVE,2024-01-03,
FND-000401,INV-00394,LOW,MISSING_RECEIPT,Expense claim EXP-116856 submitted for Marketing without an attached supporting receipt.,0.517,OPEN,2023-04-19,2023-04-23
FND-000402,INV-00035,LOW,VENDOR_RISK,"High-risk vendor YieldPoint Partners has no compliance record on file. Payment of $233,188 released without compliance clearance.",0.318,VALIDATED,2023-10-09,
FND-000403,INV-00194,MEDIUM,MISSING_RECEIPT,"Employee EMP-92299 submitted 6 claims totalling $7,189 without receipts in the review period.",0.499,VALIDATED,2022-08-19,
FND-000404,INV-00271,CRITICAL,FRAUD_PATTERN,Employee EMP-53492 submitted 7 expense claims within 72 hours for identical amounts — potential duplicate fraud pattern.,0.891,VALIDATED,2022-12-16,2022-12-20
FND-000405,INV-00150,MEDIUM,APPROVAL_LIMIT,Transaction processed with approval from an officer whose delegated authority was 8% below the required threshold.,0.691,RESOLVED,2024-10-04,2024-10-27
FND-000406,INV-00273,HIGH,VENDOR_RISK,"High-risk vendor WavePath Inc has no compliance record on file. Payment of $18,824 released without compliance clearance.",0.634,RESOLVED,2023-02-03,2023-02-11
FND-000407,INV-00333,HIGH,VENDOR_RISK,"Vendor CoreVault Systems Inc holds CRITICAL risk rating. 8 payments totalling $6,143 processed in the audit period.",0.673,VALIDATED,2024-11-01,2024-11-15
FND-000408,INV-00045,CRITICAL,APPROVAL_LIMIT,"Approval granted by EMP-13249 who was not authorised to approve amounts above $5,000. Transaction value: $172,362.",0.975,OPEN,2023-04-28,2023-05-10
FND-000409,INV-00442,MEDIUM,VENDOR_RISK,"High-risk vendor EcoVenture Supplies LLC has no compliance record on file. Payment of $55,437 released without compliance clearance.",0.609,OPEN,2022-10-26,2022-11-04
FND-000410,INV-00285,LOW,APPROVAL_LIMIT,"Payment of $264,590 approved at Level 2, which has a limit of $500,000. Transaction exceeded limit by $47,529.",0.458,VALIDATED,2023-04-29,2023-05-29
FND-000411,INV-00214,CRITICAL,MISSING_RECEIPT,Expense claim missing receipt. Policy POL-0005 requires receipts for all claims above $200.,0.759,ESCALATED,2021-08-12,
FND-000412,INV-00229,LOW,APPROVAL_LIMIT,Transaction processed with approval from an officer whose delegated authority was 72% below the required threshold.,0.552,ESCALATED,2021-10-08,2021-10-31
FND-000413,INV-00483,CRITICAL,VENDOR_RISK,"High-risk vendor TitanPath Holdings LLC has no compliance record on file. Payment of $103,522 released without compliance clearance.",0.986,VALIDATED,2021-06-03,2021-06-09
FND-000414,INV-00447,MEDIUM,FRAUD_PATTERN,"Round-number transaction of $190,840 processed at 00:48 — outside standard business hours. Flagged by anomaly detection.",0.405,RESOLVED,2022-11-24,
FND-000415,INV-00453,MEDIUM,MISSING_RECEIPT,"Reimbursement of $251,272 for Accommodation was approved despite no receipt documentation in the system.",0.621,ESCALATED,2021-11-08,2021-11-15
FND-000416,INV-00435,MEDIUM,POLICY_BREACH,Employee submitted Travel claim 69% above the authorised policy limit without prior exception approval.,0.705,RESOLVED,2022-01-15,2022-01-31
FND-000417,INV-00021,LOW,FRAUD_PATTERN,"Split payment pattern detected: 2 transactions to same beneficiary totalling $3,648 — each below approval threshold of $5,000.",0.605,VALIDATED,2024-01-28,2024-02-20
FND-000418,INV-00465,MEDIUM,POLICY_BREACH,"Expense claim of $245,066 for Software exceeds the policy maximum of $5,000. Overage: $31,622.",0.617,RESOLVED,2024-09-24,
FND-000419,INV-00354,MEDIUM,EXPIRED_COMPLIANCE,"Payment of $319,677 released to MeridianTech LLC whose SOC 2 compliance expired 422 days before payment date.",0.464,OPEN,2022-04-12,2022-04-27
FND-000420,INV-00049,HIGH,VENDOR_RISK,"Vendor CoreVault Systems Group holds CRITICAL risk rating. 6 payments totalling $9,728 processed in the audit period.",0.649,RESOLVED,2021-06-03,
FND-000421,INV-00308,CRITICAL,APPROVAL_LIMIT,"Escalation protocol was bypassed. Transaction valued at $137,803 was approved at L2 without L3 countersignature.",0.942,FALSE_POSITIVE,2022-12-27,2023-01-09
FND-000422,INV-00202,LOW,APPROVAL_LIMIT,Transaction processed with approval from an officer whose delegated authority was 42% below the required threshold.,0.286,VALIDATED,2024-02-08,2024-02-09
FND-000423,INV-00261,HIGH,EXPIRED_COMPLIANCE,"Vendor VND-VND-03199 received payment of $93,234 on 2022-04-04. Compliance certificate expired on 2020-07-02 — 88 days prior.",0.678,VALIDATED,2021-12-27,2022-01-21
FND-000424,INV-00437,MEDIUM,MISSING_RECEIPT,"Employee EMP-43391 submitted 6 claims totalling $13,720 without receipts in the review period.",0.413,RESOLVED,2021-11-23,2021-12-20
FND-000425,INV-00055,CRITICAL,EXPIRED_COMPLIANCE,Procurement team processed payment without checking compliance status. Certificate had been expired for 426 days.,0.788,OPEN,2023-04-08,
FND-000426,INV-00367,MEDIUM,POLICY_BREACH,"Entertainment expense of $72,973 submitted by EMP-19245 exceeds monthly policy allowance of $25,000.",0.417,RESOLVED,2023-07-24,
FND-000427,INV-00480,MEDIUM,APPROVAL_LIMIT,"Approval granted by EMP-60221 who was not authorised to approve amounts above $500,000. Transaction value: $492,151.",0.519,OPEN,2024-12-12,2024-12-14
FND-000428,INV-00316,CRITICAL,VENDOR_RISK,"BLACKLISTED vendor VND-VND-04025 received payment of $43,835 via contract CON-108006 that was not updated following blacklisting.",0.858,VALIDATED,2021-07-12,2021-07-14
FND-000429,INV-00356,HIGH,EXPIRED_COMPLIANCE,Procurement team processed payment without checking compliance status. Certificate had been expired for 393 days.,0.758,OPEN,2021-07-22,2021-07-31
FND-000430,INV-00072,LOW,APPROVAL_LIMIT,"Escalation protocol was bypassed. Transaction valued at $420,460 was approved at L3 without L4 countersignature.",0.351,VALIDATED,2021-06-03,2021-06-22
FND-000431,INV-00085,LOW,VENDOR_RISK,Payment issued to VND-VND-00472 rated LOW risk. Active contract CON-106203 in place. Enhanced due diligence not documented.,0.268,VALIDATED,2023-11-24,2023-12-18
FND-000432,INV-00191,CRITICAL,MISSING_RECEIPT,"Reimbursement of $206,361 for Accommodation was approved despite no receipt documentation in the system.",0.95,RESOLVED,2022-09-02,2022-09-12
FND-000433,INV-00109,HIGH,MISSING_RECEIPT,Expense claim EXP-113502 submitted for Office Supplies without an attached supporting receipt.,0.739,VALIDATED,2023-05-13,2023-05-21
FND-000434,INV-00430,MEDIUM,VENDOR_RISK,"Vendor DeltaPath Logistics International holds CRITICAL risk rating. 5 payments totalling $4,593 processed in the audit period.",0.509,OPEN,2024-05-15,
FND-000435,INV-00285,LOW,VENDOR_RISK,"BLACKLISTED vendor VND-VND-04944 received payment of $366,205 via contract CON-108726 that was not updated following blacklisting.",0.32,OPEN,2024-07-22,
FND-000436,INV-00474,MEDIUM,EXPIRED_COMPLIANCE,Procurement team processed payment without checking compliance status. Certificate had been expired for 402 days.,0.539,RESOLVED,2021-12-28,2022-01-04
FND-000437,INV-00264,MEDIUM,FRAUD_PATTERN,Employee EMP-63611 submitted 2 expense claims within 72 hours for identical amounts — potential duplicate fraud pattern.,0.741,OPEN,2023-06-14,2023-06-16
FND-000438,INV-00247,MEDIUM,APPROVAL_LIMIT,Transaction processed with approval from an officer whose delegated authority was 52% below the required threshold.,0.743,VALIDATED,2023-02-06,2023-03-06
FND-000439,INV-00329,MEDIUM,FRAUD_PATTERN,Employee EMP-94312 submitted 4 expense claims within 72 hours for identical amounts — potential duplicate fraud pattern.,0.641,OPEN,2022-10-05,2022-10-25
FND-000440,INV-00466,MEDIUM,APPROVAL_LIMIT,"Approval granted by EMP-15964 who was not authorised to approve amounts above $5,000. Transaction value: $62,343.",0.609,ESCALATED,2023-04-27,
FND-000441,INV-00011,HIGH,MISSING_RECEIPT,Expense claim EXP-179528 submitted for Equipment without an attached supporting receipt.,0.855,OPEN,2024-04-04,2024-04-12
FND-000442,INV-00100,MEDIUM,VENDOR_RISK,"High-risk vendor Alpha_Inc Group has no compliance record on file. Payment of $12,554 released without compliance clearance.",0.52,VALIDATED,2023-02-15,2023-03-04
FND-000443,INV-00359,MEDIUM,POLICY_BREACH,Employee submitted Meals claim 75% above the authorised policy limit without prior exception approval.,0.46,VALIDATED,2022-04-16,2022-04-20
FND-000444,INV-00124,LOW,VENDOR_RISK,"Vendor Gamma_Co Inc holds CRITICAL risk rating. 7 payments totalling $18,811 processed in the audit period.",0.355,RESOLVED,2023-12-20,2024-01-12
FND-000445,INV-00342,LOW,VENDOR_RISK,"BLACKLISTED vendor VND-VND-04736 received payment of $92,746 via contract CON-100633 that was not updated following blacklisting.",0.573,FALSE_POSITIVE,2024-02-01,
FND-000446,INV-00236,CRITICAL,MISSING_RECEIPT,Expense claim missing receipt. Policy POL-0005 requires receipts for all claims above $100.,0.932,VALIDATED,2022-05-24,2022-06-17
FND-000447,INV-00368,MEDIUM,POLICY_BREACH,Employee submitted Accommodation claim 17% above the authorised policy limit without prior exception approval.,0.669,VALIDATED,2021-06-23,
FND-000448,INV-00025,MEDIUM,EXPIRED_COMPLIANCE,Compliance record CMP-109722 for vendor Delta_Logistics Group was in EXPIRED status at time of payment processing.,0.568,RESOLVED,2024-10-30,
FND-000449,INV-00226,MEDIUM,VENDOR_RISK,"High-risk vendor HarborLight Services Ltd has no compliance record on file. Payment of $307,016 released without compliance clearance.",0.515,RESOLVED,2024-06-26,2024-06-30
FND-000450,INV-00008,HIGH,APPROVAL_LIMIT,"Payment of $438,349 approved at Level 3, which has a limit of $500,000. Transaction exceeded limit by $38,592.",0.878,VALIDATED,2023-01-05,2023-01-13
FND-000451,INV-00120,MEDIUM,EXPIRED_COMPLIANCE,Procurement team processed payment without checking compliance status. Certificate had been expired for 164 days.,0.642,OPEN,2023-08-05,2023-08-20
FND-000452,INV-00261,MEDIUM,MISSING_RECEIPT,"Reimbursement of $360,319 for Accommodation was approved despite no receipt documentation in the system.",0.614,VALIDATED,2024-03-23,2024-04-22
FND-000453,INV-00277,HIGH,APPROVAL_LIMIT,"Approval granted by EMP-96499 who was not authorised to approve amounts above $25,000. Transaction value: $281,757.",0.712,OPEN,2022-12-10,2022-12-17
FND-000454,INV-00188,MEDIUM,APPROVAL_LIMIT,Transaction processed with approval from an officer whose delegated authority was 70% below the required threshold.,0.7,VALIDATED,2022-07-04,
FND-000455,INV-00192,CRITICAL,EXPIRED_COMPLIANCE,"Vendor VND-VND-04730 received payment of $150,822 on 2023-12-10. Compliance certificate expired on 2022-05-17 — 282 days prior.",0.859,ESCALATED,2024-12-19,2025-01-16
FND-000456,INV-00074,LOW,MISSING_RECEIPT,"Employee EMP-90359 submitted 3 claims totalling $19,903 without receipts in the review period.",0.485,OPEN,2023-10-11,
FND-000457,INV-00118,CRITICAL,APPROVAL_LIMIT,Transaction processed with approval from an officer whose delegated authority was 59% below the required threshold.,0.885,RESOLVED,2024-12-10,
FND-000458,INV-00398,MEDIUM,MISSING_RECEIPT,Expense claim missing receipt. Policy POL-0017 requires receipts for all claims above $200.,0.54,RESOLVED,2023-12-11,2023-12-24
FND-000459,INV-00457,MEDIUM,VENDOR_RISK,"BLACKLISTED vendor VND-VND-00366 received payment of $179,656 via contract CON-102111 that was not updated following blacklisting.",0.537,RESOLVED,2022-02-24,
FND-000460,INV-00451,MEDIUM,EXPIRED_COMPLIANCE,"Vendor VND-VND-01420 received payment of $363,518 on 2022-01-10. Compliance certificate expired on 2020-12-22 — 239 days prior.",0.667,OPEN,2023-04-02,2023-04-05
FND-000461,INV-00381,HIGH,EXPIRED_COMPLIANCE,"Payment of $377,832 released to NexPoint Analytics Holdings whose SOC 2 compliance expired 447 days before payment date.",0.816,RESOLVED,2023-02-18,2023-02-20
FND-000462,INV-00473,MEDIUM,APPROVAL_LIMIT,"Approval granted by EMP-80790 who was not authorised to approve amounts above $5,000. Transaction value: $332,685.",0.556,RESOLVED,2021-08-06,2021-08-16
FND-000463,INV-00392,MEDIUM,MISSING_RECEIPT,Expense claim EXP-179818 submitted for Consulting without an attached supporting receipt.,0.486,OPEN,2022-07-19,2022-08-14
FND-000464,INV-00061,LOW,APPROVAL_LIMIT,"Payment of $70,895 approved at Level 1, which has a limit of $500,000. Transaction exceeded limit by $23,790.",0.369,ESCALATED,2021-06-26,2021-07-23
FND-000465,INV-00031,LOW,FRAUD_PATTERN,Transaction routed through 6 intermediate accounts before reaching final beneficiary. Unusual for CASH_OUT transaction type.,0.583,VALIDATED,2023-10-21,2023-11-04
FND-000466,INV-00293,MEDIUM,MISSING_RECEIPT,Expense claim EXP-155489 submitted for Equipment without an attached supporting receipt.,0.742,OPEN,2022-05-03,2022-05-10
FND-000467,INV-00265,HIGH,FRAUD_PATTERN,Employee EMP-64556 submitted 2 expense claims within 72 hours for identical amounts — potential duplicate fraud pattern.,0.818,VALIDATED,2022-02-02,
FND-000468,INV-00380,MEDIUM,VENDOR_RISK,"High-risk vendor Apex Solutions International has no compliance record on file. Payment of $141,085 released without compliance clearance.",0.543,RESOLVED,2021-06-04,2021-06-14
FND-000469,INV-00099,LOW,MISSING_RECEIPT,Expense claim EXP-171330 submitted for Travel without an attached supporting receipt.,0.556,OPEN,2023-06-17,2023-06-20
FND-000470,INV-00210,MEDIUM,APPROVAL_LIMIT,Transaction processed with approval from an officer whose delegated authority was 45% below the required threshold.,0.723,OPEN,2023-09-24,2023-10-12
FND-000471,INV-00360,CRITICAL,FRAUD_PATTERN,"Split payment pattern detected: 3 transactions to same beneficiary totalling $17,764 — each below approval threshold of $25,000.",0.875,RESOLVED,2022-02-03,
FND-000472,INV-00394,MEDIUM,MISSING_RECEIPT,"Employee EMP-30228 submitted 6 claims totalling $9,336 without receipts in the review period.",0.62,RESOLVED,2023-03-23,
FND-000473,INV-00488,LOW,POLICY_BREACH,"Expense claim of $13,962 for Consulting exceeds the policy maximum of $100,000. Overage: $45,822.",0.257,RESOLVED,2022-06-16,
FND-000474,INV-00408,LOW,EXPIRED_COMPLIANCE,Procurement team processed payment without checking compliance status. Certificate had been expired for 279 days.,0.237,VALIDATED,2021-09-14,2021-09-22
FND-000475,INV-00139,MEDIUM,APPROVAL_LIMIT,"Escalation protocol was bypassed. Transaction valued at $286,093 was approved at L1 without L3 countersignature.",0.737,VALIDATED,2023-03-05,2023-03-30
FND-000476,INV-00192,MEDIUM,EXPIRED_COMPLIANCE,Procurement team processed payment without checking compliance status. Certificate had been expired for 479 days.,0.449,VALIDATED,2022-08-03,2022-08-13
FND-000477,INV-00037,HIGH,VENDOR_RISK,"High-risk vendor Alpha_Inc has no compliance record on file. Payment of $344,588 released without compliance clearance.",0.727,VALIDATED,2023-02-07,
FND-000478,INV-00414,MEDIUM,FRAUD_PATTERN,Transaction routed through 2 intermediate accounts before reaching final beneficiary. Unusual for CASH_OUT transaction type.,0.637,ESCALATED,2024-02-06,2024-02-15
FND-000479,INV-00320,CRITICAL,POLICY_BREACH,"Claim EXP-108981 violates Policy POL-0018 section 4.2: Office Supplies expenditure capped at $500,000 per event.",0.768,OPEN,2023-11-21,2023-12-21
FND-000480,INV-00022,MEDIUM,APPROVAL_LIMIT,"Escalation protocol was bypassed. Transaction valued at $114,722 was approved at L1 without L4 countersignature.",0.717,VALIDATED,2023-12-21,2023-12-23
FND-000481,INV-00317,MEDIUM,MISSING_RECEIPT,Expense claim missing receipt. Policy POL-0009 requires receipts for all claims above $200.,0.512,RESOLVED,2023-12-16,
FND-000482,INV-00280,MEDIUM,APPROVAL_LIMIT,"Approval granted by EMP-38688 who was not authorised to approve amounts above $100,000. Transaction value: $236,285.",0.746,OPEN,2023-03-27,
FND-000483,INV-00456,MEDIUM,FRAUD_PATTERN,Employee EMP-93801 submitted 8 expense claims within 72 hours for identical amounts — potential duplicate fraud pattern.,0.472,RESOLVED,2021-06-21,2021-07-08
FND-000484,INV-00013,LOW,FRAUD_PATTERN,"Split payment pattern detected: 2 transactions to same beneficiary totalling $6,512 — each below approval threshold of $500,000.",0.521,RESOLVED,2024-01-14,2024-01-20
FND-000485,INV-00010,MEDIUM,POLICY_BREACH,"Claim EXP-186585 violates Policy POL-0017 section 4.2: Consulting expenditure capped at $500,000 per event.",0.42,ESCALATED,2022-01-21,2022-02-01
FND-000486,INV-00283,MEDIUM,VENDOR_RISK,"BLACKLISTED vendor VND-VND-00048 received payment of $89,009 via contract CON-109879 that was not updated following blacklisting.",0.707,VALIDATED,2024-03-25,2024-04-23
FND-000487,INV-00303,CRITICAL,MISSING_RECEIPT,"Employee EMP-98040 submitted 3 claims totalling $10,673 without receipts in the review period.",0.842,VALIDATED,2023-08-08,
FND-000488,INV-00161,LOW,MISSING_RECEIPT,"Reimbursement of $44,830 for Marketing was approved despite no receipt documentation in the system.",0.44,ESCALATED,2022-03-17,2022-04-01
FND-000489,INV-00292,MEDIUM,APPROVAL_LIMIT,"Payment of $8,373 approved at Level 1, which has a limit of $25,000. Transaction exceeded limit by $37,782.",0.489,VALIDATED,2024-06-20,
FND-000490,INV-00126,MEDIUM,APPROVAL_LIMIT,"Approval granted by EMP-25160 who was not authorised to approve amounts above $5,000. Transaction value: $138,049.",0.528,RESOLVED,2021-08-14,
FND-000491,INV-00398,HIGH,MISSING_RECEIPT,Expense claim EXP-144155 submitted for Marketing without an attached supporting receipt.,0.727,VALIDATED,2022-02-28,
FND-000492,INV-00336,HIGH,VENDOR_RISK,"BLACKLISTED vendor VND-VND-03047 received payment of $78,241 via contract CON-108085 that was not updated following blacklisting.",0.757,OPEN,2023-03-21,
FND-000493,INV-00451,LOW,POLICY_BREACH,Employee submitted Consulting claim 80% above the authorised policy limit without prior exception approval.,0.423,OPEN,2023-06-13,
FND-000494,INV-00019,CRITICAL,MISSING_RECEIPT,Expense claim EXP-124727 submitted for Meals without an attached supporting receipt.,0.801,VALIDATED,2023-06-07,
FND-000495,INV-00271,CRITICAL,APPROVAL_LIMIT,"Escalation protocol was bypassed. Transaction valued at $77,436 was approved at L1 without L5 countersignature.",0.942,OPEN,2023-06-11,2023-06-17
FND-000496,INV-00489,LOW,VENDOR_RISK,"BLACKLISTED vendor VND-VND-01293 received payment of $316,316 via contract CON-103819 that was not updated following blacklisting.",0.446,ESCALATED,2024-03-24,2024-04-22
FND-000497,INV-00384,HIGH,VENDOR_RISK,"Vendor MomentumCore Corp Inc holds CRITICAL risk rating. 5 payments totalling $19,691 processed in the audit period.",0.823,VALIDATED,2022-07-05,
FND-000498,INV-00114,MEDIUM,APPROVAL_LIMIT,"Escalation protocol was bypassed. Transaction valued at $165,165 was approved at L3 without L3 countersignature.",0.417,VALIDATED,2023-01-05,2023-01-12
FND-000499,INV-00436,LOW,APPROVAL_LIMIT,"Payment of $478,364 approved at Level 1, which has a limit of $500,000. Transaction exceeded limit by $24,918.",0.232,OPEN,2024-01-13,2024-02-11
FND-000500,INV-00135,MEDIUM,FRAUD_PATTERN,Transaction routed through 2 intermediate accounts before reaching final beneficiary. Unusual for PAYMENT transaction type.,0.492,VALIDATED,2021-09-20,2021-09-29
FND-000501,INV-00037,CRITICAL,MISSING_RECEIPT,Expense claim EXP-102660 submitted for Travel without an attached supporting receipt.,0.801,FALSE_POSITIVE,2024-01-17,2024-02-02
FND-000502,INV-00491,HIGH,VENDOR_RISK,Payment issued to VND-VND-01651 rated LOW risk. Active contract CON-103877 in place. Enhanced due diligence not documented.,0.74,ESCALATED,2022-03-15,
FND-000503,INV-00091,LOW,EXPIRED_COMPLIANCE,Procurement team processed payment without checking compliance status. Certificate had been expired for 508 days.,0.562,VALIDATED,2023-02-20,2023-02-21
FND-000504,INV-00116,MEDIUM,APPROVAL_LIMIT,"Approval granted by EMP-57465 who was not authorised to approve amounts above $5,000. Transaction value: $40,169.",0.477,ESCALATED,2022-04-27,
FND-000505,INV-00027,MEDIUM,POLICY_BREACH,"Entertainment expense of $43,630 submitted by EMP-10457 exceeds monthly policy allowance of $25,000.",0.681,RESOLVED,2022-06-23,2022-06-30
FND-000506,INV-00062,MEDIUM,VENDOR_RISK,"High-risk vendor CoreVault Systems has no compliance record on file. Payment of $437,287 released without compliance clearance.",0.689,OPEN,2024-10-11,
FND-000507,INV-00123,MEDIUM,FRAUD_PATTERN,Employee EMP-62781 submitted 7 expense claims within 72 hours for identical amounts — potential duplicate fraud pattern.,0.634,RESOLVED,2021-10-24,2021-11-20
FND-000508,INV-00143,MEDIUM,POLICY_BREACH,"Entertainment expense of $221,272 submitted by EMP-57792 exceeds monthly policy allowance of $100,000.",0.642,OPEN,2024-01-07,
FND-000509,INV-00057,MEDIUM,VENDOR_RISK,"BLACKLISTED vendor VND-VND-00797 received payment of $331,690 via contract CON-103880 that was not updated following blacklisting.",0.43,VALIDATED,2024-01-02,2024-01-03
FND-000510,INV-00386,LOW,MISSING_RECEIPT,"Employee EMP-78832 submitted 2 claims totalling $19,607 without receipts in the review period.",0.648,VALIDATED,2023-07-31,2023-08-09
FND-000511,INV-00469,MEDIUM,EXPIRED_COMPLIANCE,Procurement team processed payment without checking compliance status. Certificate had been expired for 277 days.,0.435,OPEN,2024-08-28,
FND-000512,INV-00081,LOW,POLICY_BREACH,"Claim EXP-168281 violates Policy POL-0018 section 4.2: Training expenditure capped at $5,000 per event.",0.616,OPEN,2022-06-23,2022-07-21
FND-000513,INV-00010,LOW,EXPIRED_COMPLIANCE,"Payment of $197,289 released to PeakVault Services whose SOC 2 compliance expired 16 days before payment date.",0.563,ESCALATED,2023-10-15,2023-10-18
FND-000514,INV-00408,MEDIUM,VENDOR_RISK,Payment issued to VND-VND-04442 rated LOW risk. Active contract CON-104607 in place. Enhanced due diligence not documented.,0.514,ESCALATED,2024-01-23,2024-01-27
FND-000515,INV-00332,HIGH,MISSING_RECEIPT,Expense claim missing receipt. Policy POL-0006 requires receipts for all claims above $75.,0.771,RESOLVED,2024-08-12,
FND-000516,INV-00411,HIGH,APPROVAL_LIMIT,"Escalation protocol was bypassed. Transaction valued at $126,469 was approved at L3 without L4 countersignature.",0.868,VALIDATED,2021-10-20,2021-10-21
FND-000517,INV-00117,LOW,POLICY_BREACH,Employee submitted Entertainment claim 54% above the authorised policy limit without prior exception approval.,0.47,VALIDATED,2022-12-21,2023-01-02
FND-000518,INV-00173,MEDIUM,POLICY_BREACH,"Expense claim of $377,760 for Meals exceeds the policy maximum of $500,000. Overage: $21,833.",0.589,OPEN,2023-08-26,2023-09-11
FND-000519,INV-00266,LOW,APPROVAL_LIMIT,"Escalation protocol was bypassed. Transaction valued at $486,389 was approved at L1 without L5 countersignature.",0.378,ESCALATED,2022-04-28,
FND-000520,INV-00209,CRITICAL,EXPIRED_COMPLIANCE,Compliance record CMP-103635 for vendor FusionCore Analytics Inc was in EXPIRED status at time of payment processing.,0.964,VALIDATED,2024-10-06,2024-10-18
FND-000521,INV-00088,MEDIUM,APPROVAL_LIMIT,"Payment of $346,195 approved at Level 1, which has a limit of $500,000. Transaction exceeded limit by $16,489.",0.746,RESOLVED,2023-05-26,
FND-000522,INV-00491,LOW,POLICY_BREACH,Employee submitted Meals claim 27% above the authorised policy limit without prior exception approval.,0.644,FALSE_POSITIVE,2022-07-15,
FND-000523,INV-00390,MEDIUM,POLICY_BREACH,"Claim EXP-131124 violates Policy POL-0008 section 4.2: Marketing expenditure capped at $500,000 per event.",0.555,FALSE_POSITIVE,2021-08-24,2021-09-01
FND-000524,INV-00417,LOW,EXPIRED_COMPLIANCE,Procurement team processed payment without checking compliance status. Certificate had been expired for 268 days.,0.349,VALIDATED,2023-02-10,2023-03-02
FND-000525,INV-00036,MEDIUM,APPROVAL_LIMIT,"Payment of $288,158 approved at Level 2, which has a limit of $5,000. Transaction exceeded limit by $33,615.",0.502,VALIDATED,2022-01-27,2022-02-04
FND-000526,INV-00159,HIGH,MISSING_RECEIPT,"Employee EMP-51885 submitted 2 claims totalling $10,203 without receipts in the review period.",0.769,RESOLVED,2023-12-21,2024-01-06
FND-000527,INV-00399,CRITICAL,EXPIRED_COMPLIANCE,Compliance record CMP-108655 for vendor PrimeAxis Corp LLC was in EXPIRED status at time of payment processing.,0.969,ESCALATED,2024-11-23,2024-11-30
FND-000528,INV-00429,MEDIUM,MISSING_RECEIPT,"Employee EMP-50667 submitted 5 claims totalling $18,212 without receipts in the review period.",0.638,OPEN,2022-04-15,
FND-000529,INV-00121,LOW,VENDOR_RISK,"High-risk vendor JadeCore Solutions Inc has no compliance record on file. Payment of $167,872 released without compliance clearance.",0.469,OPEN,2023-05-29,
FND-000530,INV-00192,CRITICAL,POLICY_BREACH,Employee submitted Meals claim 72% above the authorised policy limit without prior exception approval.,0.961,VALIDATED,2023-08-01,2023-08-13
FND-000531,INV-00401,MEDIUM,MISSING_RECEIPT,Expense claim EXP-192776 submitted for Software without an attached supporting receipt.,0.701,VALIDATED,2022-03-22,2022-04-12
FND-000532,INV-00153,CRITICAL,POLICY_BREACH,Employee submitted Accommodation claim 78% above the authorised policy limit without prior exception approval.,0.8,VALIDATED,2022-04-10,2022-04-15
FND-000533,INV-00095,CRITICAL,EXPIRED_COMPLIANCE,Procurement team processed payment without checking compliance status. Certificate had been expired for 24 days.,0.842,RESOLVED,2024-04-16,2024-04-20
FND-000534,INV-00482,HIGH,POLICY_BREACH,"Expense claim of $386,074 for Software exceeds the policy maximum of $100,000. Overage: $21,223.",0.887,RESOLVED,2023-02-03,
FND-000535,INV-00286,LOW,VENDOR_RISK,"Vendor OmegaLink Systems Inc holds CRITICAL risk rating. 8 payments totalling $8,441 processed in the audit period.",0.587,RESOLVED,2024-10-03,2024-10-09
FND-000536,INV-00338,LOW,MISSING_RECEIPT,Expense claim EXP-160767 submitted for Travel without an attached supporting receipt.,0.208,OPEN,2023-02-19,2023-03-09
FND-000537,INV-00036,LOW,POLICY_BREACH,"Claim EXP-191661 violates Policy POL-0001 section 4.2: Consulting expenditure capped at $100,000 per event.",0.316,ESCALATED,2024-07-03,2024-07-12
FND-000538,INV-00107,MEDIUM,FRAUD_PATTERN,Employee EMP-45375 submitted 3 expense claims within 72 hours for identical amounts — potential duplicate fraud pattern.,0.471,VALIDATED,2022-01-26,
FND-000539,INV-00166,LOW,VENDOR_RISK,"Vendor Alpha_Inc Group holds CRITICAL risk rating. 4 payments totalling $16,898 processed in the audit period.",0.354,RESOLVED,2021-07-29,2021-08-17
FND-000540,INV-00369,LOW,FRAUD_PATTERN,Transaction routed through 2 intermediate accounts before reaching final beneficiary. Unusual for PAYMENT transaction type.,0.525,FALSE_POSITIVE,2022-06-08,2022-06-21
FND-000541,INV-00368,MEDIUM,MISSING_RECEIPT,Expense claim EXP-196217 submitted for Entertainment without an attached supporting receipt.,0.557,RESOLVED,2022-07-18,
FND-000542,INV-00162,MEDIUM,VENDOR_RISK,"High-risk vendor FusionCore Analytics International has no compliance record on file. Payment of $468,223 released without compliance clearance.",0.573,VALIDATED,2024-02-11,2024-02-18
FND-000543,INV-00304,LOW,EXPIRED_COMPLIANCE,"Vendor VND-VND-04358 received payment of $160,240 on 2023-04-13. Compliance certificate expired on 2022-04-08 — 413 days prior.",0.641,OPEN,2021-10-13,
FND-000544,INV-00062,LOW,POLICY_BREACH,"Claim EXP-154161 violates Policy POL-0009 section 4.2: Travel expenditure capped at $100,000 per event.",0.47,OPEN,2023-11-06,2023-11-20
FND-000545,INV-00382,CRITICAL,MISSING_RECEIPT,"Reimbursement of $278,602 for Travel was approved despite no receipt documentation in the system.",0.938,OPEN,2023-12-19,
FND-000546,INV-00101,HIGH,VENDOR_RISK,"Vendor HorizonEdge Inc LLC holds CRITICAL risk rating. 3 payments totalling $8,041 processed in the audit period.",0.814,FALSE_POSITIVE,2022-01-23,2022-02-05
FND-000547,INV-00031,LOW,APPROVAL_LIMIT,Transaction processed with approval from an officer whose delegated authority was 36% below the required threshold.,0.209,OPEN,2024-12-28,2025-01-03
FND-000548,INV-00407,HIGH,VENDOR_RISK,Payment issued to VND-VND-00985 rated LOW risk. Active contract CON-109599 in place. Enhanced due diligence not documented.,0.706,RESOLVED,2022-11-09,2022-11-19
FND-000549,INV-00277,MEDIUM,APPROVAL_LIMIT,"Approval granted by EMP-82593 who was not authorised to approve amounts above $100,000. Transaction value: $38,967.",0.698,OPEN,2022-03-06,
FND-000550,INV-00391,MEDIUM,VENDOR_RISK,Payment issued to VND-VND-01359 rated HIGH risk. Active contract CON-101214 in place. Enhanced due diligence not documented.,0.606,VALIDATED,2024-03-19,2024-04-10
FND-000551,INV-00146,LOW,POLICY_BREACH,Employee submitted Consulting claim 43% above the authorised policy limit without prior exception approval.,0.626,VALIDATED,2023-12-12,2024-01-10
FND-000552,INV-00309,LOW,EXPIRED_COMPLIANCE,Compliance record CMP-107851 for vendor FlowBridge Inc International was in EXPIRED status at time of payment processing.,0.331,OPEN,2022-05-26,2022-06-13
FND-000553,INV-00382,HIGH,POLICY_BREACH,Employee submitted Travel claim 6% above the authorised policy limit without prior exception approval.,0.606,VALIDATED,2023-06-28,2023-07-22
FND-000554,INV-00235,HIGH,POLICY_BREACH,Employee submitted Software claim 30% above the authorised policy limit without prior exception approval.,0.74,RESOLVED,2023-07-28,2023-07-31
FND-000555,INV-00418,MEDIUM,APPROVAL_LIMIT,"Escalation protocol was bypassed. Transaction valued at $468,776 was approved at L3 without L5 countersignature.",0.737,OPEN,2022-11-06,
FND-000556,INV-00110,MEDIUM,APPROVAL_LIMIT,"Payment of $266,512 approved at Level 3, which has a limit of $100,000. Transaction exceeded limit by $7,366.",0.421,RESOLVED,2022-02-26,2022-03-21
FND-000557,INV-00277,HIGH,APPROVAL_LIMIT,Transaction processed with approval from an officer whose delegated authority was 40% below the required threshold.,0.628,VALIDATED,2023-09-26,2023-10-09
FND-000558,INV-00225,MEDIUM,EXPIRED_COMPLIANCE,"Payment of $219,739 released to MomentumCore Corp whose SOC 2 compliance expired 209 days before payment date.",0.47,ESCALATED,2021-06-25,2021-07-10
FND-000559,INV-00106,MEDIUM,POLICY_BREACH,"Expense claim of $52,285 for Software exceeds the policy maximum of $25,000. Overage: $34,481.",0.652,RESOLVED,2024-12-22,2024-12-24
FND-000560,INV-00410,MEDIUM,MISSING_RECEIPT,Expense claim EXP-108711 submitted for Training without an attached supporting receipt.,0.42,RESOLVED,2021-07-24,2021-08-11
FND-000561,INV-00184,MEDIUM,VENDOR_RISK,"High-risk vendor TrueNorth Services International has no compliance record on file. Payment of $146,752 released without compliance clearance.",0.589,VALIDATED,2021-10-26,
FND-000562,INV-00460,HIGH,POLICY_BREACH,"Entertainment expense of $315,258 submitted by EMP-31450 exceeds monthly policy allowance of $5,000.",0.628,RESOLVED,2024-01-20,2024-01-24
FND-000563,INV-00173,LOW,MISSING_RECEIPT,Expense claim missing receipt. Policy POL-0015 requires receipts for all claims above $200.,0.251,VALIDATED,2023-02-28,2023-03-06
FND-000564,INV-00454,MEDIUM,APPROVAL_LIMIT,Transaction processed with approval from an officer whose delegated authority was 14% below the required threshold.,0.482,OPEN,2021-07-04,
FND-000565,INV-00090,MEDIUM,EXPIRED_COMPLIANCE,Procurement team processed payment without checking compliance status. Certificate had been expired for 224 days.,0.482,ESCALATED,2022-01-16,2022-02-02
FND-000566,INV-00048,MEDIUM,APPROVAL_LIMIT,Transaction processed with approval from an officer whose delegated authority was 74% below the required threshold.,0.607,ESCALATED,2022-02-25,2022-03-23
FND-000567,INV-00034,MEDIUM,VENDOR_RISK,Payment issued to VND-VND-04545 rated MEDIUM risk. Active contract CON-107775 in place. Enhanced due diligence not documented.,0.455,VALIDATED,2023-07-18,2023-08-16
FND-000568,INV-00251,LOW,APPROVAL_LIMIT,Transaction processed with approval from an officer whose delegated authority was 72% below the required threshold.,0.366,VALIDATED,2022-10-20,
FND-000569,INV-00192,CRITICAL,VENDOR_RISK,"Vendor Gamma_Co LLC holds CRITICAL risk rating. 3 payments totalling $14,348 processed in the audit period.",0.975,OPEN,2024-04-24,
FND-000570,INV-00068,MEDIUM,EXPIRED_COMPLIANCE,Compliance record CMP-107227 for vendor TrueNorth Services Group was in EXPIRED status at time of payment processing.,0.626,RESOLVED,2021-06-24,2021-07-19
FND-000571,INV-00075,MEDIUM,APPROVAL_LIMIT,Transaction processed with approval from an officer whose delegated authority was 64% below the required threshold.,0.556,OPEN,2023-11-28,2023-12-02
FND-000572,INV-00205,MEDIUM,EXPIRED_COMPLIANCE,Procurement team processed payment without checking compliance status. Certificate had been expired for 81 days.,0.709,OPEN,2023-09-08,2023-09-10
FND-000573,INV-00069,MEDIUM,POLICY_BREACH,Employee submitted Training claim 24% above the authorised policy limit without prior exception approval.,0.659,RESOLVED,2021-10-15,2021-11-12
FND-000574,INV-00230,MEDIUM,MISSING_RECEIPT,Expense claim EXP-165862 submitted for Accommodation without an attached supporting receipt.,0.665,RESOLVED,2022-04-14,2022-05-14
FND-000575,INV-00038,HIGH,EXPIRED_COMPLIANCE,"Payment of $140,821 released to FusionCore Analytics Holdings whose SOC 2 compliance expired 213 days before payment date.",0.615,RESOLVED,2022-03-24,
FND-000576,INV-00027,LOW,EXPIRED_COMPLIANCE,"Payment of $413,902 released to TrueNorth Services LLC whose GDPR compliance expired 121 days before payment date.",0.413,RESOLVED,2022-06-10,2022-06-19
FND-000577,INV-00292,MEDIUM,MISSING_RECEIPT,"Employee EMP-28100 submitted 7 claims totalling $4,028 without receipts in the review period.",0.732,ESCALATED,2022-02-09,2022-03-09
FND-000578,INV-00045,MEDIUM,MISSING_RECEIPT,"Reimbursement of $60,959 for Entertainment was approved despite no receipt documentation in the system.",0.684,RESOLVED,2023-04-21,2023-05-05
FND-000579,INV-00452,HIGH,EXPIRED_COMPLIANCE,"Vendor VND-VND-03928 received payment of $24,197 on 2024-04-14. Compliance certificate expired on 2020-12-07 — 503 days prior.",0.818,OPEN,2024-07-28,
FND-000580,INV-00151,LOW,APPROVAL_LIMIT,Transaction processed with approval from an officer whose delegated authority was 51% below the required threshold.,0.222,VALIDATED,2021-08-12,
FND-000581,INV-00217,LOW,APPROVAL_LIMIT,Transaction processed with approval from an officer whose delegated authority was 60% below the required threshold.,0.331,VALIDATED,2023-05-14,
FND-000582,INV-00023,MEDIUM,APPROVAL_LIMIT,"Escalation protocol was bypassed. Transaction valued at $216,829 was approved at L1 without L5 countersignature.",0.576,VALIDATED,2022-02-14,
FND-000583,INV-00190,MEDIUM,VENDOR_RISK,Payment issued to VND-VND-04793 rated LOW risk. Active contract CON-100219 in place. Enhanced due diligence not documented.,0.527,VALIDATED,2023-09-11,
FND-000584,INV-00137,MEDIUM,EXPIRED_COMPLIANCE,Compliance record CMP-107919 for vendor TitanPath Holdings LLC was in EXPIRED status at time of payment processing.,0.49,RESOLVED,2021-11-30,
FND-000585,INV-00420,MEDIUM,APPROVAL_LIMIT,"Payment of $156,475 approved at Level 3, which has a limit of $100,000. Transaction exceeded limit by $37,964.",0.624,RESOLVED,2022-10-13,2022-10-21
FND-000586,INV-00488,MEDIUM,EXPIRED_COMPLIANCE,Compliance record CMP-100380 for vendor Gamma_Co International was in EXPIRED status at time of payment processing.,0.457,RESOLVED,2024-06-05,2024-06-30
FND-000587,INV-00359,MEDIUM,MISSING_RECEIPT,"Reimbursement of $323,149 for Equipment was approved despite no receipt documentation in the system.",0.456,OPEN,2023-09-04,2023-09-25
FND-000588,INV-00216,MEDIUM,FRAUD_PATTERN,"Split payment pattern detected: 8 transactions to same beneficiary totalling $3,245 — each below approval threshold of $25,000.",0.551,ESCALATED,2023-12-13,
FND-000589,INV-00398,MEDIUM,VENDOR_RISK,"Vendor MomentumCore Corp holds CRITICAL risk rating. 8 payments totalling $3,531 processed in the audit period.",0.435,ESCALATED,2022-06-28,2022-07-16
FND-000590,INV-00392,CRITICAL,FRAUD_PATTERN,Transaction routed through 3 intermediate accounts before reaching final beneficiary. Unusual for TRANSFER transaction type.,0.894,RESOLVED,2023-06-12,
FND-000591,INV-00313,LOW,FRAUD_PATTERN,Employee EMP-36493 submitted 4 expense claims within 72 hours for identical amounts — potential duplicate fraud pattern.,0.628,RESOLVED,2023-05-20,2023-06-04
FND-000592,INV-00227,MEDIUM,APPROVAL_LIMIT,"Escalation protocol was bypassed. Transaction valued at $249,219 was approved at L1 without L3 countersignature.",0.492,OPEN,2022-10-05,2022-10-24
FND-000593,INV-00150,LOW,MISSING_RECEIPT,"Reimbursement of $363,845 for Equipment was approved despite no receipt documentation in the system.",0.51,VALIDATED,2022-10-09,2022-10-26
FND-000594,INV-00098,LOW,APPROVAL_LIMIT,Transaction processed with approval from an officer whose delegated authority was 12% below the required threshold.,0.402,ESCALATED,2022-08-01,2022-08-16
FND-000595,INV-00203,LOW,VENDOR_RISK,Payment issued to VND-VND-04483 rated LOW risk. Active contract CON-107227 in place. Enhanced due diligence not documented.,0.459,VALIDATED,2021-06-22,
FND-000596,INV-00081,CRITICAL,POLICY_BREACH,Employee submitted Consulting claim 46% above the authorised policy limit without prior exception approval.,0.859,VALIDATED,2023-07-24,
FND-000597,INV-00319,CRITICAL,EXPIRED_COMPLIANCE,"Vendor VND-VND-03777 received payment of $495,751 on 2023-07-28. Compliance certificate expired on 2022-06-04 — 49 days prior.",0.891,ESCALATED,2023-08-12,2023-08-13
FND-000598,INV-00364,LOW,MISSING_RECEIPT,"Employee EMP-41611 submitted 6 claims totalling $16,907 without receipts in the review period.",0.339,OPEN,2023-05-26,
FND-000599,INV-00361,MEDIUM,FRAUD_PATTERN,Employee EMP-16098 submitted 6 expense claims within 72 hours for identical amounts — potential duplicate fraud pattern.,0.42,VALIDATED,2021-06-06,2021-06-22
FND-000600,INV-00364,MEDIUM,FRAUD_PATTERN,Transaction routed through 4 intermediate accounts before reaching final beneficiary. Unusual for PAYMENT transaction type.,0.459,OPEN,2021-11-09,2021-11-27
FND-000601,INV-00056,HIGH,MISSING_RECEIPT,Expense claim EXP-107877 submitted for Software without an attached supporting receipt.,0.727,VALIDATED,2022-04-20,2022-05-02
FND-000602,INV-00135,MEDIUM,VENDOR_RISK,"Vendor ZenithBridge Corp International holds CRITICAL risk rating. 7 payments totalling $17,640 processed in the audit period.",0.464,RESOLVED,2024-04-04,2024-05-04
FND-000603,INV-00494,LOW,MISSING_RECEIPT,Expense claim EXP-151784 submitted for Equipment without an attached supporting receipt.,0.525,VALIDATED,2023-02-15,2023-03-17
FND-000604,INV-00329,HIGH,APPROVAL_LIMIT,"Payment of $191,667 approved at Level 1, which has a limit of $100,000. Transaction exceeded limit by $42,795.",0.614,OPEN,2024-12-14,2025-01-05
FND-000605,INV-00025,LOW,EXPIRED_COMPLIANCE,"Vendor VND-VND-03572 received payment of $272,100 on 2022-05-18. Compliance certificate expired on 2022-02-27 — 188 days prior.",0.458,VALIDATED,2024-06-03,2024-06-27
FND-000606,INV-00234,MEDIUM,POLICY_BREACH,Employee submitted Equipment claim 43% above the authorised policy limit without prior exception approval.,0.741,RESOLVED,2021-09-30,
FND-000607,INV-00116,MEDIUM,FRAUD_PATTERN,Transaction routed through 4 intermediate accounts before reaching final beneficiary. Unusual for PAYMENT transaction type.,0.743,OPEN,2022-06-04,
FND-000608,INV-00500,MEDIUM,POLICY_BREACH,"Claim EXP-155572 violates Policy POL-0005 section 4.2: Training expenditure capped at $25,000 per event.",0.51,RESOLVED,2023-08-06,2023-08-30
FND-000609,INV-00271,MEDIUM,MISSING_RECEIPT,"Employee EMP-54856 submitted 7 claims totalling $1,774 without receipts in the review period.",0.512,RESOLVED,2024-04-14,2024-05-02
FND-000610,INV-00387,CRITICAL,FRAUD_PATTERN,Transaction routed through 2 intermediate accounts before reaching final beneficiary. Unusual for CASH_OUT transaction type.,0.909,VALIDATED,2021-08-03,2021-08-10
FND-000611,INV-00106,LOW,VENDOR_RISK,"BLACKLISTED vendor VND-VND-04988 received payment of $74,135 via contract CON-103235 that was not updated following blacklisting.",0.405,RESOLVED,2024-03-22,2024-04-20
FND-000612,INV-00404,LOW,EXPIRED_COMPLIANCE,"Vendor VND-VND-03395 received payment of $444,247 on 2022-06-24. Compliance certificate expired on 2022-09-18 — 249 days prior.",0.618,OPEN,2024-11-11,2024-11-22
FND-000613,INV-00220,MEDIUM,MISSING_RECEIPT,Expense claim EXP-141914 submitted for Training without an attached supporting receipt.,0.457,VALIDATED,2024-02-17,2024-02-27
FND-000614,INV-00353,CRITICAL,FRAUD_PATTERN,"Split payment pattern detected: 7 transactions to same beneficiary totalling $6,362 — each below approval threshold of $100,000.",0.932,OPEN,2023-04-06,2023-04-08
FND-000615,INV-00141,CRITICAL,APPROVAL_LIMIT,Transaction processed with approval from an officer whose delegated authority was 75% below the required threshold.,0.812,RESOLVED,2022-01-20,2022-02-04
FND-000616,INV-00207,MEDIUM,VENDOR_RISK,"Vendor DeltaPath Logistics LLC holds CRITICAL risk rating. 4 payments totalling $5,233 processed in the audit period.",0.501,RESOLVED,2024-12-16,2025-01-12
FND-000617,INV-00159,MEDIUM,MISSING_RECEIPT,"Employee EMP-98686 submitted 3 claims totalling $14,015 without receipts in the review period.",0.567,OPEN,2022-07-28,2022-08-03
FND-000618,INV-00262,MEDIUM,FRAUD_PATTERN,Transaction routed through 4 intermediate accounts before reaching final beneficiary. Unusual for TRANSFER transaction type.,0.416,RESOLVED,2021-08-02,
FND-000619,INV-00322,CRITICAL,FRAUD_PATTERN,"Split payment pattern detected: 3 transactions to same beneficiary totalling $9,527 — each below approval threshold of $25,000.",0.78,RESOLVED,2024-03-06,2024-03-23
FND-000620,INV-00202,MEDIUM,FRAUD_PATTERN,Transaction routed through 8 intermediate accounts before reaching final beneficiary. Unusual for TRANSFER transaction type.,0.485,ESCALATED,2021-09-04,
FND-000621,INV-00296,MEDIUM,VENDOR_RISK,Payment issued to VND-VND-02460 rated LOW risk. Active contract CON-101580 in place. Enhanced due diligence not documented.,0.611,VALIDATED,2021-09-25,2021-09-28
FND-000622,INV-00105,LOW,MISSING_RECEIPT,"Employee EMP-13142 submitted 2 claims totalling $3,271 without receipts in the review period.",0.28,OPEN,2024-11-10,2024-11-25
FND-000623,INV-00153,MEDIUM,EXPIRED_COMPLIANCE,"Payment of $221,795 released to JadeCore Solutions Inc whose PCI-DSS compliance expired 94 days before payment date.",0.493,RESOLVED,2023-12-10,2024-01-04
FND-000624,INV-00199,LOW,APPROVAL_LIMIT,"Payment of $70,673 approved at Level 3, which has a limit of $100,000. Transaction exceeded limit by $10,820.",0.214,OPEN,2022-05-05,2022-05-23
FND-000625,INV-00364,HIGH,EXPIRED_COMPLIANCE,"Payment of $423,818 released to Alpha_Inc whose PCI-DSS compliance expired 235 days before payment date.",0.709,RESOLVED,2022-02-25,2022-03-09
FND-000626,INV-00009,MEDIUM,APPROVAL_LIMIT,"Escalation protocol was bypassed. Transaction valued at $3,396 was approved at L1 without L5 countersignature.",0.476,ESCALATED,2024-11-14,
FND-000627,INV-00225,CRITICAL,APPROVAL_LIMIT,"Payment of $482,735 approved at Level 3, which has a limit of $500,000. Transaction exceeded limit by $6,772.",0.855,OPEN,2023-08-07,2023-08-10
FND-000628,INV-00009,MEDIUM,VENDOR_RISK,Payment issued to VND-VND-04488 rated LOW risk. Active contract CON-103410 in place. Enhanced due diligence not documented.,0.554,RESOLVED,2023-09-06,2023-09-29
FND-000629,INV-00411,HIGH,EXPIRED_COMPLIANCE,"Payment of $376,548 released to Apex Solutions Ltd whose PCI-DSS compliance expired 317 days before payment date.",0.769,OPEN,2022-06-20,2022-07-05
FND-000630,INV-00439,MEDIUM,APPROVAL_LIMIT,"Approval granted by EMP-78155 who was not authorised to approve amounts above $100,000. Transaction value: $188,084.",0.634,RESOLVED,2022-05-20,2022-06-09
FND-000631,INV-00248,MEDIUM,MISSING_RECEIPT,Expense claim EXP-127632 submitted for Office Supplies without an attached supporting receipt.,0.435,OPEN,2022-09-18,2022-09-20
FND-000632,INV-00207,MEDIUM,VENDOR_RISK,"High-risk vendor RapidCore Consulting International has no compliance record on file. Payment of $471,029 released without compliance clearance.",0.502,OPEN,2023-06-11,2023-07-06
FND-000633,INV-00018,MEDIUM,VENDOR_RISK,"Vendor NexPoint Analytics Holdings holds CRITICAL risk rating. 6 payments totalling $15,995 processed in the audit period.",0.543,OPEN,2024-05-04,
FND-000634,INV-00221,HIGH,APPROVAL_LIMIT,"Escalation protocol was bypassed. Transaction valued at $491,805 was approved at L1 without L3 countersignature.",0.788,RESOLVED,2024-07-24,2024-08-11
FND-000635,INV-00476,CRITICAL,FRAUD_PATTERN,"Round-number transaction of $373,361 processed at 05:52 — outside standard business hours. Flagged by anomaly detection.",0.977,VALIDATED,2021-10-13,2021-10-16
FND-000636,INV-00278,MEDIUM,MISSING_RECEIPT,Expense claim missing receipt. Policy POL-0019 requires receipts for all claims above $200.,0.575,VALIDATED,2024-06-02,
FND-000637,INV-00029,LOW,MISSING_RECEIPT,"Employee EMP-73794 submitted 8 claims totalling $1,299 without receipts in the review period.",0.307,VALIDATED,2023-03-15,2023-03-27
FND-000638,INV-00105,LOW,MISSING_RECEIPT,Expense claim missing receipt. Policy POL-0009 requires receipts for all claims above $75.,0.65,RESOLVED,2023-02-20,
FND-000639,INV-00367,LOW,APPROVAL_LIMIT,Transaction processed with approval from an officer whose delegated authority was 24% below the required threshold.,0.387,ESCALATED,2022-06-30,
FND-000640,INV-00009,LOW,MISSING_RECEIPT,"Employee EMP-22138 submitted 8 claims totalling $15,840 without receipts in the review period.",0.209,ESCALATED,2024-12-22,2025-01-16
FND-000641,INV-00301,HIGH,APPROVAL_LIMIT,"Approval granted by EMP-63525 who was not authorised to approve amounts above $5,000. Transaction value: $336,977.",0.625,RESOLVED,2024-11-05,2024-11-23
FND-000642,INV-00304,CRITICAL,APPROVAL_LIMIT,"Approval granted by EMP-28484 who was not authorised to approve amounts above $100,000. Transaction value: $169,280.",0.816,VALIDATED,2022-03-01,2022-03-14
FND-000643,INV-00034,MEDIUM,POLICY_BREACH,"Expense claim of $453,271 for Meals exceeds the policy maximum of $100,000. Overage: $30,206.",0.599,VALIDATED,2024-04-29,
FND-000644,INV-00403,HIGH,MISSING_RECEIPT,Expense claim missing receipt. Policy POL-0008 requires receipts for all claims above $50.,0.866,RESOLVED,2023-02-18,2023-03-05
FND-000645,INV-00261,MEDIUM,EXPIRED_COMPLIANCE,Procurement team processed payment without checking compliance status. Certificate had been expired for 57 days.,0.714,VALIDATED,2021-08-13,2021-09-08
FND-000646,INV-00038,LOW,EXPIRED_COMPLIANCE,Procurement team processed payment without checking compliance status. Certificate had been expired for 366 days.,0.224,ESCALATED,2022-06-26,
FND-000647,INV-00128,MEDIUM,APPROVAL_LIMIT,"Approval granted by EMP-33242 who was not authorised to approve amounts above $100,000. Transaction value: $239,842.",0.67,VALIDATED,2022-04-09,
FND-000648,INV-00003,MEDIUM,MISSING_RECEIPT,Expense claim EXP-107571 submitted for Entertainment without an attached supporting receipt.,0.646,RESOLVED,2022-03-26,
FND-000649,INV-00106,HIGH,EXPIRED_COMPLIANCE,"Vendor VND-VND-02331 received payment of $306,326 on 2023-05-03. Compliance certificate expired on 2020-08-01 — 461 days prior.",0.769,VALIDATED,2022-06-25,
FND-000650,INV-00499,MEDIUM,VENDOR_RISK,"BLACKLISTED vendor VND-VND-01626 received payment of $469,504 via contract CON-105197 that was not updated following blacklisting.",0.727,RESOLVED,2023-08-29,2023-09-14
FND-000651,INV-00083,LOW,MISSING_RECEIPT,"Employee EMP-83584 submitted 5 claims totalling $14,682 without receipts in the review period.",0.534,VALIDATED,2022-05-28,2022-06-21
FND-000652,INV-00475,MEDIUM,VENDOR_RISK,"Vendor EcoVenture Supplies International holds CRITICAL risk rating. 2 payments totalling $17,727 processed in the audit period.",0.627,OPEN,2024-02-28,2024-03-11
FND-000653,INV-00240,LOW,MISSING_RECEIPT,Expense claim EXP-186872 submitted for Accommodation without an attached supporting receipt.,0.318,RESOLVED,2021-10-06,2021-11-01
FND-000654,INV-00091,MEDIUM,MISSING_RECEIPT,"Employee EMP-95839 submitted 5 claims totalling $18,252 without receipts in the review period.",0.727,OPEN,2023-03-21,2023-03-31
FND-000655,INV-00359,LOW,POLICY_BREACH,"Expense claim of $176,950 for Software exceeds the policy maximum of $500,000. Overage: $14,740.",0.445,OPEN,2023-08-19,
FND-000656,INV-00262,MEDIUM,POLICY_BREACH,"Entertainment expense of $192,562 submitted by EMP-48312 exceeds monthly policy allowance of $25,000.",0.695,ESCALATED,2023-06-20,2023-07-18
FND-000657,INV-00221,LOW,APPROVAL_LIMIT,"Payment of $55,143 approved at Level 2, which has a limit of $25,000. Transaction exceeded limit by $26,478.",0.475,OPEN,2023-09-02,2023-10-01
FND-000658,INV-00114,CRITICAL,POLICY_BREACH,"Claim EXP-140353 violates Policy POL-0011 section 4.2: Office Supplies expenditure capped at $25,000 per event.",0.843,VALIDATED,2023-07-20,2023-08-01
FND-000659,INV-00478,MEDIUM,MISSING_RECEIPT,"Reimbursement of $263,458 for Office Supplies was approved despite no receipt documentation in the system.",0.563,VALIDATED,2023-12-11,2023-12-29
FND-000660,INV-00085,HIGH,VENDOR_RISK,Payment issued to VND-VND-02192 rated MEDIUM risk. Active contract CON-100255 in place. Enhanced due diligence not documented.,0.687,VALIDATED,2021-12-06,
FND-000661,INV-00256,HIGH,FRAUD_PATTERN,"Split payment pattern detected: 5 transactions to same beneficiary totalling $15,204 — each below approval threshold of $5,000.",0.761,RESOLVED,2023-08-25,2023-09-09
FND-000662,INV-00099,MEDIUM,EXPIRED_COMPLIANCE,Procurement team processed payment without checking compliance status. Certificate had been expired for 427 days.,0.639,OPEN,2022-08-20,2022-08-29
FND-000663,INV-00064,LOW,POLICY_BREACH,"Claim EXP-181704 violates Policy POL-0006 section 4.2: Consulting expenditure capped at $100,000 per event.",0.523,RESOLVED,2021-06-09,
FND-000664,INV-00422,MEDIUM,MISSING_RECEIPT,Expense claim EXP-164234 submitted for Software without an attached supporting receipt.,0.44,OPEN,2024-11-15,
FND-000665,INV-00224,LOW,MISSING_RECEIPT,Expense claim missing receipt. Policy POL-0020 requires receipts for all claims above $200.,0.212,FALSE_POSITIVE,2023-11-23,
FND-000666,INV-00236,MEDIUM,POLICY_BREACH,"Entertainment expense of $78,555 submitted by EMP-24000 exceeds monthly policy allowance of $100,000.",0.6,OPEN,2023-07-14,2023-07-26
FND-000667,INV-00089,LOW,APPROVAL_LIMIT,"Payment of $182,678 approved at Level 2, which has a limit of $100,000. Transaction exceeded limit by $25,517.",0.486,ESCALATED,2022-01-03,2022-01-09
FND-000668,INV-00190,CRITICAL,POLICY_BREACH,Employee submitted Software claim 50% above the authorised policy limit without prior exception approval.,0.8,ESCALATED,2023-01-17,
FND-000669,INV-00464,MEDIUM,EXPIRED_COMPLIANCE,Compliance record CMP-106488 for vendor PrimeAxis Corp LLC was in EXPIRED status at time of payment processing.,0.639,RESOLVED,2024-03-16,
FND-000670,INV-00260,MEDIUM,FRAUD_PATTERN,Employee EMP-77796 submitted 3 expense claims within 72 hours for identical amounts — potential duplicate fraud pattern.,0.592,VALIDATED,2022-09-22,2022-10-02
FND-000671,INV-00408,HIGH,POLICY_BREACH,"Expense claim of $115,734 for Training exceeds the policy maximum of $25,000. Overage: $7,554.",0.621,VALIDATED,2023-09-25,
FND-000672,INV-00029,MEDIUM,FRAUD_PATTERN,Employee EMP-71989 submitted 8 expense claims within 72 hours for identical amounts — potential duplicate fraud pattern.,0.544,VALIDATED,2022-06-27,2022-07-10
FND-000673,INV-00445,MEDIUM,MISSING_RECEIPT,"Employee EMP-47242 submitted 5 claims totalling $8,643 without receipts in the review period.",0.441,RESOLVED,2022-06-18,
FND-000674,INV-00241,LOW,POLICY_BREACH,"Entertainment expense of $371,612 submitted by EMP-37164 exceeds monthly policy allowance of $25,000.",0.638,OPEN,2024-06-24,2024-07-17
FND-000675,INV-00224,MEDIUM,VENDOR_RISK,"High-risk vendor YellowBridge Partners has no compliance record on file. Payment of $8,921 released without compliance clearance.",0.582,FALSE_POSITIVE,2023-02-05,
FND-000676,INV-00416,MEDIUM,MISSING_RECEIPT,Expense claim EXP-148422 submitted for Software without an attached supporting receipt.,0.55,VALIDATED,2023-11-05,2023-12-05
FND-000677,INV-00030,MEDIUM,FRAUD_PATTERN,"Round-number transaction of $390,686 processed at 05:32 — outside standard business hours. Flagged by anomaly detection.",0.431,RESOLVED,2021-09-25,2021-10-19
FND-000678,INV-00308,MEDIUM,VENDOR_RISK,"BLACKLISTED vendor VND-VND-01798 received payment of $320,812 via contract CON-100415 that was not updated following blacklisting.",0.612,RESOLVED,2023-09-08,
FND-000679,INV-00432,LOW,VENDOR_RISK,"BLACKLISTED vendor VND-VND-00700 received payment of $433,737 via contract CON-107196 that was not updated following blacklisting.",0.324,OPEN,2024-06-14,2024-06-20
FND-000680,INV-00322,HIGH,APPROVAL_LIMIT,"Payment of $154,654 approved at Level 3, which has a limit of $100,000. Transaction exceeded limit by $42,227.",0.698,ESCALATED,2022-01-30,2022-02-11
FND-000681,INV-00389,MEDIUM,VENDOR_RISK,Payment issued to VND-VND-00735 rated LOW risk. Active contract CON-103533 in place. Enhanced due diligence not documented.,0.719,OPEN,2022-01-22,2022-02-03
FND-000682,INV-00061,MEDIUM,MISSING_RECEIPT,Expense claim missing receipt. Policy POL-0014 requires receipts for all claims above $75.,0.543,RESOLVED,2021-06-11,
FND-000683,INV-00222,LOW,POLICY_BREACH,"Expense claim of $310,101 for Accommodation exceeds the policy maximum of $100,000. Overage: $37,058.",0.22,VALIDATED,2021-07-09,
FND-000684,INV-00210,LOW,APPROVAL_LIMIT,"Approval granted by EMP-69967 who was not authorised to approve amounts above $5,000. Transaction value: $39,775.",0.26,RESOLVED,2021-12-28,2022-01-09
FND-000685,INV-00036,LOW,VENDOR_RISK,"High-risk vendor RapidCore Consulting International has no compliance record on file. Payment of $321,017 released without compliance clearance.",0.219,RESOLVED,2024-09-06,2024-09-08
FND-000686,INV-00220,HIGH,MISSING_RECEIPT,Expense claim missing receipt. Policy POL-0005 requires receipts for all claims above $100.,0.736,VALIDATED,2022-12-21,2023-01-10
FND-000687,INV-00219,MEDIUM,APPROVAL_LIMIT,"Payment of $93,628 approved at Level 2, which has a limit of $100,000. Transaction exceeded limit by $5,583.",0.72,OPEN,2021-08-04,2021-08-09
FND-000688,INV-00161,CRITICAL,POLICY_BREACH,"Entertainment expense of $497,561 submitted by EMP-86084 exceeds monthly policy allowance of $25,000.",0.906,OPEN,2022-10-06,2022-10-26
FND-000689,INV-00055,LOW,APPROVAL_LIMIT,"Escalation protocol was bypassed. Transaction valued at $104,254 was approved at L1 without L3 countersignature.",0.634,VALIDATED,2023-01-27,2023-02-19
FND-000690,INV-00479,MEDIUM,VENDOR_RISK,"High-risk vendor CoreVault Systems Holdings has no compliance record on file. Payment of $248,268 released without compliance clearance.",0.656,OPEN,2022-07-04,2022-07-28
FND-000691,INV-00086,LOW,APPROVAL_LIMIT,"Payment of $288,929 approved at Level 2, which has a limit of $5,000. Transaction exceeded limit by $25,586.",0.241,OPEN,2021-10-15,2021-11-05
FND-000692,INV-00218,LOW,APPROVAL_LIMIT,Transaction processed with approval from an officer whose delegated authority was 67% below the required threshold.,0.619,VALIDATED,2023-01-09,2023-01-20
FND-000693,INV-00492,MEDIUM,APPROVAL_LIMIT,"Escalation protocol was bypassed. Transaction valued at $227,119 was approved at L1 without L4 countersignature.",0.634,OPEN,2024-01-10,
FND-000694,INV-00383,LOW,MISSING_RECEIPT,"Reimbursement of $24,201 for Office Supplies was approved despite no receipt documentation in the system.",0.217,ESCALATED,2022-08-05,
FND-000695,INV-00221,LOW,VENDOR_RISK,"BLACKLISTED vendor VND-VND-01532 received payment of $338,619 via contract CON-107111 that was not updated following blacklisting.",0.465,VALIDATED,2024-01-08,
FND-000696,INV-00227,MEDIUM,VENDOR_RISK,"High-risk vendor VoltEdge Solutions LLC has no compliance record on file. Payment of $445,329 released without compliance clearance.",0.647,OPEN,2023-12-25,2024-01-23
FND-000697,INV-00027,LOW,VENDOR_RISK,"High-risk vendor LatticeCore Partners Holdings has no compliance record on file. Payment of $344,422 released without compliance clearance.",0.44,VALIDATED,2022-08-27,
FND-000698,INV-00492,MEDIUM,VENDOR_RISK,Payment issued to VND-VND-00247 rated LOW risk. Active contract CON-109994 in place. Enhanced due diligence not documented.,0.404,OPEN,2023-07-14,
FND-000699,INV-00403,CRITICAL,POLICY_BREACH,"Entertainment expense of $83,567 submitted by EMP-14204 exceeds monthly policy allowance of $25,000.",0.971,VALIDATED,2023-02-08,
FND-000700,INV-00311,CRITICAL,POLICY_BREACH,"Entertainment expense of $498,989 submitted by EMP-55705 exceeds monthly policy allowance of $25,000.",0.945,OPEN,2021-06-02,
FND-000701,INV-00132,MEDIUM,MISSING_RECEIPT,"Reimbursement of $170,579 for Training was approved despite no receipt documentation in the system.",0.492,RESOLVED,2024-08-24,2024-09-14
FND-000702,INV-00119,MEDIUM,VENDOR_RISK,"Vendor LucentBridge Technologies Inc holds CRITICAL risk rating. 3 payments totalling $5,320 processed in the audit period.",0.559,ESCALATED,2022-04-30,2022-05-14
FND-000703,INV-00329,LOW,FRAUD_PATTERN,Employee EMP-94760 submitted 5 expense claims within 72 hours for identical amounts — potential duplicate fraud pattern.,0.327,RESOLVED,2021-11-12,2021-12-03
FND-000704,INV-00279,MEDIUM,EXPIRED_COMPLIANCE,Procurement team processed payment without checking compliance status. Certificate had been expired for 43 days.,0.425,VALIDATED,2024-07-24,
FND-000705,INV-00103,LOW,POLICY_BREACH,"Expense claim of $145,102 for Accommodation exceeds the policy maximum of $25,000. Overage: $25,224.",0.254,OPEN,2023-02-15,2023-02-27
FND-000706,INV-00401,MEDIUM,EXPIRED_COMPLIANCE,Procurement team processed payment without checking compliance status. Certificate had been expired for 314 days.,0.434,ESCALATED,2021-10-26,2021-11-14
FND-000707,INV-00486,MEDIUM,EXPIRED_COMPLIANCE,Compliance record CMP-106102 for vendor NexPoint Analytics Ltd was in EXPIRED status at time of payment processing.,0.464,VALIDATED,2022-10-19,2022-10-24
FND-000708,INV-00142,LOW,MISSING_RECEIPT,"Employee EMP-16091 submitted 5 claims totalling $16,855 without receipts in the review period.",0.634,VALIDATED,2021-12-17,
FND-000709,INV-00314,MEDIUM,APPROVAL_LIMIT,"Escalation protocol was bypassed. Transaction valued at $122,920 was approved at L1 without L5 countersignature.",0.691,ESCALATED,2021-11-24,2021-11-25
FND-000710,INV-00145,MEDIUM,APPROVAL_LIMIT,Transaction processed with approval from an officer whose delegated authority was 60% below the required threshold.,0.692,ESCALATED,2024-03-23,2024-04-21
FND-000711,INV-00167,MEDIUM,MISSING_RECEIPT,Expense claim EXP-187562 submitted for Training without an attached supporting receipt.,0.419,FALSE_POSITIVE,2024-10-11,2024-11-03
FND-000712,INV-00458,MEDIUM,MISSING_RECEIPT,Expense claim EXP-161256 submitted for Training without an attached supporting receipt.,0.408,RESOLVED,2023-08-25,
FND-000713,INV-00174,HIGH,POLICY_BREACH,"Expense claim of $269,080 for Meals exceeds the policy maximum of $25,000. Overage: $34,032.",0.785,VALIDATED,2023-11-15,2023-12-02
FND-000714,INV-00257,MEDIUM,MISSING_RECEIPT,Expense claim EXP-194098 submitted for Software without an attached supporting receipt.,0.469,OPEN,2024-09-21,2024-09-29
FND-000715,INV-00391,MEDIUM,VENDOR_RISK,"Vendor Apex Solutions Group holds CRITICAL risk rating. 6 payments totalling $8,029 processed in the audit period.",0.581,OPEN,2022-09-25,2022-10-24
FND-000716,INV-00238,MEDIUM,MISSING_RECEIPT,"Employee EMP-86978 submitted 5 claims totalling $11,036 without receipts in the review period.",0.552,VALIDATED,2021-08-26,2021-09-21
FND-000717,INV-00231,MEDIUM,EXPIRED_COMPLIANCE,"Payment of $63,734 released to FusionCore Analytics Holdings whose GDPR compliance expired 262 days before payment date.",0.722,VALIDATED,2022-01-29,2022-02-08
FND-000718,INV-00241,MEDIUM,APPROVAL_LIMIT,"Escalation protocol was bypassed. Transaction valued at $480,280 was approved at L3 without L4 countersignature.",0.709,OPEN,2024-08-26,2024-09-07
FND-000719,INV-00148,HIGH,POLICY_BREACH,"Expense claim of $269,516 for Consulting exceeds the policy maximum of $100,000. Overage: $34,502.",0.707,RESOLVED,2023-04-03,2023-04-13
FND-000720,INV-00339,LOW,EXPIRED_COMPLIANCE,Procurement team processed payment without checking compliance status. Certificate had been expired for 354 days.,0.373,OPEN,2024-03-05,2024-03-22
FND-000721,INV-00132,HIGH,EXPIRED_COMPLIANCE,"Vendor VND-VND-01623 received payment of $214,847 on 2023-12-11. Compliance certificate expired on 2022-04-10 — 164 days prior.",0.692,VALIDATED,2023-09-29,2023-10-03
FND-000722,INV-00296,HIGH,APPROVAL_LIMIT,Transaction processed with approval from an officer whose delegated authority was 43% below the required threshold.,0.895,VALIDATED,2024-01-14,2024-02-06
FND-000723,INV-00269,MEDIUM,VENDOR_RISK,"BLACKLISTED vendor VND-VND-04909 received payment of $145,153 via contract CON-104886 that was not updated following blacklisting.",0.469,VALIDATED,2022-03-22,2022-04-08
FND-000724,INV-00166,MEDIUM,VENDOR_RISK,"High-risk vendor WaveCore Manufacturing has no compliance record on file. Payment of $179,810 released without compliance clearance.",0.469,OPEN,2023-01-31,2023-02-06
FND-000725,INV-00043,MEDIUM,POLICY_BREACH,Employee submitted Marketing claim 13% above the authorised policy limit without prior exception approval.,0.545,OPEN,2023-05-01,2023-05-06
FND-000726,INV-00472,LOW,POLICY_BREACH,"Claim EXP-188341 violates Policy POL-0012 section 4.2: Meals expenditure capped at $5,000 per event.",0.597,FALSE_POSITIVE,2021-08-19,2021-09-10
FND-000727,INV-00406,MEDIUM,APPROVAL_LIMIT,Transaction processed with approval from an officer whose delegated authority was 6% below the required threshold.,0.424,OPEN,2023-06-07,
FND-000728,INV-00332,MEDIUM,POLICY_BREACH,Employee submitted Accommodation claim 28% above the authorised policy limit without prior exception approval.,0.491,ESCALATED,2024-10-31,2024-11-05
FND-000729,INV-00082,HIGH,EXPIRED_COMPLIANCE,"Vendor VND-VND-02155 received payment of $461,529 on 2023-10-14. Compliance certificate expired on 2020-02-29 — 49 days prior.",0.712,RESOLVED,2022-04-24,
FND-000730,INV-00494,HIGH,EXPIRED_COMPLIANCE,"Vendor VND-VND-04939 received payment of $493,164 on 2023-12-17. Compliance certificate expired on 2020-08-18 — 38 days prior.",0.692,RESOLVED,2024-09-24,
FND-000731,INV-00111,LOW,MISSING_RECEIPT,Expense claim EXP-124980 submitted for Meals without an attached supporting receipt.,0.545,FALSE_POSITIVE,2023-11-09,2023-11-12
FND-000732,INV-00249,MEDIUM,POLICY_BREACH,"Claim EXP-128517 violates Policy POL-0017 section 4.2: Consulting expenditure capped at $25,000 per event.",0.614,RESOLVED,2022-01-19,2022-02-05
FND-000733,INV-00008,MEDIUM,POLICY_BREACH,"Expense claim of $239,625 for Marketing exceeds the policy maximum of $500,000. Overage: $23,694.",0.52,ESCALATED,2024-12-12,
FND-000734,INV-00182,MEDIUM,APPROVAL_LIMIT,"Payment of $136,144 approved at Level 3, which has a limit of $25,000. Transaction exceeded limit by $37,230.",0.679,VALIDATED,2024-02-11,2024-03-05
FND-000735,INV-00414,HIGH,EXPIRED_COMPLIANCE,Procurement team processed payment without checking compliance status. Certificate had been expired for 405 days.,0.608,VALIDATED,2024-05-27,2024-06-08
FND-000736,INV-00011,MEDIUM,EXPIRED_COMPLIANCE,"Vendor VND-VND-02709 received payment of $208,672 on 2023-08-04. Compliance certificate expired on 2021-02-06 — 261 days prior.",0.638,OPEN,2021-12-27,2022-01-20
FND-000737,INV-00413,LOW,FRAUD_PATTERN,"Split payment pattern detected: 8 transactions to same beneficiary totalling $6,900 — each below approval threshold of $100,000.",0.458,RESOLVED,2024-04-04,2024-04-07
FND-000738,INV-00360,MEDIUM,POLICY_BREACH,"Expense claim of $113,536 for Marketing exceeds the policy maximum of $100,000. Overage: $39,002.",0.636,VALIDATED,2023-02-21,2023-03-17
FND-000739,INV-00408,CRITICAL,MISSING_RECEIPT,"Reimbursement of $148,067 for Software was approved despite no receipt documentation in the system.",0.979,VALIDATED,2022-01-07,
FND-000740,INV-00133,MEDIUM,POLICY_BREACH,"Expense claim of $378,861 for Marketing exceeds the policy maximum of $25,000. Overage: $36,083.",0.704,OPEN,2023-04-28,2023-04-29
FND-000741,INV-00464,LOW,EXPIRED_COMPLIANCE,Compliance record CMP-103459 for vendor SilverPath Holdings Group was in EXPIRED status at time of payment processing.,0.614,VALIDATED,2021-11-07,2021-11-24
FND-000742,INV-00286,MEDIUM,POLICY_BREACH,Employee submitted Equipment claim 47% above the authorised policy limit without prior exception approval.,0.544,RESOLVED,2024-01-07,2024-01-23
FND-000743,INV-00382,MEDIUM,FRAUD_PATTERN,Employee EMP-29064 submitted 4 expense claims within 72 hours for identical amounts — potential duplicate fraud pattern.,0.743,VALIDATED,2022-12-30,2023-01-13
FND-000744,INV-00194,MEDIUM,MISSING_RECEIPT,"Employee EMP-83156 submitted 2 claims totalling $15,960 without receipts in the review period.",0.712,VALIDATED,2022-11-08,
FND-000745,INV-00306,MEDIUM,VENDOR_RISK,"High-risk vendor ZenithBridge Corp Ltd has no compliance record on file. Payment of $485,254 released without compliance clearance.",0.721,VALIDATED,2024-11-06,
FND-000746,INV-00316,HIGH,APPROVAL_LIMIT,Transaction processed with approval from an officer whose delegated authority was 27% below the required threshold.,0.793,VALIDATED,2023-01-14,2023-02-09
FND-000747,INV-00213,HIGH,FRAUD_PATTERN,Transaction routed through 7 intermediate accounts before reaching final beneficiary. Unusual for PAYMENT transaction type.,0.648,VALIDATED,2022-03-29,2022-04-17
FND-000748,INV-00266,MEDIUM,MISSING_RECEIPT,"Reimbursement of $337,301 for Accommodation was approved despite no receipt documentation in the system.",0.56,OPEN,2024-05-20,2024-05-24
FND-000749,INV-00066,LOW,VENDOR_RISK,Payment issued to VND-VND-03975 rated LOW risk. Active contract CON-100636 in place. Enhanced due diligence not documented.,0.536,OPEN,2024-07-17,
FND-000750,INV-00277,HIGH,MISSING_RECEIPT,Expense claim EXP-167718 submitted for Marketing without an attached supporting receipt.,0.667,VALIDATED,2024-03-08,2024-03-17
FND-000751,INV-00234,HIGH,POLICY_BREACH,Employee submitted Travel claim 22% above the authorised policy limit without prior exception approval.,0.875,RESOLVED,2021-12-28,2022-01-02
FND-000752,INV-00115,LOW,VENDOR_RISK,Payment issued to VND-VND-01408 rated LOW risk. Active contract CON-103266 in place. Enhanced due diligence not documented.,0.224,OPEN,2024-02-13,2024-03-08
FND-000753,INV-00058,LOW,VENDOR_RISK,"High-risk vendor IronPoint Manufacturing International has no compliance record on file. Payment of $497,784 released without compliance clearance.",0.641,RESOLVED,2023-04-01,
FND-000754,INV-00135,MEDIUM,VENDOR_RISK,Payment issued to VND-VND-00592 rated HIGH risk. Active contract CON-103281 in place. Enhanced due diligence not documented.,0.705,RESOLVED,2023-04-11,2023-05-02
FND-000755,INV-00224,MEDIUM,MISSING_RECEIPT,Expense claim missing receipt. Policy POL-0015 requires receipts for all claims above $75.,0.496,RESOLVED,2022-02-13,
FND-000756,INV-00080,LOW,APPROVAL_LIMIT,"Payment of $8,960 approved at Level 3, which has a limit of $500,000. Transaction exceeded limit by $36,015.",0.233,RESOLVED,2023-10-07,
FND-000757,INV-00229,HIGH,POLICY_BREACH,"Claim EXP-142956 violates Policy POL-0005 section 4.2: Travel expenditure capped at $100,000 per event.",0.799,VALIDATED,2024-07-08,
FND-000758,INV-00328,LOW,EXPIRED_COMPLIANCE,Compliance record CMP-109478 for vendor Apex Solutions Holdings was in EXPIRED status at time of payment processing.,0.422,RESOLVED,2022-10-27,2022-10-30
FND-000759,INV-00233,MEDIUM,APPROVAL_LIMIT,Transaction processed with approval from an officer whose delegated authority was 29% below the required threshold.,0.431,VALIDATED,2021-06-09,
FND-000760,INV-00080,LOW,APPROVAL_LIMIT,Transaction processed with approval from an officer whose delegated authority was 43% below the required threshold.,0.638,OPEN,2023-05-05,2023-05-31
FND-000761,INV-00223,MEDIUM,MISSING_RECEIPT,"Reimbursement of $147,349 for Training was approved despite no receipt documentation in the system.",0.433,RESOLVED,2022-09-02,2022-09-04
FND-000762,INV-00447,MEDIUM,MISSING_RECEIPT,"Reimbursement of $423,764 for Marketing was approved despite no receipt documentation in the system.",0.416,OPEN,2023-01-27,2023-02-03
FND-000763,INV-00304,MEDIUM,EXPIRED_COMPLIANCE,"Payment of $332,963 released to LatticeCore Partners Inc whose SOC 2 compliance expired 357 days before payment date.",0.603,RESOLVED,2021-10-04,
FND-000764,INV-00463,MEDIUM,FRAUD_PATTERN,"Split payment pattern detected: 6 transactions to same beneficiary totalling $9,953 — each below approval threshold of $25,000.",0.422,FALSE_POSITIVE,2022-02-25,2022-03-01
FND-000765,INV-00165,MEDIUM,MISSING_RECEIPT,"Reimbursement of $323,446 for Entertainment was approved despite no receipt documentation in the system.",0.558,RESOLVED,2023-10-30,2023-11-18
FND-000766,INV-00453,MEDIUM,MISSING_RECEIPT,"Employee EMP-83438 submitted 5 claims totalling $11,757 without receipts in the review period.",0.497,VALIDATED,2023-08-30,
FND-000767,INV-00107,MEDIUM,POLICY_BREACH,"Expense claim of $335,856 for Training exceeds the policy maximum of $500,000. Overage: $39,039.",0.71,VALIDATED,2022-09-19,
FND-000768,INV-00416,MEDIUM,APPROVAL_LIMIT,"Escalation protocol was bypassed. Transaction valued at $456,781 was approved at L2 without L3 countersignature.",0.702,OPEN,2024-04-18,2024-05-15
FND-000769,INV-00163,CRITICAL,EXPIRED_COMPLIANCE,Compliance record CMP-108601 for vendor VertiLink Distributors LLC was in EXPIRED status at time of payment processing.,0.942,OPEN,2023-05-06,2023-05-13
FND-000770,INV-00492,HIGH,MISSING_RECEIPT,"Reimbursement of $390,392 for Software was approved despite no receipt documentation in the system.",0.623,RESOLVED,2022-05-13,
FND-000771,INV-00120,MEDIUM,VENDOR_RISK,"BLACKLISTED vendor VND-VND-04424 received payment of $117,881 via contract CON-104923 that was not updated following blacklisting.",0.704,VALIDATED,2023-01-26,2023-01-27
FND-000772,INV-00467,MEDIUM,APPROVAL_LIMIT,"Escalation protocol was bypassed. Transaction valued at $325,107 was approved at L1 without L5 countersignature.",0.606,OPEN,2023-04-29,2023-05-09
FND-000773,INV-00175,LOW,MISSING_RECEIPT,Expense claim missing receipt. Policy POL-0007 requires receipts for all claims above $50.,0.386,ESCALATED,2023-09-02,
FND-000774,INV-00373,MEDIUM,EXPIRED_COMPLIANCE,Procurement team processed payment without checking compliance status. Certificate had been expired for 202 days.,0.495,OPEN,2024-04-02,
FND-000775,INV-00227,MEDIUM,MISSING_RECEIPT,"Reimbursement of $486,012 for Software was approved despite no receipt documentation in the system.",0.702,VALIDATED,2022-10-23,2022-10-29
FND-000776,INV-00297,CRITICAL,APPROVAL_LIMIT,"Payment of $58,293 approved at Level 1, which has a limit of $500,000. Transaction exceeded limit by $5,207.",0.851,RESOLVED,2024-08-13,2024-08-31
FND-000777,INV-00054,HIGH,VENDOR_RISK,"Vendor KryptonPath Ltd Holdings holds CRITICAL risk rating. 5 payments totalling $8,960 processed in the audit period.",0.705,OPEN,2022-08-09,2022-08-19
FND-000778,INV-00368,CRITICAL,APPROVAL_LIMIT,Transaction processed with approval from an officer whose delegated authority was 64% below the required threshold.,0.849,OPEN,2024-06-10,2024-06-15
FND-000779,INV-00207,LOW,APPROVAL_LIMIT,"Approval granted by EMP-82016 who was not authorised to approve amounts above $100,000. Transaction value: $343,965.",0.568,RESOLVED,2023-10-02,2023-10-03
FND-000780,INV-00121,MEDIUM,MISSING_RECEIPT,Expense claim missing receipt. Policy POL-0014 requires receipts for all claims above $50.,0.54,OPEN,2024-05-11,
FND-000781,INV-00209,HIGH,VENDOR_RISK,"High-risk vendor ZenithBridge Corp International has no compliance record on file. Payment of $176,352 released without compliance clearance.",0.834,VALIDATED,2022-09-08,
FND-000782,INV-00140,MEDIUM,VENDOR_RISK,"Vendor DawnTech Services Holdings holds CRITICAL risk rating. 4 payments totalling $4,858 processed in the audit period.",0.675,RESOLVED,2022-06-26,2022-07-14
FND-000783,INV-00243,MEDIUM,VENDOR_RISK,Payment issued to VND-VND-02981 rated LOW risk. Active contract CON-109690 in place. Enhanced due diligence not documented.,0.618,VALIDATED,2024-07-24,2024-07-25
FND-000784,INV-00233,MEDIUM,POLICY_BREACH,Employee submitted Equipment claim 19% above the authorised policy limit without prior exception approval.,0.423,ESCALATED,2024-01-24,2024-01-28
FND-000785,INV-00479,HIGH,FRAUD_PATTERN,Employee EMP-91469 submitted 4 expense claims within 72 hours for identical amounts — potential duplicate fraud pattern.,0.793,VALIDATED,2023-06-20,2023-07-18
FND-000786,INV-00217,MEDIUM,APPROVAL_LIMIT,"Payment of $441,743 approved at Level 1, which has a limit of $5,000. Transaction exceeded limit by $18,855.",0.746,RESOLVED,2022-04-27,2022-05-16
FND-000787,INV-00491,CRITICAL,MISSING_RECEIPT,"Reimbursement of $405,124 for Travel was approved despite no receipt documentation in the system.",0.808,RESOLVED,2023-08-11,2023-09-10
FND-000788,INV-00328,MEDIUM,FRAUD_PATTERN,"Round-number transaction of $226,747 processed at 02:34 — outside standard business hours. Flagged by anomaly detection.",0.655,VALIDATED,2023-06-27,
FND-000789,INV-00430,MEDIUM,EXPIRED_COMPLIANCE,Procurement team processed payment without checking compliance status. Certificate had been expired for 444 days.,0.472,OPEN,2024-06-08,
FND-000790,INV-00057,MEDIUM,APPROVAL_LIMIT,"Escalation protocol was bypassed. Transaction valued at $220,960 was approved at L1 without L3 countersignature.",0.636,OPEN,2023-01-04,2023-01-24
FND-000791,INV-00432,LOW,APPROVAL_LIMIT,Transaction processed with approval from an officer whose delegated authority was 64% below the required threshold.,0.256,OPEN,2024-09-19,2024-09-29
FND-000792,INV-00461,HIGH,FRAUD_PATTERN,"Round-number transaction of $301,244 processed at 02:03 — outside standard business hours. Flagged by anomaly detection.",0.708,RESOLVED,2024-06-09,2024-06-17
FND-000793,INV-00012,LOW,VENDOR_RISK,"BLACKLISTED vendor VND-VND-00273 received payment of $477,763 via contract CON-109802 that was not updated following blacklisting.",0.279,ESCALATED,2023-05-23,2023-05-25
FND-000794,INV-00084,MEDIUM,MISSING_RECEIPT,"Reimbursement of $276,954 for Entertainment was approved despite no receipt documentation in the system.",0.687,RESOLVED,2023-12-20,
FND-000795,INV-00382,MEDIUM,VENDOR_RISK,"BLACKLISTED vendor VND-VND-01543 received payment of $41,642 via contract CON-108633 that was not updated following blacklisting.",0.698,OPEN,2022-07-03,2022-07-18
FND-000796,INV-00177,MEDIUM,MISSING_RECEIPT,Expense claim EXP-189671 submitted for Travel without an attached supporting receipt.,0.59,VALIDATED,2023-10-14,2023-11-08
FND-000797,INV-00327,MEDIUM,POLICY_BREACH,"Claim EXP-133446 violates Policy POL-0013 section 4.2: Office Supplies expenditure capped at $500,000 per event.",0.465,RESOLVED,2022-02-18,2022-02-22
FND-000798,INV-00498,MEDIUM,APPROVAL_LIMIT,"Escalation protocol was bypassed. Transaction valued at $297,337 was approved at L2 without L4 countersignature.",0.423,OPEN,2022-02-12,2022-02-23
FND-000799,INV-00207,CRITICAL,VENDOR_RISK,"BLACKLISTED vendor VND-VND-03472 received payment of $75,868 via contract CON-101280 that was not updated following blacklisting.",0.932,RESOLVED,2023-12-30,2024-01-05
FND-000800,INV-00242,MEDIUM,FRAUD_PATTERN,Employee EMP-60211 submitted 4 expense claims within 72 hours for identical amounts — potential duplicate fraud pattern.,0.551,OPEN,2022-11-11,2022-11-19
FND-000801,INV-00013,LOW,APPROVAL_LIMIT,"Escalation protocol was bypassed. Transaction valued at $145,640 was approved at L1 without L4 countersignature.",0.228,OPEN,2021-12-25,2022-01-08
FND-000802,INV-00016,LOW,FRAUD_PATTERN,"Split payment pattern detected: 7 transactions to same beneficiary totalling $13,285 — each below approval threshold of $5,000.",0.612,VALIDATED,2022-02-02,2022-02-06
FND-000803,INV-00394,MEDIUM,MISSING_RECEIPT,Expense claim EXP-133772 submitted for Consulting without an attached supporting receipt.,0.491,RESOLVED,2023-03-04,2023-03-29
FND-000804,INV-00231,MEDIUM,VENDOR_RISK,Payment issued to VND-VND-03908 rated HIGH risk. Active contract CON-105728 in place. Enhanced due diligence not documented.,0.597,OPEN,2022-07-14,
FND-000805,INV-00430,LOW,APPROVAL_LIMIT,"Approval granted by EMP-19562 who was not authorised to approve amounts above $100,000. Transaction value: $129,065.",0.489,RESOLVED,2024-11-19,
FND-000806,INV-00361,LOW,VENDOR_RISK,Payment issued to VND-VND-04896 rated LOW risk. Active contract CON-107153 in place. Enhanced due diligence not documented.,0.421,OPEN,2021-07-06,
FND-000807,INV-00184,HIGH,VENDOR_RISK,"High-risk vendor GreenBridge Consulting International has no compliance record on file. Payment of $114,707 released without compliance clearance.",0.728,ESCALATED,2021-12-23,2022-01-16
FND-000808,INV-00026,MEDIUM,APPROVAL_LIMIT,Transaction processed with approval from an officer whose delegated authority was 57% below the required threshold.,0.442,OPEN,2023-02-14,2023-03-05
FND-000809,INV-00007,CRITICAL,VENDOR_RISK,"BLACKLISTED vendor VND-VND-03196 received payment of $26,560 via contract CON-105553 that was not updated following blacklisting.",0.763,RESOLVED,2022-02-12,2022-02-13
FND-000810,INV-00335,HIGH,MISSING_RECEIPT,Expense claim missing receipt. Policy POL-0015 requires receipts for all claims above $200.,0.737,RESOLVED,2021-10-07,2021-11-02
FND-000811,INV-00491,HIGH,POLICY_BREACH,"Entertainment expense of $52,652 submitted by EMP-91693 exceeds monthly policy allowance of $25,000.",0.662,FALSE_POSITIVE,2021-11-14,
FND-000812,INV-00006,LOW,MISSING_RECEIPT,Expense claim missing receipt. Policy POL-0003 requires receipts for all claims above $50.,0.594,VALIDATED,2022-11-19,2022-12-06
FND-000813,INV-00146,HIGH,VENDOR_RISK,"High-risk vendor OpenBridge Systems Holdings has no compliance record on file. Payment of $238,105 released without compliance clearance.",0.687,OPEN,2024-04-30,2024-05-28
FND-000814,INV-00482,MEDIUM,MISSING_RECEIPT,Expense claim missing receipt. Policy POL-0005 requires receipts for all claims above $50.,0.485,VALIDATED,2024-08-03,2024-08-29
FND-000815,INV-00221,MEDIUM,MISSING_RECEIPT,"Reimbursement of $397,079 for Training was approved despite no receipt documentation in the system.",0.673,RESOLVED,2022-09-25,2022-10-15
FND-000816,INV-00320,HIGH,APPROVAL_LIMIT,"Approval granted by EMP-98148 who was not authorised to approve amounts above $25,000. Transaction value: $488,806.",0.671,VALIDATED,2022-02-01,2022-02-15
FND-000817,INV-00385,CRITICAL,VENDOR_RISK,"High-risk vendor HorizonEdge Inc Ltd has no compliance record on file. Payment of $57,395 released without compliance clearance.",0.785,OPEN,2022-04-28,2022-05-04
FND-000818,INV-00430,MEDIUM,VENDOR_RISK,"Vendor Gamma_Co holds CRITICAL risk rating. 4 payments totalling $1,420 processed in the audit period.",0.524,VALIDATED,2024-03-31,2024-04-05
FND-000819,INV-00272,MEDIUM,APPROVAL_LIMIT,"Escalation protocol was bypassed. Transaction valued at $389,242 was approved at L3 without L3 countersignature.",0.605,VALIDATED,2021-08-15,
FND-000820,INV-00291,MEDIUM,APPROVAL_LIMIT,"Escalation protocol was bypassed. Transaction valued at $55,816 was approved at L1 without L4 countersignature.",0.619,OPEN,2022-09-25,2022-10-21
FND-000821,INV-00444,MEDIUM,VENDOR_RISK,Payment issued to VND-VND-00330 rated LOW risk. Active contract CON-106459 in place. Enhanced due diligence not documented.,0.669,VALIDATED,2022-08-23,2022-09-21
FND-000822,INV-00114,LOW,POLICY_BREACH,"Expense claim of $294,567 for Office Supplies exceeds the policy maximum of $5,000. Overage: $25,377.",0.616,VALIDATED,2024-05-29,2024-06-18
FND-000823,INV-00110,LOW,MISSING_RECEIPT,"Employee EMP-76705 submitted 3 claims totalling $3,713 without receipts in the review period.",0.612,VALIDATED,2023-11-10,2023-11-17
FND-000824,INV-00359,MEDIUM,EXPIRED_COMPLIANCE,Procurement team processed payment without checking compliance status. Certificate had been expired for 187 days.,0.56,VALIDATED,2024-04-24,2024-04-29
FND-000825,INV-00338,MEDIUM,APPROVAL_LIMIT,"Payment of $462,624 approved at Level 3, which has a limit of $100,000. Transaction exceeded limit by $18,445.",0.586,RESOLVED,2023-05-17,
FND-000826,INV-00169,LOW,APPROVAL_LIMIT,"Escalation protocol was bypassed. Transaction valued at $432,305 was approved at L3 without L5 countersignature.",0.491,VALIDATED,2024-12-26,2025-01-02
FND-000827,INV-00433,HIGH,FRAUD_PATTERN,Employee EMP-21267 submitted 4 expense claims within 72 hours for identical amounts — potential duplicate fraud pattern.,0.643,VALIDATED,2024-02-05,2024-02-15
FND-000828,INV-00386,MEDIUM,APPROVAL_LIMIT,Transaction processed with approval from an officer whose delegated authority was 36% below the required threshold.,0.635,VALIDATED,2024-04-02,
FND-000829,INV-00231,MEDIUM,FRAUD_PATTERN,"Split payment pattern detected: 2 transactions to same beneficiary totalling $13,006 — each below approval threshold of $100,000.",0.453,VALIDATED,2023-01-10,
FND-000830,INV-00072,MEDIUM,VENDOR_RISK,"Vendor KryptonPath Ltd LLC holds CRITICAL risk rating. 8 payments totalling $8,315 processed in the audit period.",0.554,VALIDATED,2022-05-27,2022-06-08
FND-000831,INV-00122,MEDIUM,VENDOR_RISK,Vendor CoreVault Systems Holdings holds CRITICAL risk rating. 7 payments totalling $996 processed in the audit period.,0.692,OPEN,2022-08-03,2022-08-04
FND-000832,INV-00375,MEDIUM,APPROVAL_LIMIT,Transaction processed with approval from an officer whose delegated authority was 28% below the required threshold.,0.407,OPEN,2021-12-07,
FND-000833,INV-00196,LOW,APPROVAL_LIMIT,"Payment of $278,015 approved at Level 1, which has a limit of $25,000. Transaction exceeded limit by $42,753.",0.481,RESOLVED,2023-10-20,2023-11-01
FND-000834,INV-00417,LOW,MISSING_RECEIPT,Expense claim missing receipt. Policy POL-0009 requires receipts for all claims above $50.,0.375,VALIDATED,2021-11-10,2021-11-22
FND-000835,INV-00110,CRITICAL,APPROVAL_LIMIT,Transaction processed with approval from an officer whose delegated authority was 51% below the required threshold.,0.842,OPEN,2023-11-07,
FND-000836,INV-00365,CRITICAL,MISSING_RECEIPT,"Reimbursement of $69,770 for Office Supplies was approved despite no receipt documentation in the system.",0.973,VALIDATED,2023-10-09,2023-10-27
FND-000837,INV-00049,LOW,APPROVAL_LIMIT,"Escalation protocol was bypassed. Transaction valued at $177,935 was approved at L1 without L3 countersignature.",0.391,RESOLVED,2024-09-19,2024-10-04
FND-000838,INV-00432,MEDIUM,FRAUD_PATTERN,Transaction routed through 7 intermediate accounts before reaching final beneficiary. Unusual for PAYMENT transaction type.,0.67,VALIDATED,2022-01-25,2022-02-20
FND-000839,INV-00289,MEDIUM,APPROVAL_LIMIT,Transaction processed with approval from an officer whose delegated authority was 52% below the required threshold.,0.735,FALSE_POSITIVE,2023-07-21,2023-08-13
FND-000840,INV-00353,CRITICAL,EXPIRED_COMPLIANCE,Compliance record CMP-105440 for vendor IronPoint Manufacturing Holdings was in EXPIRED status at time of payment processing.,0.951,OPEN,2024-03-31,2024-04-11
FND-000841,INV-00280,HIGH,APPROVAL_LIMIT,"Escalation protocol was bypassed. Transaction valued at $36,749 was approved at L3 without L3 countersignature.",0.608,VALIDATED,2022-03-28,2022-04-10
FND-000842,INV-00359,MEDIUM,VENDOR_RISK,Payment issued to VND-VND-02363 rated CRITICAL risk. Active contract CON-108076 in place. Enhanced due diligence not documented.,0.694,OPEN,2021-09-26,2021-10-08
FND-000843,INV-00349,HIGH,POLICY_BREACH,"Entertainment expense of $392,014 submitted by EMP-53839 exceeds monthly policy allowance of $25,000.",0.749,OPEN,2023-02-11,2023-02-12
FND-000844,INV-00440,MEDIUM,VENDOR_RISK,"High-risk vendor JadeCore Solutions International has no compliance record on file. Payment of $27,115 released without compliance clearance.",0.578,RESOLVED,2021-06-19,2021-06-28
FND-000845,INV-00056,LOW,POLICY_BREACH,"Expense claim of $177,451 for Software exceeds the policy maximum of $5,000. Overage: $5,008.",0.211,RESOLVED,2024-06-16,
FND-000846,INV-00190,MEDIUM,VENDOR_RISK,Payment issued to VND-VND-00586 rated LOW risk. Active contract CON-103314 in place. Enhanced due diligence not documented.,0.598,ESCALATED,2022-08-16,2022-09-03
FND-000847,INV-00193,CRITICAL,VENDOR_RISK,"High-risk vendor SilverPath Holdings International has no compliance record on file. Payment of $232,627 released without compliance clearance.",0.756,VALIDATED,2024-10-16,2024-10-21
FND-000848,INV-00424,LOW,APPROVAL_LIMIT,Transaction processed with approval from an officer whose delegated authority was 27% below the required threshold.,0.602,VALIDATED,2023-01-27,
FND-000849,INV-00044,LOW,APPROVAL_LIMIT,"Escalation protocol was bypassed. Transaction valued at $163,546 was approved at L2 without L3 countersignature.",0.205,ESCALATED,2023-06-18,2023-07-12
FND-000850,INV-00127,HIGH,MISSING_RECEIPT,"Reimbursement of $160,163 for Entertainment was approved despite no receipt documentation in the system.",0.828,FALSE_POSITIVE,2024-07-20,2024-08-18
FND-000851,INV-00393,MEDIUM,POLICY_BREACH,"Claim EXP-113891 violates Policy POL-0008 section 4.2: Meals expenditure capped at $500,000 per event.",0.414,RESOLVED,2023-12-13,
FND-000852,INV-00385,MEDIUM,EXPIRED_COMPLIANCE,Compliance record CMP-107679 for vendor LucentBridge Technologies Inc was in EXPIRED status at time of payment processing.,0.707,OPEN,2024-06-23,2024-07-23
FND-000853,INV-00309,MEDIUM,EXPIRED_COMPLIANCE,"Vendor VND-VND-03590 received payment of $237,577 on 2023-06-26. Compliance certificate expired on 2021-07-13 — 338 days prior.",0.453,VALIDATED,2021-12-13,2022-01-11
FND-000854,INV-00082,LOW,FRAUD_PATTERN,Transaction routed through 3 intermediate accounts before reaching final beneficiary. Unusual for PAYMENT transaction type.,0.217,RESOLVED,2023-08-26,2023-09-10
FND-000855,INV-00093,MEDIUM,VENDOR_RISK,"Vendor FusionCore Analytics LLC holds CRITICAL risk rating. 6 payments totalling $14,869 processed in the audit period.",0.642,VALIDATED,2022-06-14,
FND-000856,INV-00249,MEDIUM,VENDOR_RISK,"High-risk vendor HorizonEdge Inc International has no compliance record on file. Payment of $436,039 released without compliance clearance.",0.503,VALIDATED,2024-06-22,
FND-000857,INV-00239,MEDIUM,VENDOR_RISK,"Vendor FusionCore Analytics Ltd holds CRITICAL risk rating. 8 payments totalling $14,727 processed in the audit period.",0.5,OPEN,2023-11-03,2023-11-07
FND-000858,INV-00390,MEDIUM,EXPIRED_COMPLIANCE,Procurement team processed payment without checking compliance status. Certificate had been expired for 236 days.,0.449,VALIDATED,2024-10-09,
FND-000859,INV-00105,LOW,FRAUD_PATTERN,"Split payment pattern detected: 4 transactions to same beneficiary totalling $10,204 — each below approval threshold of $500,000.",0.316,ESCALATED,2023-05-17,2023-05-31
FND-000860,INV-00421,MEDIUM,POLICY_BREACH,"Entertainment expense of $428,971 submitted by EMP-73473 exceeds monthly policy allowance of $500,000.",0.546,VALIDATED,2021-12-18,2022-01-08
FND-000861,INV-00314,MEDIUM,FRAUD_PATTERN,Employee EMP-40150 submitted 3 expense claims within 72 hours for identical amounts — potential duplicate fraud pattern.,0.683,VALIDATED,2023-03-03,2023-03-25
FND-000862,INV-00044,LOW,EXPIRED_COMPLIANCE,Procurement team processed payment without checking compliance status. Certificate had been expired for 418 days.,0.525,RESOLVED,2021-07-31,2021-08-21
FND-000863,INV-00212,MEDIUM,POLICY_BREACH,Employee submitted Travel claim 75% above the authorised policy limit without prior exception approval.,0.631,RESOLVED,2022-06-09,2022-06-23
FND-000864,INV-00155,MEDIUM,POLICY_BREACH,"Entertainment expense of $271,513 submitted by EMP-20648 exceeds monthly policy allowance of $25,000.",0.635,RESOLVED,2022-03-29,2022-04-06
FND-000865,INV-00087,LOW,POLICY_BREACH,"Expense claim of $389,567 for Travel exceeds the policy maximum of $25,000. Overage: $10,178.",0.614,FALSE_POSITIVE,2023-09-06,2023-09-20
FND-000866,INV-00489,HIGH,MISSING_RECEIPT,"Employee EMP-41058 submitted 2 claims totalling $17,506 without receipts in the review period.",0.738,VALIDATED,2022-10-20,2022-11-16
FND-000867,INV-00055,MEDIUM,VENDOR_RISK,"Vendor Acuity Systems holds CRITICAL risk rating. 2 payments totalling $16,234 processed in the audit period.",0.631,OPEN,2021-10-30,
FND-000868,INV-00464,CRITICAL,POLICY_BREACH,"Expense claim of $332,478 for Accommodation exceeds the policy maximum of $5,000. Overage: $19,155.",0.776,VALIDATED,2021-08-22,2021-09-12
FND-000869,INV-00017,LOW,VENDOR_RISK,Payment issued to VND-VND-02665 rated LOW risk. Active contract CON-103134 in place. Enhanced due diligence not documented.,0.355,VALIDATED,2024-02-06,2024-02-26
FND-000870,INV-00207,MEDIUM,POLICY_BREACH,"Expense claim of $92,576 for Consulting exceeds the policy maximum of $25,000. Overage: $7,462.",0.477,VALIDATED,2023-04-10,2023-04-11
FND-000871,INV-00278,LOW,FRAUD_PATTERN,Transaction routed through 6 intermediate accounts before reaching final beneficiary. Unusual for CASH_OUT transaction type.,0.233,OPEN,2024-09-27,2024-10-12
FND-000872,INV-00394,LOW,FRAUD_PATTERN,Employee EMP-55195 submitted 7 expense claims within 72 hours for identical amounts — potential duplicate fraud pattern.,0.284,OPEN,2021-08-17,2021-09-06
FND-000873,INV-00064,CRITICAL,EXPIRED_COMPLIANCE,"Payment of $214,964 released to LatticeCore Partners LLC whose SOC 2 compliance expired 282 days before payment date.",0.821,VALIDATED,2022-01-10,2022-01-31
FND-000874,INV-00060,MEDIUM,MISSING_RECEIPT,"Reimbursement of $323,918 for Consulting was approved despite no receipt documentation in the system.",0.462,RESOLVED,2024-11-10,
FND-000875,INV-00108,LOW,EXPIRED_COMPLIANCE,Procurement team processed payment without checking compliance status. Certificate had been expired for 119 days.,0.626,RESOLVED,2024-01-30,2024-02-29
FND-000876,INV-00193,LOW,POLICY_BREACH,"Claim EXP-167436 violates Policy POL-0018 section 4.2: Office Supplies expenditure capped at $25,000 per event.",0.633,RESOLVED,2024-04-26,
FND-000877,INV-00310,MEDIUM,EXPIRED_COMPLIANCE,Procurement team processed payment without checking compliance status. Certificate had been expired for 301 days.,0.697,RESOLVED,2022-10-09,2022-11-04
FND-000878,INV-00220,HIGH,POLICY_BREACH,Employee submitted Accommodation claim 13% above the authorised policy limit without prior exception approval.,0.719,OPEN,2021-06-25,
FND-000879,INV-00121,MEDIUM,MISSING_RECEIPT,"Employee EMP-24521 submitted 8 claims totalling $7,838 without receipts in the review period.",0.64,OPEN,2024-03-03,2024-03-06
FND-000880,INV-00069,HIGH,EXPIRED_COMPLIANCE,"Payment of $261,224 released to MeridianTech International whose PCI-DSS compliance expired 203 days before payment date.",0.625,OPEN,2023-11-02,2023-11-22
FND-000881,INV-00198,MEDIUM,APPROVAL_LIMIT,"Escalation protocol was bypassed. Transaction valued at $443,946 was approved at L3 without L4 countersignature.",0.626,OPEN,2022-12-07,2022-12-13
FND-000882,INV-00200,MEDIUM,MISSING_RECEIPT,"Employee EMP-91525 submitted 3 claims totalling $17,008 without receipts in the review period.",0.625,RESOLVED,2021-12-17,2022-01-02
FND-000883,INV-00119,MEDIUM,VENDOR_RISK,"BLACKLISTED vendor VND-VND-02022 received payment of $198,605 via contract CON-107613 that was not updated following blacklisting.",0.427,OPEN,2021-09-03,2021-09-19
FND-000884,INV-00486,MEDIUM,EXPIRED_COMPLIANCE,"Payment of $460,607 released to WavePath Inc whose GDPR compliance expired 460 days before payment date.",0.623,VALIDATED,2024-10-24,
FND-000885,INV-00188,HIGH,FRAUD_PATTERN,Employee EMP-60005 submitted 8 expense claims within 72 hours for identical amounts — potential duplicate fraud pattern.,0.795,OPEN,2023-11-09,2023-11-18
FND-000886,INV-00374,MEDIUM,MISSING_RECEIPT,"Employee EMP-48158 submitted 5 claims totalling $7,164 without receipts in the review period.",0.737,RESOLVED,2024-09-09,
FND-000887,INV-00288,MEDIUM,EXPIRED_COMPLIANCE,"Vendor VND-VND-02557 received payment of $116,971 on 2022-09-30. Compliance certificate expired on 2021-06-25 — 138 days prior.",0.424,RESOLVED,2024-02-17,2024-02-24
FND-000888,INV-00216,LOW,VENDOR_RISK,"High-risk vendor KryptonPath Ltd International has no compliance record on file. Payment of $167,613 released without compliance clearance.",0.5,RESOLVED,2022-09-20,
FND-000889,INV-00276,MEDIUM,FRAUD_PATTERN,Transaction routed through 6 intermediate accounts before reaching final beneficiary. Unusual for PAYMENT transaction type.,0.515,RESOLVED,2022-03-30,2022-04-26
FND-000890,INV-00416,MEDIUM,EXPIRED_COMPLIANCE,"Vendor VND-VND-01482 received payment of $134,906 on 2024-04-22. Compliance certificate expired on 2020-02-05 — 135 days prior.",0.613,RESOLVED,2022-02-05,
FND-000891,INV-00274,MEDIUM,VENDOR_RISK,"Vendor Beta_Supplies International holds CRITICAL risk rating. 8 payments totalling $5,989 processed in the audit period.",0.425,VALIDATED,2023-05-15,
FND-000892,INV-00474,LOW,VENDOR_RISK,"High-risk vendor KryptonPath Ltd International has no compliance record on file. Payment of $87,566 released without compliance clearance.",0.216,VALIDATED,2022-11-26,2022-12-13
FND-000893,INV-00088,CRITICAL,VENDOR_RISK,"Vendor InnoCore Dynamics Holdings holds CRITICAL risk rating. 8 payments totalling $7,043 processed in the audit period.",0.767,RESOLVED,2023-07-02,2023-08-01
FND-000894,INV-00010,HIGH,MISSING_RECEIPT,Expense claim missing receipt. Policy POL-0004 requires receipts for all claims above $50.,0.65,VALIDATED,2023-10-11,
FND-000895,INV-00222,LOW,APPROVAL_LIMIT,"Approval granted by EMP-53872 who was not authorised to approve amounts above $25,000. Transaction value: $217,547.",0.605,VALIDATED,2024-12-31,2025-01-30
FND-000896,INV-00483,MEDIUM,FRAUD_PATTERN,"Split payment pattern detected: 7 transactions to same beneficiary totalling $9,086 — each below approval threshold of $100,000.",0.43,RESOLVED,2024-10-19,
FND-000897,INV-00396,MEDIUM,APPROVAL_LIMIT,"Approval granted by EMP-19185 who was not authorised to approve amounts above $25,000. Transaction value: $178,815.",0.576,VALIDATED,2021-06-06,2021-06-11
FND-000898,INV-00492,MEDIUM,VENDOR_RISK,Payment issued to VND-VND-03881 rated MEDIUM risk. Active contract CON-100617 in place. Enhanced due diligence not documented.,0.496,VALIDATED,2022-03-23,2022-04-14
FND-000899,INV-00238,HIGH,VENDOR_RISK,"Vendor IronPoint Manufacturing holds CRITICAL risk rating. 7 payments totalling $6,056 processed in the audit period.",0.895,VALIDATED,2023-12-15,2024-01-07
FND-000900,INV-00377,MEDIUM,VENDOR_RISK,"BLACKLISTED vendor VND-VND-03247 received payment of $486,180 via contract CON-101142 that was not updated following blacklisting.",0.557,ESCALATED,2024-04-11,2024-04-16
FND-000901,INV-00204,LOW,VENDOR_RISK,"BLACKLISTED vendor VND-VND-00556 received payment of $106,148 via contract CON-101550 that was not updated following blacklisting.",0.548,RESOLVED,2021-09-13,2021-09-22
FND-000902,INV-00074,LOW,FRAUD_PATTERN,Transaction routed through 4 intermediate accounts before reaching final beneficiary. Unusual for TRANSFER transaction type.,0.226,ESCALATED,2024-06-16,2024-06-27
FND-000903,INV-00485,MEDIUM,MISSING_RECEIPT,Expense claim missing receipt. Policy POL-0013 requires receipts for all claims above $200.,0.664,VALIDATED,2022-05-15,2022-05-21
FND-000904,INV-00385,CRITICAL,MISSING_RECEIPT,"Employee EMP-47944 submitted 3 claims totalling $6,364 without receipts in the review period.",0.865,VALIDATED,2023-08-07,2023-09-02
FND-000905,INV-00194,MEDIUM,MISSING_RECEIPT,"Employee EMP-79576 submitted 2 claims totalling $13,574 without receipts in the review period.",0.716,VALIDATED,2024-07-06,2024-07-30
FND-000906,INV-00410,MEDIUM,APPROVAL_LIMIT,Transaction processed with approval from an officer whose delegated authority was 7% below the required threshold.,0.724,RESOLVED,2024-11-18,2024-12-08
FND-000907,INV-00082,CRITICAL,MISSING_RECEIPT,Expense claim EXP-181435 submitted for Travel without an attached supporting receipt.,0.833,VALIDATED,2024-05-27,
FND-000908,INV-00136,MEDIUM,FRAUD_PATTERN,Employee EMP-77273 submitted 6 expense claims within 72 hours for identical amounts — potential duplicate fraud pattern.,0.706,RESOLVED,2023-03-01,
FND-000909,INV-00135,MEDIUM,APPROVAL_LIMIT,"Escalation protocol was bypassed. Transaction valued at $221,413 was approved at L1 without L5 countersignature.",0.534,VALIDATED,2023-08-03,2023-08-16
FND-000910,INV-00106,MEDIUM,FRAUD_PATTERN,Employee EMP-73724 submitted 7 expense claims within 72 hours for identical amounts — potential duplicate fraud pattern.,0.699,VALIDATED,2024-01-30,2024-02-14
FND-000911,INV-00499,LOW,POLICY_BREACH,"Expense claim of $165,556 for Office Supplies exceeds the policy maximum of $100,000. Overage: $36,061.",0.468,VALIDATED,2022-04-12,
FND-000912,INV-00463,HIGH,POLICY_BREACH,"Expense claim of $66,720 for Equipment exceeds the policy maximum of $5,000. Overage: $8,279.",0.764,OPEN,2024-12-28,
FND-000913,INV-00328,HIGH,MISSING_RECEIPT,"Reimbursement of $273,829 for Accommodation was approved despite no receipt documentation in the system.",0.7,OPEN,2024-06-15,2024-07-08
FND-000914,INV-00180,CRITICAL,MISSING_RECEIPT,Expense claim EXP-190409 submitted for Office Supplies without an attached supporting receipt.,0.752,OPEN,2021-12-14,2021-12-22
FND-000915,INV-00309,CRITICAL,VENDOR_RISK,"High-risk vendor Delta_Logistics has no compliance record on file. Payment of $121,110 released without compliance clearance.",0.823,VALIDATED,2024-05-10,
FND-000916,INV-00247,MEDIUM,VENDOR_RISK,Payment issued to VND-VND-00928 rated LOW risk. Active contract CON-100699 in place. Enhanced due diligence not documented.,0.48,FALSE_POSITIVE,2022-02-01,2022-02-12
FND-000917,INV-00068,MEDIUM,MISSING_RECEIPT,Expense claim EXP-194336 submitted for Office Supplies without an attached supporting receipt.,0.677,VALIDATED,2023-02-06,
FND-000918,INV-00393,LOW,FRAUD_PATTERN,"Round-number transaction of $316,265 processed at 03:31 — outside standard business hours. Flagged by anomaly detection.",0.622,VALIDATED,2024-12-28,
FND-000919,INV-00286,HIGH,EXPIRED_COMPLIANCE,Compliance record CMP-109184 for vendor JadeCore Solutions LLC was in EXPIRED status at time of payment processing.,0.672,VALIDATED,2024-04-22,
FND-000920,INV-00463,HIGH,POLICY_BREACH,"Entertainment expense of $316,223 submitted by EMP-33986 exceeds monthly policy allowance of $5,000.",0.641,VALIDATED,2021-06-15,2021-07-03
FND-000921,INV-00387,LOW,MISSING_RECEIPT,"Reimbursement of $446,847 for Accommodation was approved despite no receipt documentation in the system.",0.493,VALIDATED,2024-12-24,
FND-000922,INV-00122,HIGH,MISSING_RECEIPT,"Reimbursement of $119,179 for Meals was approved despite no receipt documentation in the system.",0.854,VALIDATED,2023-12-12,2023-12-16
FND-000923,INV-00173,CRITICAL,EXPIRED_COMPLIANCE,"Vendor VND-VND-00136 received payment of $288,244 on 2022-05-10. Compliance certificate expired on 2021-08-23 — 52 days prior.",0.799,ESCALATED,2022-09-02,2022-09-05
FND-000924,INV-00364,HIGH,EXPIRED_COMPLIANCE,"Payment of $167,408 released to NorthBridge Supplies Ltd whose GDPR compliance expired 55 days before payment date.",0.725,VALIDATED,2023-11-07,
FND-000925,INV-00253,CRITICAL,EXPIRED_COMPLIANCE,"Payment of $432,079 released to JadeCore Solutions International whose ISO 27001 compliance expired 489 days before payment date.",0.95,ESCALATED,2022-06-25,2022-06-27
FND-000926,INV-00271,HIGH,POLICY_BREACH,"Expense claim of $432,226 for Accommodation exceeds the policy maximum of $500,000. Overage: $24,918.",0.876,OPEN,2023-03-16,2023-03-21
FND-000927,INV-00314,MEDIUM,APPROVAL_LIMIT,"Escalation protocol was bypassed. Transaction valued at $489,839 was approved at L3 without L5 countersignature.",0.681,VALIDATED,2023-12-03,2023-12-09
FND-000928,INV-00142,CRITICAL,MISSING_RECEIPT,Expense claim missing receipt. Policy POL-0020 requires receipts for all claims above $100.,0.848,RESOLVED,2021-06-10,2021-06-22
FND-000929,INV-00143,LOW,FRAUD_PATTERN,"Round-number transaction of $449,131 processed at 02:26 — outside standard business hours. Flagged by anomaly detection.",0.246,RESOLVED,2022-12-03,
FND-000930,INV-00448,CRITICAL,EXPIRED_COMPLIANCE,"Payment of $498,571 released to TrueNorth Services LLC whose GDPR compliance expired 62 days before payment date.",0.941,RESOLVED,2022-09-03,2022-09-17
FND-000931,INV-00083,LOW,APPROVAL_LIMIT,"Escalation protocol was bypassed. Transaction valued at $438,854 was approved at L1 without L3 countersignature.",0.261,VALIDATED,2022-05-25,2022-06-16
FND-000932,INV-00187,MEDIUM,VENDOR_RISK,"High-risk vendor Epsilon_Group has no compliance record on file. Payment of $366,425 released without compliance clearance.",0.485,VALIDATED,2023-07-19,2023-08-09
FND-000933,INV-00256,HIGH,MISSING_RECEIPT,Expense claim missing receipt. Policy POL-0016 requires receipts for all claims above $200.,0.639,RESOLVED,2021-12-10,2021-12-23
FND-000934,INV-00469,CRITICAL,MISSING_RECEIPT,Expense claim missing receipt. Policy POL-0012 requires receipts for all claims above $50.,0.877,VALIDATED,2022-05-20,
FND-000935,INV-00244,MEDIUM,VENDOR_RISK,"High-risk vendor FusionCore Analytics LLC has no compliance record on file. Payment of $57,170 released without compliance clearance.",0.478,FALSE_POSITIVE,2024-06-09,
FND-000936,INV-00392,MEDIUM,POLICY_BREACH,Employee submitted Travel claim 74% above the authorised policy limit without prior exception approval.,0.472,FALSE_POSITIVE,2023-02-14,2023-03-07
FND-000937,INV-00278,MEDIUM,APPROVAL_LIMIT,"Escalation protocol was bypassed. Transaction valued at $441,634 was approved at L1 without L3 countersignature.",0.584,VALIDATED,2022-09-16,2022-09-25
FND-000938,INV-00052,MEDIUM,APPROVAL_LIMIT,Transaction processed with approval from an officer whose delegated authority was 56% below the required threshold.,0.409,FALSE_POSITIVE,2024-03-01,2024-03-11
FND-000939,INV-00020,MEDIUM,POLICY_BREACH,"Claim EXP-166971 violates Policy POL-0017 section 4.2: Office Supplies expenditure capped at $5,000 per event.",0.466,VALIDATED,2022-11-30,
FND-000940,INV-00374,HIGH,APPROVAL_LIMIT,"Approval granted by EMP-61925 who was not authorised to approve amounts above $500,000. Transaction value: $236,322.",0.726,RESOLVED,2021-08-04,2021-08-28
FND-000941,INV-00251,LOW,VENDOR_RISK,"High-risk vendor PeakVault Services Inc has no compliance record on file. Payment of $197,416 released without compliance clearance.",0.576,OPEN,2021-08-04,2021-08-19
FND-000942,INV-00395,LOW,APPROVAL_LIMIT,"Approval granted by EMP-92110 who was not authorised to approve amounts above $5,000. Transaction value: $480,227.",0.281,OPEN,2023-10-21,2023-11-10
FND-000943,INV-00410,HIGH,MISSING_RECEIPT,Expense claim missing receipt. Policy POL-0019 requires receipts for all claims above $75.,0.784,OPEN,2022-10-17,2022-10-26
FND-000944,INV-00330,HIGH,POLICY_BREACH,"Expense claim of $414,171 for Entertainment exceeds the policy maximum of $500,000. Overage: $5,008.",0.787,ESCALATED,2021-08-05,2021-08-21
FND-000945,INV-00415,MEDIUM,VENDOR_RISK,"High-risk vendor Acuity Systems Inc has no compliance record on file. Payment of $376,047 released without compliance clearance.",0.569,VALIDATED,2023-05-06,2023-05-13
FND-000946,INV-00292,CRITICAL,VENDOR_RISK,Payment issued to VND-VND-01604 rated LOW risk. Active contract CON-105241 in place. Enhanced due diligence not documented.,0.806,OPEN,2023-08-06,2023-08-20
FND-000947,INV-00245,MEDIUM,POLICY_BREACH,"Expense claim of $461,112 for Travel exceeds the policy maximum of $5,000. Overage: $1,448.",0.733,OPEN,2022-03-04,2022-03-14
FND-000948,INV-00261,LOW,APPROVAL_LIMIT,"Payment of $165,343 approved at Level 2, which has a limit of $5,000. Transaction exceeded limit by $342.",0.4,VALIDATED,2022-04-27,
FND-000949,INV-00449,MEDIUM,VENDOR_RISK,"BLACKLISTED vendor VND-VND-00286 received payment of $68,072 via contract CON-100435 that was not updated following blacklisting.",0.606,OPEN,2024-09-19,2024-09-28
FND-000950,INV-00418,CRITICAL,APPROVAL_LIMIT,"Payment of $444,436 approved at Level 1, which has a limit of $25,000. Transaction exceeded limit by $22,497.",0.979,RESOLVED,2022-06-05,2022-06-20
FND-000951,INV-00378,MEDIUM,APPROVAL_LIMIT,"Escalation protocol was bypassed. Transaction valued at $71,866 was approved at L2 without L5 countersignature.",0.654,OPEN,2024-11-30,2024-12-21
FND-000952,INV-00218,CRITICAL,MISSING_RECEIPT,Expense claim missing receipt. Policy POL-0018 requires receipts for all claims above $200.,0.822,OPEN,2024-09-09,2024-10-07
FND-000953,INV-00323,MEDIUM,APPROVAL_LIMIT,Transaction processed with approval from an officer whose delegated authority was 27% below the required threshold.,0.725,VALIDATED,2023-04-06,2023-04-10
FND-000954,INV-00333,LOW,APPROVAL_LIMIT,Transaction processed with approval from an officer whose delegated authority was 65% below the required threshold.,0.401,RESOLVED,2023-01-07,
FND-000955,INV-00260,LOW,MISSING_RECEIPT,Expense claim EXP-131719 submitted for Marketing without an attached supporting receipt.,0.344,OPEN,2021-12-06,2021-12-30
FND-000956,INV-00148,MEDIUM,EXPIRED_COMPLIANCE,"Payment of $274,571 released to FlowBridge Inc Holdings whose PCI-DSS compliance expired 336 days before payment date.",0.479,OPEN,2021-10-06,
FND-000957,INV-00410,LOW,APPROVAL_LIMIT,"Payment of $295,007 approved at Level 3, which has a limit of $5,000. Transaction exceeded limit by $46,233.",0.455,VALIDATED,2024-10-02,2024-10-04
FND-000958,INV-00096,LOW,VENDOR_RISK,"BLACKLISTED vendor VND-VND-02725 received payment of $101,741 via contract CON-101731 that was not updated following blacklisting.",0.451,OPEN,2024-09-15,2024-09-19
FND-000959,INV-00287,MEDIUM,EXPIRED_COMPLIANCE,"Payment of $475,233 released to XcelPath Networks Ltd whose SOC 2 compliance expired 107 days before payment date.",0.429,ESCALATED,2024-10-28,2024-10-31
FND-000960,INV-00311,LOW,FRAUD_PATTERN,"Round-number transaction of $14,390 processed at 02:18 — outside standard business hours. Flagged by anomaly detection.",0.33,VALIDATED,2023-12-12,2023-12-25
FND-000961,INV-00213,HIGH,EXPIRED_COMPLIANCE,Compliance record CMP-104592 for vendor KryptonPath Ltd International was in EXPIRED status at time of payment processing.,0.859,VALIDATED,2022-05-25,
FND-000962,INV-00030,MEDIUM,APPROVAL_LIMIT,"Payment of $204,055 approved at Level 1, which has a limit of $100,000. Transaction exceeded limit by $19,575.",0.573,VALIDATED,2023-07-19,2023-08-06
FND-000963,INV-00326,MEDIUM,FRAUD_PATTERN,Transaction routed through 8 intermediate accounts before reaching final beneficiary. Unusual for TRANSFER transaction type.,0.434,VALIDATED,2023-07-25,2023-08-05
FND-000964,INV-00284,MEDIUM,POLICY_BREACH,"Expense claim of $412,831 for Travel exceeds the policy maximum of $5,000. Overage: $42,798.",0.441,OPEN,2022-05-24,
FND-000965,INV-00277,MEDIUM,VENDOR_RISK,"BLACKLISTED vendor VND-VND-01678 received payment of $110,020 via contract CON-105388 that was not updated following blacklisting.",0.701,VALIDATED,2023-07-15,2023-08-05
FND-000966,INV-00275,MEDIUM,POLICY_BREACH,"Claim EXP-188697 violates Policy POL-0009 section 4.2: Travel expenditure capped at $5,000 per event.",0.705,VALIDATED,2022-03-02,
FND-000967,INV-00157,CRITICAL,POLICY_BREACH,"Claim EXP-165274 violates Policy POL-0009 section 4.2: Accommodation expenditure capped at $500,000 per event.",0.76,OPEN,2022-12-23,2022-12-28
FND-000968,INV-00427,HIGH,EXPIRED_COMPLIANCE,Procurement team processed payment without checking compliance status. Certificate had been expired for 244 days.,0.638,OPEN,2023-01-10,2023-01-26
FND-000969,INV-00372,MEDIUM,MISSING_RECEIPT,Expense claim missing receipt. Policy POL-0016 requires receipts for all claims above $200.,0.676,VALIDATED,2023-08-30,2023-09-15
FND-000970,INV-00065,LOW,EXPIRED_COMPLIANCE,"Payment of $92,489 released to Alpha_Inc Group whose ISO 27001 compliance expired 244 days before payment date.",0.57,OPEN,2024-07-29,2024-07-30
FND-000971,INV-00459,MEDIUM,FRAUD_PATTERN,"Split payment pattern detected: 3 transactions to same beneficiary totalling $15,686 — each below approval threshold of $500,000.",0.482,VALIDATED,2024-11-26,2024-12-08
FND-000972,INV-00287,MEDIUM,APPROVAL_LIMIT,"Escalation protocol was bypassed. Transaction valued at $448,396 was approved at L1 without L4 countersignature.",0.612,RESOLVED,2024-06-04,2024-07-01
FND-000973,INV-00488,LOW,APPROVAL_LIMIT,"Escalation protocol was bypassed. Transaction valued at $406,058 was approved at L2 without L3 countersignature.",0.472,VALIDATED,2023-11-15,2023-12-12
FND-000974,INV-00021,MEDIUM,EXPIRED_COMPLIANCE,"Payment of $430,366 released to MomentumCore Corp Holdings whose PCI-DSS compliance expired 164 days before payment date.",0.478,OPEN,2024-03-31,2024-04-21
FND-000975,INV-00234,LOW,APPROVAL_LIMIT,Transaction processed with approval from an officer whose delegated authority was 36% below the required threshold.,0.548,FALSE_POSITIVE,2023-10-11,2023-11-10
FND-000976,INV-00105,HIGH,POLICY_BREACH,Employee submitted Software claim 61% above the authorised policy limit without prior exception approval.,0.602,OPEN,2021-09-02,2021-09-05
FND-000977,INV-00117,LOW,FRAUD_PATTERN,Transaction routed through 6 intermediate accounts before reaching final beneficiary. Unusual for PAYMENT transaction type.,0.309,OPEN,2023-03-08,2023-03-13
FND-000978,INV-00461,MEDIUM,EXPIRED_COMPLIANCE,Procurement team processed payment without checking compliance status. Certificate had been expired for 297 days.,0.528,FALSE_POSITIVE,2024-06-11,2024-06-23
FND-000979,INV-00131,HIGH,EXPIRED_COMPLIANCE,Procurement team processed payment without checking compliance status. Certificate had been expired for 137 days.,0.642,VALIDATED,2022-08-03,2022-08-29
FND-000980,INV-00256,LOW,MISSING_RECEIPT,"Reimbursement of $11,906 for Meals was approved despite no receipt documentation in the system.",0.265,RESOLVED,2024-07-14,
FND-000981,INV-00154,MEDIUM,APPROVAL_LIMIT,"Payment of $88,715 approved at Level 2, which has a limit of $25,000. Transaction exceeded limit by $12,889.",0.652,VALIDATED,2024-10-10,2024-11-04
FND-000982,INV-00493,LOW,APPROVAL_LIMIT,"Escalation protocol was bypassed. Transaction valued at $77,994 was approved at L3 without L5 countersignature.",0.429,VALIDATED,2023-02-08,
FND-000983,INV-00464,MEDIUM,VENDOR_RISK,Payment issued to VND-VND-04069 rated HIGH risk. Active contract CON-109135 in place. Enhanced due diligence not documented.,0.529,RESOLVED,2024-03-13,
FND-000984,INV-00125,HIGH,MISSING_RECEIPT,"Employee EMP-78931 submitted 4 claims totalling $13,089 without receipts in the review period.",0.898,VALIDATED,2021-09-09,2021-09-28
FND-000985,INV-00031,CRITICAL,FRAUD_PATTERN,"Round-number transaction of $105,374 processed at 01:55 — outside standard business hours. Flagged by anomaly detection.",0.986,RESOLVED,2022-06-05,
FND-000986,INV-00435,LOW,FRAUD_PATTERN,"Round-number transaction of $37,829 processed at 05:44 — outside standard business hours. Flagged by anomaly detection.",0.63,VALIDATED,2024-12-04,
FND-000987,INV-00421,HIGH,APPROVAL_LIMIT,"Escalation protocol was bypassed. Transaction valued at $482,184 was approved at L3 without L4 countersignature.",0.881,ESCALATED,2022-08-24,2022-08-30
FND-000988,INV-00103,CRITICAL,EXPIRED_COMPLIANCE,"Vendor VND-VND-00987 received payment of $313,252 on 2023-09-15. Compliance certificate expired on 2021-02-09 — 73 days prior.",0.98,VALIDATED,2024-03-23,
FND-000989,INV-00304,MEDIUM,VENDOR_RISK,"BLACKLISTED vendor VND-VND-03147 received payment of $167,950 via contract CON-100372 that was not updated following blacklisting.",0.565,VALIDATED,2024-05-06,2024-06-04
FND-000990,INV-00236,MEDIUM,VENDOR_RISK,"Vendor RedPoint Consulting holds CRITICAL risk rating. 5 payments totalling $16,815 processed in the audit period.",0.405,RESOLVED,2024-09-09,2024-09-24
FND-000991,INV-00006,MEDIUM,EXPIRED_COMPLIANCE,Procurement team processed payment without checking compliance status. Certificate had been expired for 265 days.,0.449,ESCALATED,2021-12-06,2021-12-18
FND-000992,INV-00476,MEDIUM,MISSING_RECEIPT,Expense claim missing receipt. Policy POL-0013 requires receipts for all claims above $50.,0.488,OPEN,2022-09-13,2022-09-18
FND-000993,INV-00108,MEDIUM,FRAUD_PATTERN,Employee EMP-51136 submitted 2 expense claims within 72 hours for identical amounts — potential duplicate fraud pattern.,0.692,VALIDATED,2022-06-26,2022-07-25
FND-000994,INV-00334,MEDIUM,APPROVAL_LIMIT,Transaction processed with approval from an officer whose delegated authority was 42% below the required threshold.,0.566,VALIDATED,2022-01-14,2022-02-11
FND-000995,INV-00468,MEDIUM,EXPIRED_COMPLIANCE,Compliance record CMP-106592 for vendor Alpha_Inc was in EXPIRED status at time of payment processing.,0.626,RESOLVED,2024-07-11,2024-08-07
FND-000996,INV-00438,HIGH,POLICY_BREACH,"Claim EXP-124443 violates Policy POL-0001 section 4.2: Equipment expenditure capped at $5,000 per event.",0.872,VALIDATED,2022-04-15,2022-04-17
FND-000997,INV-00120,LOW,FRAUD_PATTERN,Employee EMP-48028 submitted 7 expense claims within 72 hours for identical amounts — potential duplicate fraud pattern.,0.611,ESCALATED,2023-07-04,2023-08-01
FND-000998,INV-00160,MEDIUM,MISSING_RECEIPT,"Reimbursement of $2,199 for Training was approved despite no receipt documentation in the system.",0.49,VALIDATED,2023-09-22,
FND-000999,INV-00478,LOW,APPROVAL_LIMIT,"Payment of $120,269 approved at Level 1, which has a limit of $100,000. Transaction exceeded limit by $1,480.",0.312,RESOLVED,2022-08-19,2022-09-01
FND-001000,INV-00094,LOW,MISSING_RECEIPT,"Reimbursement of $139,059 for Software was approved despite no receipt documentation in the system.",0.448,OPEN,2023-01-20,2023-02-14
FND-001001,INV-00046,LOW,APPROVAL_LIMIT,"Payment of $290,738 approved at Level 1, which has a limit of $100,000. Transaction exceeded limit by $7,339.",0.599,VALIDATED,2023-12-12,2023-12-16
FND-001002,INV-00427,LOW,EXPIRED_COMPLIANCE,Procurement team processed payment without checking compliance status. Certificate had been expired for 57 days.,0.386,OPEN,2023-09-28,2023-10-16
FND-001003,INV-00477,LOW,FRAUD_PATTERN,Transaction routed through 6 intermediate accounts before reaching final beneficiary. Unusual for PAYMENT transaction type.,0.601,OPEN,2022-04-11,
FND-001004,INV-00031,CRITICAL,APPROVAL_LIMIT,"Payment of $148,722 approved at Level 2, which has a limit of $25,000. Transaction exceeded limit by $13,164.",0.895,OPEN,2022-11-23,
FND-001005,INV-00191,HIGH,POLICY_BREACH,"Claim EXP-123605 violates Policy POL-0001 section 4.2: Office Supplies expenditure capped at $5,000 per event.",0.769,VALIDATED,2023-01-27,2023-02-26
FND-001006,INV-00420,HIGH,VENDOR_RISK,Payment issued to VND-VND-02315 rated LOW risk. Active contract CON-108129 in place. Enhanced due diligence not documented.,0.638,OPEN,2024-08-13,2024-09-04
FND-001007,INV-00423,LOW,MISSING_RECEIPT,"Reimbursement of $14,260 for Consulting was approved despite no receipt documentation in the system.",0.415,VALIDATED,2022-12-13,2022-12-19
FND-001008,INV-00250,MEDIUM,MISSING_RECEIPT,Expense claim missing receipt. Policy POL-0009 requires receipts for all claims above $75.,0.721,VALIDATED,2021-07-25,
FND-001009,INV-00436,MEDIUM,APPROVAL_LIMIT,"Escalation protocol was bypassed. Transaction valued at $384,574 was approved at L1 without L3 countersignature.",0.651,OPEN,2024-01-14,2024-02-12
FND-001010,INV-00281,MEDIUM,EXPIRED_COMPLIANCE,Compliance record CMP-108054 for vendor ZenithBridge Corp Holdings was in EXPIRED status at time of payment processing.,0.674,VALIDATED,2023-02-21,2023-03-14
FND-001011,INV-00288,MEDIUM,VENDOR_RISK,"High-risk vendor PeakVault Services has no compliance record on file. Payment of $483,182 released without compliance clearance.",0.604,VALIDATED,2024-09-24,2024-10-19
FND-001012,INV-00080,MEDIUM,FRAUD_PATTERN,"Round-number transaction of $312,974 processed at 03:24 — outside standard business hours. Flagged by anomaly detection.",0.484,RESOLVED,2024-12-16,2024-12-30
FND-001013,INV-00400,MEDIUM,APPROVAL_LIMIT,"Escalation protocol was bypassed. Transaction valued at $327,256 was approved at L1 without L3 countersignature.",0.64,VALIDATED,2021-06-29,2021-07-17
FND-001014,INV-00286,CRITICAL,FRAUD_PATTERN,"Split payment pattern detected: 2 transactions to same beneficiary totalling $872 — each below approval threshold of $500,000.",0.857,VALIDATED,2022-01-13,2022-01-25
FND-001015,INV-00340,MEDIUM,FRAUD_PATTERN,"Round-number transaction of $193,067 processed at 01:43 — outside standard business hours. Flagged by anomaly detection.",0.671,RESOLVED,2024-02-02,2024-02-11
FND-001016,INV-00150,HIGH,MISSING_RECEIPT,"Employee EMP-66329 submitted 2 claims totalling $8,982 without receipts in the review period.",0.7,FALSE_POSITIVE,2021-11-26,2021-11-30
FND-001017,INV-00064,MEDIUM,VENDOR_RISK,"BLACKLISTED vendor VND-VND-01753 received payment of $97,070 via contract CON-106809 that was not updated following blacklisting.",0.712,ESCALATED,2023-05-23,
FND-001018,INV-00041,LOW,POLICY_BREACH,"Expense claim of $110,175 for Training exceeds the policy maximum of $500,000. Overage: $21,408.",0.226,ESCALATED,2022-10-04,
FND-001019,INV-00476,MEDIUM,MISSING_RECEIPT,"Reimbursement of $354,749 for Entertainment was approved despite no receipt documentation in the system.",0.496,OPEN,2024-03-28,
FND-001020,INV-00490,LOW,FRAUD_PATTERN,"Round-number transaction of $254,459 processed at 04:59 — outside standard business hours. Flagged by anomaly detection.",0.432,RESOLVED,2024-03-31,2024-04-28
FND-001021,INV-00235,CRITICAL,POLICY_BREACH,"Entertainment expense of $86,198 submitted by EMP-37869 exceeds monthly policy allowance of $25,000.",0.953,RESOLVED,2023-12-28,2023-12-30
FND-001022,INV-00079,MEDIUM,APPROVAL_LIMIT,"Escalation protocol was bypassed. Transaction valued at $463,333 was approved at L1 without L4 countersignature.",0.724,RESOLVED,2022-05-12,2022-05-21
FND-001023,INV-00154,LOW,EXPIRED_COMPLIANCE,"Vendor VND-VND-03337 received payment of $204,187 on 2022-02-26. Compliance certificate expired on 2021-04-14 — 263 days prior.",0.367,OPEN,2021-08-15,2021-09-07
FND-001024,INV-00495,LOW,APPROVAL_LIMIT,"Approval granted by EMP-36001 who was not authorised to approve amounts above $25,000. Transaction value: $275,772.",0.529,RESOLVED,2024-10-26,
FND-001025,INV-00042,MEDIUM,APPROVAL_LIMIT,"Escalation protocol was bypassed. Transaction valued at $29,204 was approved at L3 without L3 countersignature.",0.666,VALIDATED,2024-06-14,2024-06-27
FND-001026,INV-00283,MEDIUM,VENDOR_RISK,"Vendor UltraVista Technologies Group holds CRITICAL risk rating. 2 payments totalling $17,545 processed in the audit period.",0.46,ESCALATED,2022-03-07,2022-03-19
FND-001027,INV-00036,LOW,FRAUD_PATTERN,"Split payment pattern detected: 7 transactions to same beneficiary totalling $13,346 — each below approval threshold of $100,000.",0.556,OPEN,2022-08-27,2022-09-12
FND-001028,INV-00379,CRITICAL,POLICY_BREACH,Employee submitted Training claim 59% above the authorised policy limit without prior exception approval.,0.924,OPEN,2022-01-02,
FND-001029,INV-00112,LOW,APPROVAL_LIMIT,"Payment of $94,238 approved at Level 2, which has a limit of $500,000. Transaction exceeded limit by $15,787.",0.402,RESOLVED,2023-12-31,
FND-001030,INV-00266,MEDIUM,APPROVAL_LIMIT,Transaction processed with approval from an officer whose delegated authority was 18% below the required threshold.,0.704,OPEN,2022-05-27,2022-06-22
FND-001031,INV-00212,MEDIUM,APPROVAL_LIMIT,Transaction processed with approval from an officer whose delegated authority was 74% below the required threshold.,0.478,ESCALATED,2022-07-06,2022-07-30
FND-001032,INV-00229,MEDIUM,POLICY_BREACH,"Expense claim of $282,683 for Travel exceeds the policy maximum of $500,000. Overage: $26,454.",0.54,VALIDATED,2022-07-19,2022-08-07
FND-001033,INV-00110,MEDIUM,VENDOR_RISK,Payment issued to VND-VND-01361 rated LOW risk. Active contract CON-102876 in place. Enhanced due diligence not documented.,0.525,RESOLVED,2023-04-13,2023-05-04
FND-001034,INV-00041,MEDIUM,VENDOR_RISK,"BLACKLISTED vendor VND-VND-03281 received payment of $492,681 via contract CON-108425 that was not updated following blacklisting.",0.566,OPEN,2024-03-14,
FND-001035,INV-00156,CRITICAL,POLICY_BREACH,"Expense claim of $317,757 for Training exceeds the policy maximum of $500,000. Overage: $26,580.",0.846,VALIDATED,2022-09-28,2022-10-06
FND-001036,INV-00364,HIGH,MISSING_RECEIPT,"Reimbursement of $284,426 for Software was approved despite no receipt documentation in the system.",0.824,RESOLVED,2024-11-18,2024-11-19
FND-001037,INV-00450,MEDIUM,APPROVAL_LIMIT,"Approval granted by EMP-72183 who was not authorised to approve amounts above $500,000. Transaction value: $123,202.",0.451,VALIDATED,2022-11-04,
FND-001038,INV-00415,LOW,APPROVAL_LIMIT,Transaction processed with approval from an officer whose delegated authority was 25% below the required threshold.,0.493,RESOLVED,2022-01-08,2022-01-25
FND-001039,INV-00357,LOW,APPROVAL_LIMIT,"Payment of $360,610 approved at Level 1, which has a limit of $5,000. Transaction exceeded limit by $1,158.",0.301,ESCALATED,2024-09-10,2024-09-30
FND-001040,INV-00177,LOW,APPROVAL_LIMIT,"Approval granted by EMP-82052 who was not authorised to approve amounts above $100,000. Transaction value: $385,091.",0.302,RESOLVED,2024-04-02,2024-05-01
FND-001041,INV-00096,MEDIUM,POLICY_BREACH,"Entertainment expense of $483,668 submitted by EMP-68094 exceeds monthly policy allowance of $100,000.",0.591,FALSE_POSITIVE,2021-10-10,2021-11-01
FND-001042,INV-00171,HIGH,POLICY_BREACH,"Entertainment expense of $362,991 submitted by EMP-11132 exceeds monthly policy allowance of $5,000.",0.881,VALIDATED,2023-04-30,2023-05-03
FND-001043,INV-00473,MEDIUM,MISSING_RECEIPT,Expense claim missing receipt. Policy POL-0020 requires receipts for all claims above $50.,0.677,ESCALATED,2022-12-30,2023-01-19
FND-001044,INV-00166,MEDIUM,POLICY_BREACH,"Expense claim of $314,056 for Marketing exceeds the policy maximum of $25,000. Overage: $20,133.",0.698,VALIDATED,2021-07-23,2021-08-16
FND-001045,INV-00177,CRITICAL,APPROVAL_LIMIT,"Approval granted by EMP-99752 who was not authorised to approve amounts above $25,000. Transaction value: $150,363.",0.883,OPEN,2024-01-18,2024-01-21
FND-001046,INV-00258,MEDIUM,EXPIRED_COMPLIANCE,Compliance record CMP-103324 for vendor PrimeAxis Corp Group was in EXPIRED status at time of payment processing.,0.687,ESCALATED,2024-07-07,
FND-001047,INV-00335,MEDIUM,MISSING_RECEIPT,Expense claim missing receipt. Policy POL-0019 requires receipts for all claims above $200.,0.448,VALIDATED,2021-06-03,2021-06-10
FND-001048,INV-00177,HIGH,MISSING_RECEIPT,Expense claim EXP-130791 submitted for Software without an attached supporting receipt.,0.645,OPEN,2022-05-27,2022-06-04
FND-001049,INV-00483,MEDIUM,APPROVAL_LIMIT,"Payment of $294,654 approved at Level 1, which has a limit of $25,000. Transaction exceeded limit by $40,932.",0.478,VALIDATED,2023-05-25,2023-05-28
FND-001050,INV-00172,MEDIUM,MISSING_RECEIPT,Expense claim missing receipt. Policy POL-0014 requires receipts for all claims above $50.,0.671,VALIDATED,2023-09-14,2023-09-28
FND-001051,INV-00360,MEDIUM,VENDOR_RISK,"High-risk vendor PrimeAxis Corp International has no compliance record on file. Payment of $157,999 released without compliance clearance.",0.438,RESOLVED,2024-12-04,2024-12-09
FND-001052,INV-00153,MEDIUM,VENDOR_RISK,"Vendor XpressCore Dynamics International holds CRITICAL risk rating. 2 payments totalling $3,812 processed in the audit period.",0.465,VALIDATED,2022-10-25,2022-11-19
FND-001053,INV-00406,MEDIUM,MISSING_RECEIPT,"Employee EMP-87805 submitted 8 claims totalling $2,152 without receipts in the review period.",0.699,ESCALATED,2022-10-27,
FND-001054,INV-00072,HIGH,VENDOR_RISK,"High-risk vendor RapidCore Consulting Ltd has no compliance record on file. Payment of $392,574 released without compliance clearance.",0.641,VALIDATED,2024-11-29,2024-12-06
FND-001055,INV-00165,LOW,POLICY_BREACH,"Claim EXP-194268 violates Policy POL-0005 section 4.2: Software expenditure capped at $100,000 per event.",0.593,VALIDATED,2022-03-02,2022-03-22
FND-001056,INV-00489,MEDIUM,EXPIRED_COMPLIANCE,Compliance record CMP-104540 for vendor JetStream Analytics was in EXPIRED status at time of payment processing.,0.74,OPEN,2023-07-13,2023-07-31
FND-001057,INV-00427,LOW,APPROVAL_LIMIT,Transaction processed with approval from an officer whose delegated authority was 10% below the required threshold.,0.216,VALIDATED,2024-12-08,
FND-001058,INV-00249,LOW,VENDOR_RISK,"Vendor InnoCore Dynamics LLC holds CRITICAL risk rating. 6 payments totalling $19,195 processed in the audit period.",0.411,RESOLVED,2021-06-01,2021-06-25
FND-001059,INV-00051,CRITICAL,MISSING_RECEIPT,Expense claim EXP-133990 submitted for Meals without an attached supporting receipt.,0.779,VALIDATED,2022-08-14,
FND-001060,INV-00498,MEDIUM,EXPIRED_COMPLIANCE,"Vendor VND-VND-04706 received payment of $389,735 on 2022-08-31. Compliance certificate expired on 2021-08-21 — 341 days prior.",0.576,ESCALATED,2023-08-22,2023-09-20
FND-001061,INV-00429,HIGH,FRAUD_PATTERN,Employee EMP-18963 submitted 4 expense claims within 72 hours for identical amounts — potential duplicate fraud pattern.,0.644,OPEN,2024-03-02,
FND-001062,INV-00261,LOW,POLICY_BREACH,Employee submitted Meals claim 25% above the authorised policy limit without prior exception approval.,0.554,VALIDATED,2023-12-26,2024-01-04
FND-001063,INV-00128,LOW,MISSING_RECEIPT,"Reimbursement of $236,688 for Equipment was approved despite no receipt documentation in the system.",0.23,RESOLVED,2022-03-21,2022-03-22
FND-001064,INV-00213,MEDIUM,VENDOR_RISK,"Vendor InnoCore Dynamics Holdings holds CRITICAL risk rating. 5 payments totalling $6,685 processed in the audit period.",0.442,RESOLVED,2022-03-01,2022-03-02
FND-001065,INV-00211,MEDIUM,EXPIRED_COMPLIANCE,Compliance record CMP-102873 for vendor DawnTech Services International was in EXPIRED status at time of payment processing.,0.701,OPEN,2022-10-13,2022-10-31
FND-001066,INV-00315,CRITICAL,MISSING_RECEIPT,Expense claim missing receipt. Policy POL-0020 requires receipts for all claims above $75.,0.789,VALIDATED,2021-10-14,2021-10-24
FND-001067,INV-00008,LOW,MISSING_RECEIPT,"Reimbursement of $428,314 for Accommodation was approved despite no receipt documentation in the system.",0.5,RESOLVED,2023-09-01,2023-09-10
FND-001068,INV-00036,MEDIUM,VENDOR_RISK,"Vendor EdgeWave Technologies Group holds CRITICAL risk rating. 5 payments totalling $18,402 processed in the audit period.",0.468,VALIDATED,2022-10-28,
FND-001069,INV-00354,MEDIUM,POLICY_BREACH,"Expense claim of $264,037 for Equipment exceeds the policy maximum of $500,000. Overage: $7,094.",0.708,RESOLVED,2023-06-11,2023-06-19
FND-001070,INV-00258,CRITICAL,EXPIRED_COMPLIANCE,Procurement team processed payment without checking compliance status. Certificate had been expired for 525 days.,0.957,VALIDATED,2024-07-12,
FND-001071,INV-00253,MEDIUM,FRAUD_PATTERN,"Split payment pattern detected: 2 transactions to same beneficiary totalling $10,609 — each below approval threshold of $500,000.",0.627,OPEN,2024-02-19,2024-02-22
FND-001072,INV-00479,LOW,VENDOR_RISK,"Vendor XcelPath Networks Group holds CRITICAL risk rating. 2 payments totalling $12,665 processed in the audit period.",0.603,RESOLVED,2022-01-01,2022-01-24
FND-001073,INV-00338,LOW,APPROVAL_LIMIT,"Escalation protocol was bypassed. Transaction valued at $68,100 was approved at L2 without L4 countersignature.",0.354,OPEN,2024-04-20,
FND-001074,INV-00317,MEDIUM,APPROVAL_LIMIT,"Approval granted by EMP-97279 who was not authorised to approve amounts above $5,000. Transaction value: $133,841.",0.513,OPEN,2023-10-20,2023-11-08
FND-001075,INV-00009,MEDIUM,MISSING_RECEIPT,"Reimbursement of $175,801 for Software was approved despite no receipt documentation in the system.",0.518,OPEN,2022-06-09,
FND-001076,INV-00038,MEDIUM,MISSING_RECEIPT,"Reimbursement of $431,538 for Entertainment was approved despite no receipt documentation in the system.",0.694,VALIDATED,2021-08-30,
FND-001077,INV-00407,MEDIUM,APPROVAL_LIMIT,"Payment of $271,119 approved at Level 2, which has a limit of $500,000. Transaction exceeded limit by $25,855.",0.567,VALIDATED,2023-07-14,2023-08-11
FND-001078,INV-00486,MEDIUM,MISSING_RECEIPT,"Employee EMP-84443 submitted 2 claims totalling $19,415 without receipts in the review period.",0.645,ESCALATED,2024-06-22,
FND-001079,INV-00159,MEDIUM,MISSING_RECEIPT,Expense claim missing receipt. Policy POL-0019 requires receipts for all claims above $50.,0.57,ESCALATED,2021-12-01,2021-12-19
FND-001080,INV-00046,MEDIUM,MISSING_RECEIPT,"Employee EMP-25836 submitted 5 claims totalling $19,669 without receipts in the review period.",0.638,RESOLVED,2022-05-05,2022-05-18
FND-001081,INV-00460,HIGH,FRAUD_PATTERN,"Round-number transaction of $362,330 processed at 03:54 — outside standard business hours. Flagged by anomaly detection.",0.727,OPEN,2023-11-29,
FND-001082,INV-00065,HIGH,MISSING_RECEIPT,"Reimbursement of $478,575 for Travel was approved despite no receipt documentation in the system.",0.764,RESOLVED,2023-06-04,2023-06-20
FND-001083,INV-00145,MEDIUM,POLICY_BREACH,Employee submitted Office Supplies claim 69% above the authorised policy limit without prior exception approval.,0.684,RESOLVED,2022-11-18,2022-11-26
FND-001084,INV-00385,MEDIUM,VENDOR_RISK,"Vendor FusionCore Analytics Ltd holds CRITICAL risk rating. 5 payments totalling $8,160 processed in the audit period.",0.634,VALIDATED,2024-06-29,
FND-001085,INV-00010,HIGH,APPROVAL_LIMIT,Transaction processed with approval from an officer whose delegated authority was 64% below the required threshold.,0.614,RESOLVED,2023-08-01,2023-08-05
FND-001086,INV-00422,LOW,VENDOR_RISK,"BLACKLISTED vendor VND-VND-02267 received payment of $157,588 via contract CON-104935 that was not updated following blacklisting.",0.592,OPEN,2024-05-03,2024-06-01
FND-001087,INV-00421,MEDIUM,APPROVAL_LIMIT,"Payment of $447,993 approved at Level 1, which has a limit of $5,000. Transaction exceeded limit by $44,462.",0.676,VALIDATED,2021-11-30,
FND-001088,INV-00226,MEDIUM,APPROVAL_LIMIT,"Payment of $346,707 approved at Level 2, which has a limit of $100,000. Transaction exceeded limit by $34,528.",0.569,VALIDATED,2023-12-01,2023-12-29
FND-001089,INV-00271,MEDIUM,APPROVAL_LIMIT,"Approval granted by EMP-25208 who was not authorised to approve amounts above $100,000. Transaction value: $397,387.",0.534,VALIDATED,2021-12-27,2022-01-06
FND-001090,INV-00306,CRITICAL,APPROVAL_LIMIT,"Escalation protocol was bypassed. Transaction valued at $90,875 was approved at L3 without L4 countersignature.",0.868,ESCALATED,2023-08-16,2023-09-02
FND-001091,INV-00421,MEDIUM,POLICY_BREACH,Employee submitted Entertainment claim 66% above the authorised policy limit without prior exception approval.,0.661,OPEN,2024-02-07,2024-02-14
FND-001092,INV-00174,MEDIUM,EXPIRED_COMPLIANCE,Procurement team processed payment without checking compliance status. Certificate had been expired for 18 days.,0.475,OPEN,2024-09-06,2024-09-09
FND-001093,INV-00413,LOW,FRAUD_PATTERN,"Split payment pattern detected: 3 transactions to same beneficiary totalling $16,245 — each below approval threshold of $25,000.",0.509,VALIDATED,2024-08-02,2024-08-24
FND-001094,INV-00486,LOW,POLICY_BREACH,"Expense claim of $469,508 for Entertainment exceeds the policy maximum of $25,000. Overage: $11,230.",0.37,RESOLVED,2022-09-06,2022-10-01
FND-001095,INV-00034,LOW,EXPIRED_COMPLIANCE,"Payment of $202,829 released to PrimeAxis Corp Holdings whose ISO 27001 compliance expired 384 days before payment date.",0.307,VALIDATED,2023-05-10,
FND-001096,INV-00428,MEDIUM,VENDOR_RISK,"Vendor SkyBridge Logistics Group holds CRITICAL risk rating. 3 payments totalling $17,276 processed in the audit period.",0.446,RESOLVED,2024-11-20,2024-12-10
FND-001097,INV-00353,HIGH,EXPIRED_COMPLIANCE,"Vendor VND-VND-02506 received payment of $296,671 on 2023-01-11. Compliance certificate expired on 2021-09-28 — 33 days prior.",0.838,VALIDATED,2024-10-18,
FND-001098,INV-00122,MEDIUM,FRAUD_PATTERN,"Round-number transaction of $418,086 processed at 01:01 — outside standard business hours. Flagged by anomaly detection.",0.625,RESOLVED,2023-10-09,2023-11-01
FND-001099,INV-00183,MEDIUM,VENDOR_RISK,Payment issued to VND-VND-01489 rated LOW risk. Active contract CON-103223 in place. Enhanced due diligence not documented.,0.599,RESOLVED,2024-01-24,
FND-001100,INV-00296,MEDIUM,MISSING_RECEIPT,Expense claim missing receipt. Policy POL-0003 requires receipts for all claims above $75.,0.566,VALIDATED,2024-07-26,2024-08-07
FND-001101,INV-00138,HIGH,APPROVAL_LIMIT,"Payment of $180,388 approved at Level 3, which has a limit of $25,000. Transaction exceeded limit by $691.",0.89,VALIDATED,2022-07-24,2022-07-30
FND-001102,INV-00296,LOW,FRAUD_PATTERN,Transaction routed through 2 intermediate accounts before reaching final beneficiary. Unusual for CASH_OUT transaction type.,0.289,VALIDATED,2023-06-08,
FND-001103,INV-00276,LOW,EXPIRED_COMPLIANCE,"Payment of $421,425 released to Gamma_Co International whose GDPR compliance expired 134 days before payment date.",0.253,RESOLVED,2023-06-10,2023-06-13
FND-001104,INV-00236,MEDIUM,EXPIRED_COMPLIANCE,Compliance record CMP-106510 for vendor NexPoint Analytics Inc was in EXPIRED status at time of payment processing.,0.404,OPEN,2022-08-05,2022-08-21
FND-001105,INV-00322,MEDIUM,FRAUD_PATTERN,"Round-number transaction of $35,319 processed at 02:37 — outside standard business hours. Flagged by anomaly detection.",0.699,OPEN,2024-06-18,2024-07-04
FND-001106,INV-00307,MEDIUM,POLICY_BREACH,"Entertainment expense of $51,247 submitted by EMP-35702 exceeds monthly policy allowance of $100,000.",0.614,ESCALATED,2024-04-19,2024-04-28
FND-001107,INV-00271,MEDIUM,APPROVAL_LIMIT,"Escalation protocol was bypassed. Transaction valued at $335,134 was approved at L1 without L4 countersignature.",0.507,VALIDATED,2024-07-14,
FND-001108,INV-00225,CRITICAL,POLICY_BREACH,"Entertainment expense of $170,270 submitted by EMP-56214 exceeds monthly policy allowance of $5,000.",0.908,OPEN,2021-12-30,2022-01-28
FND-001109,INV-00092,LOW,EXPIRED_COMPLIANCE,"Vendor VND-VND-01562 received payment of $422,897 on 2023-04-16. Compliance certificate expired on 2022-08-31 — 173 days prior.",0.438,VALIDATED,2024-12-31,
FND-001110,INV-00246,LOW,MISSING_RECEIPT,Expense claim missing receipt. Policy POL-0013 requires receipts for all claims above $100.,0.594,RESOLVED,2021-08-12,2021-09-02
FND-001111,INV-00376,MEDIUM,FRAUD_PATTERN,Employee EMP-56922 submitted 3 expense claims within 72 hours for identical amounts — potential duplicate fraud pattern.,0.403,OPEN,2022-12-08,2022-12-17
FND-001112,INV-00165,CRITICAL,EXPIRED_COMPLIANCE,"Payment of $179,198 released to TrueNorth Services whose PCI-DSS compliance expired 176 days before payment date.",0.814,OPEN,2024-03-29,2024-04-10
FND-001113,INV-00082,HIGH,VENDOR_RISK,"High-risk vendor InnoCore Dynamics LLC has no compliance record on file. Payment of $99,100 released without compliance clearance.",0.7,RESOLVED,2022-04-13,
FND-001114,INV-00273,CRITICAL,POLICY_BREACH,Employee submitted Travel claim 34% above the authorised policy limit without prior exception approval.,0.764,OPEN,2024-03-25,2024-04-22
FND-001115,INV-00387,MEDIUM,VENDOR_RISK,Payment issued to VND-VND-03371 rated LOW risk. Active contract CON-101663 in place. Enhanced due diligence not documented.,0.405,FALSE_POSITIVE,2021-08-14,2021-09-12
FND-001116,INV-00421,LOW,APPROVAL_LIMIT,"Escalation protocol was bypassed. Transaction valued at $157,325 was approved at L1 without L3 countersignature.",0.471,RESOLVED,2024-07-08,2024-07-31
FND-001117,INV-00398,HIGH,VENDOR_RISK,Payment issued to VND-VND-02699 rated LOW risk. Active contract CON-107996 in place. Enhanced due diligence not documented.,0.805,VALIDATED,2021-11-24,2021-12-09
FND-001118,INV-00400,CRITICAL,EXPIRED_COMPLIANCE,Compliance record CMP-102935 for vendor KryptonPath Ltd LLC was in EXPIRED status at time of payment processing.,0.854,VALIDATED,2022-05-27,2022-06-06
FND-001119,INV-00275,CRITICAL,FRAUD_PATTERN,"Split payment pattern detected: 4 transactions to same beneficiary totalling $15,730 — each below approval threshold of $100,000.",0.923,RESOLVED,2024-06-06,2024-06-21
FND-001120,INV-00056,MEDIUM,POLICY_BREACH,Employee submitted Equipment claim 43% above the authorised policy limit without prior exception approval.,0.549,RESOLVED,2022-07-26,2022-08-16
FND-001121,INV-00410,MEDIUM,POLICY_BREACH,"Expense claim of $54,374 for Accommodation exceeds the policy maximum of $5,000. Overage: $25,153.",0.602,RESOLVED,2024-09-17,2024-10-04
FND-001122,INV-00358,HIGH,MISSING_RECEIPT,"Reimbursement of $37,445 for Equipment was approved despite no receipt documentation in the system.",0.618,VALIDATED,2021-08-26,2021-09-11
FND-001123,INV-00427,MEDIUM,VENDOR_RISK,"Vendor XcelPath Networks Inc holds CRITICAL risk rating. 6 payments totalling $17,340 processed in the audit period.",0.603,ESCALATED,2023-04-26,
FND-001124,INV-00234,LOW,POLICY_BREACH,Employee submitted Marketing claim 60% above the authorised policy limit without prior exception approval.,0.344,ESCALATED,2022-07-02,
FND-001125,INV-00328,MEDIUM,POLICY_BREACH,"Claim EXP-176728 violates Policy POL-0004 section 4.2: Meals expenditure capped at $25,000 per event.",0.417,OPEN,2021-07-19,
FND-001126,INV-00253,LOW,APPROVAL_LIMIT,"Escalation protocol was bypassed. Transaction valued at $473,386 was approved at L3 without L5 countersignature.",0.359,OPEN,2023-10-05,2023-11-01
FND-001127,INV-00197,MEDIUM,VENDOR_RISK,"Vendor RedPoint Consulting LLC holds CRITICAL risk rating. 6 payments totalling $7,481 processed in the audit period.",0.41,VALIDATED,2023-04-09,2023-04-15
FND-001128,INV-00184,MEDIUM,MISSING_RECEIPT,"Reimbursement of $164,681 for Meals was approved despite no receipt documentation in the system.",0.599,ESCALATED,2023-10-27,2023-11-19
FND-001129,INV-00450,CRITICAL,MISSING_RECEIPT,Expense claim missing receipt. Policy POL-0013 requires receipts for all claims above $200.,0.786,RESOLVED,2021-12-07,2021-12-09
FND-001130,INV-00013,MEDIUM,MISSING_RECEIPT,"Employee EMP-65751 submitted 8 claims totalling $7,959 without receipts in the review period.",0.415,ESCALATED,2024-09-04,
FND-001131,INV-00474,LOW,POLICY_BREACH,"Claim EXP-191567 violates Policy POL-0009 section 4.2: Consulting expenditure capped at $25,000 per event.",0.418,OPEN,2023-05-28,2023-06-11
FND-001132,INV-00135,MEDIUM,VENDOR_RISK,"BLACKLISTED vendor VND-VND-01005 received payment of $474,671 via contract CON-107017 that was not updated following blacklisting.",0.701,VALIDATED,2022-06-01,2022-06-07
FND-001133,INV-00165,MEDIUM,APPROVAL_LIMIT,Transaction processed with approval from an officer whose delegated authority was 41% below the required threshold.,0.407,RESOLVED,2024-03-23,2024-03-25
FND-001134,INV-00012,HIGH,EXPIRED_COMPLIANCE,"Payment of $250,390 released to WavePath Inc Group whose PCI-DSS compliance expired 417 days before payment date.",0.676,VALIDATED,2024-06-05,
FND-001135,INV-00324,MEDIUM,POLICY_BREACH,"Claim EXP-187479 violates Policy POL-0006 section 4.2: Office Supplies expenditure capped at $500,000 per event.",0.592,RESOLVED,2021-06-17,2021-06-28
FND-001136,INV-00216,MEDIUM,VENDOR_RISK,"Vendor Gamma_Co holds CRITICAL risk rating. 2 payments totalling $10,832 processed in the audit period.",0.746,ESCALATED,2024-11-04,
FND-001137,INV-00069,MEDIUM,APPROVAL_LIMIT,Transaction processed with approval from an officer whose delegated authority was 25% below the required threshold.,0.691,RESOLVED,2023-05-31,
FND-001138,INV-00153,HIGH,APPROVAL_LIMIT,"Payment of $461,713 approved at Level 2, which has a limit of $25,000. Transaction exceeded limit by $3,365.",0.774,VALIDATED,2023-11-10,2023-11-12
FND-001139,INV-00186,MEDIUM,EXPIRED_COMPLIANCE,"Payment of $20,590 released to JadeCore Solutions Group whose ISO 27001 compliance expired 216 days before payment date.",0.663,VALIDATED,2022-08-26,
FND-001140,INV-00217,CRITICAL,POLICY_BREACH,"Claim EXP-161874 violates Policy POL-0016 section 4.2: Office Supplies expenditure capped at $25,000 per event.",0.847,RESOLVED,2024-12-02,2024-12-14
FND-001141,INV-00361,LOW,APPROVAL_LIMIT,"Payment of $184,101 approved at Level 3, which has a limit of $100,000. Transaction exceeded limit by $14,695.",0.52,ESCALATED,2023-11-15,2023-11-17
FND-001142,INV-00226,HIGH,VENDOR_RISK,"High-risk vendor LatticeCore Partners has no compliance record on file. Payment of $92,586 released without compliance clearance.",0.78,RESOLVED,2021-06-12,2021-07-10
FND-001143,INV-00137,LOW,POLICY_BREACH,"Claim EXP-174655 violates Policy POL-0018 section 4.2: Travel expenditure capped at $25,000 per event.",0.623,VALIDATED,2023-05-30,2023-06-10
FND-001144,INV-00098,MEDIUM,FRAUD_PATTERN,Transaction routed through 6 intermediate accounts before reaching final beneficiary. Unusual for CASH_OUT transaction type.,0.748,OPEN,2021-11-04,2021-11-16
FND-001145,INV-00481,MEDIUM,POLICY_BREACH,"Claim EXP-184080 violates Policy POL-0009 section 4.2: Training expenditure capped at $5,000 per event.",0.616,VALIDATED,2023-06-26,2023-07-24
FND-001146,INV-00470,HIGH,MISSING_RECEIPT,"Employee EMP-54700 submitted 8 claims totalling $14,885 without receipts in the review period.",0.682,RESOLVED,2023-09-25,2023-10-18
FND-001147,INV-00445,LOW,MISSING_RECEIPT,"Reimbursement of $150,308 for Accommodation was approved despite no receipt documentation in the system.",0.382,VALIDATED,2022-09-10,
FND-001148,INV-00161,MEDIUM,VENDOR_RISK,"Vendor WaveCore Manufacturing Inc holds CRITICAL risk rating. 5 payments totalling $13,608 processed in the audit period.",0.653,VALIDATED,2023-08-07,2023-09-04
FND-001149,INV-00157,HIGH,MISSING_RECEIPT,Expense claim EXP-161745 submitted for Equipment without an attached supporting receipt.,0.812,OPEN,2023-10-01,2023-10-29
FND-001150,INV-00369,LOW,MISSING_RECEIPT,Expense claim missing receipt. Policy POL-0009 requires receipts for all claims above $75.,0.553,VALIDATED,2022-03-26,2022-03-27
FND-001151,INV-00335,MEDIUM,MISSING_RECEIPT,Expense claim EXP-169810 submitted for Software without an attached supporting receipt.,0.539,OPEN,2022-07-30,2022-08-18
FND-001152,INV-00393,MEDIUM,FRAUD_PATTERN,Employee EMP-20256 submitted 3 expense claims within 72 hours for identical amounts — potential duplicate fraud pattern.,0.645,ESCALATED,2024-12-20,
FND-001153,INV-00453,MEDIUM,MISSING_RECEIPT,Expense claim EXP-153858 submitted for Software without an attached supporting receipt.,0.579,OPEN,2023-09-19,2023-10-07
FND-001154,INV-00366,MEDIUM,POLICY_BREACH,"Expense claim of $83,612 for Consulting exceeds the policy maximum of $100,000. Overage: $11,728.",0.562,OPEN,2023-10-20,
FND-001155,INV-00206,MEDIUM,VENDOR_RISK,"Vendor VoltEdge Solutions Inc holds CRITICAL risk rating. 7 payments totalling $12,824 processed in the audit period.",0.452,OPEN,2022-03-09,2022-03-12
FND-001156,INV-00364,LOW,VENDOR_RISK,"High-risk vendor MomentumCore Corp has no compliance record on file. Payment of $315,230 released without compliance clearance.",0.591,OPEN,2021-06-26,
FND-001157,INV-00011,CRITICAL,VENDOR_RISK,"BLACKLISTED vendor VND-VND-04571 received payment of $136,814 via contract CON-100585 that was not updated following blacklisting.",0.941,VALIDATED,2024-01-05,2024-01-15
FND-001158,INV-00464,LOW,FRAUD_PATTERN,"Round-number transaction of $254,502 processed at 05:16 — outside standard business hours. Flagged by anomaly detection.",0.602,VALIDATED,2021-07-05,2021-07-26
FND-001159,INV-00498,MEDIUM,POLICY_BREACH,"Claim EXP-173676 violates Policy POL-0020 section 4.2: Office Supplies expenditure capped at $500,000 per event.",0.679,RESOLVED,2022-07-09,2022-07-15
FND-001160,INV-00206,HIGH,MISSING_RECEIPT,Expense claim missing receipt. Policy POL-0018 requires receipts for all claims above $200.,0.778,RESOLVED,2021-07-03,
FND-001161,INV-00459,LOW,POLICY_BREACH,"Entertainment expense of $251,815 submitted by EMP-47617 exceeds monthly policy allowance of $500,000.",0.325,VALIDATED,2023-10-10,2023-10-24
FND-001162,INV-00421,MEDIUM,EXPIRED_COMPLIANCE,"Payment of $32,372 released to Beta_Supplies LLC whose ISO 27001 compliance expired 273 days before payment date.",0.682,OPEN,2021-09-14,2021-10-14
FND-001163,INV-00407,LOW,VENDOR_RISK,Payment issued to VND-VND-01660 rated LOW risk. Active contract CON-102076 in place. Enhanced due diligence not documented.,0.215,RESOLVED,2024-05-20,2024-06-07
FND-001164,INV-00247,MEDIUM,MISSING_RECEIPT,Expense claim missing receipt. Policy POL-0003 requires receipts for all claims above $200.,0.465,RESOLVED,2021-11-19,2021-11-21
FND-001165,INV-00166,LOW,VENDOR_RISK,"High-risk vendor OpenBridge Systems Ltd has no compliance record on file. Payment of $391,240 released without compliance clearance.",0.274,VALIDATED,2024-05-24,2024-06-05
FND-001166,INV-00004,MEDIUM,MISSING_RECEIPT,Expense claim EXP-150090 submitted for Travel without an attached supporting receipt.,0.462,VALIDATED,2024-12-28,
FND-001167,INV-00039,HIGH,EXPIRED_COMPLIANCE,"Payment of $332,002 released to WaveCore Manufacturing Ltd whose GDPR compliance expired 381 days before payment date.",0.715,VALIDATED,2022-01-16,2022-01-30
FND-001168,INV-00271,MEDIUM,MISSING_RECEIPT,Expense claim EXP-194143 submitted for Consulting without an attached supporting receipt.,0.557,RESOLVED,2022-09-04,2022-09-26
FND-001169,INV-00309,HIGH,MISSING_RECEIPT,Expense claim missing receipt. Policy POL-0011 requires receipts for all claims above $100.,0.661,ESCALATED,2023-01-02,2023-01-07
FND-001170,INV-00090,MEDIUM,APPROVAL_LIMIT,Transaction processed with approval from an officer whose delegated authority was 67% below the required threshold.,0.614,OPEN,2022-04-30,2022-05-05
FND-001171,INV-00239,MEDIUM,VENDOR_RISK,"BLACKLISTED vendor VND-VND-00123 received payment of $430,052 via contract CON-108020 that was not updated following blacklisting.",0.621,ESCALATED,2024-05-21,2024-06-13
FND-001172,INV-00174,CRITICAL,MISSING_RECEIPT,Expense claim EXP-131659 submitted for Entertainment without an attached supporting receipt.,0.982,RESOLVED,2022-12-21,2022-12-28
FND-001173,INV-00164,MEDIUM,EXPIRED_COMPLIANCE,Procurement team processed payment without checking compliance status. Certificate had been expired for 117 days.,0.725,ESCALATED,2022-04-22,2022-05-15
FND-001174,INV-00218,MEDIUM,POLICY_BREACH,"Claim EXP-107593 violates Policy POL-0014 section 4.2: Accommodation expenditure capped at $500,000 per event.",0.418,OPEN,2024-10-20,2024-11-19
FND-001175,INV-00184,MEDIUM,EXPIRED_COMPLIANCE,"Vendor VND-VND-03699 received payment of $208,828 on 2022-07-09. Compliance certificate expired on 2020-12-18 — 397 days prior.",0.404,RESOLVED,2021-12-21,2022-01-05
FND-001176,INV-00167,LOW,VENDOR_RISK,"High-risk vendor EdgeWave Technologies Inc has no compliance record on file. Payment of $395,050 released without compliance clearance.",0.383,RESOLVED,2022-04-10,2022-04-23
FND-001177,INV-00279,CRITICAL,EXPIRED_COMPLIANCE,"Vendor VND-VND-01789 received payment of $57,513 on 2022-01-15. Compliance certificate expired on 2022-10-23 — 154 days prior.",0.793,RESOLVED,2022-01-11,2022-01-16
FND-001178,INV-00049,LOW,POLICY_BREACH,"Entertainment expense of $300,784 submitted by EMP-98902 exceeds monthly policy allowance of $25,000.",0.375,OPEN,2024-01-29,2024-02-07
FND-001179,INV-00106,LOW,POLICY_BREACH,Employee submitted Travel claim 15% above the authorised policy limit without prior exception approval.,0.554,VALIDATED,2022-10-29,
FND-001180,INV-00031,LOW,EXPIRED_COMPLIANCE,"Payment of $29,227 released to OpenBridge Systems whose PCI-DSS compliance expired 183 days before payment date.",0.428,OPEN,2023-08-03,2023-08-06
FND-001181,INV-00173,MEDIUM,MISSING_RECEIPT,"Reimbursement of $229,197 for Consulting was approved despite no receipt documentation in the system.",0.658,VALIDATED,2021-11-07,2021-11-22
FND-001182,INV-00492,LOW,MISSING_RECEIPT,"Employee EMP-32102 submitted 4 claims totalling $15,226 without receipts in the review period.",0.245,VALIDATED,2024-07-13,2024-07-16
FND-001183,INV-00221,MEDIUM,MISSING_RECEIPT,"Reimbursement of $44,017 for Accommodation was approved despite no receipt documentation in the system.",0.667,ESCALATED,2023-03-13,2023-04-07
FND-001184,INV-00223,MEDIUM,POLICY_BREACH,Employee submitted Travel claim 41% above the authorised policy limit without prior exception approval.,0.713,VALIDATED,2024-02-14,2024-03-03
FND-001185,INV-00373,LOW,EXPIRED_COMPLIANCE,Procurement team processed payment without checking compliance status. Certificate had been expired for 188 days.,0.598,OPEN,2022-11-04,2022-11-17
FND-001186,INV-00401,CRITICAL,MISSING_RECEIPT,Expense claim EXP-127199 submitted for Training without an attached supporting receipt.,0.942,VALIDATED,2021-09-24,2021-10-12
FND-001187,INV-00049,MEDIUM,EXPIRED_COMPLIANCE,Procurement team processed payment without checking compliance status. Certificate had been expired for 312 days.,0.722,OPEN,2024-12-11,
FND-001188,INV-00255,LOW,APPROVAL_LIMIT,"Escalation protocol was bypassed. Transaction valued at $263,919 was approved at L2 without L4 countersignature.",0.4,OPEN,2023-06-04,2023-06-20
FND-001189,INV-00089,MEDIUM,POLICY_BREACH,Employee submitted Software claim 6% above the authorised policy limit without prior exception approval.,0.463,OPEN,2023-09-24,2023-10-12
FND-001190,INV-00438,HIGH,VENDOR_RISK,Payment issued to VND-VND-04846 rated LOW risk. Active contract CON-103548 in place. Enhanced due diligence not documented.,0.605,RESOLVED,2024-11-17,2024-11-21
FND-001191,INV-00354,MEDIUM,FRAUD_PATTERN,Employee EMP-90518 submitted 6 expense claims within 72 hours for identical amounts — potential duplicate fraud pattern.,0.582,VALIDATED,2024-04-15,2024-05-13
FND-001192,INV-00228,HIGH,EXPIRED_COMPLIANCE,"Vendor VND-VND-00696 received payment of $356,660 on 2022-02-22. Compliance certificate expired on 2020-03-20 — 223 days prior.",0.763,VALIDATED,2022-03-12,2022-04-10
FND-001193,INV-00447,MEDIUM,APPROVAL_LIMIT,"Payment of $53,587 approved at Level 2, which has a limit of $100,000. Transaction exceeded limit by $20,614.",0.589,RESOLVED,2023-12-18,2023-12-20
FND-001194,INV-00150,MEDIUM,EXPIRED_COMPLIANCE,"Vendor VND-VND-03923 received payment of $297,592 on 2022-07-17. Compliance certificate expired on 2020-06-04 — 62 days prior.",0.56,VALIDATED,2022-06-05,2022-07-04
FND-001195,INV-00476,LOW,EXPIRED_COMPLIANCE,Compliance record CMP-101566 for vendor MeridianTech Holdings was in EXPIRED status at time of payment processing.,0.626,VALIDATED,2023-09-07,2023-10-01
FND-001196,INV-00199,LOW,VENDOR_RISK,"BLACKLISTED vendor VND-VND-03459 received payment of $473,344 via contract CON-103837 that was not updated following blacklisting.",0.571,RESOLVED,2022-09-27,
FND-001197,INV-00464,HIGH,EXPIRED_COMPLIANCE,Compliance record CMP-105474 for vendor IronPoint Manufacturing LLC was in EXPIRED status at time of payment processing.,0.728,RESOLVED,2022-05-04,2022-05-20
FND-001198,INV-00297,MEDIUM,VENDOR_RISK,"High-risk vendor EdgeWave Technologies International has no compliance record on file. Payment of $167,946 released without compliance clearance.",0.596,OPEN,2024-10-31,2024-11-11
FND-001199,INV-00242,HIGH,EXPIRED_COMPLIANCE,Procurement team processed payment without checking compliance status. Certificate had been expired for 294 days.,0.688,FALSE_POSITIVE,2023-10-26,2023-10-31
FND-001200,INV-00184,MEDIUM,EXPIRED_COMPLIANCE,Compliance record CMP-104622 for vendor PrimeAxis Corp International was in EXPIRED status at time of payment processing.,0.69,VALIDATED,2021-09-27,
FND-001201,INV-00468,LOW,EXPIRED_COMPLIANCE,"Payment of $204,575 released to Apex Solutions whose SOC 2 compliance expired 26 days before payment date.",0.278,VALIDATED,2021-08-08,
FND-001202,INV-00440,MEDIUM,POLICY_BREACH,"Entertainment expense of $181,225 submitted by EMP-52159 exceeds monthly policy allowance of $100,000.",0.414,OPEN,2024-11-25,2024-12-07
FND-001203,INV-00065,HIGH,EXPIRED_COMPLIANCE,"Payment of $489,378 released to HorizonEdge Inc Ltd whose PCI-DSS compliance expired 43 days before payment date.",0.651,OPEN,2022-09-05,2022-09-09
FND-001204,INV-00136,LOW,APPROVAL_LIMIT,Transaction processed with approval from an officer whose delegated authority was 29% below the required threshold.,0.278,RESOLVED,2022-05-14,
FND-001205,INV-00426,MEDIUM,VENDOR_RISK,"BLACKLISTED vendor VND-VND-00822 received payment of $209,706 via contract CON-106434 that was not updated following blacklisting.",0.644,OPEN,2022-06-14,
FND-001206,INV-00336,LOW,EXPIRED_COMPLIANCE,Procurement team processed payment without checking compliance status. Certificate had been expired for 204 days.,0.374,RESOLVED,2024-04-01,
FND-001207,INV-00224,MEDIUM,MISSING_RECEIPT,"Employee EMP-19293 submitted 8 claims totalling $16,479 without receipts in the review period.",0.573,ESCALATED,2022-08-24,2022-09-06
FND-001208,INV-00075,MEDIUM,VENDOR_RISK,"High-risk vendor FusionCore Analytics LLC has no compliance record on file. Payment of $107,629 released without compliance clearance.",0.715,RESOLVED,2022-07-11,2022-07-20
FND-001209,INV-00114,CRITICAL,MISSING_RECEIPT,"Reimbursement of $225,248 for Equipment was approved despite no receipt documentation in the system.",0.952,RESOLVED,2024-03-27,2024-04-20
FND-001210,INV-00241,MEDIUM,VENDOR_RISK,Payment issued to VND-VND-01212 rated LOW risk. Active contract CON-107280 in place. Enhanced due diligence not documented.,0.569,RESOLVED,2023-03-08,2023-03-10
FND-001211,INV-00005,LOW,VENDOR_RISK,Payment issued to VND-VND-02894 rated LOW risk. Active contract CON-103545 in place. Enhanced due diligence not documented.,0.234,ESCALATED,2024-07-21,
FND-001212,INV-00016,MEDIUM,FRAUD_PATTERN,Employee EMP-64625 submitted 7 expense claims within 72 hours for identical amounts — potential duplicate fraud pattern.,0.738,VALIDATED,2022-02-10,2022-03-08
FND-001213,INV-00158,MEDIUM,MISSING_RECEIPT,"Employee EMP-28330 submitted 8 claims totalling $8,552 without receipts in the review period.",0.702,FALSE_POSITIVE,2021-09-13,
FND-001214,INV-00090,CRITICAL,MISSING_RECEIPT,"Employee EMP-92706 submitted 4 claims totalling $1,384 without receipts in the review period.",0.802,FALSE_POSITIVE,2024-06-21,2024-06-30
FND-001215,INV-00461,LOW,APPROVAL_LIMIT,"Payment of $232,195 approved at Level 1, which has a limit of $500,000. Transaction exceeded limit by $20,122.",0.59,OPEN,2021-07-18,2021-07-28
FND-001216,INV-00236,MEDIUM,MISSING_RECEIPT,Expense claim EXP-122138 submitted for Travel without an attached supporting receipt.,0.725,VALIDATED,2024-05-04,
FND-001217,INV-00152,LOW,FRAUD_PATTERN,Employee EMP-23481 submitted 8 expense claims within 72 hours for identical amounts — potential duplicate fraud pattern.,0.542,RESOLVED,2021-08-23,2021-08-24
FND-001218,INV-00059,MEDIUM,MISSING_RECEIPT,Expense claim EXP-120812 submitted for Equipment without an attached supporting receipt.,0.592,RESOLVED,2022-10-05,2022-10-06
FND-001219,INV-00053,LOW,MISSING_RECEIPT,"Employee EMP-51788 submitted 5 claims totalling $5,528 without receipts in the review period.",0.327,ESCALATED,2021-12-10,2021-12-25
FND-001220,INV-00129,LOW,APPROVAL_LIMIT,"Payment of $214,815 approved at Level 2, which has a limit of $5,000. Transaction exceeded limit by $10,663.",0.209,ESCALATED,2022-11-18,2022-11-19
FND-001221,INV-00418,HIGH,FRAUD_PATTERN,"Split payment pattern detected: 7 transactions to same beneficiary totalling $18,111 — each below approval threshold of $25,000.",0.738,RESOLVED,2023-08-25,2023-09-04
FND-001222,INV-00150,MEDIUM,APPROVAL_LIMIT,"Escalation protocol was bypassed. Transaction valued at $278,512 was approved at L3 without L4 countersignature.",0.628,OPEN,2021-06-11,2021-06-28
FND-001223,INV-00281,HIGH,VENDOR_RISK,"High-risk vendor VertiLink Distributors LLC has no compliance record on file. Payment of $347,121 released without compliance clearance.",0.705,OPEN,2024-01-06,
FND-001224,INV-00244,LOW,VENDOR_RISK,"BLACKLISTED vendor VND-VND-00541 received payment of $496,921 via contract CON-109140 that was not updated following blacklisting.",0.488,RESOLVED,2021-07-01,
FND-001225,INV-00167,MEDIUM,EXPIRED_COMPLIANCE,Procurement team processed payment without checking compliance status. Certificate had been expired for 130 days.,0.48,FALSE_POSITIVE,2023-06-15,
FND-001226,INV-00474,CRITICAL,MISSING_RECEIPT,Expense claim EXP-125186 submitted for Meals without an attached supporting receipt.,0.831,VALIDATED,2022-01-04,2022-01-26
FND-001227,INV-00235,HIGH,POLICY_BREACH,"Expense claim of $345,695 for Software exceeds the policy maximum of $25,000. Overage: $31,674.",0.823,OPEN,2023-08-26,
FND-001228,INV-00417,MEDIUM,APPROVAL_LIMIT,Transaction processed with approval from an officer whose delegated authority was 74% below the required threshold.,0.471,OPEN,2023-08-27,
FND-001229,INV-00237,MEDIUM,VENDOR_RISK,Payment issued to VND-VND-00710 rated LOW risk. Active contract CON-105120 in place. Enhanced due diligence not documented.,0.477,RESOLVED,2022-04-09,2022-05-05
FND-001230,INV-00112,LOW,APPROVAL_LIMIT,"Approval granted by EMP-14431 who was not authorised to approve amounts above $5,000. Transaction value: $4,994.",0.625,OPEN,2022-12-25,2023-01-11
FND-001231,INV-00284,HIGH,MISSING_RECEIPT,"Reimbursement of $105,106 for Accommodation was approved despite no receipt documentation in the system.",0.633,OPEN,2023-04-07,2023-04-17
FND-001232,INV-00134,MEDIUM,MISSING_RECEIPT,"Reimbursement of $27,491 for Marketing was approved despite no receipt documentation in the system.",0.624,OPEN,2024-03-13,2024-04-09
FND-001233,INV-00352,MEDIUM,MISSING_RECEIPT,"Employee EMP-97275 submitted 2 claims totalling $16,882 without receipts in the review period.",0.691,OPEN,2024-12-19,
FND-001234,INV-00407,LOW,POLICY_BREACH,"Expense claim of $297,783 for Equipment exceeds the policy maximum of $100,000. Overage: $46,911.",0.64,ESCALATED,2024-11-02,2024-11-16
FND-001235,INV-00284,MEDIUM,FRAUD_PATTERN,Transaction routed through 6 intermediate accounts before reaching final beneficiary. Unusual for TRANSFER transaction type.,0.629,RESOLVED,2022-06-15,2022-06-20
FND-001236,INV-00499,LOW,EXPIRED_COMPLIANCE,Procurement team processed payment without checking compliance status. Certificate had been expired for 180 days.,0.388,RESOLVED,2023-09-07,
FND-001237,INV-00490,MEDIUM,EXPIRED_COMPLIANCE,Compliance record CMP-109480 for vendor LucentBridge Technologies International was in EXPIRED status at time of payment processing.,0.543,OPEN,2024-11-04,2024-11-19
FND-001238,INV-00312,HIGH,POLICY_BREACH,"Expense claim of $45,377 for Marketing exceeds the policy maximum of $5,000. Overage: $48,498.",0.876,RESOLVED,2021-07-28,2021-08-23
FND-001239,INV-00163,HIGH,POLICY_BREACH,Employee submitted Marketing claim 29% above the authorised policy limit without prior exception approval.,0.714,OPEN,2023-10-28,2023-11-05
FND-001240,INV-00068,MEDIUM,POLICY_BREACH,"Claim EXP-142313 violates Policy POL-0001 section 4.2: Office Supplies expenditure capped at $25,000 per event.",0.552,VALIDATED,2023-03-06,2023-03-10
FND-001241,INV-00129,LOW,APPROVAL_LIMIT,Transaction processed with approval from an officer whose delegated authority was 80% below the required threshold.,0.38,RESOLVED,2023-11-05,2023-11-22
FND-001242,INV-00003,MEDIUM,VENDOR_RISK,Payment issued to VND-VND-01525 rated LOW risk. Active contract CON-102531 in place. Enhanced due diligence not documented.,0.656,VALIDATED,2024-03-14,
FND-001243,INV-00111,CRITICAL,POLICY_BREACH,Employee submitted Marketing claim 38% above the authorised policy limit without prior exception approval.,0.899,VALIDATED,2021-07-16,2021-08-11
FND-001244,INV-00230,MEDIUM,POLICY_BREACH,"Expense claim of $164,369 for Entertainment exceeds the policy maximum of $500,000. Overage: $11,264.",0.42,ESCALATED,2024-06-16,
FND-001245,INV-00087,HIGH,APPROVAL_LIMIT,"Approval granted by EMP-73757 who was not authorised to approve amounts above $5,000. Transaction value: $123,201.",0.671,ESCALATED,2024-09-11,2024-10-01
FND-001246,INV-00250,HIGH,MISSING_RECEIPT,"Reimbursement of $365,316 for Entertainment was approved despite no receipt documentation in the system.",0.823,VALIDATED,2023-10-10,
FND-001247,INV-00198,MEDIUM,VENDOR_RISK,"High-risk vendor GreenBridge Consulting has no compliance record on file. Payment of $264,764 released without compliance clearance.",0.531,RESOLVED,2023-06-14,
FND-001248,INV-00467,MEDIUM,APPROVAL_LIMIT,"Escalation protocol was bypassed. Transaction valued at $373,641 was approved at L2 without L5 countersignature.",0.673,RESOLVED,2023-06-14,2023-06-15
FND-001249,INV-00033,MEDIUM,VENDOR_RISK,"High-risk vendor YellowBridge Partners has no compliance record on file. Payment of $92,194 released without compliance clearance.",0.557,RESOLVED,2023-03-31,2023-04-08
FND-001250,INV-00260,LOW,POLICY_BREACH,"Claim EXP-117936 violates Policy POL-0016 section 4.2: Equipment expenditure capped at $5,000 per event.",0.388,OPEN,2024-05-07,2024-05-18
FND-001251,INV-00190,MEDIUM,POLICY_BREACH,Employee submitted Software claim 54% above the authorised policy limit without prior exception approval.,0.507,OPEN,2023-05-20,
FND-001252,INV-00048,MEDIUM,VENDOR_RISK,"Vendor YieldPoint Partners International holds CRITICAL risk rating. 7 payments totalling $17,435 processed in the audit period.",0.592,OPEN,2024-09-11,2024-09-23
FND-001253,INV-00437,MEDIUM,VENDOR_RISK,"Vendor YieldPoint Partners Group holds CRITICAL risk rating. 6 payments totalling $10,098 processed in the audit period.",0.688,VALIDATED,2023-07-04,2023-07-14
FND-001254,INV-00040,LOW,POLICY_BREACH,"Entertainment expense of $24,427 submitted by EMP-46662 exceeds monthly policy allowance of $100,000.",0.344,VALIDATED,2024-12-17,2025-01-12
FND-001255,INV-00046,MEDIUM,MISSING_RECEIPT,"Employee EMP-22230 submitted 8 claims totalling $9,137 without receipts in the review period.",0.465,VALIDATED,2023-01-03,
FND-001256,INV-00293,LOW,VENDOR_RISK,Payment issued to VND-VND-03276 rated LOW risk. Active contract CON-103653 in place. Enhanced due diligence not documented.,0.207,VALIDATED,2023-04-14,2023-04-18
FND-001257,INV-00309,LOW,FRAUD_PATTERN,Employee EMP-49801 submitted 8 expense claims within 72 hours for identical amounts — potential duplicate fraud pattern.,0.466,VALIDATED,2024-11-22,2024-12-22
FND-001258,INV-00276,MEDIUM,VENDOR_RISK,"BLACKLISTED vendor VND-VND-00026 received payment of $271,940 via contract CON-102455 that was not updated following blacklisting.",0.739,VALIDATED,2024-05-15,2024-05-31
FND-001259,INV-00284,LOW,VENDOR_RISK,"BLACKLISTED vendor VND-VND-00318 received payment of $12,625 via contract CON-101084 that was not updated following blacklisting.",0.362,RESOLVED,2023-07-24,2023-08-21
FND-001260,INV-00285,LOW,FRAUD_PATTERN,Employee EMP-94409 submitted 5 expense claims within 72 hours for identical amounts — potential duplicate fraud pattern.,0.537,ESCALATED,2021-07-04,2021-07-17
FND-001261,INV-00350,MEDIUM,FRAUD_PATTERN,Employee EMP-15268 submitted 6 expense claims within 72 hours for identical amounts — potential duplicate fraud pattern.,0.655,RESOLVED,2021-07-29,
FND-001262,INV-00104,MEDIUM,APPROVAL_LIMIT,Transaction processed with approval from an officer whose delegated authority was 26% below the required threshold.,0.515,VALIDATED,2023-10-01,2023-10-27
FND-001263,INV-00366,MEDIUM,VENDOR_RISK,"BLACKLISTED vendor VND-VND-04208 received payment of $214,925 via contract CON-103948 that was not updated following blacklisting.",0.606,OPEN,2021-08-09,
FND-001264,INV-00243,MEDIUM,EXPIRED_COMPLIANCE,Compliance record CMP-109850 for vendor Alpha_Inc was in EXPIRED status at time of payment processing.,0.563,RESOLVED,2022-11-19,
FND-001265,INV-00015,MEDIUM,VENDOR_RISK,"Vendor VoltEdge Solutions holds CRITICAL risk rating. 5 payments totalling $4,897 processed in the audit period.",0.7,FALSE_POSITIVE,2022-09-05,2022-09-09
FND-001266,INV-00327,MEDIUM,APPROVAL_LIMIT,"Payment of $450,636 approved at Level 2, which has a limit of $100,000. Transaction exceeded limit by $1,401.",0.405,FALSE_POSITIVE,2021-12-15,2022-01-13
FND-001267,INV-00245,HIGH,POLICY_BREACH,Employee submitted Training claim 12% above the authorised policy limit without prior exception approval.,0.809,RESOLVED,2023-09-03,
FND-001268,INV-00242,HIGH,APPROVAL_LIMIT,Transaction processed with approval from an officer whose delegated authority was 40% below the required threshold.,0.832,OPEN,2023-08-15,2023-08-29
FND-001269,INV-00044,LOW,EXPIRED_COMPLIANCE,"Payment of $453,886 released to JetStream Analytics Inc whose SOC 2 compliance expired 293 days before payment date.",0.356,VALIDATED,2022-07-22,2022-08-14
FND-001270,INV-00312,HIGH,POLICY_BREACH,"Entertainment expense of $414,661 submitted by EMP-92802 exceeds monthly policy allowance of $25,000.",0.868,FALSE_POSITIVE,2023-03-24,2023-04-16
FND-001271,INV-00129,MEDIUM,POLICY_BREACH,"Expense claim of $149,285 for Meals exceeds the policy maximum of $5,000. Overage: $35,007.",0.679,OPEN,2023-02-02,2023-02-18
FND-001272,INV-00150,LOW,MISSING_RECEIPT,"Reimbursement of $40,653 for Entertainment was approved despite no receipt documentation in the system.",0.222,VALIDATED,2023-05-29,2023-06-13
FND-001273,INV-00222,LOW,EXPIRED_COMPLIANCE,"Vendor VND-VND-01226 received payment of $147,522 on 2022-08-23. Compliance certificate expired on 2022-10-08 — 462 days prior.",0.52,OPEN,2021-11-27,2021-12-08
FND-001274,INV-00184,MEDIUM,VENDOR_RISK,Payment issued to VND-VND-01155 rated MEDIUM risk. Active contract CON-107556 in place. Enhanced due diligence not documented.,0.546,OPEN,2022-03-29,2022-04-15
FND-001275,INV-00413,CRITICAL,MISSING_RECEIPT,"Employee EMP-98703 submitted 8 claims totalling $12,859 without receipts in the review period.",0.871,VALIDATED,2024-10-23,2024-11-01
FND-001276,INV-00330,MEDIUM,APPROVAL_LIMIT,"Approval granted by EMP-25401 who was not authorised to approve amounts above $25,000. Transaction value: $53,274.",0.67,RESOLVED,2024-01-03,2024-01-06
FND-001277,INV-00126,MEDIUM,VENDOR_RISK,Payment issued to VND-VND-04700 rated LOW risk. Active contract CON-105642 in place. Enhanced due diligence not documented.,0.462,OPEN,2024-10-03,2024-10-22
FND-001278,INV-00233,MEDIUM,MISSING_RECEIPT,"Employee EMP-57161 submitted 8 claims totalling $9,501 without receipts in the review period.",0.58,OPEN,2022-04-25,2022-05-02
FND-001279,INV-00166,HIGH,APPROVAL_LIMIT,Transaction processed with approval from an officer whose delegated authority was 60% below the required threshold.,0.696,ESCALATED,2024-03-04,2024-03-27
FND-001280,INV-00017,MEDIUM,APPROVAL_LIMIT,"Payment of $135,758 approved at Level 3, which has a limit of $100,000. Transaction exceeded limit by $14,639.",0.637,ESCALATED,2023-02-06,2023-02-08
FND-001281,INV-00217,HIGH,EXPIRED_COMPLIANCE,Procurement team processed payment without checking compliance status. Certificate had been expired for 323 days.,0.611,ESCALATED,2023-10-12,2023-11-11
FND-001282,INV-00217,MEDIUM,VENDOR_RISK,"High-risk vendor OpenBridge Systems LLC has no compliance record on file. Payment of $203,782 released without compliance clearance.",0.658,ESCALATED,2024-07-05,2024-07-24
FND-001283,INV-00012,MEDIUM,POLICY_BREACH,"Entertainment expense of $400,385 submitted by EMP-62760 exceeds monthly policy allowance of $100,000.",0.612,VALIDATED,2023-11-26,2023-12-11
FND-001284,INV-00177,MEDIUM,MISSING_RECEIPT,"Reimbursement of $155,466 for Accommodation was approved despite no receipt documentation in the system.",0.635,RESOLVED,2023-03-13,
FND-001285,INV-00167,MEDIUM,APPROVAL_LIMIT,"Payment of $451,551 approved at Level 1, which has a limit of $500,000. Transaction exceeded limit by $21,494.",0.458,OPEN,2021-08-19,2021-09-08
FND-001286,INV-00278,LOW,POLICY_BREACH,Employee submitted Equipment claim 19% above the authorised policy limit without prior exception approval.,0.552,VALIDATED,2022-04-26,
FND-001287,INV-00090,MEDIUM,EXPIRED_COMPLIANCE,"Payment of $16,622 released to LatticeCore Partners LLC whose SOC 2 compliance expired 126 days before payment date.",0.43,RESOLVED,2023-04-15,2023-04-18
FND-001288,INV-00416,MEDIUM,POLICY_BREACH,"Expense claim of $321,514 for Office Supplies exceeds the policy maximum of $500,000. Overage: $23,928.",0.706,RESOLVED,2023-11-10,
FND-001289,INV-00126,LOW,APPROVAL_LIMIT,Transaction processed with approval from an officer whose delegated authority was 44% below the required threshold.,0.386,FALSE_POSITIVE,2024-10-25,2024-11-19
FND-001290,INV-00465,MEDIUM,MISSING_RECEIPT,Expense claim EXP-106770 submitted for Office Supplies without an attached supporting receipt.,0.731,VALIDATED,2024-12-04,2024-12-16
FND-001291,INV-00239,MEDIUM,FRAUD_PATTERN,Employee EMP-86235 submitted 8 expense claims within 72 hours for identical amounts — potential duplicate fraud pattern.,0.521,VALIDATED,2023-06-09,
FND-001292,INV-00074,MEDIUM,MISSING_RECEIPT,"Reimbursement of $342,054 for Training was approved despite no receipt documentation in the system.",0.494,VALIDATED,2021-10-05,2021-10-13
FND-001293,INV-00270,MEDIUM,MISSING_RECEIPT,Expense claim missing receipt. Policy POL-0018 requires receipts for all claims above $50.,0.568,VALIDATED,2024-12-25,2025-01-19
FND-001294,INV-00079,LOW,FRAUD_PATTERN,"Split payment pattern detected: 8 transactions to same beneficiary totalling $9,998 — each below approval threshold of $25,000.",0.331,ESCALATED,2022-07-22,
FND-001295,INV-00337,MEDIUM,MISSING_RECEIPT,"Employee EMP-73578 submitted 6 claims totalling $13,634 without receipts in the review period.",0.505,VALIDATED,2024-08-29,
FND-001296,INV-00063,HIGH,EXPIRED_COMPLIANCE,Procurement team processed payment without checking compliance status. Certificate had been expired for 106 days.,0.895,OPEN,2024-03-05,2024-03-18
FND-001297,INV-00006,MEDIUM,VENDOR_RISK,Vendor Apex Solutions Ltd holds CRITICAL risk rating. 6 payments totalling $996 processed in the audit period.,0.472,FALSE_POSITIVE,2024-06-28,2024-07-09
FND-001298,INV-00349,HIGH,VENDOR_RISK,"High-risk vendor HorizonEdge Inc Group has no compliance record on file. Payment of $449,008 released without compliance clearance.",0.809,ESCALATED,2021-12-18,2022-01-14
FND-001299,INV-00061,HIGH,POLICY_BREACH,"Expense claim of $426,083 for Marketing exceeds the policy maximum of $25,000. Overage: $15,311.",0.765,FALSE_POSITIVE,2022-04-15,2022-05-06
FND-001300,INV-00456,MEDIUM,APPROVAL_LIMIT,"Approval granted by EMP-90716 who was not authorised to approve amounts above $100,000. Transaction value: $412,144.",0.639,VALIDATED,2023-04-29,2023-05-14
FND-001301,INV-00293,LOW,EXPIRED_COMPLIANCE,"Payment of $488,017 released to LatticeCore Partners LLC whose ISO 27001 compliance expired 488 days before payment date.",0.271,OPEN,2022-06-03,
FND-001302,INV-00446,LOW,VENDOR_RISK,Payment issued to VND-VND-04383 rated MEDIUM risk. Active contract CON-107138 in place. Enhanced due diligence not documented.,0.563,VALIDATED,2023-08-10,2023-08-11
FND-001303,INV-00474,LOW,EXPIRED_COMPLIANCE,"Vendor VND-VND-04464 received payment of $153,804 on 2022-09-01. Compliance certificate expired on 2022-10-18 — 125 days prior.",0.485,ESCALATED,2023-03-29,2023-04-02
FND-001304,INV-00091,MEDIUM,POLICY_BREACH,Employee submitted Training claim 69% above the authorised policy limit without prior exception approval.,0.714,ESCALATED,2023-08-26,
FND-001305,INV-00007,MEDIUM,VENDOR_RISK,"High-risk vendor FlowBridge Inc has no compliance record on file. Payment of $65,545 released without compliance clearance.",0.571,FALSE_POSITIVE,2022-05-26,2022-06-19
FND-001306,INV-00463,CRITICAL,POLICY_BREACH,Employee submitted Meals claim 62% above the authorised policy limit without prior exception approval.,0.793,VALIDATED,2021-12-26,2022-01-08
FND-001307,INV-00448,MEDIUM,MISSING_RECEIPT,Expense claim EXP-166821 submitted for Office Supplies without an attached supporting receipt.,0.453,FALSE_POSITIVE,2023-08-13,
FND-001308,INV-00385,LOW,MISSING_RECEIPT,"Reimbursement of $241,597 for Software was approved despite no receipt documentation in the system.",0.538,RESOLVED,2024-06-26,2024-07-14
FND-001309,INV-00137,MEDIUM,MISSING_RECEIPT,Expense claim EXP-112491 submitted for Office Supplies without an attached supporting receipt.,0.659,VALIDATED,2024-06-14,2024-06-22
FND-001310,INV-00324,MEDIUM,MISSING_RECEIPT,Expense claim missing receipt. Policy POL-0004 requires receipts for all claims above $50.,0.438,OPEN,2023-02-24,
FND-001311,INV-00427,HIGH,VENDOR_RISK,"High-risk vendor PrimeAxis Corp Ltd has no compliance record on file. Payment of $317,807 released without compliance clearance.",0.736,OPEN,2024-12-16,
FND-001312,INV-00199,MEDIUM,MISSING_RECEIPT,Expense claim missing receipt. Policy POL-0007 requires receipts for all claims above $200.,0.564,VALIDATED,2024-10-21,
FND-001313,INV-00091,MEDIUM,FRAUD_PATTERN,Transaction routed through 2 intermediate accounts before reaching final beneficiary. Unusual for TRANSFER transaction type.,0.515,VALIDATED,2023-11-12,2023-12-07
FND-001314,INV-00131,MEDIUM,APPROVAL_LIMIT,Transaction processed with approval from an officer whose delegated authority was 19% below the required threshold.,0.525,VALIDATED,2023-04-09,2023-04-10
FND-001315,INV-00262,HIGH,APPROVAL_LIMIT,"Escalation protocol was bypassed. Transaction valued at $437,809 was approved at L3 without L5 countersignature.",0.792,RESOLVED,2022-04-29,
FND-001316,INV-00427,LOW,EXPIRED_COMPLIANCE,Compliance record CMP-108720 for vendor OpenBridge Systems Group was in EXPIRED status at time of payment processing.,0.516,OPEN,2022-10-06,
FND-001317,INV-00253,MEDIUM,VENDOR_RISK,"High-risk vendor Delta_Logistics Holdings has no compliance record on file. Payment of $223,102 released without compliance clearance.",0.605,ESCALATED,2024-01-18,
FND-001318,INV-00155,HIGH,APPROVAL_LIMIT,Transaction processed with approval from an officer whose delegated authority was 47% below the required threshold.,0.806,VALIDATED,2024-11-28,2024-12-23
FND-001319,INV-00210,LOW,POLICY_BREACH,"Entertainment expense of $124,368 submitted by EMP-27679 exceeds monthly policy allowance of $25,000.",0.601,VALIDATED,2021-08-29,2021-09-08
FND-001320,INV-00009,LOW,APPROVAL_LIMIT,"Escalation protocol was bypassed. Transaction valued at $380,320 was approved at L2 without L4 countersignature.",0.342,VALIDATED,2022-03-23,2022-04-13
FND-001321,INV-00387,MEDIUM,VENDOR_RISK,"High-risk vendor SilverPath Holdings has no compliance record on file. Payment of $107,795 released without compliance clearance.",0.405,VALIDATED,2024-02-10,2024-02-29
FND-001322,INV-00090,MEDIUM,APPROVAL_LIMIT,"Escalation protocol was bypassed. Transaction valued at $55,243 was approved at L3 without L4 countersignature.",0.667,OPEN,2022-05-06,2022-05-19
FND-001323,INV-00397,MEDIUM,APPROVAL_LIMIT,"Payment of $459,184 approved at Level 1, which has a limit of $500,000. Transaction exceeded limit by $36,513.",0.522,RESOLVED,2024-05-29,2024-06-28
FND-001324,INV-00190,LOW,MISSING_RECEIPT,"Employee EMP-45240 submitted 3 claims totalling $6,887 without receipts in the review period.",0.202,RESOLVED,2023-09-21,2023-10-16
FND-001325,INV-00173,MEDIUM,VENDOR_RISK,"BLACKLISTED vendor VND-VND-01121 received payment of $475,851 via contract CON-101431 that was not updated following blacklisting.",0.667,OPEN,2022-05-06,2022-05-27
FND-001326,INV-00396,MEDIUM,APPROVAL_LIMIT,"Approval granted by EMP-94224 who was not authorised to approve amounts above $500,000. Transaction value: $288,085.",0.418,RESOLVED,2024-10-23,2024-11-09
FND-001327,INV-00475,HIGH,EXPIRED_COMPLIANCE,Procurement team processed payment without checking compliance status. Certificate had been expired for 289 days.,0.724,RESOLVED,2021-12-24,
FND-001328,INV-00213,LOW,MISSING_RECEIPT,Expense claim EXP-103187 submitted for Meals without an attached supporting receipt.,0.286,RESOLVED,2022-08-02,
FND-001329,INV-00174,CRITICAL,FRAUD_PATTERN,Employee EMP-92678 submitted 5 expense claims within 72 hours for identical amounts — potential duplicate fraud pattern.,0.82,OPEN,2021-06-16,2021-06-20
FND-001330,INV-00061,MEDIUM,APPROVAL_LIMIT,Transaction processed with approval from an officer whose delegated authority was 68% below the required threshold.,0.674,ESCALATED,2023-07-14,2023-07-31
FND-001331,INV-00271,MEDIUM,VENDOR_RISK,"BLACKLISTED vendor VND-VND-00595 received payment of $228,731 via contract CON-105066 that was not updated following blacklisting.",0.499,RESOLVED,2024-09-24,
FND-001332,INV-00033,CRITICAL,MISSING_RECEIPT,Expense claim EXP-111880 submitted for Entertainment without an attached supporting receipt.,0.912,ESCALATED,2022-03-01,2022-03-19
FND-001333,INV-00381,MEDIUM,APPROVAL_LIMIT,"Escalation protocol was bypassed. Transaction valued at $369,896 was approved at L2 without L3 countersignature.",0.499,FALSE_POSITIVE,2024-06-20,
FND-001334,INV-00374,CRITICAL,APPROVAL_LIMIT,"Approval granted by EMP-22689 who was not authorised to approve amounts above $25,000. Transaction value: $207,263.",0.862,VALIDATED,2021-09-25,
FND-001335,INV-00475,CRITICAL,MISSING_RECEIPT,Expense claim missing receipt. Policy POL-0010 requires receipts for all claims above $200.,0.961,ESCALATED,2024-02-09,2024-02-11
FND-001336,INV-00084,HIGH,MISSING_RECEIPT,Expense claim missing receipt. Policy POL-0001 requires receipts for all claims above $50.,0.856,VALIDATED,2021-11-19,2021-11-30
FND-001337,INV-00424,MEDIUM,VENDOR_RISK,Payment issued to VND-VND-03096 rated LOW risk. Active contract CON-104581 in place. Enhanced due diligence not documented.,0.476,VALIDATED,2022-05-25,
FND-001338,INV-00044,LOW,POLICY_BREACH,"Expense claim of $193,188 for Meals exceeds the policy maximum of $5,000. Overage: $39,612.",0.389,VALIDATED,2022-03-28,2022-04-20
FND-001339,INV-00073,LOW,MISSING_RECEIPT,Expense claim EXP-119463 submitted for Marketing without an attached supporting receipt.,0.592,OPEN,2024-08-09,
FND-001340,INV-00334,MEDIUM,MISSING_RECEIPT,"Employee EMP-10533 submitted 8 claims totalling $11,220 without receipts in the review period.",0.734,OPEN,2024-09-20,
FND-001341,INV-00069,LOW,POLICY_BREACH,"Claim EXP-168313 violates Policy POL-0016 section 4.2: Equipment expenditure capped at $25,000 per event.",0.39,VALIDATED,2024-07-13,2024-08-11
FND-001342,INV-00480,CRITICAL,APPROVAL_LIMIT,Transaction processed with approval from an officer whose delegated authority was 78% below the required threshold.,0.956,VALIDATED,2024-03-26,2024-04-04
FND-001343,INV-00285,MEDIUM,MISSING_RECEIPT,"Reimbursement of $221,339 for Meals was approved despite no receipt documentation in the system.",0.708,RESOLVED,2024-10-26,2024-11-15
FND-001344,INV-00314,LOW,VENDOR_RISK,"Vendor VertiLink Distributors LLC holds CRITICAL risk rating. 3 payments totalling $17,598 processed in the audit period.",0.546,RESOLVED,2023-10-30,2023-11-23
FND-001345,INV-00258,MEDIUM,APPROVAL_LIMIT,Transaction processed with approval from an officer whose delegated authority was 71% below the required threshold.,0.421,VALIDATED,2023-07-27,2023-08-15
FND-001346,INV-00198,LOW,MISSING_RECEIPT,Expense claim EXP-156728 submitted for Accommodation without an attached supporting receipt.,0.34,VALIDATED,2024-07-27,2024-08-03
FND-001347,INV-00395,MEDIUM,MISSING_RECEIPT,Expense claim EXP-113795 submitted for Travel without an attached supporting receipt.,0.445,VALIDATED,2022-01-04,
FND-001348,INV-00217,HIGH,MISSING_RECEIPT,"Reimbursement of $26,280 for Marketing was approved despite no receipt documentation in the system.",0.856,OPEN,2024-10-15,2024-10-23
FND-001349,INV-00023,HIGH,VENDOR_RISK,"BLACKLISTED vendor VND-VND-03729 received payment of $437,953 via contract CON-107409 that was not updated following blacklisting.",0.823,OPEN,2022-08-21,2022-09-04
FND-001350,INV-00415,MEDIUM,APPROVAL_LIMIT,"Payment of $153,789 approved at Level 3, which has a limit of $500,000. Transaction exceeded limit by $48,522.",0.571,VALIDATED,2022-08-30,2022-09-12
FND-001351,INV-00206,LOW,MISSING_RECEIPT,"Employee EMP-38743 submitted 3 claims totalling $19,378 without receipts in the review period.",0.324,RESOLVED,2022-01-19,
FND-001352,INV-00450,MEDIUM,MISSING_RECEIPT,Expense claim EXP-163410 submitted for Marketing without an attached supporting receipt.,0.444,OPEN,2024-01-20,2024-01-31
FND-001353,INV-00316,LOW,POLICY_BREACH,Employee submitted Software claim 36% above the authorised policy limit without prior exception approval.,0.215,VALIDATED,2022-03-02,
FND-001354,INV-00014,LOW,FRAUD_PATTERN,"Split payment pattern detected: 5 transactions to same beneficiary totalling $5,686 — each below approval threshold of $25,000.",0.424,OPEN,2022-06-27,2022-07-27
FND-001355,INV-00425,LOW,APPROVAL_LIMIT,"Escalation protocol was bypassed. Transaction valued at $189,721 was approved at L2 without L5 countersignature.",0.499,VALIDATED,2022-02-08,2022-03-02
FND-001356,INV-00316,HIGH,EXPIRED_COMPLIANCE,Compliance record CMP-100979 for vendor XpressCore Dynamics International was in EXPIRED status at time of payment processing.,0.627,OPEN,2021-09-25,2021-10-22
FND-001357,INV-00218,MEDIUM,FRAUD_PATTERN,"Round-number transaction of $80,428 processed at 01:52 — outside standard business hours. Flagged by anomaly detection.",0.67,RESOLVED,2022-06-23,2022-06-24
FND-001358,INV-00030,MEDIUM,MISSING_RECEIPT,"Employee EMP-61083 submitted 7 claims totalling $2,102 without receipts in the review period.",0.68,OPEN,2024-08-12,
FND-001359,INV-00142,MEDIUM,EXPIRED_COMPLIANCE,Compliance record CMP-100141 for vendor LatticeCore Partners Inc was in EXPIRED status at time of payment processing.,0.629,OPEN,2023-07-20,
FND-001360,INV-00165,MEDIUM,EXPIRED_COMPLIANCE,"Vendor VND-VND-02800 received payment of $87,606 on 2022-04-10. Compliance certificate expired on 2022-06-15 — 173 days prior.",0.742,RESOLVED,2023-06-25,2023-07-24
FND-001361,INV-00088,HIGH,APPROVAL_LIMIT,"Payment of $491,115 approved at Level 3, which has a limit of $25,000. Transaction exceeded limit by $37,840.",0.776,VALIDATED,2022-03-03,2022-03-19
FND-001362,INV-00277,LOW,APPROVAL_LIMIT,Transaction processed with approval from an officer whose delegated authority was 56% below the required threshold.,0.539,VALIDATED,2024-10-02,2024-10-08
FND-001363,INV-00195,LOW,APPROVAL_LIMIT,"Approval granted by EMP-98578 who was not authorised to approve amounts above $100,000. Transaction value: $398,255.",0.433,RESOLVED,2021-09-09,
FND-001364,INV-00344,CRITICAL,APPROVAL_LIMIT,"Payment of $49,261 approved at Level 2, which has a limit of $500,000. Transaction exceeded limit by $48,759.",0.99,RESOLVED,2024-03-04,2024-03-09
FND-001365,INV-00125,HIGH,FRAUD_PATTERN,Employee EMP-45432 submitted 8 expense claims within 72 hours for identical amounts — potential duplicate fraud pattern.,0.701,OPEN,2021-11-18,2021-11-26
FND-001366,INV-00011,HIGH,FRAUD_PATTERN,Employee EMP-91651 submitted 5 expense claims within 72 hours for identical amounts — potential duplicate fraud pattern.,0.793,RESOLVED,2023-12-10,2023-12-21
FND-001367,INV-00137,MEDIUM,EXPIRED_COMPLIANCE,"Vendor VND-VND-04414 received payment of $139,595 on 2022-08-07. Compliance certificate expired on 2021-11-11 — 368 days prior.",0.627,VALIDATED,2024-09-08,2024-09-16
FND-001368,INV-00314,CRITICAL,MISSING_RECEIPT,Expense claim EXP-157721 submitted for Meals without an attached supporting receipt.,0.942,OPEN,2023-01-23,2023-01-30
FND-001369,INV-00377,CRITICAL,POLICY_BREACH,"Expense claim of $263,877 for Meals exceeds the policy maximum of $100,000. Overage: $226.",0.835,VALIDATED,2024-12-09,2025-01-06
FND-001370,INV-00220,MEDIUM,VENDOR_RISK,Payment issued to VND-VND-01209 rated LOW risk. Active contract CON-106174 in place. Enhanced due diligence not documented.,0.708,VALIDATED,2024-01-18,
FND-001371,INV-00350,MEDIUM,POLICY_BREACH,"Claim EXP-128970 violates Policy POL-0016 section 4.2: Equipment expenditure capped at $5,000 per event.",0.715,VALIDATED,2021-06-16,2021-06-19
FND-001372,INV-00155,LOW,VENDOR_RISK,"High-risk vendor GreenBridge Consulting Inc has no compliance record on file. Payment of $57,925 released without compliance clearance.",0.442,RESOLVED,2024-07-24,
FND-001373,INV-00063,LOW,APPROVAL_LIMIT,"Escalation protocol was bypassed. Transaction valued at $212,174 was approved at L3 without L4 countersignature.",0.293,RESOLVED,2021-11-08,2021-11-16
FND-001374,INV-00139,LOW,APPROVAL_LIMIT,"Escalation protocol was bypassed. Transaction valued at $290,765 was approved at L1 without L5 countersignature.",0.613,VALIDATED,2023-01-03,2023-02-01
FND-001375,INV-00088,MEDIUM,EXPIRED_COMPLIANCE,"Payment of $278,427 released to InnoCore Dynamics whose PCI-DSS compliance expired 212 days before payment date.",0.696,OPEN,2024-05-13,2024-05-17
FND-001376,INV-00270,MEDIUM,MISSING_RECEIPT,Expense claim missing receipt. Policy POL-0003 requires receipts for all claims above $200.,0.414,VALIDATED,2024-07-28,2024-07-31
FND-001377,INV-00271,HIGH,APPROVAL_LIMIT,"Escalation protocol was bypassed. Transaction valued at $465,416 was approved at L3 without L3 countersignature.",0.759,OPEN,2023-10-15,2023-10-20
FND-001378,INV-00492,MEDIUM,VENDOR_RISK,"BLACKLISTED vendor VND-VND-04698 received payment of $45,411 via contract CON-109960 that was not updated following blacklisting.",0.684,OPEN,2024-11-05,2024-11-27
FND-001379,INV-00358,MEDIUM,MISSING_RECEIPT,"Reimbursement of $82,021 for Equipment was approved despite no receipt documentation in the system.",0.421,FALSE_POSITIVE,2024-02-27,2024-03-12
FND-001380,INV-00417,LOW,POLICY_BREACH,Employee submitted Entertainment claim 42% above the authorised policy limit without prior exception approval.,0.25,FALSE_POSITIVE,2022-12-30,2023-01-25
FND-001381,INV-00344,MEDIUM,MISSING_RECEIPT,"Employee EMP-23281 submitted 8 claims totalling $6,671 without receipts in the review period.",0.456,VALIDATED,2021-12-12,2021-12-28
FND-001382,INV-00023,MEDIUM,EXPIRED_COMPLIANCE,Procurement team processed payment without checking compliance status. Certificate had been expired for 123 days.,0.577,VALIDATED,2023-12-13,2023-12-20
FND-001383,INV-00301,LOW,VENDOR_RISK,"BLACKLISTED vendor VND-VND-00674 received payment of $262,232 via contract CON-105389 that was not updated following blacklisting.",0.541,VALIDATED,2022-11-12,
FND-001384,INV-00239,LOW,FRAUD_PATTERN,Transaction routed through 3 intermediate accounts before reaching final beneficiary. Unusual for TRANSFER transaction type.,0.632,VALIDATED,2024-08-18,2024-09-02
FND-001385,INV-00485,MEDIUM,EXPIRED_COMPLIANCE,"Payment of $267,270 released to RedPoint Consulting Holdings whose ISO 27001 compliance expired 358 days before payment date.",0.677,VALIDATED,2023-11-23,2023-12-09
FND-001386,INV-00475,HIGH,MISSING_RECEIPT,Expense claim missing receipt. Policy POL-0002 requires receipts for all claims above $50.,0.758,OPEN,2024-05-05,2024-05-27
FND-001387,INV-00315,LOW,APPROVAL_LIMIT,"Payment of $170,425 approved at Level 2, which has a limit of $5,000. Transaction exceeded limit by $48,659.",0.222,ESCALATED,2022-03-03,2022-03-30
FND-001388,INV-00474,MEDIUM,VENDOR_RISK,"BLACKLISTED vendor VND-VND-04606 received payment of $94,662 via contract CON-101622 that was not updated following blacklisting.",0.697,OPEN,2023-11-26,2023-12-14
FND-001389,INV-00239,HIGH,MISSING_RECEIPT,Expense claim EXP-148645 submitted for Travel without an attached supporting receipt.,0.672,ESCALATED,2023-09-25,2023-10-02
FND-001390,INV-00106,HIGH,APPROVAL_LIMIT,"Escalation protocol was bypassed. Transaction valued at $340,142 was approved at L2 without L4 countersignature.",0.813,RESOLVED,2024-07-28,
FND-001391,INV-00382,HIGH,POLICY_BREACH,Employee submitted Entertainment claim 60% above the authorised policy limit without prior exception approval.,0.649,OPEN,2022-10-24,
FND-001392,INV-00253,MEDIUM,MISSING_RECEIPT,Expense claim EXP-143542 submitted for Training without an attached supporting receipt.,0.459,VALIDATED,2023-01-01,2023-01-14
FND-001393,INV-00150,MEDIUM,VENDOR_RISK,"High-risk vendor GreenBridge Consulting Holdings has no compliance record on file. Payment of $182,599 released without compliance clearance.",0.648,RESOLVED,2022-01-21,
FND-001394,INV-00214,CRITICAL,MISSING_RECEIPT,Expense claim EXP-107125 submitted for Equipment without an attached supporting receipt.,0.783,ESCALATED,2022-02-18,
FND-001395,INV-00008,MEDIUM,VENDOR_RISK,Payment issued to VND-VND-03344 rated MEDIUM risk. Active contract CON-103006 in place. Enhanced due diligence not documented.,0.618,ESCALATED,2023-10-08,2023-10-11
FND-001396,INV-00394,CRITICAL,MISSING_RECEIPT,Expense claim missing receipt. Policy POL-0016 requires receipts for all claims above $100.,0.794,RESOLVED,2022-06-28,2022-07-01
FND-001397,INV-00017,LOW,POLICY_BREACH,"Claim EXP-174627 violates Policy POL-0015 section 4.2: Accommodation expenditure capped at $500,000 per event.",0.4,OPEN,2022-11-28,
FND-001398,INV-00199,MEDIUM,FRAUD_PATTERN,Transaction routed through 5 intermediate accounts before reaching final beneficiary. Unusual for CASH_OUT transaction type.,0.665,ESCALATED,2022-04-17,2022-05-09
FND-001399,INV-00326,LOW,POLICY_BREACH,"Claim EXP-174456 violates Policy POL-0013 section 4.2: Travel expenditure capped at $25,000 per event.",0.286,VALIDATED,2022-01-15,2022-02-03
FND-001400,INV-00252,MEDIUM,EXPIRED_COMPLIANCE,"Vendor VND-VND-01197 received payment of $193,090 on 2024-03-07. Compliance certificate expired on 2020-05-18 — 224 days prior.",0.62,ESCALATED,2021-07-03,2021-07-23
FND-001401,INV-00384,LOW,APPROVAL_LIMIT,Transaction processed with approval from an officer whose delegated authority was 40% below the required threshold.,0.325,RESOLVED,2023-03-27,2023-04-19
FND-001402,INV-00362,MEDIUM,APPROVAL_LIMIT,"Escalation protocol was bypassed. Transaction valued at $170,323 was approved at L2 without L4 countersignature.",0.627,VALIDATED,2023-02-11,
FND-001403,INV-00241,MEDIUM,MISSING_RECEIPT,Expense claim EXP-127230 submitted for Training without an attached supporting receipt.,0.57,RESOLVED,2021-12-24,2022-01-04
FND-001404,INV-00305,MEDIUM,APPROVAL_LIMIT,Transaction processed with approval from an officer whose delegated authority was 72% below the required threshold.,0.418,OPEN,2024-09-08,2024-09-10
FND-001405,INV-00301,MEDIUM,APPROVAL_LIMIT,Transaction processed with approval from an officer whose delegated authority was 65% below the required threshold.,0.488,OPEN,2023-05-23,
FND-001406,INV-00285,MEDIUM,EXPIRED_COMPLIANCE,"Vendor VND-VND-01578 received payment of $429,966 on 2022-02-24. Compliance certificate expired on 2022-04-02 — 75 days prior.",0.59,VALIDATED,2023-10-05,2023-10-07
FND-001407,INV-00089,MEDIUM,APPROVAL_LIMIT,"Escalation protocol was bypassed. Transaction valued at $294,209 was approved at L1 without L5 countersignature.",0.447,VALIDATED,2022-08-02,2022-08-11
FND-001408,INV-00126,MEDIUM,MISSING_RECEIPT,"Reimbursement of $488,669 for Equipment was approved despite no receipt documentation in the system.",0.689,FALSE_POSITIVE,2024-10-10,2024-10-30
FND-001409,INV-00322,LOW,VENDOR_RISK,Payment issued to VND-VND-02118 rated MEDIUM risk. Active contract CON-107773 in place. Enhanced due diligence not documented.,0.586,VALIDATED,2023-08-29,2023-09-24
FND-001410,INV-00393,LOW,VENDOR_RISK,"BLACKLISTED vendor VND-VND-01590 received payment of $380,288 via contract CON-103381 that was not updated following blacklisting.",0.625,ESCALATED,2021-12-17,
FND-001411,INV-00305,CRITICAL,POLICY_BREACH,"Claim EXP-105446 violates Policy POL-0001 section 4.2: Office Supplies expenditure capped at $25,000 per event.",0.942,RESOLVED,2023-01-12,
FND-001412,INV-00452,HIGH,POLICY_BREACH,Employee submitted Office Supplies claim 15% above the authorised policy limit without prior exception approval.,0.606,VALIDATED,2024-10-06,2024-10-26
FND-001413,INV-00462,MEDIUM,VENDOR_RISK,"BLACKLISTED vendor VND-VND-03035 received payment of $351,121 via contract CON-107659 that was not updated following blacklisting.",0.468,ESCALATED,2022-02-12,2022-03-04
FND-001414,INV-00221,LOW,VENDOR_RISK,"High-risk vendor EdgeWave Technologies Group has no compliance record on file. Payment of $269,693 released without compliance clearance.",0.35,OPEN,2021-12-28,
FND-001415,INV-00308,LOW,VENDOR_RISK,"Vendor KryptonPath Ltd International holds CRITICAL risk rating. 6 payments totalling $17,158 processed in the audit period.",0.292,OPEN,2024-10-04,2024-11-02
FND-001416,INV-00365,LOW,APPROVAL_LIMIT,"Escalation protocol was bypassed. Transaction valued at $215,528 was approved at L2 without L3 countersignature.",0.483,VALIDATED,2023-12-24,2023-12-30
FND-001417,INV-00072,LOW,MISSING_RECEIPT,Expense claim EXP-177967 submitted for Marketing without an attached supporting receipt.,0.41,VALIDATED,2022-04-01,2022-04-06
FND-001418,INV-00304,CRITICAL,APPROVAL_LIMIT,"Escalation protocol was bypassed. Transaction valued at $431,499 was approved at L3 without L5 countersignature.",0.936,OPEN,2023-11-02,2023-11-09
FND-001419,INV-00476,MEDIUM,EXPIRED_COMPLIANCE,Compliance record CMP-103016 for vendor RapidCore Consulting LLC was in EXPIRED status at time of payment processing.,0.449,OPEN,2021-12-31,
FND-001420,INV-00073,HIGH,MISSING_RECEIPT,"Employee EMP-63939 submitted 5 claims totalling $13,511 without receipts in the review period.",0.79,VALIDATED,2021-06-07,2021-06-25
FND-001421,INV-00386,LOW,POLICY_BREACH,"Claim EXP-121683 violates Policy POL-0018 section 4.2: Travel expenditure capped at $25,000 per event.",0.289,VALIDATED,2024-06-08,
FND-001422,INV-00019,MEDIUM,APPROVAL_LIMIT,"Payment of $232,994 approved at Level 3, which has a limit of $500,000. Transaction exceeded limit by $41,969.",0.64,ESCALATED,2023-04-04,2023-04-13
FND-001423,INV-00330,MEDIUM,APPROVAL_LIMIT,"Approval granted by EMP-92803 who was not authorised to approve amounts above $5,000. Transaction value: $359,720.",0.641,FALSE_POSITIVE,2022-11-12,2022-11-27
FND-001424,INV-00139,MEDIUM,POLICY_BREACH,"Claim EXP-138431 violates Policy POL-0006 section 4.2: Software expenditure capped at $500,000 per event.",0.522,RESOLVED,2023-02-08,2023-02-24
FND-001425,INV-00054,MEDIUM,MISSING_RECEIPT,"Employee EMP-63047 submitted 5 claims totalling $6,803 without receipts in the review period.",0.518,VALIDATED,2024-11-20,2024-12-13
FND-001426,INV-00266,MEDIUM,POLICY_BREACH,Employee submitted Entertainment claim 26% above the authorised policy limit without prior exception approval.,0.472,RESOLVED,2021-12-24,2022-01-11
FND-001427,INV-00034,MEDIUM,VENDOR_RISK,Payment issued to VND-VND-00744 rated LOW risk. Active contract CON-107156 in place. Enhanced due diligence not documented.,0.606,ESCALATED,2024-05-20,2024-05-21
FND-001428,INV-00239,MEDIUM,POLICY_BREACH,"Expense claim of $31,379 for Meals exceeds the policy maximum of $100,000. Overage: $20,166.",0.468,RESOLVED,2023-09-03,
FND-001429,INV-00071,MEDIUM,MISSING_RECEIPT,Expense claim EXP-109175 submitted for Accommodation without an attached supporting receipt.,0.567,RESOLVED,2024-01-12,2024-01-15
FND-001430,INV-00329,CRITICAL,POLICY_BREACH,"Entertainment expense of $99,512 submitted by EMP-13055 exceeds monthly policy allowance of $25,000.",0.982,ESCALATED,2024-07-31,
FND-001431,INV-00298,MEDIUM,VENDOR_RISK,"BLACKLISTED vendor VND-VND-04579 received payment of $402,567 via contract CON-104790 that was not updated following blacklisting.",0.588,RESOLVED,2024-07-02,2024-07-07
FND-001432,INV-00446,LOW,VENDOR_RISK,"High-risk vendor TitanPath Holdings has no compliance record on file. Payment of $176,348 released without compliance clearance.",0.576,VALIDATED,2022-04-03,
FND-001433,INV-00043,MEDIUM,EXPIRED_COMPLIANCE,"Payment of $143,671 released to NexPoint Analytics LLC whose GDPR compliance expired 526 days before payment date.",0.569,RESOLVED,2023-06-04,2023-06-29
FND-001434,INV-00441,MEDIUM,FRAUD_PATTERN,"Split payment pattern detected: 6 transactions to same beneficiary totalling $17,286 — each below approval threshold of $25,000.",0.535,ESCALATED,2024-02-19,2024-02-20
FND-001435,INV-00262,LOW,POLICY_BREACH,"Claim EXP-186940 violates Policy POL-0010 section 4.2: Travel expenditure capped at $100,000 per event.",0.355,RESOLVED,2022-07-11,2022-08-09
FND-001436,INV-00370,MEDIUM,APPROVAL_LIMIT,"Approval granted by EMP-20320 who was not authorised to approve amounts above $25,000. Transaction value: $470,105.",0.685,ESCALATED,2023-03-07,2023-03-28
FND-001437,INV-00331,LOW,FRAUD_PATTERN,"Round-number transaction of $414,341 processed at 05:34 — outside standard business hours. Flagged by anomaly detection.",0.45,OPEN,2021-09-10,2021-10-05
FND-001438,INV-00205,HIGH,MISSING_RECEIPT,"Reimbursement of $484,410 for Marketing was approved despite no receipt documentation in the system.",0.869,OPEN,2024-04-10,2024-04-22
FND-001439,INV-00131,MEDIUM,APPROVAL_LIMIT,"Payment of $98,437 approved at Level 2, which has a limit of $5,000. Transaction exceeded limit by $21,912.",0.667,ESCALATED,2021-10-11,
FND-001440,INV-00008,MEDIUM,MISSING_RECEIPT,"Reimbursement of $186,390 for Entertainment was approved despite no receipt documentation in the system.",0.636,VALIDATED,2022-03-23,2022-04-06
FND-001441,INV-00156,LOW,EXPIRED_COMPLIANCE,"Payment of $326,870 released to JetStream Analytics Ltd whose GDPR compliance expired 427 days before payment date.",0.279,ESCALATED,2024-12-22,2024-12-30
FND-001442,INV-00475,MEDIUM,MISSING_RECEIPT,Expense claim EXP-175483 submitted for Travel without an attached supporting receipt.,0.71,RESOLVED,2023-06-18,2023-06-19
FND-001443,INV-00496,LOW,POLICY_BREACH,"Claim EXP-146843 violates Policy POL-0001 section 4.2: Software expenditure capped at $500,000 per event.",0.613,VALIDATED,2023-09-23,2023-10-10
FND-001444,INV-00134,LOW,EXPIRED_COMPLIANCE,"Vendor VND-VND-02937 received payment of $322,968 on 2022-06-06. Compliance certificate expired on 2021-10-06 — 200 days prior.",0.48,OPEN,2023-11-11,2023-12-01
FND-001445,INV-00293,HIGH,MISSING_RECEIPT,"Reimbursement of $442,666 for Equipment was approved despite no receipt documentation in the system.",0.703,OPEN,2022-10-20,2022-10-30
FND-001446,INV-00147,MEDIUM,APPROVAL_LIMIT,"Payment of $277,963 approved at Level 2, which has a limit of $5,000. Transaction exceeded limit by $41,596.",0.504,OPEN,2023-02-06,2023-02-08
FND-001447,INV-00205,HIGH,FRAUD_PATTERN,Transaction routed through 2 intermediate accounts before reaching final beneficiary. Unusual for TRANSFER transaction type.,0.837,FALSE_POSITIVE,2022-05-27,2022-06-01
FND-001448,INV-00107,MEDIUM,VENDOR_RISK,"Vendor QuantumEdge Solutions Ltd holds CRITICAL risk rating. 6 payments totalling $19,126 processed in the audit period.",0.653,VALIDATED,2023-01-08,2023-01-13
FND-001449,INV-00331,LOW,MISSING_RECEIPT,Expense claim EXP-195736 submitted for Office Supplies without an attached supporting receipt.,0.632,OPEN,2022-03-22,2022-04-15
FND-001450,INV-00447,CRITICAL,VENDOR_RISK,Payment issued to VND-VND-01090 rated LOW risk. Active contract CON-100579 in place. Enhanced due diligence not documented.,0.904,RESOLVED,2023-11-30,
FND-001451,INV-00485,MEDIUM,VENDOR_RISK,"Vendor GlobalNex Corp Inc holds CRITICAL risk rating. 6 payments totalling $16,007 processed in the audit period.",0.659,VALIDATED,2021-07-12,
FND-001452,INV-00425,MEDIUM,VENDOR_RISK,"High-risk vendor PrimeAxis Corp Inc has no compliance record on file. Payment of $476,125 released without compliance clearance.",0.427,ESCALATED,2024-06-23,2024-07-03
FND-001453,INV-00333,MEDIUM,EXPIRED_COMPLIANCE,"Payment of $53,890 released to Epsilon_Group LLC whose PCI-DSS compliance expired 91 days before payment date.",0.704,VALIDATED,2022-12-25,
FND-001454,INV-00165,LOW,MISSING_RECEIPT,Expense claim EXP-131595 submitted for Meals without an attached supporting receipt.,0.448,VALIDATED,2024-10-11,2024-10-14
FND-001455,INV-00411,CRITICAL,EXPIRED_COMPLIANCE,Compliance record CMP-107269 for vendor ClearPath Logistics Group was in EXPIRED status at time of payment processing.,0.778,VALIDATED,2024-10-26,2024-11-06
FND-001456,INV-00192,HIGH,VENDOR_RISK,"High-risk vendor XcelPath Networks Ltd has no compliance record on file. Payment of $15,881 released without compliance clearance.",0.81,VALIDATED,2022-08-29,
FND-001457,INV-00357,CRITICAL,FRAUD_PATTERN,"Round-number transaction of $307,846 processed at 04:30 — outside standard business hours. Flagged by anomaly detection.",0.854,VALIDATED,2023-10-18,2023-10-30
FND-001458,INV-00220,MEDIUM,APPROVAL_LIMIT,Transaction processed with approval from an officer whose delegated authority was 55% below the required threshold.,0.652,OPEN,2023-01-29,2023-02-08
FND-001459,INV-00162,MEDIUM,MISSING_RECEIPT,Expense claim missing receipt. Policy POL-0020 requires receipts for all claims above $100.,0.748,VALIDATED,2021-09-26,2021-10-23
FND-001460,INV-00447,MEDIUM,MISSING_RECEIPT,Expense claim missing receipt. Policy POL-0015 requires receipts for all claims above $200.,0.623,VALIDATED,2023-05-13,
FND-001461,INV-00033,HIGH,EXPIRED_COMPLIANCE,"Vendor VND-VND-02447 received payment of $386,725 on 2023-09-05. Compliance certificate expired on 2020-08-04 — 386 days prior.",0.782,OPEN,2021-07-03,
FND-001462,INV-00407,MEDIUM,VENDOR_RISK,"High-risk vendor EdgeWave Technologies Inc has no compliance record on file. Payment of $344,010 released without compliance clearance.",0.691,VALIDATED,2022-10-18,
FND-001463,INV-00023,MEDIUM,EXPIRED_COMPLIANCE,"Vendor VND-VND-02338 received payment of $329,776 on 2023-11-09. Compliance certificate expired on 2022-11-24 — 475 days prior.",0.503,VALIDATED,2023-11-22,2023-12-19
FND-001464,INV-00029,LOW,APPROVAL_LIMIT,"Payment of $51,284 approved at Level 2, which has a limit of $25,000. Transaction exceeded limit by $10,378.",0.617,VALIDATED,2024-08-28,2024-09-06
FND-001465,INV-00264,MEDIUM,EXPIRED_COMPLIANCE,Procurement team processed payment without checking compliance status. Certificate had been expired for 91 days.,0.69,RESOLVED,2022-11-22,2022-12-13
FND-001466,INV-00046,MEDIUM,VENDOR_RISK,"Vendor Gamma_Co International holds CRITICAL risk rating. 8 payments totalling $8,979 processed in the audit period.",0.61,OPEN,2024-01-17,
FND-001467,INV-00143,CRITICAL,APPROVAL_LIMIT,"Payment of $294,312 approved at Level 1, which has a limit of $25,000. Transaction exceeded limit by $1,876.",0.781,RESOLVED,2024-03-18,2024-04-06
FND-001468,INV-00356,HIGH,APPROVAL_LIMIT,"Escalation protocol was bypassed. Transaction valued at $431,667 was approved at L1 without L3 countersignature.",0.645,RESOLVED,2023-09-18,
FND-001469,INV-00143,MEDIUM,EXPIRED_COMPLIANCE,Compliance record CMP-102786 for vendor NorthBridge Supplies Ltd was in EXPIRED status at time of payment processing.,0.437,OPEN,2024-01-15,
FND-001470,INV-00287,LOW,VENDOR_RISK,Payment issued to VND-VND-00909 rated LOW risk. Active contract CON-103107 in place. Enhanced due diligence not documented.,0.445,RESOLVED,2022-10-17,2022-11-06
FND-001471,INV-00070,LOW,MISSING_RECEIPT,Expense claim EXP-185715 submitted for Training without an attached supporting receipt.,0.381,OPEN,2022-03-17,2022-03-24
FND-001472,INV-00247,MEDIUM,POLICY_BREACH,"Claim EXP-147026 violates Policy POL-0016 section 4.2: Office Supplies expenditure capped at $100,000 per event.",0.576,OPEN,2021-07-21,2021-08-09
FND-001473,INV-00387,LOW,APPROVAL_LIMIT,"Escalation protocol was bypassed. Transaction valued at $431,222 was approved at L3 without L4 countersignature.",0.435,OPEN,2022-08-21,
FND-001474,INV-00163,LOW,MISSING_RECEIPT,"Employee EMP-43392 submitted 5 claims totalling $7,042 without receipts in the review period.",0.496,VALIDATED,2023-02-26,
FND-001475,INV-00039,MEDIUM,EXPIRED_COMPLIANCE,Compliance record CMP-101551 for vendor Epsilon_Group was in EXPIRED status at time of payment processing.,0.579,VALIDATED,2024-10-10,
FND-001476,INV-00491,LOW,APPROVAL_LIMIT,"Escalation protocol was bypassed. Transaction valued at $430,526 was approved at L2 without L5 countersignature.",0.413,VALIDATED,2022-08-05,2022-08-08
FND-001477,INV-00231,MEDIUM,EXPIRED_COMPLIANCE,"Payment of $425,785 released to TrueNorth Services International whose GDPR compliance expired 115 days before payment date.",0.485,ESCALATED,2024-06-10,
FND-001478,INV-00104,MEDIUM,VENDOR_RISK,Payment issued to VND-VND-02121 rated LOW risk. Active contract CON-108656 in place. Enhanced due diligence not documented.,0.519,VALIDATED,2023-09-01,
FND-001479,INV-00103,MEDIUM,POLICY_BREACH,Employee submitted Consulting claim 45% above the authorised policy limit without prior exception approval.,0.52,RESOLVED,2022-01-10,2022-01-18
FND-001480,INV-00255,MEDIUM,EXPIRED_COMPLIANCE,"Payment of $144,734 released to TrueNorth Services LLC whose GDPR compliance expired 152 days before payment date.",0.722,ESCALATED,2023-12-10,2023-12-19
FND-001481,INV-00063,HIGH,FRAUD_PATTERN,Employee EMP-55480 submitted 3 expense claims within 72 hours for identical amounts — potential duplicate fraud pattern.,0.867,OPEN,2022-01-22,
FND-001482,INV-00344,MEDIUM,APPROVAL_LIMIT,Transaction processed with approval from an officer whose delegated authority was 19% below the required threshold.,0.407,VALIDATED,2024-04-18,2024-05-03
FND-001483,INV-00217,LOW,VENDOR_RISK,Payment issued to VND-VND-01893 rated LOW risk. Active contract CON-100197 in place. Enhanced due diligence not documented.,0.484,RESOLVED,2021-09-30,2021-10-06
FND-001484,INV-00457,MEDIUM,POLICY_BREACH,"Claim EXP-105810 violates Policy POL-0020 section 4.2: Travel expenditure capped at $500,000 per event.",0.612,RESOLVED,2023-08-28,
FND-001485,INV-00495,MEDIUM,VENDOR_RISK,Payment issued to VND-VND-04653 rated LOW risk. Active contract CON-106293 in place. Enhanced due diligence not documented.,0.493,VALIDATED,2023-11-03,2023-11-24
FND-001486,INV-00350,CRITICAL,EXPIRED_COMPLIANCE,Procurement team processed payment without checking compliance status. Certificate had been expired for 150 days.,0.828,OPEN,2023-04-05,2023-04-24
FND-001487,INV-00043,MEDIUM,VENDOR_RISK,"BLACKLISTED vendor VND-VND-02993 received payment of $107,278 via contract CON-109241 that was not updated following blacklisting.",0.547,RESOLVED,2024-11-19,2024-11-24
FND-001488,INV-00440,LOW,MISSING_RECEIPT,Expense claim missing receipt. Policy POL-0017 requires receipts for all claims above $75.,0.644,FALSE_POSITIVE,2021-09-26,2021-10-22
FND-001489,INV-00372,CRITICAL,MISSING_RECEIPT,"Employee EMP-96832 submitted 6 claims totalling $18,072 without receipts in the review period.",0.952,ESCALATED,2022-08-15,2022-08-24
FND-001490,INV-00199,MEDIUM,POLICY_BREACH,"Claim EXP-115259 violates Policy POL-0009 section 4.2: Travel expenditure capped at $5,000 per event.",0.548,VALIDATED,2023-01-22,
FND-001491,INV-00143,HIGH,VENDOR_RISK,"Vendor NorthBridge Supplies Ltd holds CRITICAL risk rating. 5 payments totalling $7,262 processed in the audit period.",0.608,OPEN,2021-11-23,2021-11-26
FND-001492,INV-00168,HIGH,EXPIRED_COMPLIANCE,Procurement team processed payment without checking compliance status. Certificate had been expired for 296 days.,0.858,VALIDATED,2024-10-01,2024-10-28
FND-001493,INV-00160,MEDIUM,APPROVAL_LIMIT,Transaction processed with approval from an officer whose delegated authority was 38% below the required threshold.,0.565,OPEN,2022-09-14,2022-09-26
FND-001494,INV-00258,MEDIUM,POLICY_BREACH,"Expense claim of $214,440 for Equipment exceeds the policy maximum of $100,000. Overage: $38,288.",0.664,VALIDATED,2023-09-12,2023-09-24
FND-001495,INV-00179,CRITICAL,VENDOR_RISK,"Vendor YellowBridge Partners Group holds CRITICAL risk rating. 8 payments totalling $13,406 processed in the audit period.",0.794,VALIDATED,2024-02-18,2024-03-14
FND-001496,INV-00227,LOW,POLICY_BREACH,Employee submitted Accommodation claim 75% above the authorised policy limit without prior exception approval.,0.205,VALIDATED,2023-12-01,2023-12-06
FND-001497,INV-00165,LOW,APPROVAL_LIMIT,"Approval granted by EMP-72680 who was not authorised to approve amounts above $100,000. Transaction value: $285,597.",0.398,RESOLVED,2023-06-19,
FND-001498,INV-00048,MEDIUM,APPROVAL_LIMIT,"Escalation protocol was bypassed. Transaction valued at $321,475 was approved at L3 without L4 countersignature.",0.596,VALIDATED,2021-07-15,2021-08-10
FND-001499,INV-00464,LOW,MISSING_RECEIPT,Expense claim missing receipt. Policy POL-0002 requires receipts for all claims above $50.,0.607,VALIDATED,2021-06-23,
FND-001500,INV-00032,MEDIUM,APPROVAL_LIMIT,Transaction processed with approval from an officer whose delegated authority was 60% below the required threshold.,0.529,VALIDATED,2022-12-03,
FND-001501,INV-00166,LOW,EXPIRED_COMPLIANCE,Compliance record CMP-105480 for vendor RedPoint Consulting Inc was in EXPIRED status at time of payment processing.,0.275,OPEN,2021-10-18,2021-10-22
FND-001502,INV-00382,MEDIUM,APPROVAL_LIMIT,Transaction processed with approval from an officer whose delegated authority was 21% below the required threshold.,0.621,RESOLVED,2022-02-10,2022-02-27
FND-001503,INV-00110,MEDIUM,POLICY_BREACH,"Claim EXP-193029 violates Policy POL-0010 section 4.2: Office Supplies expenditure capped at $100,000 per event.",0.615,OPEN,2022-08-09,
FND-001504,INV-00437,HIGH,FRAUD_PATTERN,"Round-number transaction of $62,175 processed at 00:17 — outside standard business hours. Flagged by anomaly detection.",0.731,OPEN,2023-08-22,
FND-001505,INV-00060,MEDIUM,APPROVAL_LIMIT,"Payment of $390,777 approved at Level 2, which has a limit of $25,000. Transaction exceeded limit by $46,888.",0.617,FALSE_POSITIVE,2021-07-14,
FND-001506,INV-00209,HIGH,FRAUD_PATTERN,"Round-number transaction of $338,296 processed at 03:07 — outside standard business hours. Flagged by anomaly detection.",0.819,VALIDATED,2022-04-14,2022-04-15
FND-001507,INV-00455,LOW,POLICY_BREACH,"Claim EXP-128771 violates Policy POL-0008 section 4.2: Meals expenditure capped at $5,000 per event.",0.473,RESOLVED,2024-05-16,2024-06-11
FND-001508,INV-00410,HIGH,VENDOR_RISK,"High-risk vendor JetStream Analytics Holdings has no compliance record on file. Payment of $330,532 released without compliance clearance.",0.861,VALIDATED,2023-05-26,
FND-001509,INV-00057,HIGH,FRAUD_PATTERN,Transaction routed through 2 intermediate accounts before reaching final beneficiary. Unusual for TRANSFER transaction type.,0.877,VALIDATED,2022-04-17,2022-05-01
FND-001510,INV-00272,MEDIUM,POLICY_BREACH,Employee submitted Software claim 58% above the authorised policy limit without prior exception approval.,0.645,VALIDATED,2024-03-28,2024-03-29
FND-001511,INV-00170,CRITICAL,POLICY_BREACH,"Expense claim of $357,202 for Consulting exceeds the policy maximum of $25,000. Overage: $40,055.",0.827,VALIDATED,2022-04-14,2022-05-14
FND-001512,INV-00126,CRITICAL,VENDOR_RISK,"Vendor YellowBridge Partners International holds CRITICAL risk rating. 6 payments totalling $17,089 processed in the audit period.",0.947,VALIDATED,2021-09-29,2021-10-05
FND-001513,INV-00334,MEDIUM,EXPIRED_COMPLIANCE,"Vendor VND-VND-04677 received payment of $444,077 on 2024-05-11. Compliance certificate expired on 2020-01-05 — 263 days prior.",0.466,VALIDATED,2024-07-15,2024-07-16
FND-001514,INV-00116,MEDIUM,MISSING_RECEIPT,Expense claim missing receipt. Policy POL-0018 requires receipts for all claims above $200.,0.676,VALIDATED,2021-08-10,2021-08-12
FND-001515,INV-00466,MEDIUM,APPROVAL_LIMIT,Transaction processed with approval from an officer whose delegated authority was 8% below the required threshold.,0.402,VALIDATED,2023-10-13,2023-10-14
FND-001516,INV-00102,LOW,VENDOR_RISK,"High-risk vendor GreenBridge Consulting LLC has no compliance record on file. Payment of $204,068 released without compliance clearance.",0.201,VALIDATED,2024-07-23,2024-08-07
FND-001517,INV-00345,MEDIUM,VENDOR_RISK,"Vendor RapidCore Consulting holds CRITICAL risk rating. 2 payments totalling $1,807 processed in the audit period.",0.433,VALIDATED,2024-03-13,2024-03-15
FND-001518,INV-00193,LOW,MISSING_RECEIPT,Expense claim missing receipt. Policy POL-0002 requires receipts for all claims above $75.,0.344,VALIDATED,2022-07-14,2022-07-31
FND-001519,INV-00028,HIGH,APPROVAL_LIMIT,"Escalation protocol was bypassed. Transaction valued at $459,670 was approved at L1 without L5 countersignature.",0.7,ESCALATED,2024-05-10,
FND-001520,INV-00077,CRITICAL,FRAUD_PATTERN,"Round-number transaction of $246,553 processed at 01:13 — outside standard business hours. Flagged by anomaly detection.",0.906,VALIDATED,2022-08-14,2022-08-27
FND-001521,INV-00348,MEDIUM,APPROVAL_LIMIT,"Approval granted by EMP-32823 who was not authorised to approve amounts above $100,000. Transaction value: $28,346.",0.663,ESCALATED,2023-03-06,2023-03-08
FND-001522,INV-00239,CRITICAL,POLICY_BREACH,Employee submitted Equipment claim 53% above the authorised policy limit without prior exception approval.,0.963,OPEN,2022-06-13,
FND-001523,INV-00090,MEDIUM,EXPIRED_COMPLIANCE,"Vendor VND-VND-02834 received payment of $470,638 on 2024-06-01. Compliance certificate expired on 2022-12-16 — 267 days prior.",0.649,VALIDATED,2022-09-10,2022-10-02
FND-001524,INV-00099,CRITICAL,MISSING_RECEIPT,Expense claim EXP-152979 submitted for Consulting without an attached supporting receipt.,0.88,VALIDATED,2022-06-12,2022-06-17
FND-001525,INV-00382,MEDIUM,MISSING_RECEIPT,Expense claim missing receipt. Policy POL-0001 requires receipts for all claims above $50.,0.64,ESCALATED,2021-07-24,2021-08-13
FND-001526,INV-00070,MEDIUM,FRAUD_PATTERN,"Split payment pattern detected: 6 transactions to same beneficiary totalling $12,961 — each below approval threshold of $500,000.",0.419,RESOLVED,2024-08-27,2024-08-29
FND-001527,INV-00407,CRITICAL,APPROVAL_LIMIT,Transaction processed with approval from an officer whose delegated authority was 49% below the required threshold.,0.949,VALIDATED,2024-08-30,2024-09-14
FND-001528,INV-00351,MEDIUM,MISSING_RECEIPT,Expense claim EXP-151255 submitted for Software without an attached supporting receipt.,0.746,ESCALATED,2021-11-22,2021-12-16
FND-001529,INV-00043,CRITICAL,POLICY_BREACH,"Entertainment expense of $67,956 submitted by EMP-85733 exceeds monthly policy allowance of $500,000.",0.903,VALIDATED,2022-08-25,
FND-001530,INV-00293,MEDIUM,EXPIRED_COMPLIANCE,Compliance record CMP-104682 for vendor Alpha_Inc LLC was in EXPIRED status at time of payment processing.,0.471,VALIDATED,2023-02-15,2023-02-24
FND-001531,INV-00014,MEDIUM,MISSING_RECEIPT,Expense claim EXP-100342 submitted for Training without an attached supporting receipt.,0.721,FALSE_POSITIVE,2024-05-10,2024-05-30
FND-001532,INV-00012,LOW,VENDOR_RISK,"Vendor BridgeTech Consulting Holdings holds CRITICAL risk rating. 7 payments totalling $15,099 processed in the audit period.",0.493,RESOLVED,2022-08-09,
FND-001533,INV-00095,LOW,APPROVAL_LIMIT,"Payment of $187,916 approved at Level 1, which has a limit of $500,000. Transaction exceeded limit by $46,768.",0.536,VALIDATED,2024-10-06,2024-10-17
FND-001534,INV-00373,MEDIUM,MISSING_RECEIPT,Expense claim EXP-127719 submitted for Office Supplies without an attached supporting receipt.,0.695,RESOLVED,2023-07-24,2023-08-21
FND-001535,INV-00485,MEDIUM,VENDOR_RISK,"Vendor JetStream Analytics Inc holds CRITICAL risk rating. 4 payments totalling $9,790 processed in the audit period.",0.555,RESOLVED,2022-06-16,2022-07-14
FND-001536,INV-00185,MEDIUM,MISSING_RECEIPT,Expense claim EXP-129796 submitted for Accommodation without an attached supporting receipt.,0.503,RESOLVED,2023-10-09,2023-10-25
FND-001537,INV-00396,MEDIUM,POLICY_BREACH,"Expense claim of $46,535 for Accommodation exceeds the policy maximum of $100,000. Overage: $42,276.",0.588,RESOLVED,2021-06-10,2021-06-13
FND-001538,INV-00087,MEDIUM,POLICY_BREACH,"Expense claim of $166,388 for Equipment exceeds the policy maximum of $25,000. Overage: $28,737.",0.638,OPEN,2023-10-11,2023-10-20
FND-001539,INV-00388,MEDIUM,MISSING_RECEIPT,Expense claim EXP-121558 submitted for Equipment without an attached supporting receipt.,0.533,VALIDATED,2022-04-25,2022-05-07
FND-001540,INV-00304,MEDIUM,MISSING_RECEIPT,"Employee EMP-41786 submitted 7 claims totalling $5,184 without receipts in the review period.",0.598,VALIDATED,2021-09-21,2021-10-03
FND-001541,INV-00130,MEDIUM,POLICY_BREACH,"Entertainment expense of $121,929 submitted by EMP-46232 exceeds monthly policy allowance of $5,000.",0.557,VALIDATED,2022-10-10,
FND-001542,INV-00126,MEDIUM,APPROVAL_LIMIT,"Escalation protocol was bypassed. Transaction valued at $345,423 was approved at L1 without L4 countersignature.",0.406,VALIDATED,2021-12-17,2021-12-21
FND-001543,INV-00439,CRITICAL,FRAUD_PATTERN,"Round-number transaction of $289,557 processed at 02:27 — outside standard business hours. Flagged by anomaly detection.",0.959,RESOLVED,2024-03-29,2024-04-26
FND-001544,INV-00450,LOW,APPROVAL_LIMIT,Transaction processed with approval from an officer whose delegated authority was 24% below the required threshold.,0.475,OPEN,2022-01-26,2022-02-24
FND-001545,INV-00393,LOW,APPROVAL_LIMIT,"Payment of $316,900 approved at Level 3, which has a limit of $500,000. Transaction exceeded limit by $7,922.",0.247,OPEN,2021-11-01,2021-11-05
FND-001546,INV-00297,HIGH,APPROVAL_LIMIT,"Escalation protocol was bypassed. Transaction valued at $438,799 was approved at L2 without L5 countersignature.",0.607,RESOLVED,2021-08-24,
FND-001547,INV-00211,MEDIUM,APPROVAL_LIMIT,Transaction processed with approval from an officer whose delegated authority was 26% below the required threshold.,0.7,VALIDATED,2023-01-12,2023-01-19
FND-001548,INV-00185,MEDIUM,POLICY_BREACH,"Claim EXP-163085 violates Policy POL-0002 section 4.2: Meals expenditure capped at $25,000 per event.",0.579,OPEN,2023-01-15,2023-01-26
FND-001549,INV-00421,MEDIUM,VENDOR_RISK,"Vendor ZenithBridge Corp International holds CRITICAL risk rating. 7 payments totalling $6,032 processed in the audit period.",0.471,FALSE_POSITIVE,2022-10-29,2022-11-09
FND-001550,INV-00420,LOW,MISSING_RECEIPT,"Employee EMP-45251 submitted 2 claims totalling $13,773 without receipts in the review period.",0.35,FALSE_POSITIVE,2023-05-02,2023-05-03
FND-001551,INV-00004,MEDIUM,MISSING_RECEIPT,"Reimbursement of $385,765 for Equipment was approved despite no receipt documentation in the system.",0.647,OPEN,2024-12-28,2025-01-16
FND-001552,INV-00349,HIGH,EXPIRED_COMPLIANCE,"Vendor VND-VND-01552 received payment of $165,927 on 2024-01-06. Compliance certificate expired on 2020-12-10 — 185 days prior.",0.866,OPEN,2023-05-31,2023-06-15
FND-001553,INV-00436,MEDIUM,EXPIRED_COMPLIANCE,Procurement team processed payment without checking compliance status. Certificate had been expired for 133 days.,0.584,RESOLVED,2024-09-23,2024-10-09
FND-001554,INV-00339,HIGH,VENDOR_RISK,"BLACKLISTED vendor VND-VND-04725 received payment of $25,526 via contract CON-102437 that was not updated following blacklisting.",0.644,FALSE_POSITIVE,2024-01-21,
FND-001555,INV-00371,LOW,EXPIRED_COMPLIANCE,"Payment of $148,090 released to WavePath Inc Holdings whose ISO 27001 compliance expired 229 days before payment date.",0.445,VALIDATED,2022-05-04,2022-05-30
FND-001556,INV-00411,MEDIUM,APPROVAL_LIMIT,"Escalation protocol was bypassed. Transaction valued at $77,386 was approved at L3 without L5 countersignature.",0.677,VALIDATED,2024-01-15,2024-01-24
FND-001557,INV-00402,LOW,APPROVAL_LIMIT,"Escalation protocol was bypassed. Transaction valued at $134,322 was approved at L2 without L5 countersignature.",0.332,OPEN,2023-04-17,2023-05-16
FND-001558,INV-00441,MEDIUM,EXPIRED_COMPLIANCE,Compliance record CMP-108624 for vendor QuantumEdge Solutions Inc was in EXPIRED status at time of payment processing.,0.593,OPEN,2021-10-10,2021-10-19
FND-001559,INV-00015,MEDIUM,EXPIRED_COMPLIANCE,Procurement team processed payment without checking compliance status. Certificate had been expired for 108 days.,0.531,OPEN,2023-10-07,
FND-001560,INV-00442,HIGH,VENDOR_RISK,"High-risk vendor KineticBlue Ltd Holdings has no compliance record on file. Payment of $125,562 released without compliance clearance.",0.723,OPEN,2022-01-31,
FND-001561,INV-00255,MEDIUM,EXPIRED_COMPLIANCE,"Vendor VND-VND-01987 received payment of $92,447 on 2023-01-08. Compliance certificate expired on 2021-11-08 — 96 days prior.",0.457,FALSE_POSITIVE,2023-08-10,2023-09-09
FND-001562,INV-00093,MEDIUM,EXPIRED_COMPLIANCE,Compliance record CMP-107833 for vendor PrimeAxis Corp Group was in EXPIRED status at time of payment processing.,0.698,RESOLVED,2022-08-15,2022-08-23
FND-001563,INV-00237,MEDIUM,APPROVAL_LIMIT,"Payment of $68,293 approved at Level 1, which has a limit of $5,000. Transaction exceeded limit by $1,839.",0.633,VALIDATED,2024-06-07,2024-06-23
FND-001564,INV-00260,HIGH,POLICY_BREACH,"Claim EXP-181146 violates Policy POL-0012 section 4.2: Entertainment expenditure capped at $100,000 per event.",0.768,RESOLVED,2024-12-03,2024-12-06
FND-001565,INV-00201,HIGH,VENDOR_RISK,"BLACKLISTED vendor VND-VND-03705 received payment of $117,355 via contract CON-104822 that was not updated following blacklisting.",0.756,VALIDATED,2022-11-20,2022-12-12
FND-001566,INV-00173,LOW,FRAUD_PATTERN,Employee EMP-97815 submitted 6 expense claims within 72 hours for identical amounts — potential duplicate fraud pattern.,0.218,RESOLVED,2021-09-05,2021-10-04
FND-001567,INV-00349,LOW,VENDOR_RISK,"High-risk vendor BridgeTech Consulting Ltd has no compliance record on file. Payment of $477,199 released without compliance clearance.",0.292,ESCALATED,2024-06-09,2024-06-20
FND-001568,INV-00499,LOW,MISSING_RECEIPT,Expense claim missing receipt. Policy POL-0004 requires receipts for all claims above $100.,0.334,VALIDATED,2024-10-08,2024-10-14
FND-001569,INV-00127,HIGH,VENDOR_RISK,"High-risk vendor LatticeCore Partners Inc has no compliance record on file. Payment of $421,991 released without compliance clearance.",0.714,VALIDATED,2022-04-24,
FND-001570,INV-00465,LOW,VENDOR_RISK,"Vendor KryptonPath Ltd Inc holds CRITICAL risk rating. 4 payments totalling $3,505 processed in the audit period.",0.539,VALIDATED,2022-12-19,2022-12-21
FND-001571,INV-00449,MEDIUM,MISSING_RECEIPT,Expense claim EXP-184712 submitted for Software without an attached supporting receipt.,0.538,RESOLVED,2021-10-20,
FND-001572,INV-00233,MEDIUM,APPROVAL_LIMIT,"Escalation protocol was bypassed. Transaction valued at $74,834 was approved at L1 without L3 countersignature.",0.571,VALIDATED,2023-11-01,2023-11-14
FND-001573,INV-00035,MEDIUM,EXPIRED_COMPLIANCE,"Vendor VND-VND-02418 received payment of $49,500 on 2024-01-25. Compliance certificate expired on 2021-06-05 — 152 days prior.",0.47,VALIDATED,2023-03-19,2023-04-12
FND-001574,INV-00250,MEDIUM,POLICY_BREACH,Employee submitted Training claim 44% above the authorised policy limit without prior exception approval.,0.488,VALIDATED,2022-10-27,
FND-001575,INV-00168,CRITICAL,EXPIRED_COMPLIANCE,"Vendor VND-VND-03851 received payment of $108,206 on 2023-05-10. Compliance certificate expired on 2021-04-20 — 330 days prior.",0.915,OPEN,2024-04-30,
FND-001576,INV-00356,MEDIUM,APPROVAL_LIMIT,"Payment of $481,460 approved at Level 3, which has a limit of $100,000. Transaction exceeded limit by $44,465.",0.468,RESOLVED,2021-10-21,
FND-001577,INV-00332,MEDIUM,MISSING_RECEIPT,"Employee EMP-55065 submitted 5 claims totalling $18,368 without receipts in the review period.",0.612,RESOLVED,2022-07-02,2022-07-28
FND-001578,INV-00490,HIGH,MISSING_RECEIPT,Expense claim missing receipt. Policy POL-0012 requires receipts for all claims above $75.,0.625,FALSE_POSITIVE,2023-04-24,
FND-001579,INV-00451,LOW,POLICY_BREACH,"Entertainment expense of $241,552 submitted by EMP-20392 exceeds monthly policy allowance of $500,000.",0.241,ESCALATED,2022-01-18,2022-02-07
FND-001580,INV-00015,MEDIUM,VENDOR_RISK,"BLACKLISTED vendor VND-VND-04873 received payment of $433,785 via contract CON-109595 that was not updated following blacklisting.",0.478,VALIDATED,2021-09-22,2021-10-13
FND-001581,INV-00096,HIGH,FRAUD_PATTERN,"Round-number transaction of $97,726 processed at 01:26 — outside standard business hours. Flagged by anomaly detection.",0.614,RESOLVED,2022-12-27,
FND-001582,INV-00200,MEDIUM,APPROVAL_LIMIT,"Escalation protocol was bypassed. Transaction valued at $219,159 was approved at L1 without L4 countersignature.",0.466,VALIDATED,2023-08-13,
FND-001583,INV-00324,CRITICAL,APPROVAL_LIMIT,"Approval granted by EMP-18156 who was not authorised to approve amounts above $500,000. Transaction value: $229,705.",0.857,OPEN,2021-08-03,
FND-001584,INV-00323,MEDIUM,APPROVAL_LIMIT,"Payment of $422,663 approved at Level 3, which has a limit of $25,000. Transaction exceeded limit by $39,500.",0.562,FALSE_POSITIVE,2024-05-03,2024-05-16
FND-001585,INV-00308,HIGH,APPROVAL_LIMIT,"Escalation protocol was bypassed. Transaction valued at $484,337 was approved at L3 without L5 countersignature.",0.776,ESCALATED,2022-10-10,
FND-001586,INV-00127,LOW,APPROVAL_LIMIT,Transaction processed with approval from an officer whose delegated authority was 21% below the required threshold.,0.491,ESCALATED,2024-08-09,
FND-001587,INV-00150,LOW,EXPIRED_COMPLIANCE,Compliance record CMP-102229 for vendor RapidCore Consulting Group was in EXPIRED status at time of payment processing.,0.452,RESOLVED,2023-11-18,
FND-001588,INV-00295,MEDIUM,EXPIRED_COMPLIANCE,Procurement team processed payment without checking compliance status. Certificate had been expired for 414 days.,0.538,OPEN,2022-01-25,
FND-001589,INV-00330,MEDIUM,POLICY_BREACH,"Expense claim of $378,219 for Travel exceeds the policy maximum of $5,000. Overage: $36,436.",0.581,RESOLVED,2024-08-19,
FND-001590,INV-00208,MEDIUM,EXPIRED_COMPLIANCE,"Vendor VND-VND-03168 received payment of $55,821 on 2022-10-04. Compliance certificate expired on 2022-08-12 — 18 days prior.",0.603,OPEN,2024-01-03,2024-01-11
FND-001591,INV-00058,MEDIUM,POLICY_BREACH,Employee submitted Software claim 9% above the authorised policy limit without prior exception approval.,0.686,ESCALATED,2022-04-03,2022-04-19
FND-001592,INV-00106,LOW,FRAUD_PATTERN,Employee EMP-37243 submitted 3 expense claims within 72 hours for identical amounts — potential duplicate fraud pattern.,0.441,VALIDATED,2023-05-21,2023-06-15
FND-001593,INV-00131,CRITICAL,POLICY_BREACH,Employee submitted Meals claim 29% above the authorised policy limit without prior exception approval.,0.81,FALSE_POSITIVE,2022-05-16,2022-06-10
FND-001594,INV-00115,MEDIUM,MISSING_RECEIPT,"Reimbursement of $127,658 for Accommodation was approved despite no receipt documentation in the system.",0.517,OPEN,2023-06-29,2023-07-24
FND-001595,INV-00340,HIGH,POLICY_BREACH,"Claim EXP-129383 violates Policy POL-0020 section 4.2: Entertainment expenditure capped at $5,000 per event.",0.793,RESOLVED,2022-04-18,
FND-001596,INV-00020,MEDIUM,MISSING_RECEIPT,Expense claim EXP-150366 submitted for Marketing without an attached supporting receipt.,0.743,OPEN,2022-12-28,2023-01-14
FND-001597,INV-00476,HIGH,VENDOR_RISK,"BLACKLISTED vendor VND-VND-03031 received payment of $218,668 via contract CON-107828 that was not updated following blacklisting.",0.831,OPEN,2024-07-10,2024-07-29
FND-001598,INV-00056,MEDIUM,MISSING_RECEIPT,Employee EMP-15641 submitted 5 claims totalling $815 without receipts in the review period.,0.527,ESCALATED,2022-05-31,2022-06-27
FND-001599,INV-00235,LOW,APPROVAL_LIMIT,"Approval granted by EMP-32596 who was not authorised to approve amounts above $25,000. Transaction value: $350,217.",0.534,VALIDATED,2023-08-21,2023-08-23
FND-001600,INV-00342,MEDIUM,VENDOR_RISK,"Vendor Epsilon_Group International holds CRITICAL risk rating. 2 payments totalling $15,182 processed in the audit period.",0.495,VALIDATED,2023-07-16,2023-07-24
FND-001601,INV-00151,MEDIUM,VENDOR_RISK,"Vendor MomentumCore Corp Group holds CRITICAL risk rating. 8 payments totalling $14,194 processed in the audit period.",0.631,VALIDATED,2024-09-01,
FND-001602,INV-00125,CRITICAL,APPROVAL_LIMIT,"Escalation protocol was bypassed. Transaction valued at $411,322 was approved at L1 without L4 countersignature.",0.96,VALIDATED,2024-04-01,2024-04-02
FND-001603,INV-00497,MEDIUM,VENDOR_RISK,Payment issued to VND-VND-01771 rated LOW risk. Active contract CON-106105 in place. Enhanced due diligence not documented.,0.648,OPEN,2022-03-25,2022-04-04
FND-001604,INV-00085,MEDIUM,VENDOR_RISK,"High-risk vendor UnityCore Technologies Holdings has no compliance record on file. Payment of $224,110 released without compliance clearance.",0.664,OPEN,2023-12-20,
FND-001605,INV-00324,HIGH,APPROVAL_LIMIT,"Payment of $78,924 approved at Level 3, which has a limit of $500,000. Transaction exceeded limit by $12,889.",0.869,RESOLVED,2023-01-26,2023-02-19
FND-001606,INV-00234,CRITICAL,MISSING_RECEIPT,"Reimbursement of $119,181 for Office Supplies was approved despite no receipt documentation in the system.",0.814,ESCALATED,2024-01-29,
FND-001607,INV-00052,HIGH,POLICY_BREACH,Employee submitted Travel claim 74% above the authorised policy limit without prior exception approval.,0.852,OPEN,2022-03-04,2022-03-06
FND-001608,INV-00143,HIGH,APPROVAL_LIMIT,"Escalation protocol was bypassed. Transaction valued at $37,285 was approved at L2 without L5 countersignature.",0.638,OPEN,2022-06-01,2022-06-26
FND-001609,INV-00319,LOW,FRAUD_PATTERN,Employee EMP-74979 submitted 7 expense claims within 72 hours for identical amounts — potential duplicate fraud pattern.,0.42,OPEN,2024-03-27,2024-04-22
FND-001610,INV-00153,LOW,MISSING_RECEIPT,"Employee EMP-50890 submitted 5 claims totalling $13,024 without receipts in the review period.",0.432,VALIDATED,2021-12-28,
FND-001611,INV-00470,HIGH,POLICY_BREACH,"Expense claim of $277,369 for Meals exceeds the policy maximum of $5,000. Overage: $6,803.",0.702,OPEN,2022-02-19,2022-03-17
FND-001612,INV-00414,LOW,VENDOR_RISK,"Vendor KineticBlue Ltd LLC holds CRITICAL risk rating. 5 payments totalling $8,755 processed in the audit period.",0.403,OPEN,2022-03-27,2022-04-16
FND-001613,INV-00380,MEDIUM,APPROVAL_LIMIT,"Payment of $314,258 approved at Level 2, which has a limit of $5,000. Transaction exceeded limit by $32,083.",0.721,VALIDATED,2023-07-18,2023-07-30
FND-001614,INV-00175,CRITICAL,MISSING_RECEIPT,Expense claim missing receipt. Policy POL-0005 requires receipts for all claims above $75.,0.902,OPEN,2022-03-19,
FND-001615,INV-00203,LOW,FRAUD_PATTERN,"Round-number transaction of $341,246 processed at 02:33 — outside standard business hours. Flagged by anomaly detection.",0.2,OPEN,2023-01-03,
FND-001616,INV-00002,LOW,VENDOR_RISK,"Vendor YieldPoint Partners Holdings holds CRITICAL risk rating. 5 payments totalling $7,883 processed in the audit period.",0.63,OPEN,2024-04-29,2024-05-13
FND-001617,INV-00302,HIGH,FRAUD_PATTERN,"Round-number transaction of $146,051 processed at 05:42 — outside standard business hours. Flagged by anomaly detection.",0.861,VALIDATED,2022-04-18,2022-04-29
FND-001618,INV-00327,LOW,FRAUD_PATTERN,Transaction routed through 2 intermediate accounts before reaching final beneficiary. Unusual for CASH_OUT transaction type.,0.292,RESOLVED,2024-12-04,2024-12-06
FND-001619,INV-00182,MEDIUM,APPROVAL_LIMIT,Transaction processed with approval from an officer whose delegated authority was 13% below the required threshold.,0.69,VALIDATED,2023-03-29,
FND-001620,INV-00351,MEDIUM,APPROVAL_LIMIT,"Approval granted by EMP-83618 who was not authorised to approve amounts above $5,000. Transaction value: $283,404.",0.581,RESOLVED,2021-08-03,2021-08-26
FND-001621,INV-00398,MEDIUM,APPROVAL_LIMIT,Transaction processed with approval from an officer whose delegated authority was 69% below the required threshold.,0.578,RESOLVED,2021-09-20,2021-09-25
FND-001622,INV-00450,MEDIUM,APPROVAL_LIMIT,"Payment of $110,421 approved at Level 1, which has a limit of $500,000. Transaction exceeded limit by $42,511.",0.421,VALIDATED,2024-01-14,
FND-001623,INV-00027,CRITICAL,VENDOR_RISK,"Vendor WaveCore Manufacturing Inc holds CRITICAL risk rating. 6 payments totalling $3,102 processed in the audit period.",0.752,RESOLVED,2024-11-22,2024-11-29
FND-001624,INV-00443,MEDIUM,APPROVAL_LIMIT,"Payment of $249,931 approved at Level 3, which has a limit of $500,000. Transaction exceeded limit by $3,246.",0.605,VALIDATED,2024-10-20,2024-11-07
FND-001625,INV-00382,LOW,FRAUD_PATTERN,"Round-number transaction of $403,951 processed at 02:54 — outside standard business hours. Flagged by anomaly detection.",0.308,OPEN,2023-09-20,2023-10-04
FND-001626,INV-00071,LOW,VENDOR_RISK,"Vendor XcelPath Networks Ltd holds CRITICAL risk rating. 8 payments totalling $17,645 processed in the audit period.",0.444,OPEN,2024-05-01,2024-05-31
FND-001627,INV-00029,HIGH,VENDOR_RISK,"BLACKLISTED vendor VND-VND-00267 received payment of $303,418 via contract CON-103454 that was not updated following blacklisting.",0.78,RESOLVED,2022-06-28,
FND-001628,INV-00378,HIGH,POLICY_BREACH,Employee submitted Travel claim 60% above the authorised policy limit without prior exception approval.,0.89,OPEN,2022-09-14,
FND-001629,INV-00409,MEDIUM,APPROVAL_LIMIT,"Approval granted by EMP-28444 who was not authorised to approve amounts above $100,000. Transaction value: $192,620.",0.51,ESCALATED,2023-08-27,2023-09-08
FND-001630,INV-00483,MEDIUM,EXPIRED_COMPLIANCE,"Vendor VND-VND-02702 received payment of $399,764 on 2022-02-03. Compliance certificate expired on 2020-01-20 — 385 days prior.",0.413,OPEN,2023-05-07,2023-06-03
FND-001631,INV-00140,MEDIUM,POLICY_BREACH,"Expense claim of $401,456 for Software exceeds the policy maximum of $100,000. Overage: $35,839.",0.552,OPEN,2024-01-24,2024-02-23
FND-001632,INV-00276,MEDIUM,POLICY_BREACH,"Entertainment expense of $40,763 submitted by EMP-90233 exceeds monthly policy allowance of $5,000.",0.416,RESOLVED,2024-04-20,2024-05-17
FND-001633,INV-00225,LOW,EXPIRED_COMPLIANCE,Compliance record CMP-101008 for vendor BridgeTech Consulting was in EXPIRED status at time of payment processing.,0.625,OPEN,2024-03-04,
FND-001634,INV-00087,MEDIUM,EXPIRED_COMPLIANCE,"Payment of $81,309 released to VoltEdge Solutions Inc whose GDPR compliance expired 411 days before payment date.",0.495,ESCALATED,2023-10-03,2023-10-07
FND-001635,INV-00234,LOW,EXPIRED_COMPLIANCE,"Payment of $191,066 released to XpressCore Dynamics Group whose SOC 2 compliance expired 478 days before payment date.",0.244,OPEN,2023-03-09,
FND-001636,INV-00369,HIGH,MISSING_RECEIPT,Expense claim EXP-111905 submitted for Accommodation without an attached supporting receipt.,0.731,FALSE_POSITIVE,2021-11-08,2021-12-07
FND-001637,INV-00020,MEDIUM,POLICY_BREACH,Employee submitted Office Supplies claim 39% above the authorised policy limit without prior exception approval.,0.454,VALIDATED,2021-12-02,2021-12-07
FND-001638,INV-00098,MEDIUM,FRAUD_PATTERN,"Split payment pattern detected: 2 transactions to same beneficiary totalling $5,121 — each below approval threshold of $500,000.",0.605,RESOLVED,2024-09-07,2024-09-26
FND-001639,INV-00169,LOW,VENDOR_RISK,"High-risk vendor YieldPoint Partners Ltd has no compliance record on file. Payment of $121,307 released without compliance clearance.",0.432,VALIDATED,2024-04-09,2024-04-26
FND-001640,INV-00427,MEDIUM,APPROVAL_LIMIT,Transaction processed with approval from an officer whose delegated authority was 33% below the required threshold.,0.661,OPEN,2021-09-18,
FND-001641,INV-00146,MEDIUM,EXPIRED_COMPLIANCE,Compliance record CMP-105179 for vendor VertiLink Distributors Ltd was in EXPIRED status at time of payment processing.,0.606,OPEN,2021-11-04,
FND-001642,INV-00317,CRITICAL,VENDOR_RISK,"Vendor VoltEdge Solutions Inc holds CRITICAL risk rating. 6 payments totalling $5,035 processed in the audit period.",0.828,OPEN,2023-07-19,2023-08-04
FND-001643,INV-00204,LOW,APPROVAL_LIMIT,"Payment of $249,923 approved at Level 1, which has a limit of $25,000. Transaction exceeded limit by $49,143.",0.246,RESOLVED,2024-04-10,2024-04-11
FND-001644,INV-00287,CRITICAL,POLICY_BREACH,"Entertainment expense of $409,799 submitted by EMP-70062 exceeds monthly policy allowance of $25,000.",0.838,RESOLVED,2021-10-11,2021-10-16
FND-001645,INV-00053,HIGH,EXPIRED_COMPLIANCE,"Vendor VND-VND-02781 received payment of $379,231 on 2022-08-07. Compliance certificate expired on 2022-06-12 — 374 days prior.",0.72,RESOLVED,2023-05-22,2023-05-28
FND-001646,INV-00234,MEDIUM,FRAUD_PATTERN,"Split payment pattern detected: 3 transactions to same beneficiary totalling $19,746 — each below approval threshold of $25,000.",0.524,OPEN,2021-12-15,2022-01-05
FND-001647,INV-00271,MEDIUM,MISSING_RECEIPT,Expense claim missing receipt. Policy POL-0008 requires receipts for all claims above $75.,0.466,RESOLVED,2022-04-19,2022-05-13
FND-001648,INV-00216,LOW,EXPIRED_COMPLIANCE,Procurement team processed payment without checking compliance status. Certificate had been expired for 47 days.,0.569,OPEN,2023-01-16,2023-01-17
FND-001649,INV-00426,LOW,APPROVAL_LIMIT,"Escalation protocol was bypassed. Transaction valued at $231,400 was approved at L1 without L4 countersignature.",0.45,ESCALATED,2023-10-24,
FND-001650,INV-00147,HIGH,VENDOR_RISK,Payment issued to VND-VND-00292 rated LOW risk. Active contract CON-108380 in place. Enhanced due diligence not documented.,0.839,VALIDATED,2022-09-19,2022-09-30
FND-001651,INV-00441,MEDIUM,POLICY_BREACH,"Claim EXP-193207 violates Policy POL-0017 section 4.2: Training expenditure capped at $5,000 per event.",0.66,RESOLVED,2023-09-02,
FND-001652,INV-00190,CRITICAL,POLICY_BREACH,"Entertainment expense of $278,009 submitted by EMP-96329 exceeds monthly policy allowance of $25,000.",0.786,VALIDATED,2024-12-25,2025-01-21
FND-001653,INV-00074,MEDIUM,APPROVAL_LIMIT,"Approval granted by EMP-58214 who was not authorised to approve amounts above $500,000. Transaction value: $439,567.",0.551,ESCALATED,2024-11-04,
FND-001654,INV-00461,MEDIUM,VENDOR_RISK,Payment issued to VND-VND-04131 rated MEDIUM risk. Active contract CON-102058 in place. Enhanced due diligence not documented.,0.564,FALSE_POSITIVE,2023-11-29,2023-12-17
FND-001655,INV-00018,MEDIUM,APPROVAL_LIMIT,"Approval granted by EMP-63347 who was not authorised to approve amounts above $100,000. Transaction value: $104,775.",0.607,ESCALATED,2024-08-11,2024-08-17
FND-001656,INV-00040,LOW,MISSING_RECEIPT,Expense claim EXP-192692 submitted for Office Supplies without an attached supporting receipt.,0.466,VALIDATED,2022-06-28,2022-07-24
FND-001657,INV-00078,MEDIUM,EXPIRED_COMPLIANCE,Compliance record CMP-106884 for vendor LatticeCore Partners Holdings was in EXPIRED status at time of payment processing.,0.709,VALIDATED,2022-02-19,
FND-001658,INV-00142,MEDIUM,APPROVAL_LIMIT,"Approval granted by EMP-20646 who was not authorised to approve amounts above $500,000. Transaction value: $8,614.",0.501,VALIDATED,2022-11-29,2022-11-30
FND-001659,INV-00008,MEDIUM,APPROVAL_LIMIT,"Payment of $266,923 approved at Level 2, which has a limit of $500,000. Transaction exceeded limit by $11,646.",0.516,OPEN,2023-06-03,2023-06-08
FND-001660,INV-00467,MEDIUM,MISSING_RECEIPT,"Employee EMP-58506 submitted 5 claims totalling $12,512 without receipts in the review period.",0.544,VALIDATED,2022-08-10,2022-08-18
FND-001661,INV-00178,LOW,POLICY_BREACH,"Expense claim of $418,750 for Office Supplies exceeds the policy maximum of $25,000. Overage: $8,874.",0.304,OPEN,2024-09-20,2024-10-19
FND-001662,INV-00444,MEDIUM,POLICY_BREACH,"Claim EXP-139875 violates Policy POL-0002 section 4.2: Office Supplies expenditure capped at $25,000 per event.",0.5,VALIDATED,2022-01-28,2022-02-27
FND-001663,INV-00245,MEDIUM,EXPIRED_COMPLIANCE,"Payment of $278,645 released to HarborLight Services LLC whose ISO 27001 compliance expired 335 days before payment date.",0.671,RESOLVED,2024-04-10,2024-04-28
FND-001664,INV-00002,MEDIUM,EXPIRED_COMPLIANCE,"Vendor VND-VND-00047 received payment of $263,139 on 2022-01-08. Compliance certificate expired on 2020-08-22 — 299 days prior.",0.709,VALIDATED,2022-01-22,2022-01-26
FND-001665,INV-00038,LOW,MISSING_RECEIPT,Expense claim missing receipt. Policy POL-0009 requires receipts for all claims above $75.,0.557,RESOLVED,2024-11-01,2024-11-03
FND-001666,INV-00155,LOW,EXPIRED_COMPLIANCE,Procurement team processed payment without checking compliance status. Certificate had been expired for 534 days.,0.626,RESOLVED,2021-08-12,
FND-001667,INV-00187,LOW,FRAUD_PATTERN,Employee EMP-13282 submitted 7 expense claims within 72 hours for identical amounts — potential duplicate fraud pattern.,0.229,VALIDATED,2022-02-23,
FND-001668,INV-00070,LOW,EXPIRED_COMPLIANCE,Procurement team processed payment without checking compliance status. Certificate had been expired for 131 days.,0.381,FALSE_POSITIVE,2022-10-12,2022-10-28
FND-001669,INV-00324,CRITICAL,VENDOR_RISK,Payment issued to VND-VND-03507 rated LOW risk. Active contract CON-106870 in place. Enhanced due diligence not documented.,0.841,OPEN,2022-08-05,2022-08-13
FND-001670,INV-00404,MEDIUM,POLICY_BREACH,"Entertainment expense of $366,303 submitted by EMP-62213 exceeds monthly policy allowance of $25,000.",0.519,VALIDATED,2022-04-02,2022-04-13
FND-001671,INV-00375,MEDIUM,EXPIRED_COMPLIANCE,"Vendor VND-VND-04973 received payment of $98,060 on 2022-06-23. Compliance certificate expired on 2021-03-14 — 532 days prior.",0.531,VALIDATED,2024-05-09,
FND-001672,INV-00191,MEDIUM,FRAUD_PATTERN,"Round-number transaction of $53,507 processed at 04:21 — outside standard business hours. Flagged by anomaly detection.",0.421,VALIDATED,2021-10-25,2021-10-28
FND-001673,INV-00043,CRITICAL,APPROVAL_LIMIT,Transaction processed with approval from an officer whose delegated authority was 31% below the required threshold.,0.926,OPEN,2023-06-22,2023-07-17
FND-001674,INV-00042,MEDIUM,MISSING_RECEIPT,Expense claim missing receipt. Policy POL-0001 requires receipts for all claims above $50.,0.582,RESOLVED,2024-12-29,2025-01-11
FND-001675,INV-00403,MEDIUM,MISSING_RECEIPT,"Reimbursement of $229,743 for Travel was approved despite no receipt documentation in the system.",0.6,OPEN,2024-05-30,2024-06-15
FND-001676,INV-00090,MEDIUM,MISSING_RECEIPT,"Reimbursement of $274,781 for Consulting was approved despite no receipt documentation in the system.",0.529,RESOLVED,2024-09-11,
FND-001677,INV-00014,CRITICAL,APPROVAL_LIMIT,"Payment of $114,195 approved at Level 1, which has a limit of $100,000. Transaction exceeded limit by $12,996.",0.94,OPEN,2021-11-23,2021-12-05
FND-001678,INV-00102,MEDIUM,POLICY_BREACH,"Expense claim of $123,016 for Software exceeds the policy maximum of $5,000. Overage: $48,681.",0.734,OPEN,2022-04-20,
FND-001679,INV-00274,MEDIUM,APPROVAL_LIMIT,"Payment of $327,947 approved at Level 3, which has a limit of $500,000. Transaction exceeded limit by $2,314.",0.535,VALIDATED,2022-11-13,
FND-001680,INV-00052,MEDIUM,APPROVAL_LIMIT,"Payment of $441,690 approved at Level 2, which has a limit of $500,000. Transaction exceeded limit by $4,535.",0.563,RESOLVED,2024-11-19,
FND-001681,INV-00028,HIGH,POLICY_BREACH,"Entertainment expense of $284,826 submitted by EMP-85170 exceeds monthly policy allowance of $100,000.",0.715,VALIDATED,2022-02-13,
FND-001682,INV-00419,MEDIUM,POLICY_BREACH,"Expense claim of $448,654 for Equipment exceeds the policy maximum of $5,000. Overage: $32,000.",0.503,OPEN,2021-07-09,2021-07-15
FND-001683,INV-00153,CRITICAL,APPROVAL_LIMIT,"Payment of $181,234 approved at Level 2, which has a limit of $100,000. Transaction exceeded limit by $3,988.",0.801,RESOLVED,2024-03-26,2024-04-18
FND-001684,INV-00460,MEDIUM,APPROVAL_LIMIT,"Payment of $236,289 approved at Level 3, which has a limit of $100,000. Transaction exceeded limit by $34,973.",0.665,VALIDATED,2021-09-02,
FND-001685,INV-00109,MEDIUM,MISSING_RECEIPT,"Reimbursement of $388,617 for Accommodation was approved despite no receipt documentation in the system.",0.597,RESOLVED,2021-12-11,2021-12-21
FND-001686,INV-00049,MEDIUM,VENDOR_RISK,"BLACKLISTED vendor VND-VND-02322 received payment of $90,127 via contract CON-107492 that was not updated following blacklisting.",0.579,OPEN,2023-02-22,
FND-001687,INV-00254,HIGH,MISSING_RECEIPT,"Employee EMP-11581 submitted 2 claims totalling $2,729 without receipts in the review period.",0.802,OPEN,2023-10-05,
FND-001688,INV-00074,MEDIUM,APPROVAL_LIMIT,Transaction processed with approval from an officer whose delegated authority was 68% below the required threshold.,0.478,OPEN,2024-12-20,2025-01-10
FND-001689,INV-00163,LOW,MISSING_RECEIPT,Expense claim missing receipt. Policy POL-0003 requires receipts for all claims above $200.,0.501,OPEN,2024-05-30,2024-06-05
FND-001690,INV-00071,HIGH,FRAUD_PATTERN,Transaction routed through 4 intermediate accounts before reaching final beneficiary. Unusual for TRANSFER transaction type.,0.868,ESCALATED,2021-08-09,2021-09-06
FND-001691,INV-00019,MEDIUM,MISSING_RECEIPT,"Reimbursement of $94,905 for Training was approved despite no receipt documentation in the system.",0.402,RESOLVED,2024-03-01,
FND-001692,INV-00341,MEDIUM,FRAUD_PATTERN,"Split payment pattern detected: 4 transactions to same beneficiary totalling $2,536 — each below approval threshold of $5,000.",0.526,OPEN,2022-03-20,2022-04-13
FND-001693,INV-00460,HIGH,APPROVAL_LIMIT,"Escalation protocol was bypassed. Transaction valued at $387,340 was approved at L2 without L3 countersignature.",0.817,VALIDATED,2024-05-02,2024-05-23
FND-001694,INV-00141,HIGH,MISSING_RECEIPT,"Employee EMP-26190 submitted 8 claims totalling $3,927 without receipts in the review period.",0.749,VALIDATED,2022-08-24,
FND-001695,INV-00115,MEDIUM,APPROVAL_LIMIT,"Payment of $263,524 approved at Level 1, which has a limit of $100,000. Transaction exceeded limit by $44,835.",0.428,VALIDATED,2023-12-09,2023-12-26
FND-001696,INV-00006,MEDIUM,APPROVAL_LIMIT,Transaction processed with approval from an officer whose delegated authority was 14% below the required threshold.,0.61,OPEN,2023-07-01,
FND-001697,INV-00257,HIGH,APPROVAL_LIMIT,"Approval granted by EMP-88030 who was not authorised to approve amounts above $500,000. Transaction value: $87,296.",0.735,VALIDATED,2024-04-18,2024-05-02
FND-001698,INV-00444,MEDIUM,EXPIRED_COMPLIANCE,"Payment of $14,649 released to VoltEdge Solutions Holdings whose ISO 27001 compliance expired 420 days before payment date.",0.612,VALIDATED,2022-02-22,2022-03-03
FND-001699,INV-00061,MEDIUM,POLICY_BREACH,Employee submitted Training claim 61% above the authorised policy limit without prior exception approval.,0.477,RESOLVED,2021-11-05,2021-11-13
FND-001700,INV-00468,MEDIUM,EXPIRED_COMPLIANCE,"Payment of $67,994 released to JadeCore Solutions International whose PCI-DSS compliance expired 362 days before payment date.",0.433,VALIDATED,2023-04-24,2023-05-08
FND-001701,INV-00003,MEDIUM,VENDOR_RISK,"High-risk vendor InnoCore Dynamics International has no compliance record on file. Payment of $282,385 released without compliance clearance.",0.66,ESCALATED,2021-11-22,2021-12-07
FND-001702,INV-00323,MEDIUM,VENDOR_RISK,"High-risk vendor WavePath Inc has no compliance record on file. Payment of $445,868 released without compliance clearance.",0.73,ESCALATED,2021-10-22,2021-11-14
FND-001703,INV-00030,MEDIUM,APPROVAL_LIMIT,"Payment of $173,410 approved at Level 2, which has a limit of $500,000. Transaction exceeded limit by $8,539.",0.465,ESCALATED,2022-07-01,
FND-001704,INV-00407,LOW,APPROVAL_LIMIT,"Payment of $227,107 approved at Level 2, which has a limit of $25,000. Transaction exceeded limit by $26,693.",0.413,OPEN,2023-03-26,
FND-001705,INV-00002,MEDIUM,VENDOR_RISK,"BLACKLISTED vendor VND-VND-00244 received payment of $224,113 via contract CON-101814 that was not updated following blacklisting.",0.677,OPEN,2024-09-14,
FND-001706,INV-00354,LOW,POLICY_BREACH,"Claim EXP-102155 violates Policy POL-0005 section 4.2: Software expenditure capped at $5,000 per event.",0.472,OPEN,2023-11-13,2023-11-24
FND-001707,INV-00245,HIGH,VENDOR_RISK,Payment issued to VND-VND-03277 rated LOW risk. Active contract CON-106497 in place. Enhanced due diligence not documented.,0.808,OPEN,2022-01-23,2022-02-07
FND-001708,INV-00043,LOW,POLICY_BREACH,"Entertainment expense of $339,506 submitted by EMP-79915 exceeds monthly policy allowance of $500,000.",0.421,VALIDATED,2022-08-11,2022-09-02
FND-001709,INV-00106,LOW,VENDOR_RISK,Payment issued to VND-VND-01701 rated HIGH risk. Active contract CON-106363 in place. Enhanced due diligence not documented.,0.234,RESOLVED,2024-04-28,2024-05-14
FND-001710,INV-00364,CRITICAL,VENDOR_RISK,"BLACKLISTED vendor VND-VND-02336 received payment of $278,580 via contract CON-105856 that was not updated following blacklisting.",0.795,ESCALATED,2022-04-07,2022-04-21
FND-001711,INV-00412,MEDIUM,FRAUD_PATTERN,Transaction routed through 3 intermediate accounts before reaching final beneficiary. Unusual for CASH_OUT transaction type.,0.496,OPEN,2023-04-13,
FND-001712,INV-00211,MEDIUM,EXPIRED_COMPLIANCE,"Payment of $80,207 released to Alpha_Inc Group whose PCI-DSS compliance expired 267 days before payment date.",0.602,VALIDATED,2021-11-17,2021-12-13
FND-001713,INV-00346,HIGH,POLICY_BREACH,"Claim EXP-102430 violates Policy POL-0011 section 4.2: Software expenditure capped at $25,000 per event.",0.606,RESOLVED,2022-02-10,2022-02-13
FND-001714,INV-00450,LOW,EXPIRED_COMPLIANCE,"Payment of $304,461 released to Epsilon_Group LLC whose PCI-DSS compliance expired 70 days before payment date.",0.202,RESOLVED,2024-06-29,2024-07-29
FND-001715,INV-00496,LOW,POLICY_BREACH,"Entertainment expense of $247,537 submitted by EMP-41609 exceeds monthly policy allowance of $25,000.",0.325,VALIDATED,2024-08-30,2024-09-21
FND-001716,INV-00007,MEDIUM,EXPIRED_COMPLIANCE,Procurement team processed payment without checking compliance status. Certificate had been expired for 354 days.,0.421,RESOLVED,2022-08-26,2022-09-16
FND-001717,INV-00168,CRITICAL,POLICY_BREACH,Employee submitted Accommodation claim 50% above the authorised policy limit without prior exception approval.,0.889,ESCALATED,2023-08-27,2023-09-20
FND-001718,INV-00086,MEDIUM,FRAUD_PATTERN,"Round-number transaction of $482,175 processed at 00:44 — outside standard business hours. Flagged by anomaly detection.",0.7,RESOLVED,2024-06-29,2024-07-25
FND-001719,INV-00332,LOW,POLICY_BREACH,Employee submitted Equipment claim 18% above the authorised policy limit without prior exception approval.,0.478,VALIDATED,2024-03-27,2024-04-06
FND-001720,INV-00126,MEDIUM,POLICY_BREACH,"Entertainment expense of $104,338 submitted by EMP-74904 exceeds monthly policy allowance of $25,000.",0.522,OPEN,2021-09-12,
FND-001721,INV-00008,MEDIUM,MISSING_RECEIPT,Employee EMP-70630 submitted 2 claims totalling $976 without receipts in the review period.,0.46,VALIDATED,2023-08-01,2023-08-03
FND-001722,INV-00339,LOW,APPROVAL_LIMIT,"Escalation protocol was bypassed. Transaction valued at $124,112 was approved at L2 without L4 countersignature.",0.568,VALIDATED,2024-09-15,2024-09-24
FND-001723,INV-00444,MEDIUM,APPROVAL_LIMIT,"Approval granted by EMP-21129 who was not authorised to approve amounts above $25,000. Transaction value: $305,803.",0.515,VALIDATED,2024-01-20,
FND-001724,INV-00478,HIGH,POLICY_BREACH,"Claim EXP-194773 violates Policy POL-0005 section 4.2: Meals expenditure capped at $25,000 per event.",0.641,VALIDATED,2021-06-19,2021-07-15
FND-001725,INV-00075,HIGH,APPROVAL_LIMIT,Transaction processed with approval from an officer whose delegated authority was 6% below the required threshold.,0.754,VALIDATED,2021-10-06,
FND-001726,INV-00193,LOW,EXPIRED_COMPLIANCE,Procurement team processed payment without checking compliance status. Certificate had been expired for 305 days.,0.626,ESCALATED,2024-12-06,2024-12-18
FND-001727,INV-00408,LOW,MISSING_RECEIPT,"Employee EMP-93663 submitted 3 claims totalling $2,836 without receipts in the review period.",0.631,RESOLVED,2024-07-24,2024-08-23
FND-001728,INV-00136,HIGH,POLICY_BREACH,"Claim EXP-165597 violates Policy POL-0014 section 4.2: Office Supplies expenditure capped at $25,000 per event.",0.831,RESOLVED,2023-05-22,2023-06-02
FND-001729,INV-00304,MEDIUM,MISSING_RECEIPT,Expense claim missing receipt. Policy POL-0003 requires receipts for all claims above $75.,0.716,OPEN,2024-08-29,
FND-001730,INV-00293,HIGH,VENDOR_RISK,Payment issued to VND-VND-02943 rated LOW risk. Active contract CON-105091 in place. Enhanced due diligence not documented.,0.831,RESOLVED,2023-07-07,2023-07-31
FND-001731,INV-00175,MEDIUM,EXPIRED_COMPLIANCE,"Vendor VND-VND-00585 received payment of $220,006 on 2022-12-17. Compliance certificate expired on 2022-08-06 — 451 days prior.",0.563,RESOLVED,2021-06-08,2021-06-23
FND-001732,INV-00257,MEDIUM,VENDOR_RISK,Payment issued to VND-VND-03305 rated LOW risk. Active contract CON-102345 in place. Enhanced due diligence not documented.,0.622,VALIDATED,2022-12-14,2022-12-23
FND-001733,INV-00157,LOW,VENDOR_RISK,"High-risk vendor HarborLight Services International has no compliance record on file. Payment of $268,323 released without compliance clearance.",0.224,VALIDATED,2022-12-09,2022-12-11
FND-001734,INV-00347,MEDIUM,APPROVAL_LIMIT,"Payment of $394,793 approved at Level 3, which has a limit of $25,000. Transaction exceeded limit by $26,714.",0.518,ESCALATED,2021-12-09,2021-12-23
FND-001735,INV-00115,HIGH,EXPIRED_COMPLIANCE,"Vendor VND-VND-02504 received payment of $441,143 on 2022-10-21. Compliance certificate expired on 2021-05-01 — 258 days prior.",0.765,OPEN,2022-11-16,2022-12-12
FND-001736,INV-00137,HIGH,EXPIRED_COMPLIANCE,"Vendor VND-VND-02373 received payment of $396,285 on 2022-09-13. Compliance certificate expired on 2021-06-16 — 469 days prior.",0.671,RESOLVED,2024-03-19,2024-03-21
FND-001737,INV-00478,CRITICAL,POLICY_BREACH,"Expense claim of $350,858 for Consulting exceeds the policy maximum of $500,000. Overage: $6,963.",0.925,RESOLVED,2021-12-04,2021-12-07
FND-001738,INV-00289,LOW,VENDOR_RISK,"BLACKLISTED vendor VND-VND-03403 received payment of $194,401 via contract CON-103418 that was not updated following blacklisting.",0.479,VALIDATED,2022-07-14,2022-07-22
FND-001739,INV-00225,CRITICAL,FRAUD_PATTERN,"Split payment pattern detected: 3 transactions to same beneficiary totalling $11,789 — each below approval threshold of $5,000.",0.909,OPEN,2022-05-22,2022-05-25
FND-001740,INV-00101,LOW,MISSING_RECEIPT,"Employee EMP-24903 submitted 2 claims totalling $17,602 without receipts in the review period.",0.23,VALIDATED,2023-10-01,2023-10-06
FND-001741,INV-00147,HIGH,FRAUD_PATTERN,"Round-number transaction of $151,815 processed at 02:16 — outside standard business hours. Flagged by anomaly detection.",0.759,ESCALATED,2022-10-19,2022-11-16
FND-001742,INV-00042,MEDIUM,MISSING_RECEIPT,Expense claim EXP-168646 submitted for Entertainment without an attached supporting receipt.,0.702,OPEN,2023-08-13,
FND-001743,INV-00234,HIGH,VENDOR_RISK,Payment issued to VND-VND-04811 rated HIGH risk. Active contract CON-107376 in place. Enhanced due diligence not documented.,0.816,VALIDATED,2022-11-17,2022-11-26
FND-001744,INV-00280,MEDIUM,MISSING_RECEIPT,Expense claim missing receipt. Policy POL-0012 requires receipts for all claims above $100.,0.509,ESCALATED,2022-12-07,2022-12-08
FND-001745,INV-00105,HIGH,MISSING_RECEIPT,Expense claim missing receipt. Policy POL-0017 requires receipts for all claims above $75.,0.764,RESOLVED,2024-05-28,2024-06-03
FND-001746,INV-00296,LOW,FRAUD_PATTERN,Employee EMP-28962 submitted 7 expense claims within 72 hours for identical amounts — potential duplicate fraud pattern.,0.58,OPEN,2024-09-15,
FND-001747,INV-00163,LOW,APPROVAL_LIMIT,Transaction processed with approval from an officer whose delegated authority was 70% below the required threshold.,0.333,VALIDATED,2024-09-27,
FND-001748,INV-00106,LOW,EXPIRED_COMPLIANCE,"Vendor VND-VND-02076 received payment of $424,151 on 2022-04-04. Compliance certificate expired on 2020-04-12 — 48 days prior.",0.567,OPEN,2024-02-24,
FND-001749,INV-00097,MEDIUM,EXPIRED_COMPLIANCE,Procurement team processed payment without checking compliance status. Certificate had been expired for 393 days.,0.694,VALIDATED,2022-06-27,2022-07-11
FND-001750,INV-00275,CRITICAL,APPROVAL_LIMIT,"Payment of $478,213 approved at Level 2, which has a limit of $25,000. Transaction exceeded limit by $6,122.",0.779,VALIDATED,2022-02-23,2022-03-16
FND-001751,INV-00199,LOW,EXPIRED_COMPLIANCE,"Vendor VND-VND-01671 received payment of $314,850 on 2023-01-09. Compliance certificate expired on 2020-07-09 — 394 days prior.",0.43,OPEN,2023-05-25,
FND-001752,INV-00281,MEDIUM,APPROVAL_LIMIT,"Approval granted by EMP-49036 who was not authorised to approve amounts above $5,000. Transaction value: $150,354.",0.737,OPEN,2024-11-28,2024-12-08
FND-001753,INV-00480,MEDIUM,APPROVAL_LIMIT,"Escalation protocol was bypassed. Transaction valued at $218,667 was approved at L3 without L3 countersignature.",0.633,VALIDATED,2024-09-10,2024-10-01
FND-001754,INV-00408,MEDIUM,APPROVAL_LIMIT,"Escalation protocol was bypassed. Transaction valued at $100,914 was approved at L1 without L5 countersignature.",0.62,RESOLVED,2024-02-03,2024-03-02
FND-001755,INV-00329,MEDIUM,POLICY_BREACH,"Expense claim of $50,982 for Training exceeds the policy maximum of $25,000. Overage: $38,795.",0.443,OPEN,2021-08-23,2021-09-17
FND-001756,INV-00370,MEDIUM,MISSING_RECEIPT,Expense claim EXP-116552 submitted for Equipment without an attached supporting receipt.,0.546,VALIDATED,2022-10-23,2022-11-20
FND-001757,INV-00395,LOW,APPROVAL_LIMIT,"Escalation protocol was bypassed. Transaction valued at $109,326 was approved at L1 without L3 countersignature.",0.406,VALIDATED,2022-10-28,
FND-001758,INV-00007,CRITICAL,MISSING_RECEIPT,"Employee EMP-16599 submitted 4 claims totalling $14,442 without receipts in the review period.",0.858,OPEN,2022-05-04,2022-05-23
FND-001759,INV-00016,LOW,MISSING_RECEIPT,Expense claim missing receipt. Policy POL-0005 requires receipts for all claims above $50.,0.317,OPEN,2022-05-20,2022-06-09
FND-001760,INV-00451,LOW,FRAUD_PATTERN,"Round-number transaction of $320,610 processed at 03:35 — outside standard business hours. Flagged by anomaly detection.",0.265,RESOLVED,2024-04-30,2024-05-15
FND-001761,INV-00388,MEDIUM,APPROVAL_LIMIT,"Payment of $83,764 approved at Level 1, which has a limit of $5,000. Transaction exceeded limit by $19,323.",0.651,VALIDATED,2023-07-08,
FND-001762,INV-00003,LOW,VENDOR_RISK,"High-risk vendor TrueNorth Services Group has no compliance record on file. Payment of $112,469 released without compliance clearance.",0.263,RESOLVED,2023-07-29,2023-08-20
FND-001763,INV-00339,LOW,POLICY_BREACH,"Claim EXP-156907 violates Policy POL-0004 section 4.2: Accommodation expenditure capped at $100,000 per event.",0.489,OPEN,2023-04-25,
FND-001764,INV-00177,CRITICAL,MISSING_RECEIPT,"Employee EMP-96898 submitted 8 claims totalling $9,199 without receipts in the review period.",0.798,VALIDATED,2023-10-01,2023-10-02
FND-001765,INV-00424,CRITICAL,APPROVAL_LIMIT,"Payment of $237,388 approved at Level 1, which has a limit of $5,000. Transaction exceeded limit by $3,642.",0.785,OPEN,2023-10-17,2023-10-29
FND-001766,INV-00296,CRITICAL,EXPIRED_COMPLIANCE,Compliance record CMP-100487 for vendor VoltEdge Solutions was in EXPIRED status at time of payment processing.,0.815,RESOLVED,2021-10-04,
FND-001767,INV-00116,MEDIUM,APPROVAL_LIMIT,"Approval granted by EMP-72601 who was not authorised to approve amounts above $500,000. Transaction value: $411,891.",0.68,FALSE_POSITIVE,2021-09-24,
FND-001768,INV-00036,HIGH,APPROVAL_LIMIT,"Payment of $442,817 approved at Level 2, which has a limit of $500,000. Transaction exceeded limit by $14,309.",0.736,OPEN,2022-03-20,2022-04-13
FND-001769,INV-00288,LOW,EXPIRED_COMPLIANCE,Compliance record CMP-100626 for vendor InnoCore Dynamics LLC was in EXPIRED status at time of payment processing.,0.259,VALIDATED,2022-09-24,2022-09-30
FND-001770,INV-00308,MEDIUM,POLICY_BREACH,"Claim EXP-147913 violates Policy POL-0020 section 4.2: Office Supplies expenditure capped at $25,000 per event.",0.716,RESOLVED,2022-08-04,2022-08-12
FND-001771,INV-00491,MEDIUM,VENDOR_RISK,"BLACKLISTED vendor VND-VND-03357 received payment of $310,416 via contract CON-100922 that was not updated following blacklisting.",0.631,OPEN,2024-03-23,2024-04-07
FND-001772,INV-00302,MEDIUM,FRAUD_PATTERN,"Round-number transaction of $240,172 processed at 01:53 — outside standard business hours. Flagged by anomaly detection.",0.517,ESCALATED,2024-04-06,2024-04-26
FND-001773,INV-00400,LOW,VENDOR_RISK,Payment issued to VND-VND-00149 rated LOW risk. Active contract CON-105729 in place. Enhanced due diligence not documented.,0.6,VALIDATED,2022-07-20,2022-08-01
FND-001774,INV-00232,MEDIUM,POLICY_BREACH,"Expense claim of $443,737 for Consulting exceeds the policy maximum of $25,000. Overage: $22,301.",0.624,VALIDATED,2024-08-29,2024-08-31
FND-001775,INV-00035,MEDIUM,EXPIRED_COMPLIANCE,"Payment of $14,158 released to YellowBridge Partners LLC whose GDPR compliance expired 361 days before payment date.",0.671,RESOLVED,2023-12-14,2024-01-08
FND-001776,INV-00205,MEDIUM,MISSING_RECEIPT,"Employee EMP-38243 submitted 6 claims totalling $10,642 without receipts in the review period.",0.533,RESOLVED,2022-03-28,2022-04-21
FND-001777,INV-00420,MEDIUM,FRAUD_PATTERN,Transaction routed through 3 intermediate accounts before reaching final beneficiary. Unusual for PAYMENT transaction type.,0.405,OPEN,2022-10-20,
FND-001778,INV-00488,MEDIUM,MISSING_RECEIPT,"Employee EMP-54110 submitted 5 claims totalling $7,200 without receipts in the review period.",0.486,OPEN,2023-02-13,2023-03-06
FND-001779,INV-00095,HIGH,MISSING_RECEIPT,"Employee EMP-24078 submitted 2 claims totalling $15,101 without receipts in the review period.",0.887,OPEN,2022-08-23,
FND-001780,INV-00405,LOW,FRAUD_PATTERN,"Round-number transaction of $72,017 processed at 00:19 — outside standard business hours. Flagged by anomaly detection.",0.492,VALIDATED,2021-12-10,
FND-001781,INV-00110,LOW,MISSING_RECEIPT,"Reimbursement of $412,621 for Meals was approved despite no receipt documentation in the system.",0.322,RESOLVED,2021-06-12,2021-06-18
FND-001782,INV-00097,LOW,POLICY_BREACH,"Entertainment expense of $1,329 submitted by EMP-38784 exceeds monthly policy allowance of $5,000.",0.243,VALIDATED,2021-06-11,2021-07-01
FND-001783,INV-00354,MEDIUM,EXPIRED_COMPLIANCE,"Vendor VND-VND-00688 received payment of $179,306 on 2022-04-26. Compliance certificate expired on 2020-06-06 — 381 days prior.",0.424,OPEN,2023-09-26,2023-10-20
FND-001784,INV-00061,LOW,POLICY_BREACH,Employee submitted Office Supplies claim 18% above the authorised policy limit without prior exception approval.,0.314,VALIDATED,2022-08-13,
FND-001785,INV-00045,MEDIUM,VENDOR_RISK,Payment issued to VND-VND-03442 rated LOW risk. Active contract CON-105429 in place. Enhanced due diligence not documented.,0.716,OPEN,2024-04-03,2024-04-12
FND-001786,INV-00102,LOW,POLICY_BREACH,"Claim EXP-175737 violates Policy POL-0016 section 4.2: Software expenditure capped at $5,000 per event.",0.225,VALIDATED,2021-06-18,2021-07-14
FND-001787,INV-00357,CRITICAL,POLICY_BREACH,"Entertainment expense of $283,102 submitted by EMP-30811 exceeds monthly policy allowance of $5,000.",0.764,OPEN,2024-05-26,
FND-001788,INV-00158,MEDIUM,MISSING_RECEIPT,Expense claim missing receipt. Policy POL-0007 requires receipts for all claims above $75.,0.565,VALIDATED,2023-02-13,2023-02-24
FND-001789,INV-00248,HIGH,POLICY_BREACH,"Claim EXP-108366 violates Policy POL-0017 section 4.2: Marketing expenditure capped at $100,000 per event.",0.87,FALSE_POSITIVE,2022-07-10,
FND-001790,INV-00482,HIGH,MISSING_RECEIPT,Expense claim EXP-196815 submitted for Marketing without an attached supporting receipt.,0.701,OPEN,2023-09-08,2023-09-14
FND-001791,INV-00131,MEDIUM,MISSING_RECEIPT,Expense claim missing receipt. Policy POL-0002 requires receipts for all claims above $200.,0.739,VALIDATED,2024-10-14,2024-10-19
FND-001792,INV-00211,MEDIUM,EXPIRED_COMPLIANCE,"Payment of $360,543 released to XpressCore Dynamics whose GDPR compliance expired 132 days before payment date.",0.466,RESOLVED,2022-09-20,2022-10-06
FND-001793,INV-00188,LOW,APPROVAL_LIMIT,"Payment of $236,498 approved at Level 1, which has a limit of $100,000. Transaction exceeded limit by $25,266.",0.364,OPEN,2022-02-11,2022-03-13
FND-001794,INV-00243,LOW,EXPIRED_COMPLIANCE,Compliance record CMP-102687 for vendor VoltEdge Solutions Holdings was in EXPIRED status at time of payment processing.,0.452,ESCALATED,2023-05-27,2023-06-05
FND-001795,INV-00417,LOW,APPROVAL_LIMIT,"Approval granted by EMP-26094 who was not authorised to approve amounts above $5,000. Transaction value: $469,764.",0.645,RESOLVED,2022-03-12,
FND-001796,INV-00391,LOW,APPROVAL_LIMIT,"Escalation protocol was bypassed. Transaction valued at $141,327 was approved at L1 without L4 countersignature.",0.245,RESOLVED,2024-12-30,
FND-001797,INV-00164,LOW,VENDOR_RISK,Payment issued to VND-VND-03458 rated LOW risk. Active contract CON-104084 in place. Enhanced due diligence not documented.,0.295,VALIDATED,2024-01-15,
FND-001798,INV-00162,LOW,MISSING_RECEIPT,Expense claim EXP-144229 submitted for Entertainment without an attached supporting receipt.,0.321,VALIDATED,2022-10-26,2022-11-06
FND-001799,INV-00366,MEDIUM,VENDOR_RISK,"BLACKLISTED vendor VND-VND-01195 received payment of $95,276 via contract CON-105914 that was not updated following blacklisting.",0.425,RESOLVED,2023-05-21,2023-06-01
FND-001800,INV-00013,MEDIUM,POLICY_BREACH,"Entertainment expense of $260,443 submitted by EMP-20144 exceeds monthly policy allowance of $25,000.",0.475,OPEN,2024-12-03,
FND-001801,INV-00496,MEDIUM,VENDOR_RISK,"Vendor ClearPath Logistics Holdings holds CRITICAL risk rating. 7 payments totalling $10,749 processed in the audit period.",0.449,RESOLVED,2022-08-06,2022-08-25
FND-001802,INV-00085,MEDIUM,MISSING_RECEIPT,"Employee EMP-13020 submitted 2 claims totalling $13,113 without receipts in the review period.",0.64,VALIDATED,2023-09-20,
FND-001803,INV-00112,MEDIUM,APPROVAL_LIMIT,"Approval granted by EMP-55467 who was not authorised to approve amounts above $25,000. Transaction value: $106,515.",0.713,VALIDATED,2024-05-20,
FND-001804,INV-00280,MEDIUM,VENDOR_RISK,Payment issued to VND-VND-00232 rated LOW risk. Active contract CON-107395 in place. Enhanced due diligence not documented.,0.702,RESOLVED,2024-09-30,2024-10-25
FND-001805,INV-00312,MEDIUM,EXPIRED_COMPLIANCE,Compliance record CMP-100971 for vendor LatticeCore Partners Inc was in EXPIRED status at time of payment processing.,0.71,OPEN,2024-09-21,2024-10-08
FND-001806,INV-00379,LOW,APPROVAL_LIMIT,"Approval granted by EMP-97232 who was not authorised to approve amounts above $500,000. Transaction value: $190,037.",0.303,OPEN,2021-06-09,2021-07-04
FND-001807,INV-00044,HIGH,VENDOR_RISK,Payment issued to VND-VND-03907 rated MEDIUM risk. Active contract CON-103329 in place. Enhanced due diligence not documented.,0.801,OPEN,2022-07-05,2022-07-15
FND-001808,INV-00230,HIGH,POLICY_BREACH,"Entertainment expense of $346,223 submitted by EMP-74801 exceeds monthly policy allowance of $5,000.",0.665,VALIDATED,2021-12-23,2022-01-16
FND-001809,INV-00234,LOW,VENDOR_RISK,Payment issued to VND-VND-00662 rated LOW risk. Active contract CON-101729 in place. Enhanced due diligence not documented.,0.401,VALIDATED,2024-11-18,
FND-001810,INV-00124,CRITICAL,MISSING_RECEIPT,"Employee EMP-17056 submitted 7 claims totalling $9,900 without receipts in the review period.",0.825,OPEN,2024-11-24,
FND-001811,INV-00450,LOW,EXPIRED_COMPLIANCE,Compliance record CMP-104640 for vendor MomentumCore Corp LLC was in EXPIRED status at time of payment processing.,0.572,VALIDATED,2021-09-11,
FND-001812,INV-00211,CRITICAL,APPROVAL_LIMIT,"Payment of $211,706 approved at Level 2, which has a limit of $5,000. Transaction exceeded limit by $28,525.",0.763,VALIDATED,2022-12-03,2022-12-08
FND-001813,INV-00313,MEDIUM,VENDOR_RISK,Payment issued to VND-VND-02295 rated MEDIUM risk. Active contract CON-107432 in place. Enhanced due diligence not documented.,0.456,VALIDATED,2024-07-08,2024-07-14
FND-001814,INV-00303,MEDIUM,APPROVAL_LIMIT,"Payment of $334,046 approved at Level 1, which has a limit of $25,000. Transaction exceeded limit by $20,232.",0.58,OPEN,2024-03-18,
FND-001815,INV-00047,MEDIUM,EXPIRED_COMPLIANCE,"Vendor VND-VND-01083 received payment of $41,059 on 2022-04-21. Compliance certificate expired on 2021-05-09 — 216 days prior.",0.655,OPEN,2022-08-08,2022-09-06
FND-001816,INV-00196,MEDIUM,MISSING_RECEIPT,Expense claim EXP-131077 submitted for Marketing without an attached supporting receipt.,0.48,VALIDATED,2021-08-24,2021-09-07
FND-001817,INV-00137,MEDIUM,MISSING_RECEIPT,"Reimbursement of $390,211 for Training was approved despite no receipt documentation in the system.",0.689,VALIDATED,2022-12-03,2022-12-13
FND-001818,INV-00063,MEDIUM,EXPIRED_COMPLIANCE,"Vendor VND-VND-04212 received payment of $358,121 on 2022-01-08. Compliance certificate expired on 2022-08-18 — 222 days prior.",0.488,VALIDATED,2023-10-29,
FND-001819,INV-00325,HIGH,VENDOR_RISK,"High-risk vendor EdgeWave Technologies LLC has no compliance record on file. Payment of $433,685 released without compliance clearance.",0.73,RESOLVED,2023-03-19,
FND-001820,INV-00317,MEDIUM,MISSING_RECEIPT,"Employee EMP-43428 submitted 6 claims totalling $15,999 without receipts in the review period.",0.614,OPEN,2024-05-01,2024-05-31
FND-001821,INV-00128,HIGH,FRAUD_PATTERN,"Split payment pattern detected: 8 transactions to same beneficiary totalling $17,304 — each below approval threshold of $5,000.",0.82,RESOLVED,2024-05-21,2024-06-14
FND-001822,INV-00315,CRITICAL,VENDOR_RISK,"BLACKLISTED vendor VND-VND-01459 received payment of $108,798 via contract CON-102752 that was not updated following blacklisting.",0.827,OPEN,2024-09-24,2024-09-27
FND-001823,INV-00235,MEDIUM,FRAUD_PATTERN,"Split payment pattern detected: 8 transactions to same beneficiary totalling $12,331 — each below approval threshold of $25,000.",0.409,VALIDATED,2022-12-21,
FND-001824,INV-00336,LOW,MISSING_RECEIPT,Expense claim EXP-143137 submitted for Training without an attached supporting receipt.,0.351,RESOLVED,2024-12-27,2025-01-05
FND-001825,INV-00300,MEDIUM,FRAUD_PATTERN,Transaction routed through 6 intermediate accounts before reaching final beneficiary. Unusual for CASH_OUT transaction type.,0.75,VALIDATED,2023-10-28,
FND-001826,INV-00113,MEDIUM,EXPIRED_COMPLIANCE,"Payment of $397,600 released to Epsilon_Group Group whose PCI-DSS compliance expired 331 days before payment date.",0.746,OPEN,2021-10-09,2021-11-04
FND-001827,INV-00044,MEDIUM,FRAUD_PATTERN,Transaction routed through 3 intermediate accounts before reaching final beneficiary. Unusual for PAYMENT transaction type.,0.73,ESCALATED,2022-09-01,2022-09-28
FND-001828,INV-00306,MEDIUM,POLICY_BREACH,"Expense claim of $77,813 for Meals exceeds the policy maximum of $5,000. Overage: $27,352.",0.462,FALSE_POSITIVE,2022-04-01,
FND-001829,INV-00005,LOW,FRAUD_PATTERN,"Round-number transaction of $177,831 processed at 04:56 — outside standard business hours. Flagged by anomaly detection.",0.364,OPEN,2021-07-13,2021-07-25
FND-001830,INV-00023,MEDIUM,MISSING_RECEIPT,"Employee EMP-72225 submitted 2 claims totalling $8,936 without receipts in the review period.",0.623,VALIDATED,2021-10-05,2021-10-25
FND-001831,INV-00179,CRITICAL,FRAUD_PATTERN,"Round-number transaction of $216,014 processed at 02:23 — outside standard business hours. Flagged by anomaly detection.",0.917,RESOLVED,2023-04-21,2023-05-13
FND-001832,INV-00077,MEDIUM,VENDOR_RISK,Payment issued to VND-VND-00422 rated LOW risk. Active contract CON-103384 in place. Enhanced due diligence not documented.,0.564,OPEN,2023-04-08,2023-05-06
FND-001833,INV-00204,HIGH,VENDOR_RISK,"High-risk vendor Delta_Logistics LLC has no compliance record on file. Payment of $436,859 released without compliance clearance.",0.756,VALIDATED,2023-10-08,2023-10-13
FND-001834,INV-00167,LOW,MISSING_RECEIPT,Expense claim EXP-101420 submitted for Office Supplies without an attached supporting receipt.,0.432,RESOLVED,2023-12-17,2024-01-13
FND-001835,INV-00032,LOW,MISSING_RECEIPT,"Employee EMP-96472 submitted 2 claims totalling $15,101 without receipts in the review period.",0.479,RESOLVED,2021-08-11,2021-08-13
FND-001836,INV-00285,MEDIUM,APPROVAL_LIMIT,"Payment of $128,167 approved at Level 1, which has a limit of $25,000. Transaction exceeded limit by $34,753.",0.654,VALIDATED,2023-05-12,2023-05-29
FND-001837,INV-00296,MEDIUM,POLICY_BREACH,Employee submitted Meals claim 34% above the authorised policy limit without prior exception approval.,0.577,VALIDATED,2023-07-19,2023-08-17
FND-001838,INV-00011,LOW,EXPIRED_COMPLIANCE,"Payment of $427,187 released to JetStream Analytics Ltd whose PCI-DSS compliance expired 114 days before payment date.",0.269,ESCALATED,2023-07-10,2023-07-16
FND-001839,INV-00197,CRITICAL,APPROVAL_LIMIT,"Payment of $135,692 approved at Level 3, which has a limit of $25,000. Transaction exceeded limit by $18,824.",0.922,VALIDATED,2023-04-18,2023-04-21
FND-001840,INV-00279,MEDIUM,APPROVAL_LIMIT,Transaction processed with approval from an officer whose delegated authority was 9% below the required threshold.,0.693,RESOLVED,2023-12-25,2024-01-18
FND-001841,INV-00263,LOW,VENDOR_RISK,"BLACKLISTED vendor VND-VND-02280 received payment of $392,099 via contract CON-107729 that was not updated following blacklisting.",0.428,OPEN,2024-03-20,2024-04-19
FND-001842,INV-00249,HIGH,EXPIRED_COMPLIANCE,"Vendor VND-VND-00363 received payment of $42,785 on 2022-03-22. Compliance certificate expired on 2020-07-22 — 478 days prior.",0.634,OPEN,2021-09-13,2021-10-04
FND-001843,INV-00080,MEDIUM,APPROVAL_LIMIT,"Approval granted by EMP-29532 who was not authorised to approve amounts above $25,000. Transaction value: $314,479.",0.641,RESOLVED,2023-07-06,
FND-001844,INV-00272,LOW,VENDOR_RISK,"High-risk vendor MeridianTech has no compliance record on file. Payment of $457,062 released without compliance clearance.",0.578,VALIDATED,2021-06-07,2021-07-07
FND-001845,INV-00393,MEDIUM,EXPIRED_COMPLIANCE,"Vendor VND-VND-00388 received payment of $182,550 on 2022-04-17. Compliance certificate expired on 2020-10-16 — 439 days prior.",0.68,VALIDATED,2024-01-01,
FND-001846,INV-00500,LOW,MISSING_RECEIPT,"Reimbursement of $407,976 for Marketing was approved despite no receipt documentation in the system.",0.644,RESOLVED,2023-10-27,2023-11-12
FND-001847,INV-00118,LOW,FRAUD_PATTERN,"Split payment pattern detected: 2 transactions to same beneficiary totalling $18,537 — each below approval threshold of $100,000.",0.607,VALIDATED,2021-10-18,2021-11-11
FND-001848,INV-00378,MEDIUM,POLICY_BREACH,"Expense claim of $411,506 for Training exceeds the policy maximum of $25,000. Overage: $10,523.",0.462,RESOLVED,2023-07-02,2023-07-06
FND-001849,INV-00026,CRITICAL,EXPIRED_COMPLIANCE,"Vendor VND-VND-00851 received payment of $414,599 on 2024-05-04. Compliance certificate expired on 2021-05-21 — 131 days prior.",0.789,OPEN,2024-01-29,
FND-001850,INV-00081,HIGH,APPROVAL_LIMIT,"Escalation protocol was bypassed. Transaction valued at $63,574 was approved at L1 without L4 countersignature.",0.818,RESOLVED,2023-07-25,
FND-001851,INV-00372,MEDIUM,EXPIRED_COMPLIANCE,Compliance record CMP-106538 for vendor HorizonEdge Inc International was in EXPIRED status at time of payment processing.,0.596,ESCALATED,2022-10-08,2022-11-04
FND-001852,INV-00399,MEDIUM,MISSING_RECEIPT,Expense claim EXP-146190 submitted for Consulting without an attached supporting receipt.,0.549,VALIDATED,2024-01-12,2024-02-02
FND-001853,INV-00294,CRITICAL,APPROVAL_LIMIT,"Escalation protocol was bypassed. Transaction valued at $169,486 was approved at L2 without L5 countersignature.",0.981,FALSE_POSITIVE,2023-12-28,2024-01-18
FND-001854,INV-00139,MEDIUM,MISSING_RECEIPT,Expense claim missing receipt. Policy POL-0012 requires receipts for all claims above $200.,0.45,RESOLVED,2021-12-19,
FND-001855,INV-00122,CRITICAL,FRAUD_PATTERN,Transaction routed through 4 intermediate accounts before reaching final beneficiary. Unusual for TRANSFER transaction type.,0.761,OPEN,2022-06-13,2022-06-20
FND-001856,INV-00007,MEDIUM,EXPIRED_COMPLIANCE,Compliance record CMP-100450 for vendor Acuity Systems International was in EXPIRED status at time of payment processing.,0.639,RESOLVED,2023-12-20,2024-01-05
FND-001857,INV-00448,MEDIUM,VENDOR_RISK,Payment issued to VND-VND-03395 rated LOW risk. Active contract CON-102480 in place. Enhanced due diligence not documented.,0.438,OPEN,2024-07-11,2024-08-10
FND-001858,INV-00048,MEDIUM,APPROVAL_LIMIT,Transaction processed with approval from an officer whose delegated authority was 57% below the required threshold.,0.582,ESCALATED,2021-09-11,2021-09-23
FND-001859,INV-00367,LOW,VENDOR_RISK,"BLACKLISTED vendor VND-VND-01706 received payment of $73,031 via contract CON-107668 that was not updated following blacklisting.",0.375,RESOLVED,2023-04-20,2023-04-24
FND-001860,INV-00109,LOW,MISSING_RECEIPT,Expense claim missing receipt. Policy POL-0002 requires receipts for all claims above $75.,0.227,RESOLVED,2023-02-03,2023-02-07
FND-001861,INV-00277,MEDIUM,POLICY_BREACH,Employee submitted Accommodation claim 75% above the authorised policy limit without prior exception approval.,0.643,OPEN,2023-01-15,
FND-001862,INV-00153,LOW,FRAUD_PATTERN,Employee EMP-61489 submitted 6 expense claims within 72 hours for identical amounts — potential duplicate fraud pattern.,0.344,ESCALATED,2022-06-20,2022-07-09
FND-001863,INV-00102,LOW,POLICY_BREACH,"Expense claim of $157,133 for Meals exceeds the policy maximum of $100,000. Overage: $7,637.",0.425,ESCALATED,2023-01-08,
FND-001864,INV-00494,MEDIUM,VENDOR_RISK,"Vendor BridgeTech Consulting Holdings holds CRITICAL risk rating. 7 payments totalling $11,284 processed in the audit period.",0.505,VALIDATED,2024-07-12,
FND-001865,INV-00131,MEDIUM,POLICY_BREACH,"Claim EXP-196438 violates Policy POL-0013 section 4.2: Software expenditure capped at $25,000 per event.",0.54,RESOLVED,2023-07-22,2023-08-15
FND-001866,INV-00039,MEDIUM,APPROVAL_LIMIT,"Escalation protocol was bypassed. Transaction valued at $85,560 was approved at L3 without L5 countersignature.",0.633,ESCALATED,2022-11-20,2022-12-15
FND-001867,INV-00218,MEDIUM,MISSING_RECEIPT,"Employee EMP-53983 submitted 4 claims totalling $15,227 without receipts in the review period.",0.567,ESCALATED,2024-07-23,2024-08-13
FND-001868,INV-00407,MEDIUM,MISSING_RECEIPT,"Reimbursement of $40,886 for Marketing was approved despite no receipt documentation in the system.",0.749,VALIDATED,2023-01-09,2023-01-13
FND-001869,INV-00345,MEDIUM,VENDOR_RISK,"High-risk vendor BridgeTech Consulting Holdings has no compliance record on file. Payment of $293,271 released without compliance clearance.",0.71,VALIDATED,2021-08-18,2021-08-25
FND-001870,INV-00187,MEDIUM,MISSING_RECEIPT,"Employee EMP-91001 submitted 8 claims totalling $7,387 without receipts in the review period.",0.63,OPEN,2024-04-24,2024-05-22
FND-001871,INV-00188,MEDIUM,APPROVAL_LIMIT,"Escalation protocol was bypassed. Transaction valued at $53,850 was approved at L1 without L3 countersignature.",0.741,VALIDATED,2022-04-22,2022-05-17
FND-001872,INV-00098,HIGH,VENDOR_RISK,Payment issued to VND-VND-03063 rated LOW risk. Active contract CON-101863 in place. Enhanced due diligence not documented.,0.759,OPEN,2023-02-03,2023-02-18
FND-001873,INV-00082,HIGH,POLICY_BREACH,"Expense claim of $4,615 for Training exceeds the policy maximum of $25,000. Overage: $11,728.",0.802,VALIDATED,2021-11-03,
FND-001874,INV-00208,HIGH,VENDOR_RISK,Payment issued to VND-VND-03684 rated LOW risk. Active contract CON-100639 in place. Enhanced due diligence not documented.,0.81,VALIDATED,2024-12-01,2024-12-12
FND-001875,INV-00323,LOW,POLICY_BREACH,"Expense claim of $327,415 for Office Supplies exceeds the policy maximum of $500,000. Overage: $24,412.",0.43,OPEN,2024-07-19,2024-07-31
FND-001876,INV-00246,MEDIUM,VENDOR_RISK,"Vendor EcoVenture Supplies holds CRITICAL risk rating. 7 payments totalling $9,136 processed in the audit period.",0.723,OPEN,2023-10-24,2023-11-21
FND-001877,INV-00271,LOW,VENDOR_RISK,"High-risk vendor FusionCore Analytics has no compliance record on file. Payment of $372,622 released without compliance clearance.",0.633,RESOLVED,2022-12-27,2023-01-09
FND-001878,INV-00434,CRITICAL,VENDOR_RISK,"High-risk vendor TitanPath Holdings Group has no compliance record on file. Payment of $147,644 released without compliance clearance.",0.938,VALIDATED,2021-10-03,2021-10-20
FND-001879,INV-00441,LOW,EXPIRED_COMPLIANCE,Compliance record CMP-101186 for vendor PrimeAxis Corp Inc was in EXPIRED status at time of payment processing.,0.393,RESOLVED,2022-11-08,
FND-001880,INV-00190,LOW,MISSING_RECEIPT,Expense claim missing receipt. Policy POL-0015 requires receipts for all claims above $75.,0.616,VALIDATED,2024-02-14,2024-03-04
FND-001881,INV-00192,CRITICAL,APPROVAL_LIMIT,"Escalation protocol was bypassed. Transaction valued at $480,008 was approved at L2 without L4 countersignature.",0.828,VALIDATED,2022-12-27,
FND-001882,INV-00131,HIGH,APPROVAL_LIMIT,"Approval granted by EMP-63865 who was not authorised to approve amounts above $100,000. Transaction value: $209,534.",0.604,RESOLVED,2021-09-26,2021-09-29
FND-001883,INV-00464,HIGH,APPROVAL_LIMIT,"Escalation protocol was bypassed. Transaction valued at $431,814 was approved at L1 without L5 countersignature.",0.878,VALIDATED,2023-06-14,2023-06-19
FND-001884,INV-00462,LOW,POLICY_BREACH,"Entertainment expense of $142,950 submitted by EMP-59072 exceeds monthly policy allowance of $25,000.",0.61,VALIDATED,2023-05-30,
FND-001885,INV-00033,MEDIUM,MISSING_RECEIPT,"Reimbursement of $35,911 for Software was approved despite no receipt documentation in the system.",0.692,OPEN,2024-01-10,2024-01-12
FND-001886,INV-00378,MEDIUM,APPROVAL_LIMIT,Transaction processed with approval from an officer whose delegated authority was 24% below the required threshold.,0.712,OPEN,2023-01-11,2023-01-26
FND-001887,INV-00404,MEDIUM,APPROVAL_LIMIT,"Escalation protocol was bypassed. Transaction valued at $134,618 was approved at L2 without L3 countersignature.",0.478,VALIDATED,2021-08-31,
FND-001888,INV-00262,LOW,EXPIRED_COMPLIANCE,Procurement team processed payment without checking compliance status. Certificate had been expired for 297 days.,0.557,OPEN,2021-07-31,2021-08-09
FND-001889,INV-00175,CRITICAL,EXPIRED_COMPLIANCE,"Payment of $337,121 released to DeltaPath Logistics International whose GDPR compliance expired 307 days before payment date.",0.839,RESOLVED,2022-11-26,2022-12-17
FND-001890,INV-00049,MEDIUM,MISSING_RECEIPT,"Employee EMP-78101 submitted 8 claims totalling $1,091 without receipts in the review period.",0.625,VALIDATED,2023-12-17,2024-01-03
FND-001891,INV-00400,HIGH,FRAUD_PATTERN,"Split payment pattern detected: 3 transactions to same beneficiary totalling $10,372 — each below approval threshold of $25,000.",0.845,OPEN,2024-11-28,
FND-001892,INV-00091,LOW,MISSING_RECEIPT,"Reimbursement of $357,110 for Travel was approved despite no receipt documentation in the system.",0.402,RESOLVED,2022-03-10,2022-03-14
FND-001893,INV-00078,MEDIUM,MISSING_RECEIPT,Expense claim EXP-128950 submitted for Marketing without an attached supporting receipt.,0.63,VALIDATED,2022-03-13,
FND-001894,INV-00378,CRITICAL,VENDOR_RISK,"BLACKLISTED vendor VND-VND-03251 received payment of $217,856 via contract CON-109243 that was not updated following blacklisting.",0.948,VALIDATED,2021-07-24,2021-08-09
FND-001895,INV-00204,MEDIUM,EXPIRED_COMPLIANCE,"Vendor VND-VND-00279 received payment of $149,532 on 2022-01-18. Compliance certificate expired on 2021-08-18 — 389 days prior.",0.73,VALIDATED,2022-11-15,2022-11-18
FND-001896,INV-00355,LOW,EXPIRED_COMPLIANCE,Procurement team processed payment without checking compliance status. Certificate had been expired for 464 days.,0.612,VALIDATED,2023-03-10,2023-03-29
FND-001897,INV-00330,MEDIUM,APPROVAL_LIMIT,"Approval granted by EMP-82456 who was not authorised to approve amounts above $100,000. Transaction value: $25,651.",0.71,VALIDATED,2023-04-23,2023-05-19
FND-001898,INV-00047,MEDIUM,VENDOR_RISK,Payment issued to VND-VND-03171 rated MEDIUM risk. Active contract CON-104678 in place. Enhanced due diligence not documented.,0.56,FALSE_POSITIVE,2023-02-02,2023-02-09
FND-001899,INV-00073,MEDIUM,APPROVAL_LIMIT,"Escalation protocol was bypassed. Transaction valued at $214,699 was approved at L1 without L3 countersignature.",0.552,VALIDATED,2024-09-30,2024-10-26
FND-001900,INV-00468,MEDIUM,VENDOR_RISK,"BLACKLISTED vendor VND-VND-01613 received payment of $233,059 via contract CON-108463 that was not updated following blacklisting.",0.511,OPEN,2024-02-06,2024-02-11
FND-001901,INV-00179,HIGH,APPROVAL_LIMIT,Transaction processed with approval from an officer whose delegated authority was 55% below the required threshold.,0.659,RESOLVED,2023-06-05,
FND-001902,INV-00299,MEDIUM,APPROVAL_LIMIT,"Approval granted by EMP-55375 who was not authorised to approve amounts above $5,000. Transaction value: $274,736.",0.449,FALSE_POSITIVE,2023-01-21,
FND-001903,INV-00082,MEDIUM,EXPIRED_COMPLIANCE,"Payment of $48,321 released to CoreVault Systems International whose ISO 27001 compliance expired 332 days before payment date.",0.549,VALIDATED,2023-01-29,2023-02-18
FND-001904,INV-00263,LOW,VENDOR_RISK,"BLACKLISTED vendor VND-VND-00446 received payment of $322,448 via contract CON-108081 that was not updated following blacklisting.",0.531,VALIDATED,2024-10-24,2024-11-10
FND-001905,INV-00214,LOW,VENDOR_RISK,"BLACKLISTED vendor VND-VND-04667 received payment of $62,679 via contract CON-101698 that was not updated following blacklisting.",0.513,RESOLVED,2022-07-29,
FND-001906,INV-00233,CRITICAL,APPROVAL_LIMIT,Transaction processed with approval from an officer whose delegated authority was 10% below the required threshold.,0.92,VALIDATED,2022-09-06,2022-09-12
FND-001907,INV-00097,LOW,EXPIRED_COMPLIANCE,Compliance record CMP-102421 for vendor BridgeTech Consulting LLC was in EXPIRED status at time of payment processing.,0.249,OPEN,2023-02-12,2023-02-26
FND-001908,INV-00029,MEDIUM,POLICY_BREACH,"Entertainment expense of $200,892 submitted by EMP-89068 exceeds monthly policy allowance of $5,000.",0.643,OPEN,2023-11-16,2023-12-06
FND-001909,INV-00174,MEDIUM,POLICY_BREACH,Employee submitted Entertainment claim 35% above the authorised policy limit without prior exception approval.,0.53,OPEN,2022-08-02,2022-08-17
FND-001910,INV-00034,MEDIUM,MISSING_RECEIPT,Expense claim missing receipt. Policy POL-0009 requires receipts for all claims above $75.,0.74,OPEN,2023-04-20,2023-04-29
FND-001911,INV-00299,MEDIUM,MISSING_RECEIPT,Expense claim EXP-178162 submitted for Equipment without an attached supporting receipt.,0.531,RESOLVED,2024-11-30,2024-12-23
FND-001912,INV-00400,MEDIUM,VENDOR_RISK,"BLACKLISTED vendor VND-VND-03737 received payment of $323,883 via contract CON-103862 that was not updated following blacklisting.",0.731,OPEN,2023-01-15,2023-02-08
FND-001913,INV-00205,MEDIUM,MISSING_RECEIPT,"Employee EMP-40215 submitted 6 claims totalling $5,878 without receipts in the review period.",0.438,RESOLVED,2022-04-13,2022-05-13
FND-001914,INV-00350,LOW,MISSING_RECEIPT,Expense claim missing receipt. Policy POL-0019 requires receipts for all claims above $75.,0.302,VALIDATED,2022-03-12,
FND-001915,INV-00027,LOW,APPROVAL_LIMIT,"Escalation protocol was bypassed. Transaction valued at $276,063 was approved at L3 without L5 countersignature.",0.212,OPEN,2024-04-28,2024-05-21
FND-001916,INV-00309,LOW,VENDOR_RISK,"High-risk vendor BridgeTech Consulting Group has no compliance record on file. Payment of $338,109 released without compliance clearance.",0.257,VALIDATED,2023-03-29,
FND-001917,INV-00400,HIGH,MISSING_RECEIPT,"Employee EMP-81758 submitted 6 claims totalling $19,345 without receipts in the review period.",0.766,OPEN,2024-06-08,2024-06-11
FND-001918,INV-00389,MEDIUM,EXPIRED_COMPLIANCE,"Vendor VND-VND-01798 received payment of $38,621 on 2024-01-14. Compliance certificate expired on 2022-10-01 — 526 days prior.",0.501,ESCALATED,2023-04-15,2023-04-25
FND-001919,INV-00268,MEDIUM,APPROVAL_LIMIT,"Payment of $88,829 approved at Level 1, which has a limit of $5,000. Transaction exceeded limit by $35,048.",0.475,VALIDATED,2023-10-17,
FND-001920,INV-00121,MEDIUM,APPROVAL_LIMIT,"Payment of $201,462 approved at Level 2, which has a limit of $100,000. Transaction exceeded limit by $21,503.",0.585,OPEN,2023-01-28,
FND-001921,INV-00498,MEDIUM,FRAUD_PATTERN,"Round-number transaction of $172,393 processed at 01:16 — outside standard business hours. Flagged by anomaly detection.",0.426,VALIDATED,2024-10-08,2024-10-19
FND-001922,INV-00130,LOW,MISSING_RECEIPT,Expense claim EXP-179090 submitted for Consulting without an attached supporting receipt.,0.538,RESOLVED,2023-10-29,
FND-001923,INV-00002,MEDIUM,POLICY_BREACH,"Entertainment expense of $343,859 submitted by EMP-93906 exceeds monthly policy allowance of $25,000.",0.63,OPEN,2023-09-11,2023-09-21
FND-001924,INV-00153,MEDIUM,MISSING_RECEIPT,"Employee EMP-34228 submitted 8 claims totalling $10,516 without receipts in the review period.",0.548,ESCALATED,2024-10-14,2024-11-01
FND-001925,INV-00253,HIGH,EXPIRED_COMPLIANCE,Compliance record CMP-109189 for vendor NorthBridge Supplies LLC was in EXPIRED status at time of payment processing.,0.745,VALIDATED,2024-09-10,2024-09-15
FND-001926,INV-00319,LOW,APPROVAL_LIMIT,"Payment of $406,796 approved at Level 2, which has a limit of $25,000. Transaction exceeded limit by $29,940.",0.288,FALSE_POSITIVE,2023-04-02,2023-04-07
FND-001927,INV-00403,MEDIUM,VENDOR_RISK,Payment issued to VND-VND-00910 rated MEDIUM risk. Active contract CON-105112 in place. Enhanced due diligence not documented.,0.521,OPEN,2023-04-06,2023-04-15
FND-001928,INV-00052,CRITICAL,EXPIRED_COMPLIANCE,"Payment of $243,626 released to EcoVenture Supplies Group whose PCI-DSS compliance expired 430 days before payment date.",0.766,VALIDATED,2022-03-27,2022-04-14
FND-001929,INV-00291,MEDIUM,FRAUD_PATTERN,"Round-number transaction of $104,976 processed at 00:41 — outside standard business hours. Flagged by anomaly detection.",0.709,RESOLVED,2023-08-12,2023-09-01
FND-001930,INV-00023,MEDIUM,MISSING_RECEIPT,"Employee EMP-91360 submitted 2 claims totalling $17,356 without receipts in the review period.",0.459,VALIDATED,2021-07-18,2021-08-11
FND-001931,INV-00376,LOW,POLICY_BREACH,"Claim EXP-193042 violates Policy POL-0016 section 4.2: Software expenditure capped at $100,000 per event.",0.439,OPEN,2024-08-20,2024-09-17
FND-001932,INV-00126,MEDIUM,VENDOR_RISK,"BLACKLISTED vendor VND-VND-04839 received payment of $93,439 via contract CON-101606 that was not updated following blacklisting.",0.418,RESOLVED,2022-05-17,
FND-001933,INV-00137,HIGH,FRAUD_PATTERN,Transaction routed through 7 intermediate accounts before reaching final beneficiary. Unusual for CASH_OUT transaction type.,0.753,OPEN,2022-06-03,
FND-001934,INV-00099,MEDIUM,VENDOR_RISK,"Vendor Delta_Logistics Inc holds CRITICAL risk rating. 6 payments totalling $2,280 processed in the audit period.",0.703,RESOLVED,2021-06-10,2021-06-16
FND-001935,INV-00455,LOW,MISSING_RECEIPT,Expense claim EXP-123236 submitted for Marketing without an attached supporting receipt.,0.636,VALIDATED,2021-07-04,2021-07-31
FND-001936,INV-00143,MEDIUM,MISSING_RECEIPT,"Employee EMP-65851 submitted 4 claims totalling $2,266 without receipts in the review period.",0.689,OPEN,2022-04-28,
FND-001937,INV-00232,MEDIUM,VENDOR_RISK,Payment issued to VND-VND-04556 rated LOW risk. Active contract CON-108961 in place. Enhanced due diligence not documented.,0.618,OPEN,2024-06-23,2024-06-30
FND-001938,INV-00058,LOW,VENDOR_RISK,"Vendor Alpha_Inc Inc holds CRITICAL risk rating. 2 payments totalling $3,592 processed in the audit period.",0.415,VALIDATED,2023-03-08,2023-03-20
FND-001939,INV-00143,LOW,APPROVAL_LIMIT,"Approval granted by EMP-47448 who was not authorised to approve amounts above $5,000. Transaction value: $26,750.",0.316,RESOLVED,2022-10-16,2022-10-17
FND-001940,INV-00184,LOW,EXPIRED_COMPLIANCE,Compliance record CMP-108203 for vendor ClearPath Logistics Inc was in EXPIRED status at time of payment processing.,0.459,RESOLVED,2023-05-04,2023-05-31
FND-001941,INV-00319,CRITICAL,MISSING_RECEIPT,Expense claim missing receipt. Policy POL-0012 requires receipts for all claims above $75.,0.977,RESOLVED,2024-09-25,2024-10-08
FND-001942,INV-00132,LOW,APPROVAL_LIMIT,"Payment of $384,200 approved at Level 2, which has a limit of $100,000. Transaction exceeded limit by $7,972.",0.344,RESOLVED,2023-08-26,2023-09-15
FND-001943,INV-00165,MEDIUM,VENDOR_RISK,Payment issued to VND-VND-04353 rated LOW risk. Active contract CON-101481 in place. Enhanced due diligence not documented.,0.43,OPEN,2022-03-09,2022-03-24
FND-001944,INV-00017,MEDIUM,APPROVAL_LIMIT,"Approval granted by EMP-88662 who was not authorised to approve amounts above $25,000. Transaction value: $43,697.",0.435,VALIDATED,2023-11-04,2023-11-25
FND-001945,INV-00439,MEDIUM,VENDOR_RISK,"BLACKLISTED vendor VND-VND-02850 received payment of $146,886 via contract CON-109738 that was not updated following blacklisting.",0.499,VALIDATED,2024-12-14,2024-12-27
FND-001946,INV-00375,CRITICAL,POLICY_BREACH,"Claim EXP-173562 violates Policy POL-0009 section 4.2: Training expenditure capped at $100,000 per event.",0.981,RESOLVED,2021-07-03,2021-07-27
FND-001947,INV-00211,MEDIUM,POLICY_BREACH,"Expense claim of $120,145 for Training exceeds the policy maximum of $25,000. Overage: $25,018.",0.534,RESOLVED,2023-03-24,
FND-001948,INV-00111,MEDIUM,APPROVAL_LIMIT,"Escalation protocol was bypassed. Transaction valued at $257,673 was approved at L2 without L3 countersignature.",0.524,RESOLVED,2021-08-13,2021-09-07
FND-001949,INV-00137,LOW,FRAUD_PATTERN,Transaction routed through 4 intermediate accounts before reaching final beneficiary. Unusual for CASH_OUT transaction type.,0.443,OPEN,2024-08-11,2024-09-10
FND-001950,INV-00110,HIGH,VENDOR_RISK,"High-risk vendor ClearPath Logistics has no compliance record on file. Payment of $328,785 released without compliance clearance.",0.681,VALIDATED,2022-12-25,2023-01-18
FND-001951,INV-00113,CRITICAL,VENDOR_RISK,"BLACKLISTED vendor VND-VND-02181 received payment of $388,213 via contract CON-104057 that was not updated following blacklisting.",0.852,VALIDATED,2023-11-04,2023-11-11
FND-001952,INV-00111,CRITICAL,APPROVAL_LIMIT,Transaction processed with approval from an officer whose delegated authority was 58% below the required threshold.,0.816,VALIDATED,2022-01-16,
FND-001953,INV-00231,LOW,APPROVAL_LIMIT,"Payment of $401,376 approved at Level 2, which has a limit of $25,000. Transaction exceeded limit by $44,029.",0.226,VALIDATED,2023-06-08,2023-07-07
FND-001954,INV-00370,CRITICAL,VENDOR_RISK,"High-risk vendor UnityCore Technologies Inc has no compliance record on file. Payment of $48,428 released without compliance clearance.",0.771,OPEN,2022-08-04,
FND-001955,INV-00215,HIGH,MISSING_RECEIPT,"Reimbursement of $384,578 for Software was approved despite no receipt documentation in the system.",0.776,ESCALATED,2023-10-14,2023-10-19
FND-001956,INV-00153,MEDIUM,MISSING_RECEIPT,"Employee EMP-40356 submitted 8 claims totalling $18,887 without receipts in the review period.",0.609,RESOLVED,2024-08-22,2024-09-13
FND-001957,INV-00234,MEDIUM,APPROVAL_LIMIT,"Approval granted by EMP-23985 who was not authorised to approve amounts above $25,000. Transaction value: $165,272.",0.625,VALIDATED,2024-03-19,2024-03-20
FND-001958,INV-00028,LOW,VENDOR_RISK,"Vendor JetStream Analytics Ltd holds CRITICAL risk rating. 5 payments totalling $7,845 processed in the audit period.",0.376,OPEN,2023-02-24,
FND-001959,INV-00166,MEDIUM,VENDOR_RISK,"High-risk vendor RedPoint Consulting International has no compliance record on file. Payment of $476,258 released without compliance clearance.",0.58,RESOLVED,2021-12-16,2022-01-08
FND-001960,INV-00052,MEDIUM,EXPIRED_COMPLIANCE,"Payment of $23,109 released to Alpha_Inc International whose PCI-DSS compliance expired 434 days before payment date.",0.528,VALIDATED,2024-11-27,2024-12-03
FND-001961,INV-00129,MEDIUM,APPROVAL_LIMIT,"Escalation protocol was bypassed. Transaction valued at $367,944 was approved at L2 without L3 countersignature.",0.577,OPEN,2021-07-05,2021-07-23
FND-001962,INV-00215,MEDIUM,POLICY_BREACH,"Entertainment expense of $62,415 submitted by EMP-62369 exceeds monthly policy allowance of $5,000.",0.667,OPEN,2024-01-25,2024-02-05
FND-001963,INV-00457,MEDIUM,POLICY_BREACH,"Entertainment expense of $370,022 submitted by EMP-97818 exceeds monthly policy allowance of $25,000.",0.568,VALIDATED,2021-07-30,2021-08-21
FND-001964,INV-00285,MEDIUM,FRAUD_PATTERN,Employee EMP-56355 submitted 5 expense claims within 72 hours for identical amounts — potential duplicate fraud pattern.,0.598,RESOLVED,2023-10-16,
FND-001965,INV-00379,MEDIUM,APPROVAL_LIMIT,"Escalation protocol was bypassed. Transaction valued at $287,155 was approved at L1 without L3 countersignature.",0.615,ESCALATED,2024-07-04,2024-08-03
FND-001966,INV-00250,MEDIUM,VENDOR_RISK,"BLACKLISTED vendor VND-VND-01141 received payment of $467,139 via contract CON-103550 that was not updated following blacklisting.",0.59,RESOLVED,2024-02-26,
FND-001967,INV-00392,MEDIUM,VENDOR_RISK,"High-risk vendor VertiLink Distributors LLC has no compliance record on file. Payment of $67,010 released without compliance clearance.",0.461,OPEN,2024-01-03,2024-01-10
FND-001968,INV-00479,LOW,FRAUD_PATTERN,"Split payment pattern detected: 7 transactions to same beneficiary totalling $19,899 — each below approval threshold of $100,000.",0.371,RESOLVED,2022-01-04,2022-01-30
FND-001969,INV-00038,HIGH,APPROVAL_LIMIT,"Escalation protocol was bypassed. Transaction valued at $445,936 was approved at L3 without L5 countersignature.",0.841,OPEN,2023-09-17,2023-10-12
FND-001970,INV-00093,HIGH,MISSING_RECEIPT,"Reimbursement of $456,381 for Travel was approved despite no receipt documentation in the system.",0.872,OPEN,2024-06-17,2024-07-15
FND-001971,INV-00449,MEDIUM,MISSING_RECEIPT,"Reimbursement of $427,820 for Travel was approved despite no receipt documentation in the system.",0.429,VALIDATED,2023-08-30,2023-09-09
FND-001972,INV-00291,MEDIUM,APPROVAL_LIMIT,"Payment of $373,926 approved at Level 2, which has a limit of $100,000. Transaction exceeded limit by $35,079.",0.735,VALIDATED,2021-07-16,2021-08-15
FND-001973,INV-00322,CRITICAL,MISSING_RECEIPT,"Reimbursement of $43,377 for Accommodation was approved despite no receipt documentation in the system.",0.889,RESOLVED,2022-01-21,2022-02-08
FND-001974,INV-00258,MEDIUM,POLICY_BREACH,Employee submitted Accommodation claim 17% above the authorised policy limit without prior exception approval.,0.581,ESCALATED,2022-05-04,2022-05-12
FND-001975,INV-00128,MEDIUM,APPROVAL_LIMIT,"Approval granted by EMP-19257 who was not authorised to approve amounts above $25,000. Transaction value: $464,172.",0.505,VALIDATED,2024-01-02,2024-01-11
FND-001976,INV-00291,MEDIUM,MISSING_RECEIPT,Expense claim missing receipt. Policy POL-0016 requires receipts for all claims above $100.,0.435,VALIDATED,2023-04-15,2023-04-23
FND-001977,INV-00298,CRITICAL,MISSING_RECEIPT,Expense claim EXP-114951 submitted for Consulting without an attached supporting receipt.,0.814,VALIDATED,2021-07-06,
FND-001978,INV-00155,HIGH,MISSING_RECEIPT,"Employee EMP-86219 submitted 8 claims totalling $12,820 without receipts in the review period.",0.761,RESOLVED,2022-02-13,2022-03-01
FND-001979,INV-00326,MEDIUM,VENDOR_RISK,"High-risk vendor ZenithBridge Corp Holdings has no compliance record on file. Payment of $392,264 released without compliance clearance.",0.62,VALIDATED,2022-07-28,2022-08-20
FND-001980,INV-00489,MEDIUM,VENDOR_RISK,Payment issued to VND-VND-01131 rated LOW risk. Active contract CON-107884 in place. Enhanced due diligence not documented.,0.735,OPEN,2024-12-13,2025-01-02
FND-001981,INV-00040,LOW,MISSING_RECEIPT,"Reimbursement of $68,145 for Consulting was approved despite no receipt documentation in the system.",0.274,VALIDATED,2023-04-24,2023-05-01
FND-001982,INV-00459,CRITICAL,FRAUD_PATTERN,"Split payment pattern detected: 4 transactions to same beneficiary totalling $16,293 — each below approval threshold of $25,000.",0.838,OPEN,2024-05-29,2024-06-09
FND-001983,INV-00226,MEDIUM,MISSING_RECEIPT,Employee EMP-89669 submitted 8 claims totalling $884 without receipts in the review period.,0.732,RESOLVED,2024-09-04,2024-09-09
FND-001984,INV-00117,MEDIUM,POLICY_BREACH,"Claim EXP-144355 violates Policy POL-0016 section 4.2: Training expenditure capped at $5,000 per event.",0.472,VALIDATED,2023-03-18,2023-03-19
FND-001985,INV-00309,MEDIUM,APPROVAL_LIMIT,"Payment of $115,091 approved at Level 3, which has a limit of $100,000. Transaction exceeded limit by $23,141.",0.425,VALIDATED,2024-06-25,
FND-001986,INV-00045,HIGH,FRAUD_PATTERN,"Split payment pattern detected: 2 transactions to same beneficiary totalling $15,183 — each below approval threshold of $25,000.",0.716,ESCALATED,2024-02-28,2024-03-20
FND-001987,INV-00224,MEDIUM,EXPIRED_COMPLIANCE,"Vendor VND-VND-04308 received payment of $27,832 on 2023-06-07. Compliance certificate expired on 2022-01-22 — 343 days prior.",0.685,VALIDATED,2022-10-20,
FND-001988,INV-00287,LOW,EXPIRED_COMPLIANCE,"Vendor VND-VND-04909 received payment of $178,213 on 2023-04-29. Compliance certificate expired on 2022-09-08 — 186 days prior.",0.49,ESCALATED,2024-08-12,
FND-001989,INV-00121,MEDIUM,MISSING_RECEIPT,Expense claim EXP-150538 submitted for Equipment without an attached supporting receipt.,0.435,VALIDATED,2022-08-29,2022-09-26
FND-001990,INV-00162,HIGH,FRAUD_PATTERN,"Split payment pattern detected: 8 transactions to same beneficiary totalling $7,055 — each below approval threshold of $5,000.",0.724,ESCALATED,2022-08-30,2022-09-26
FND-001991,INV-00049,MEDIUM,VENDOR_RISK,"BLACKLISTED vendor VND-VND-03014 received payment of $446,261 via contract CON-109093 that was not updated following blacklisting.",0.628,ESCALATED,2023-08-14,2023-08-17
FND-001992,INV-00150,LOW,POLICY_BREACH,Employee submitted Training claim 65% above the authorised policy limit without prior exception approval.,0.363,OPEN,2021-08-12,2021-09-04
FND-001993,INV-00447,MEDIUM,FRAUD_PATTERN,Employee EMP-36636 submitted 2 expense claims within 72 hours for identical amounts — potential duplicate fraud pattern.,0.693,OPEN,2021-07-01,
FND-001994,INV-00099,MEDIUM,POLICY_BREACH,Employee submitted Entertainment claim 39% above the authorised policy limit without prior exception approval.,0.429,VALIDATED,2024-08-06,2024-08-11
FND-001995,INV-00401,LOW,MISSING_RECEIPT,"Employee EMP-10967 submitted 4 claims totalling $14,645 without receipts in the review period.",0.2,ESCALATED,2023-05-21,2023-05-25
FND-001996,INV-00447,MEDIUM,VENDOR_RISK,"Vendor JadeCore Solutions Group holds CRITICAL risk rating. 3 payments totalling $19,659 processed in the audit period.",0.7,FALSE_POSITIVE,2021-06-16,
FND-001997,INV-00125,MEDIUM,VENDOR_RISK,"BLACKLISTED vendor VND-VND-01158 received payment of $358,828 via contract CON-106834 that was not updated following blacklisting.",0.647,FALSE_POSITIVE,2022-06-27,2022-07-06
FND-001998,INV-00045,MEDIUM,EXPIRED_COMPLIANCE,Procurement team processed payment without checking compliance status. Certificate had been expired for 360 days.,0.643,VALIDATED,2024-04-18,2024-05-13
FND-001999,INV-00131,MEDIUM,APPROVAL_LIMIT,"Escalation protocol was bypassed. Transaction valued at $33,904 was approved at L1 without L3 countersignature.",0.401,VALIDATED,2024-07-09,2024-07-23
FND-002000,INV-00350,LOW,APPROVAL_LIMIT,"Approval granted by EMP-31879 who was not authorised to approve amounts above $100,000. Transaction value: $24,020.",0.519,VALIDATED,2024-11-12,
FND-002001,INV-00143,LOW,VENDOR_RISK,"High-risk vendor BridgeTech Consulting Group has no compliance record on file. Payment of $403,161 released without compliance clearance.",0.533,OPEN,2024-05-09,
FND-002002,INV-00159,LOW,EXPIRED_COMPLIANCE,"Vendor VND-VND-02852 received payment of $41,782 on 2024-03-13. Compliance certificate expired on 2020-07-13 — 379 days prior.",0.484,RESOLVED,2022-07-12,2022-07-30
FND-002003,INV-00357,HIGH,EXPIRED_COMPLIANCE,"Vendor VND-VND-01006 received payment of $421,951 on 2022-04-09. Compliance certificate expired on 2020-12-17 — 201 days prior.",0.817,ESCALATED,2024-10-03,2024-10-28
FND-002004,INV-00108,MEDIUM,FRAUD_PATTERN,"Round-number transaction of $166,652 processed at 04:46 — outside standard business hours. Flagged by anomaly detection.",0.689,RESOLVED,2022-01-15,2022-01-18
FND-002005,INV-00463,MEDIUM,EXPIRED_COMPLIANCE,"Payment of $157,372 released to Gamma_Co LLC whose ISO 27001 compliance expired 46 days before payment date.",0.609,VALIDATED,2022-09-02,2022-09-22
FND-002006,INV-00496,MEDIUM,VENDOR_RISK,"BLACKLISTED vendor VND-VND-02279 received payment of $147,053 via contract CON-101864 that was not updated following blacklisting.",0.694,VALIDATED,2023-11-25,2023-11-27
FND-002007,INV-00211,CRITICAL,MISSING_RECEIPT,"Employee EMP-83376 submitted 5 claims totalling $6,290 without receipts in the review period.",0.827,RESOLVED,2024-06-30,
FND-002008,INV-00295,MEDIUM,MISSING_RECEIPT,"Employee EMP-49929 submitted 3 claims totalling $5,816 without receipts in the review period.",0.564,OPEN,2022-05-16,2022-05-17
FND-002009,INV-00114,MEDIUM,APPROVAL_LIMIT,"Escalation protocol was bypassed. Transaction valued at $403,646 was approved at L2 without L4 countersignature.",0.434,OPEN,2023-11-29,
FND-002010,INV-00036,MEDIUM,EXPIRED_COMPLIANCE,Procurement team processed payment without checking compliance status. Certificate had been expired for 514 days.,0.658,FALSE_POSITIVE,2021-07-08,2021-07-17
FND-002011,INV-00357,HIGH,APPROVAL_LIMIT,"Approval granted by EMP-50997 who was not authorised to approve amounts above $500,000. Transaction value: $366,289.",0.889,VALIDATED,2022-10-20,
FND-002012,INV-00148,LOW,EXPIRED_COMPLIANCE,"Payment of $359,282 released to Delta_Logistics LLC whose SOC 2 compliance expired 214 days before payment date.",0.211,RESOLVED,2021-09-09,2021-10-07
FND-002013,INV-00493,MEDIUM,MISSING_RECEIPT,"Employee EMP-85305 submitted 8 claims totalling $16,375 without receipts in the review period.",0.487,ESCALATED,2022-08-27,2022-09-09
FND-002014,INV-00405,LOW,POLICY_BREACH,"Claim EXP-176646 violates Policy POL-0004 section 4.2: Training expenditure capped at $25,000 per event.",0.365,VALIDATED,2024-09-14,
FND-002015,INV-00424,LOW,EXPIRED_COMPLIANCE,Procurement team processed payment without checking compliance status. Certificate had been expired for 492 days.,0.55,VALIDATED,2024-05-09,
FND-002016,INV-00050,MEDIUM,APPROVAL_LIMIT,"Escalation protocol was bypassed. Transaction valued at $7,718 was approved at L2 without L5 countersignature.",0.408,VALIDATED,2021-07-10,2021-07-31
FND-002017,INV-00156,MEDIUM,MISSING_RECEIPT,"Employee EMP-71862 submitted 2 claims totalling $1,350 without receipts in the review period.",0.447,OPEN,2023-01-27,
FND-002018,INV-00296,LOW,MISSING_RECEIPT,"Reimbursement of $50,660 for Consulting was approved despite no receipt documentation in the system.",0.6,OPEN,2022-11-18,2022-12-07
FND-002019,INV-00100,MEDIUM,EXPIRED_COMPLIANCE,"Payment of $32,561 released to FusionCore Analytics Holdings whose PCI-DSS compliance expired 115 days before payment date.",0.552,OPEN,2021-12-25,2022-01-08
FND-002020,INV-00159,MEDIUM,FRAUD_PATTERN,Employee EMP-60614 submitted 3 expense claims within 72 hours for identical amounts — potential duplicate fraud pattern.,0.557,RESOLVED,2024-01-05,2024-01-08
FND-002021,INV-00351,LOW,MISSING_RECEIPT,"Reimbursement of $275,638 for Office Supplies was approved despite no receipt documentation in the system.",0.315,RESOLVED,2024-11-08,
FND-002022,INV-00319,MEDIUM,VENDOR_RISK,"BLACKLISTED vendor VND-VND-02716 received payment of $73,638 via contract CON-102652 that was not updated following blacklisting.",0.436,OPEN,2022-11-15,2022-11-22
FND-002023,INV-00442,CRITICAL,FRAUD_PATTERN,Transaction routed through 6 intermediate accounts before reaching final beneficiary. Unusual for CASH_OUT transaction type.,0.866,VALIDATED,2021-11-01,
FND-002024,INV-00328,MEDIUM,APPROVAL_LIMIT,"Payment of $105,122 approved at Level 3, which has a limit of $500,000. Transaction exceeded limit by $4,048.",0.737,VALIDATED,2022-08-31,2022-09-01
FND-002025,INV-00360,MEDIUM,FRAUD_PATTERN,"Round-number transaction of $257,681 processed at 02:40 — outside standard business hours. Flagged by anomaly detection.",0.71,VALIDATED,2021-11-28,2021-12-18
FND-002026,INV-00458,MEDIUM,EXPIRED_COMPLIANCE,Procurement team processed payment without checking compliance status. Certificate had been expired for 328 days.,0.516,VALIDATED,2021-10-16,2021-10-19
FND-002027,INV-00133,LOW,APPROVAL_LIMIT,"Payment of $211,401 approved at Level 3, which has a limit of $100,000. Transaction exceeded limit by $20,172.",0.337,OPEN,2023-07-17,
FND-002028,INV-00254,HIGH,POLICY_BREACH,"Entertainment expense of $307,145 submitted by EMP-45843 exceeds monthly policy allowance of $5,000.",0.878,VALIDATED,2021-12-17,2021-12-19
FND-002029,INV-00197,MEDIUM,EXPIRED_COMPLIANCE,"Vendor VND-VND-01109 received payment of $270,207 on 2023-09-22. Compliance certificate expired on 2020-11-24 — 218 days prior.",0.715,OPEN,2022-08-28,
FND-002030,INV-00083,MEDIUM,MISSING_RECEIPT,"Employee EMP-75385 submitted 5 claims totalling $6,481 without receipts in the review period.",0.542,OPEN,2023-05-09,2023-05-17
FND-002031,INV-00321,MEDIUM,EXPIRED_COMPLIANCE,"Payment of $303,264 released to OmegaLink Systems whose PCI-DSS compliance expired 87 days before payment date.",0.7,OPEN,2021-10-26,
FND-002032,INV-00130,MEDIUM,FRAUD_PATTERN,"Round-number transaction of $310,239 processed at 05:14 — outside standard business hours. Flagged by anomaly detection.",0.656,RESOLVED,2022-02-22,2022-03-15
FND-002033,INV-00370,LOW,EXPIRED_COMPLIANCE,Compliance record CMP-106208 for vendor LatticeCore Partners Ltd was in EXPIRED status at time of payment processing.,0.255,VALIDATED,2023-04-22,2023-05-20
FND-002034,INV-00374,MEDIUM,FRAUD_PATTERN,"Split payment pattern detected: 8 transactions to same beneficiary totalling $5,266 — each below approval threshold of $100,000.",0.587,VALIDATED,2024-08-20,2024-09-14
FND-002035,INV-00234,LOW,MISSING_RECEIPT,Expense claim missing receipt. Policy POL-0002 requires receipts for all claims above $75.,0.457,RESOLVED,2022-06-18,
FND-002036,INV-00487,MEDIUM,VENDOR_RISK,"Vendor Acuity Systems Group holds CRITICAL risk rating. 6 payments totalling $5,539 processed in the audit period.",0.425,RESOLVED,2024-11-20,
FND-002037,INV-00498,LOW,EXPIRED_COMPLIANCE,"Vendor VND-VND-04592 received payment of $290,592 on 2023-08-31. Compliance certificate expired on 2020-10-03 — 229 days prior.",0.493,VALIDATED,2021-08-08,2021-08-11
FND-002038,INV-00236,MEDIUM,FRAUD_PATTERN,"Split payment pattern detected: 4 transactions to same beneficiary totalling $16,837 — each below approval threshold of $500,000.",0.729,OPEN,2021-10-16,2021-11-15
FND-002039,INV-00171,LOW,EXPIRED_COMPLIANCE,"Payment of $357,983 released to IronPoint Manufacturing Group whose SOC 2 compliance expired 121 days before payment date.",0.307,OPEN,2023-11-27,2023-12-21
FND-002040,INV-00463,CRITICAL,EXPIRED_COMPLIANCE,Procurement team processed payment without checking compliance status. Certificate had been expired for 314 days.,0.88,VALIDATED,2023-09-15,
FND-002041,INV-00275,LOW,VENDOR_RISK,"Vendor UnityCore Technologies Inc holds CRITICAL risk rating. 5 payments totalling $9,877 processed in the audit period.",0.539,VALIDATED,2024-11-10,2024-11-26
FND-002042,INV-00198,CRITICAL,APPROVAL_LIMIT,"Approval granted by EMP-59518 who was not authorised to approve amounts above $25,000. Transaction value: $74,804.",0.907,ESCALATED,2022-11-30,2022-12-22
FND-002043,INV-00419,MEDIUM,VENDOR_RISK,"High-risk vendor Acuity Systems Ltd has no compliance record on file. Payment of $12,803 released without compliance clearance.",0.724,VALIDATED,2021-12-31,2022-01-12
FND-002044,INV-00056,MEDIUM,EXPIRED_COMPLIANCE,"Payment of $37,565 released to BridgeTech Consulting Group whose ISO 27001 compliance expired 303 days before payment date.",0.415,VALIDATED,2024-10-19,2024-11-04
FND-002045,INV-00268,MEDIUM,APPROVAL_LIMIT,"Payment of $434,050 approved at Level 1, which has a limit of $500,000. Transaction exceeded limit by $12,919.",0.649,VALIDATED,2022-08-03,
FND-002046,INV-00043,HIGH,POLICY_BREACH,"Expense claim of $272,930 for Equipment exceeds the policy maximum of $500,000. Overage: $26,600.",0.707,RESOLVED,2024-09-27,
FND-002047,INV-00004,MEDIUM,POLICY_BREACH,"Entertainment expense of $334,851 submitted by EMP-93999 exceeds monthly policy allowance of $25,000.",0.721,OPEN,2023-07-05,
FND-002048,INV-00042,MEDIUM,EXPIRED_COMPLIANCE,"Vendor VND-VND-00131 received payment of $250,640 on 2023-05-05. Compliance certificate expired on 2022-02-09 — 376 days prior.",0.581,VALIDATED,2024-01-12,2024-02-04
FND-002049,INV-00267,HIGH,FRAUD_PATTERN,Employee EMP-61568 submitted 5 expense claims within 72 hours for identical amounts — potential duplicate fraud pattern.,0.867,VALIDATED,2022-04-22,2022-05-17
FND-002050,INV-00426,LOW,APPROVAL_LIMIT,"Escalation protocol was bypassed. Transaction valued at $176,584 was approved at L1 without L4 countersignature.",0.369,RESOLVED,2024-07-02,
FND-002051,INV-00241,MEDIUM,MISSING_RECEIPT,"Reimbursement of $337,061 for Travel was approved despite no receipt documentation in the system.",0.501,VALIDATED,2024-10-06,2024-10-26
FND-002052,INV-00308,HIGH,POLICY_BREACH,"Entertainment expense of $250,177 submitted by EMP-18704 exceeds monthly policy allowance of $25,000.",0.615,OPEN,2022-05-21,2022-05-25
FND-002053,INV-00023,MEDIUM,POLICY_BREACH,"Claim EXP-133586 violates Policy POL-0007 section 4.2: Software expenditure capped at $100,000 per event.",0.621,VALIDATED,2023-06-02,2023-06-08
FND-002054,INV-00309,MEDIUM,FRAUD_PATTERN,"Split payment pattern detected: 3 transactions to same beneficiary totalling $11,417 — each below approval threshold of $500,000.",0.527,RESOLVED,2023-06-25,2023-07-18
FND-002055,INV-00489,MEDIUM,APPROVAL_LIMIT,"Escalation protocol was bypassed. Transaction valued at $221,188 was approved at L3 without L3 countersignature.",0.524,OPEN,2021-10-06,2021-10-19
FND-002056,INV-00376,LOW,VENDOR_RISK,"BLACKLISTED vendor VND-VND-04666 received payment of $262,729 via contract CON-104065 that was not updated following blacklisting.",0.382,ESCALATED,2021-11-18,2021-11-23
FND-002057,INV-00204,MEDIUM,VENDOR_RISK,"BLACKLISTED vendor VND-VND-04172 received payment of $163,671 via contract CON-100900 that was not updated following blacklisting.",0.741,VALIDATED,2022-03-11,2022-03-20
FND-002058,INV-00195,MEDIUM,APPROVAL_LIMIT,"Escalation protocol was bypassed. Transaction valued at $227,089 was approved at L2 without L5 countersignature.",0.42,OPEN,2023-06-05,2023-07-04
FND-002059,INV-00417,HIGH,POLICY_BREACH,"Expense claim of $114,032 for Marketing exceeds the policy maximum of $100,000. Overage: $37,729.",0.738,VALIDATED,2022-09-27,
FND-002060,INV-00182,MEDIUM,MISSING_RECEIPT,Expense claim EXP-118123 submitted for Marketing without an attached supporting receipt.,0.559,FALSE_POSITIVE,2024-07-12,2024-07-25
FND-002061,INV-00015,MEDIUM,POLICY_BREACH,"Expense claim of $161,769 for Marketing exceeds the policy maximum of $100,000. Overage: $48,751.",0.686,OPEN,2021-08-12,
FND-002062,INV-00111,HIGH,EXPIRED_COMPLIANCE,Procurement team processed payment without checking compliance status. Certificate had been expired for 484 days.,0.601,VALIDATED,2022-10-05,2022-10-18
FND-002063,INV-00398,MEDIUM,POLICY_BREACH,"Claim EXP-108102 violates Policy POL-0018 section 4.2: Consulting expenditure capped at $25,000 per event.",0.422,RESOLVED,2022-08-09,2022-08-27
FND-002064,INV-00115,MEDIUM,FRAUD_PATTERN,"Round-number transaction of $207,884 processed at 04:32 — outside standard business hours. Flagged by anomaly detection.",0.721,ESCALATED,2024-10-23,2024-10-28
FND-002065,INV-00148,HIGH,MISSING_RECEIPT,"Employee EMP-70356 submitted 7 claims totalling $13,345 without receipts in the review period.",0.809,OPEN,2023-11-07,2023-11-26
FND-002066,INV-00040,CRITICAL,MISSING_RECEIPT,Expense claim EXP-192041 submitted for Office Supplies without an attached supporting receipt.,0.958,OPEN,2023-12-11,
FND-002067,INV-00465,MEDIUM,EXPIRED_COMPLIANCE,Procurement team processed payment without checking compliance status. Certificate had been expired for 499 days.,0.44,VALIDATED,2022-09-15,2022-09-20
FND-002068,INV-00011,MEDIUM,MISSING_RECEIPT,Expense claim EXP-136507 submitted for Accommodation without an attached supporting receipt.,0.405,VALIDATED,2024-03-24,2024-04-03
FND-002069,INV-00414,MEDIUM,EXPIRED_COMPLIANCE,"Vendor VND-VND-00765 received payment of $215,860 on 2023-05-22. Compliance certificate expired on 2022-01-19 — 278 days prior.",0.414,VALIDATED,2021-11-16,2021-11-23
FND-002070,INV-00124,MEDIUM,VENDOR_RISK,"BLACKLISTED vendor VND-VND-01613 received payment of $240,243 via contract CON-102646 that was not updated following blacklisting.",0.449,VALIDATED,2024-02-22,
FND-002071,INV-00121,MEDIUM,EXPIRED_COMPLIANCE,Procurement team processed payment without checking compliance status. Certificate had been expired for 248 days.,0.611,RESOLVED,2024-02-23,2024-03-10
FND-002072,INV-00018,LOW,VENDOR_RISK,"Vendor BlueStar Procurement International holds CRITICAL risk rating. 3 payments totalling $14,680 processed in the audit period.",0.595,ESCALATED,2022-10-24,2022-11-20
FND-002073,INV-00271,LOW,MISSING_RECEIPT,Expense claim EXP-110294 submitted for Training without an attached supporting receipt.,0.229,OPEN,2021-06-11,2021-06-25
FND-002074,INV-00148,LOW,EXPIRED_COMPLIANCE,Procurement team processed payment without checking compliance status. Certificate had been expired for 326 days.,0.451,VALIDATED,2022-10-07,2022-11-03
FND-002075,INV-00138,LOW,FRAUD_PATTERN,Transaction routed through 3 intermediate accounts before reaching final beneficiary. Unusual for CASH_OUT transaction type.,0.45,RESOLVED,2021-08-29,2021-09-08
FND-002076,INV-00067,LOW,VENDOR_RISK,"High-risk vendor WaveCore Manufacturing Ltd has no compliance record on file. Payment of $278,569 released without compliance clearance.",0.497,OPEN,2021-11-07,
FND-002077,INV-00411,CRITICAL,APPROVAL_LIMIT,"Escalation protocol was bypassed. Transaction valued at $193,464 was approved at L1 without L3 countersignature.",0.981,OPEN,2024-01-31,2024-02-22
FND-002078,INV-00350,LOW,MISSING_RECEIPT,"Employee EMP-33457 submitted 7 claims totalling $6,238 without receipts in the review period.",0.502,VALIDATED,2023-08-01,2023-08-09
FND-002079,INV-00341,MEDIUM,POLICY_BREACH,"Entertainment expense of $167,746 submitted by EMP-46812 exceeds monthly policy allowance of $100,000.",0.455,VALIDATED,2023-11-16,2023-11-29
FND-002080,INV-00020,HIGH,APPROVAL_LIMIT,"Approval granted by EMP-61743 who was not authorised to approve amounts above $500,000. Transaction value: $304,088.",0.778,VALIDATED,2023-12-13,
FND-002081,INV-00132,MEDIUM,VENDOR_RISK,"BLACKLISTED vendor VND-VND-00672 received payment of $394,803 via contract CON-100880 that was not updated following blacklisting.",0.461,VALIDATED,2021-09-05,2021-09-10
FND-002082,INV-00268,CRITICAL,MISSING_RECEIPT,Expense claim EXP-172615 submitted for Training without an attached supporting receipt.,0.98,RESOLVED,2023-08-21,
FND-002083,INV-00446,MEDIUM,MISSING_RECEIPT,Expense claim EXP-124292 submitted for Entertainment without an attached supporting receipt.,0.59,OPEN,2023-02-16,
FND-002084,INV-00121,MEDIUM,FRAUD_PATTERN,"Round-number transaction of $245,573 processed at 00:01 — outside standard business hours. Flagged by anomaly detection.",0.632,VALIDATED,2021-06-04,2021-06-16
FND-002085,INV-00019,CRITICAL,APPROVAL_LIMIT,"Approval granted by EMP-30100 who was not authorised to approve amounts above $500,000. Transaction value: $272,657.",0.76,VALIDATED,2023-12-23,2024-01-16
FND-002086,INV-00001,LOW,VENDOR_RISK,"BLACKLISTED vendor VND-VND-04480 received payment of $91,999 via contract CON-103682 that was not updated following blacklisting.",0.505,OPEN,2024-06-07,2024-06-15
FND-002087,INV-00122,MEDIUM,APPROVAL_LIMIT,"Escalation protocol was bypassed. Transaction valued at $420,723 was approved at L2 without L3 countersignature.",0.731,VALIDATED,2021-06-04,
FND-002088,INV-00486,LOW,APPROVAL_LIMIT,"Payment of $344,355 approved at Level 1, which has a limit of $100,000. Transaction exceeded limit by $22,064.",0.365,OPEN,2021-12-19,
FND-002089,INV-00089,HIGH,VENDOR_RISK,"High-risk vendor InnoCore Dynamics Ltd has no compliance record on file. Payment of $106,717 released without compliance clearance.",0.745,VALIDATED,2022-08-07,2022-08-13
FND-002090,INV-00270,HIGH,POLICY_BREACH,"Expense claim of $280,925 for Entertainment exceeds the policy maximum of $100,000. Overage: $12,875.",0.73,OPEN,2024-11-07,
FND-002091,INV-00096,MEDIUM,APPROVAL_LIMIT,"Approval granted by EMP-86195 who was not authorised to approve amounts above $5,000. Transaction value: $335,597.",0.703,RESOLVED,2024-02-14,
FND-002092,INV-00326,MEDIUM,APPROVAL_LIMIT,"Escalation protocol was bypassed. Transaction valued at $223,650 was approved at L1 without L4 countersignature.",0.491,OPEN,2023-03-01,2023-03-07
FND-002093,INV-00209,MEDIUM,VENDOR_RISK,"High-risk vendor HorizonEdge Inc Group has no compliance record on file. Payment of $197,219 released without compliance clearance.",0.587,ESCALATED,2023-08-24,
FND-002094,INV-00169,MEDIUM,FRAUD_PATTERN,"Round-number transaction of $328,071 processed at 00:15 — outside standard business hours. Flagged by anomaly detection.",0.718,RESOLVED,2024-10-08,
FND-002095,INV-00324,MEDIUM,POLICY_BREACH,Employee submitted Meals claim 50% above the authorised policy limit without prior exception approval.,0.729,OPEN,2023-06-11,2023-06-14
FND-002096,INV-00210,MEDIUM,EXPIRED_COMPLIANCE,Compliance record CMP-100243 for vendor WavePath Inc Holdings was in EXPIRED status at time of payment processing.,0.418,RESOLVED,2022-12-08,2022-12-18
FND-002097,INV-00429,LOW,POLICY_BREACH,Employee submitted Office Supplies claim 78% above the authorised policy limit without prior exception approval.,0.305,OPEN,2021-08-30,2021-09-21
FND-002098,INV-00359,MEDIUM,APPROVAL_LIMIT,"Escalation protocol was bypassed. Transaction valued at $310,799 was approved at L3 without L3 countersignature.",0.43,RESOLVED,2023-06-25,
FND-002099,INV-00074,CRITICAL,APPROVAL_LIMIT,"Approval granted by EMP-67596 who was not authorised to approve amounts above $500,000. Transaction value: $396,701.",0.795,OPEN,2023-02-11,2023-03-07
FND-002100,INV-00200,LOW,APPROVAL_LIMIT,"Escalation protocol was bypassed. Transaction valued at $365,019 was approved at L1 without L5 countersignature.",0.641,VALIDATED,2021-06-11,2021-07-08
FND-002101,INV-00482,LOW,EXPIRED_COMPLIANCE,"Vendor VND-VND-04459 received payment of $114,768 on 2022-07-28. Compliance certificate expired on 2020-06-04 — 398 days prior.",0.432,VALIDATED,2021-09-28,
FND-002102,INV-00113,MEDIUM,FRAUD_PATTERN,"Split payment pattern detected: 2 transactions to same beneficiary totalling $10,314 — each below approval threshold of $100,000.",0.488,RESOLVED,2023-06-03,
FND-002103,INV-00349,MEDIUM,MISSING_RECEIPT,Expense claim EXP-123533 submitted for Marketing without an attached supporting receipt.,0.463,ESCALATED,2023-08-24,2023-08-26
FND-002104,INV-00455,MEDIUM,POLICY_BREACH,"Expense claim of $340,520 for Consulting exceeds the policy maximum of $500,000. Overage: $23,155.",0.563,VALIDATED,2023-10-12,2023-10-28
FND-002105,INV-00228,MEDIUM,MISSING_RECEIPT,"Employee EMP-23636 submitted 6 claims totalling $13,449 without receipts in the review period.",0.749,VALIDATED,2023-06-17,
FND-002106,INV-00111,MEDIUM,FRAUD_PATTERN,Employee EMP-27877 submitted 4 expense claims within 72 hours for identical amounts — potential duplicate fraud pattern.,0.627,VALIDATED,2023-06-28,2023-07-19
FND-002107,INV-00107,HIGH,EXPIRED_COMPLIANCE,"Vendor VND-VND-03441 received payment of $355,004 on 2023-10-29. Compliance certificate expired on 2022-01-05 — 535 days prior.",0.622,OPEN,2024-12-01,2024-12-31
FND-002108,INV-00096,MEDIUM,EXPIRED_COMPLIANCE,"Payment of $375,183 released to Alpha_Inc Ltd whose ISO 27001 compliance expired 389 days before payment date.",0.404,OPEN,2023-05-12,2023-06-05
FND-002109,INV-00274,MEDIUM,APPROVAL_LIMIT,"Escalation protocol was bypassed. Transaction valued at $225,859 was approved at L1 without L4 countersignature.",0.673,RESOLVED,2023-11-26,2023-11-29
FND-002110,INV-00326,LOW,APPROVAL_LIMIT,"Payment of $87,493 approved at Level 3, which has a limit of $100,000. Transaction exceeded limit by $30,277.",0.329,OPEN,2022-03-04,2022-04-03
FND-002111,INV-00249,LOW,FRAUD_PATTERN,"Split payment pattern detected: 6 transactions to same beneficiary totalling $3,266 — each below approval threshold of $5,000.",0.568,OPEN,2022-07-29,
FND-002112,INV-00360,LOW,EXPIRED_COMPLIANCE,Compliance record CMP-102494 for vendor XcelPath Networks Ltd was in EXPIRED status at time of payment processing.,0.576,ESCALATED,2024-11-01,
FND-002113,INV-00055,MEDIUM,POLICY_BREACH,Employee submitted Marketing claim 17% above the authorised policy limit without prior exception approval.,0.446,VALIDATED,2023-10-07,2023-11-05
FND-002114,INV-00328,LOW,MISSING_RECEIPT,"Reimbursement of $492,185 for Entertainment was approved despite no receipt documentation in the system.",0.58,RESOLVED,2023-06-06,2023-06-25
FND-002115,INV-00470,MEDIUM,EXPIRED_COMPLIANCE,Compliance record CMP-106693 for vendor GreenBridge Consulting Inc was in EXPIRED status at time of payment processing.,0.572,OPEN,2022-05-11,2022-05-15
FND-002116,INV-00140,MEDIUM,APPROVAL_LIMIT,"Escalation protocol was bypassed. Transaction valued at $144,225 was approved at L2 without L3 countersignature.",0.646,RESOLVED,2022-01-07,2022-01-27
FND-002117,INV-00371,LOW,MISSING_RECEIPT,"Employee EMP-99970 submitted 5 claims totalling $16,028 without receipts in the review period.",0.434,ESCALATED,2023-09-17,2023-10-12
FND-002118,INV-00037,MEDIUM,EXPIRED_COMPLIANCE,"Payment of $19,367 released to CoreVault Systems Holdings whose ISO 27001 compliance expired 81 days before payment date.",0.439,ESCALATED,2021-11-14,
FND-002119,INV-00049,MEDIUM,MISSING_RECEIPT,Expense claim EXP-127557 submitted for Accommodation without an attached supporting receipt.,0.425,VALIDATED,2021-06-08,2021-07-07
FND-002120,INV-00016,CRITICAL,APPROVAL_LIMIT,"Approval granted by EMP-50723 who was not authorised to approve amounts above $500,000. Transaction value: $29,348.",0.807,RESOLVED,2023-09-24,
FND-002121,INV-00403,HIGH,APPROVAL_LIMIT,Transaction processed with approval from an officer whose delegated authority was 7% below the required threshold.,0.837,VALIDATED,2023-04-24,2023-04-26
FND-002122,INV-00457,MEDIUM,EXPIRED_COMPLIANCE,Compliance record CMP-108879 for vendor RapidCore Consulting Inc was in EXPIRED status at time of payment processing.,0.51,VALIDATED,2023-03-11,
FND-002123,INV-00015,LOW,POLICY_BREACH,Employee submitted Entertainment claim 32% above the authorised policy limit without prior exception approval.,0.496,OPEN,2021-11-30,2021-12-17
FND-002124,INV-00138,MEDIUM,APPROVAL_LIMIT,"Approval granted by EMP-53961 who was not authorised to approve amounts above $5,000. Transaction value: $211,993.",0.512,OPEN,2023-12-05,2023-12-10
FND-002125,INV-00422,MEDIUM,POLICY_BREACH,"Entertainment expense of $443,302 submitted by EMP-46335 exceeds monthly policy allowance of $25,000.",0.749,VALIDATED,2022-11-16,
FND-002126,INV-00179,CRITICAL,VENDOR_RISK,"High-risk vendor FusionCore Analytics Holdings has no compliance record on file. Payment of $361,875 released without compliance clearance.",0.957,OPEN,2023-10-11,2023-11-06
FND-002127,INV-00050,LOW,FRAUD_PATTERN,"Round-number transaction of $9,228 processed at 00:00 — outside standard business hours. Flagged by anomaly detection.",0.48,VALIDATED,2023-09-22,2023-10-16
FND-002128,INV-00064,CRITICAL,VENDOR_RISK,"High-risk vendor MeridianTech has no compliance record on file. Payment of $299,874 released without compliance clearance.",0.809,RESOLVED,2023-07-27,
FND-002129,INV-00439,MEDIUM,APPROVAL_LIMIT,"Payment of $497,242 approved at Level 3, which has a limit of $5,000. Transaction exceeded limit by $12,788.",0.638,RESOLVED,2022-03-04,2022-03-18
FND-002130,INV-00119,MEDIUM,MISSING_RECEIPT,Expense claim missing receipt. Policy POL-0006 requires receipts for all claims above $200.,0.744,RESOLVED,2023-06-09,2023-07-07
FND-002131,INV-00293,MEDIUM,MISSING_RECEIPT,Expense claim EXP-170512 submitted for Equipment without an attached supporting receipt.,0.63,VALIDATED,2023-03-17,2023-04-07
FND-002132,INV-00172,LOW,FRAUD_PATTERN,"Split payment pattern detected: 5 transactions to same beneficiary totalling $19,766 — each below approval threshold of $500,000.",0.416,VALIDATED,2022-02-11,
FND-002133,INV-00463,MEDIUM,EXPIRED_COMPLIANCE,Compliance record CMP-105180 for vendor FlowBridge Inc was in EXPIRED status at time of payment processing.,0.722,OPEN,2021-11-19,2021-12-07
FND-002134,INV-00479,CRITICAL,POLICY_BREACH,"Claim EXP-178757 violates Policy POL-0005 section 4.2: Office Supplies expenditure capped at $25,000 per event.",0.953,RESOLVED,2023-10-03,2023-10-16
FND-002135,INV-00342,HIGH,VENDOR_RISK,Payment issued to VND-VND-01333 rated LOW risk. Active contract CON-109156 in place. Enhanced due diligence not documented.,0.827,OPEN,2023-02-12,2023-02-28
FND-002136,INV-00277,CRITICAL,POLICY_BREACH,"Entertainment expense of $417,891 submitted by EMP-22028 exceeds monthly policy allowance of $25,000.",0.778,VALIDATED,2023-09-29,
FND-002137,INV-00464,MEDIUM,APPROVAL_LIMIT,"Escalation protocol was bypassed. Transaction valued at $136,065 was approved at L2 without L5 countersignature.",0.749,VALIDATED,2024-06-07,2024-06-29
FND-002138,INV-00055,MEDIUM,FRAUD_PATTERN,"Split payment pattern detected: 4 transactions to same beneficiary totalling $10,215 — each below approval threshold of $100,000.",0.701,VALIDATED,2024-09-17,
FND-002139,INV-00092,LOW,APPROVAL_LIMIT,"Payment of $243,310 approved at Level 3, which has a limit of $100,000. Transaction exceeded limit by $46,813.",0.61,RESOLVED,2024-07-08,2024-08-04
FND-002140,INV-00270,MEDIUM,POLICY_BREACH,"Entertainment expense of $66,349 submitted by EMP-83018 exceeds monthly policy allowance of $500,000.",0.657,OPEN,2023-10-03,2023-10-28
FND-002141,INV-00282,MEDIUM,EXPIRED_COMPLIANCE,Procurement team processed payment without checking compliance status. Certificate had been expired for 330 days.,0.723,VALIDATED,2024-03-31,2024-04-12
FND-002142,INV-00327,LOW,APPROVAL_LIMIT,"Payment of $72,517 approved at Level 1, which has a limit of $25,000. Transaction exceeded limit by $8,275.",0.52,RESOLVED,2024-04-25,2024-05-01
FND-002143,INV-00177,MEDIUM,EXPIRED_COMPLIANCE,Compliance record CMP-105039 for vendor NorthBridge Supplies International was in EXPIRED status at time of payment processing.,0.453,VALIDATED,2021-09-30,2021-10-20
FND-002144,INV-00339,LOW,POLICY_BREACH,"Entertainment expense of $155,764 submitted by EMP-72575 exceeds monthly policy allowance of $100,000.",0.625,VALIDATED,2023-08-07,
FND-002145,INV-00392,CRITICAL,VENDOR_RISK,Payment issued to VND-VND-00100 rated LOW risk. Active contract CON-107364 in place. Enhanced due diligence not documented.,0.926,VALIDATED,2024-04-11,2024-05-06
FND-002146,INV-00422,MEDIUM,FRAUD_PATTERN,Transaction routed through 4 intermediate accounts before reaching final beneficiary. Unusual for CASH_OUT transaction type.,0.656,OPEN,2024-11-01,2024-11-03
FND-002147,INV-00311,HIGH,VENDOR_RISK,"Vendor OpenBridge Systems LLC holds CRITICAL risk rating. 4 payments totalling $15,218 processed in the audit period.",0.653,VALIDATED,2023-08-20,2023-09-07
FND-002148,INV-00086,MEDIUM,POLICY_BREACH,"Claim EXP-159228 violates Policy POL-0006 section 4.2: Equipment expenditure capped at $5,000 per event.",0.555,VALIDATED,2024-08-28,
FND-002149,INV-00070,LOW,APPROVAL_LIMIT,Transaction processed with approval from an officer whose delegated authority was 46% below the required threshold.,0.489,VALIDATED,2023-09-15,2023-09-26
FND-002150,INV-00130,HIGH,FRAUD_PATTERN,Employee EMP-22807 submitted 5 expense claims within 72 hours for identical amounts — potential duplicate fraud pattern.,0.755,VALIDATED,2021-07-07,2021-07-08
FND-002151,INV-00122,MEDIUM,APPROVAL_LIMIT,Transaction processed with approval from an officer whose delegated authority was 8% below the required threshold.,0.708,OPEN,2024-07-26,2024-08-03
FND-002152,INV-00440,MEDIUM,POLICY_BREACH,"Claim EXP-110378 violates Policy POL-0017 section 4.2: Meals expenditure capped at $5,000 per event.",0.575,RESOLVED,2022-07-21,2022-07-26
FND-002153,INV-00399,LOW,MISSING_RECEIPT,Expense claim missing receipt. Policy POL-0011 requires receipts for all claims above $50.,0.341,RESOLVED,2024-06-03,2024-06-09
FND-002154,INV-00055,CRITICAL,MISSING_RECEIPT,"Reimbursement of $204,838 for Consulting was approved despite no receipt documentation in the system.",0.911,RESOLVED,2023-05-19,2023-05-30
FND-002155,INV-00352,MEDIUM,MISSING_RECEIPT,Expense claim missing receipt. Policy POL-0015 requires receipts for all claims above $100.,0.714,VALIDATED,2023-06-28,2023-07-19
FND-002156,INV-00033,MEDIUM,POLICY_BREACH,"Claim EXP-166785 violates Policy POL-0013 section 4.2: Consulting expenditure capped at $500,000 per event.",0.71,OPEN,2021-12-11,2022-01-01
FND-002157,INV-00250,MEDIUM,POLICY_BREACH,"Claim EXP-183515 violates Policy POL-0019 section 4.2: Marketing expenditure capped at $100,000 per event.",0.726,VALIDATED,2022-10-24,
FND-002158,INV-00365,MEDIUM,POLICY_BREACH,"Entertainment expense of $311,865 submitted by EMP-71752 exceeds monthly policy allowance of $25,000.",0.55,ESCALATED,2024-12-05,2024-12-17
FND-002159,INV-00098,LOW,POLICY_BREACH,"Claim EXP-149429 violates Policy POL-0002 section 4.2: Accommodation expenditure capped at $5,000 per event.",0.513,OPEN,2022-01-13,2022-02-11
FND-002160,INV-00209,MEDIUM,VENDOR_RISK,Payment issued to VND-VND-03339 rated MEDIUM risk. Active contract CON-107252 in place. Enhanced due diligence not documented.,0.648,RESOLVED,2022-11-06,
FND-002161,INV-00109,LOW,APPROVAL_LIMIT,"Payment of $407,175 approved at Level 2, which has a limit of $100,000. Transaction exceeded limit by $35,066.",0.24,VALIDATED,2022-11-15,2022-12-01
FND-002162,INV-00205,HIGH,APPROVAL_LIMIT,"Payment of $161,778 approved at Level 3, which has a limit of $5,000. Transaction exceeded limit by $3,793.",0.655,VALIDATED,2023-10-31,2023-11-04
FND-002163,INV-00436,MEDIUM,APPROVAL_LIMIT,Transaction processed with approval from an officer whose delegated authority was 54% below the required threshold.,0.555,VALIDATED,2023-06-23,2023-07-13
FND-002164,INV-00291,HIGH,EXPIRED_COMPLIANCE,"Payment of $19,196 released to PeakVault Services Ltd whose SOC 2 compliance expired 480 days before payment date.",0.603,OPEN,2021-09-26,
FND-002165,INV-00206,LOW,POLICY_BREACH,"Claim EXP-193731 violates Policy POL-0002 section 4.2: Training expenditure capped at $25,000 per event.",0.513,VALIDATED,2023-01-27,2023-02-11
FND-002166,INV-00223,MEDIUM,MISSING_RECEIPT,"Reimbursement of $66,031 for Equipment was approved despite no receipt documentation in the system.",0.459,RESOLVED,2023-02-12,2023-03-06
FND-002167,INV-00222,MEDIUM,POLICY_BREACH,Employee submitted Equipment claim 14% above the authorised policy limit without prior exception approval.,0.435,FALSE_POSITIVE,2021-08-30,2021-09-29
FND-002168,INV-00398,MEDIUM,MISSING_RECEIPT,Expense claim EXP-192194 submitted for Training without an attached supporting receipt.,0.621,RESOLVED,2022-11-23,
FND-002169,INV-00032,MEDIUM,APPROVAL_LIMIT,Transaction processed with approval from an officer whose delegated authority was 73% below the required threshold.,0.553,VALIDATED,2022-07-30,2022-08-12
FND-002170,INV-00124,CRITICAL,EXPIRED_COMPLIANCE,Procurement team processed payment without checking compliance status. Certificate had been expired for 270 days.,0.956,OPEN,2021-10-28,2021-11-06
FND-002171,INV-00473,LOW,MISSING_RECEIPT,"Employee EMP-99797 submitted 7 claims totalling $7,615 without receipts in the review period.",0.32,OPEN,2022-08-22,2022-09-15
FND-002172,INV-00044,HIGH,VENDOR_RISK,"BLACKLISTED vendor VND-VND-01370 received payment of $166,724 via contract CON-102329 that was not updated following blacklisting.",0.68,OPEN,2022-10-09,2022-11-02
FND-002173,INV-00003,CRITICAL,VENDOR_RISK,"High-risk vendor RedPoint Consulting Holdings has no compliance record on file. Payment of $412,479 released without compliance clearance.",0.909,OPEN,2021-07-26,2021-08-08
FND-002174,INV-00017,LOW,VENDOR_RISK,"Vendor XcelPath Networks Ltd holds CRITICAL risk rating. 5 payments totalling $8,474 processed in the audit period.",0.458,RESOLVED,2023-06-23,
FND-002175,INV-00008,HIGH,POLICY_BREACH,"Expense claim of $391,773 for Software exceeds the policy maximum of $25,000. Overage: $29,551.",0.888,RESOLVED,2024-05-05,2024-05-21
FND-002176,INV-00166,HIGH,POLICY_BREACH,Employee submitted Training claim 30% above the authorised policy limit without prior exception approval.,0.802,VALIDATED,2024-11-17,2024-12-06
FND-002177,INV-00303,LOW,MISSING_RECEIPT,Expense claim EXP-129628 submitted for Entertainment without an attached supporting receipt.,0.316,VALIDATED,2024-04-06,2024-05-04
FND-002178,INV-00281,LOW,EXPIRED_COMPLIANCE,"Payment of $489,114 released to LatticeCore Partners International whose SOC 2 compliance expired 10 days before payment date.",0.523,RESOLVED,2023-12-19,2023-12-24
FND-002179,INV-00491,MEDIUM,APPROVAL_LIMIT,"Escalation protocol was bypassed. Transaction valued at $324,387 was approved at L2 without L5 countersignature.",0.552,OPEN,2021-06-30,
FND-002180,INV-00345,HIGH,VENDOR_RISK,Payment issued to VND-VND-02196 rated LOW risk. Active contract CON-105712 in place. Enhanced due diligence not documented.,0.707,VALIDATED,2024-07-18,
FND-002181,INV-00054,MEDIUM,FRAUD_PATTERN,"Round-number transaction of $441,777 processed at 01:26 — outside standard business hours. Flagged by anomaly detection.",0.603,ESCALATED,2023-10-11,
FND-002182,INV-00261,LOW,VENDOR_RISK,"Vendor EcoVenture Supplies International holds CRITICAL risk rating. 7 payments totalling $13,983 processed in the audit period.",0.547,RESOLVED,2023-12-17,2024-01-13
FND-002183,INV-00146,MEDIUM,POLICY_BREACH,"Expense claim of $163,907 for Meals exceeds the policy maximum of $25,000. Overage: $4,675.",0.402,RESOLVED,2022-10-15,2022-11-07
FND-002184,INV-00366,HIGH,EXPIRED_COMPLIANCE,Compliance record CMP-100945 for vendor HarborLight Services LLC was in EXPIRED status at time of payment processing.,0.788,OPEN,2024-02-10,2024-02-23
FND-002185,INV-00420,MEDIUM,EXPIRED_COMPLIANCE,Procurement team processed payment without checking compliance status. Certificate had been expired for 486 days.,0.726,RESOLVED,2023-11-25,2023-11-29
FND-002186,INV-00123,HIGH,APPROVAL_LIMIT,"Approval granted by EMP-94655 who was not authorised to approve amounts above $500,000. Transaction value: $488,442.",0.652,VALIDATED,2023-04-19,2023-05-16
FND-002187,INV-00067,HIGH,VENDOR_RISK,"Vendor KryptonPath Ltd holds CRITICAL risk rating. 7 payments totalling $14,183 processed in the audit period.",0.852,VALIDATED,2022-07-24,2022-08-18
FND-002188,INV-00450,MEDIUM,MISSING_RECEIPT,"Reimbursement of $146,557 for Equipment was approved despite no receipt documentation in the system.",0.628,VALIDATED,2021-07-10,
FND-002189,INV-00207,CRITICAL,MISSING_RECEIPT,Expense claim missing receipt. Policy POL-0020 requires receipts for all claims above $100.,0.964,OPEN,2023-06-17,2023-07-05
FND-002190,INV-00375,HIGH,POLICY_BREACH,Employee submitted Consulting claim 31% above the authorised policy limit without prior exception approval.,0.789,OPEN,2024-12-19,2025-01-08
FND-002191,INV-00305,MEDIUM,APPROVAL_LIMIT,"Approval granted by EMP-18160 who was not authorised to approve amounts above $500,000. Transaction value: $485,453.",0.447,VALIDATED,2021-12-10,2021-12-22
FND-002192,INV-00154,LOW,VENDOR_RISK,Vendor YellowBridge Partners International holds CRITICAL risk rating. 2 payments totalling $879 processed in the audit period.,0.403,OPEN,2024-05-28,
FND-002193,INV-00055,HIGH,MISSING_RECEIPT,"Employee EMP-54427 submitted 8 claims totalling $4,850 without receipts in the review period.",0.778,VALIDATED,2021-07-22,2021-07-23
FND-002194,INV-00465,LOW,MISSING_RECEIPT,"Employee EMP-28015 submitted 7 claims totalling $19,906 without receipts in the review period.",0.47,OPEN,2022-02-05,
FND-002195,INV-00297,MEDIUM,APPROVAL_LIMIT,Transaction processed with approval from an officer whose delegated authority was 61% below the required threshold.,0.454,OPEN,2024-08-03,2024-08-30
FND-002196,INV-00432,HIGH,VENDOR_RISK,"High-risk vendor DeltaPath Logistics Ltd has no compliance record on file. Payment of $282,700 released without compliance clearance.",0.607,OPEN,2023-04-23,2023-05-15
FND-002197,INV-00263,MEDIUM,FRAUD_PATTERN,Employee EMP-24332 submitted 7 expense claims within 72 hours for identical amounts — potential duplicate fraud pattern.,0.56,VALIDATED,2022-12-02,
FND-002198,INV-00212,MEDIUM,POLICY_BREACH,"Claim EXP-193342 violates Policy POL-0018 section 4.2: Entertainment expenditure capped at $5,000 per event.",0.57,OPEN,2022-05-09,2022-05-14
FND-002199,INV-00386,CRITICAL,VENDOR_RISK,"BLACKLISTED vendor VND-VND-01975 received payment of $251,459 via contract CON-102085 that was not updated following blacklisting.",0.808,VALIDATED,2024-06-20,2024-06-25
FND-002200,INV-00175,MEDIUM,EXPIRED_COMPLIANCE,Compliance record CMP-107711 for vendor MomentumCore Corp was in EXPIRED status at time of payment processing.,0.498,ESCALATED,2022-09-29,2022-10-20
FND-002201,INV-00255,MEDIUM,MISSING_RECEIPT,"Employee EMP-65850 submitted 6 claims totalling $16,438 without receipts in the review period.",0.423,VALIDATED,2024-04-11,2024-05-09
FND-002202,INV-00352,MEDIUM,FRAUD_PATTERN,Transaction routed through 8 intermediate accounts before reaching final beneficiary. Unusual for CASH_OUT transaction type.,0.559,VALIDATED,2023-08-05,2023-08-08
FND-002203,INV-00392,MEDIUM,VENDOR_RISK,Payment issued to VND-VND-00053 rated LOW risk. Active contract CON-101285 in place. Enhanced due diligence not documented.,0.732,VALIDATED,2024-04-10,2024-04-19
FND-002204,INV-00228,MEDIUM,FRAUD_PATTERN,"Split payment pattern detected: 6 transactions to same beneficiary totalling $11,501 — each below approval threshold of $25,000.",0.609,OPEN,2021-11-14,2021-11-22
FND-002205,INV-00371,HIGH,VENDOR_RISK,"BLACKLISTED vendor VND-VND-04586 received payment of $295,835 via contract CON-109970 that was not updated following blacklisting.",0.676,OPEN,2022-09-28,2022-10-17
FND-002206,INV-00195,HIGH,APPROVAL_LIMIT,Transaction processed with approval from an officer whose delegated authority was 32% below the required threshold.,0.685,OPEN,2021-06-25,
FND-002207,INV-00422,LOW,APPROVAL_LIMIT,Transaction processed with approval from an officer whose delegated authority was 78% below the required threshold.,0.272,ESCALATED,2022-02-02,2022-02-07
FND-002208,INV-00421,HIGH,FRAUD_PATTERN,Transaction routed through 7 intermediate accounts before reaching final beneficiary. Unusual for CASH_OUT transaction type.,0.78,RESOLVED,2023-10-31,2023-11-04
FND-002209,INV-00211,LOW,MISSING_RECEIPT,"Employee EMP-19259 submitted 6 claims totalling $2,824 without receipts in the review period.",0.573,VALIDATED,2022-08-03,2022-08-15
FND-002210,INV-00206,MEDIUM,APPROVAL_LIMIT,"Payment of $421,558 approved at Level 3, which has a limit of $5,000. Transaction exceeded limit by $43,885.",0.494,RESOLVED,2023-02-01,2023-02-03
FND-002211,INV-00478,HIGH,APPROVAL_LIMIT,Transaction processed with approval from an officer whose delegated authority was 67% below the required threshold.,0.833,RESOLVED,2023-11-07,2023-12-06
FND-002212,INV-00444,LOW,FRAUD_PATTERN,Employee EMP-99667 submitted 8 expense claims within 72 hours for identical amounts — potential duplicate fraud pattern.,0.312,RESOLVED,2024-02-09,
FND-002213,INV-00487,LOW,MISSING_RECEIPT,"Employee EMP-57491 submitted 8 claims totalling $2,417 without receipts in the review period.",0.351,VALIDATED,2022-10-20,2022-10-29
FND-002214,INV-00123,MEDIUM,POLICY_BREACH,"Expense claim of $37,642 for Training exceeds the policy maximum of $5,000. Overage: $30,953.",0.597,VALIDATED,2024-03-16,2024-04-15
FND-002215,INV-00217,HIGH,MISSING_RECEIPT,"Employee EMP-76344 submitted 8 claims totalling $11,713 without receipts in the review period.",0.843,RESOLVED,2024-02-26,2024-03-17
FND-002216,INV-00358,HIGH,APPROVAL_LIMIT,"Payment of $487,997 approved at Level 3, which has a limit of $5,000. Transaction exceeded limit by $48,790.",0.792,OPEN,2022-02-20,2022-03-18
FND-002217,INV-00034,LOW,MISSING_RECEIPT,Expense claim missing receipt. Policy POL-0011 requires receipts for all claims above $100.,0.635,VALIDATED,2023-01-26,2023-02-19
FND-002218,INV-00446,MEDIUM,VENDOR_RISK,"BLACKLISTED vendor VND-VND-00599 received payment of $56,492 via contract CON-104475 that was not updated following blacklisting.",0.634,OPEN,2022-08-30,2022-09-17
FND-002219,INV-00066,HIGH,FRAUD_PATTERN,Transaction routed through 2 intermediate accounts before reaching final beneficiary. Unusual for TRANSFER transaction type.,0.736,ESCALATED,2021-07-22,2021-07-28
FND-002220,INV-00332,MEDIUM,VENDOR_RISK,"High-risk vendor InnoCore Dynamics Group has no compliance record on file. Payment of $463,532 released without compliance clearance.",0.5,FALSE_POSITIVE,2022-12-27,2023-01-22
FND-002221,INV-00308,LOW,EXPIRED_COMPLIANCE,"Vendor VND-VND-04321 received payment of $396,399 on 2022-10-13. Compliance certificate expired on 2021-03-12 — 365 days prior.",0.202,VALIDATED,2023-12-26,2024-01-16
FND-002222,INV-00036,LOW,POLICY_BREACH,"Entertainment expense of $345,880 submitted by EMP-85428 exceeds monthly policy allowance of $500,000.",0.585,RESOLVED,2022-07-12,2022-08-05
FND-002223,INV-00075,CRITICAL,POLICY_BREACH,Employee submitted Software claim 29% above the authorised policy limit without prior exception approval.,0.87,FALSE_POSITIVE,2021-12-25,2021-12-30
FND-002224,INV-00269,LOW,VENDOR_RISK,Payment issued to VND-VND-04924 rated LOW risk. Active contract CON-106522 in place. Enhanced due diligence not documented.,0.332,OPEN,2024-08-27,2024-09-19
FND-002225,INV-00457,LOW,APPROVAL_LIMIT,"Approval granted by EMP-97743 who was not authorised to approve amounts above $100,000. Transaction value: $22,016.",0.352,RESOLVED,2023-09-01,2023-09-26
FND-002226,INV-00492,MEDIUM,APPROVAL_LIMIT,Transaction processed with approval from an officer whose delegated authority was 73% below the required threshold.,0.405,VALIDATED,2024-04-06,2024-04-12
FND-002227,INV-00367,LOW,FRAUD_PATTERN,Transaction routed through 4 intermediate accounts before reaching final beneficiary. Unusual for CASH_OUT transaction type.,0.645,VALIDATED,2021-08-29,2021-09-12
FND-002228,INV-00222,MEDIUM,APPROVAL_LIMIT,Transaction processed with approval from an officer whose delegated authority was 18% below the required threshold.,0.66,RESOLVED,2021-07-16,2021-07-23
FND-002229,INV-00276,MEDIUM,EXPIRED_COMPLIANCE,Compliance record CMP-104131 for vendor RapidCore Consulting Inc was in EXPIRED status at time of payment processing.,0.698,RESOLVED,2022-05-21,2022-05-25
FND-002230,INV-00073,HIGH,FRAUD_PATTERN,Employee EMP-56154 submitted 6 expense claims within 72 hours for identical amounts — potential duplicate fraud pattern.,0.8,VALIDATED,2022-02-04,2022-02-07
FND-002231,INV-00098,MEDIUM,VENDOR_RISK,"High-risk vendor KryptonPath Ltd International has no compliance record on file. Payment of $14,546 released without compliance clearance.",0.726,VALIDATED,2023-04-26,2023-04-28
FND-002232,INV-00301,CRITICAL,APPROVAL_LIMIT,"Escalation protocol was bypassed. Transaction valued at $254,268 was approved at L1 without L5 countersignature.",0.956,RESOLVED,2024-11-11,
FND-002233,INV-00022,HIGH,MISSING_RECEIPT,Expense claim missing receipt. Policy POL-0015 requires receipts for all claims above $200.,0.664,VALIDATED,2024-03-31,2024-04-16
FND-002234,INV-00295,MEDIUM,MISSING_RECEIPT,"Reimbursement of $400,505 for Consulting was approved despite no receipt documentation in the system.",0.715,VALIDATED,2024-05-02,
FND-002235,INV-00173,MEDIUM,MISSING_RECEIPT,Expense claim missing receipt. Policy POL-0018 requires receipts for all claims above $50.,0.734,OPEN,2021-06-24,2021-07-12
FND-002236,INV-00428,MEDIUM,FRAUD_PATTERN,Transaction routed through 7 intermediate accounts before reaching final beneficiary. Unusual for TRANSFER transaction type.,0.569,RESOLVED,2023-06-04,2023-06-28
FND-002237,INV-00430,LOW,FRAUD_PATTERN,"Round-number transaction of $384,443 processed at 00:39 — outside standard business hours. Flagged by anomaly detection.",0.589,ESCALATED,2023-02-07,2023-02-10
FND-002238,INV-00291,MEDIUM,VENDOR_RISK,Payment issued to VND-VND-02071 rated LOW risk. Active contract CON-107502 in place. Enhanced due diligence not documented.,0.556,RESOLVED,2024-10-18,2024-10-20
FND-002239,INV-00016,MEDIUM,EXPIRED_COMPLIANCE,"Payment of $78,551 released to OpenBridge Systems LLC whose GDPR compliance expired 130 days before payment date.",0.554,OPEN,2023-02-28,2023-03-12
FND-002240,INV-00327,MEDIUM,POLICY_BREACH,"Entertainment expense of $57,881 submitted by EMP-58867 exceeds monthly policy allowance of $100,000.",0.626,OPEN,2024-02-21,2024-03-03
FND-002241,INV-00198,LOW,EXPIRED_COMPLIANCE,"Vendor VND-VND-04230 received payment of $84,551 on 2022-08-08. Compliance certificate expired on 2022-06-11 — 241 days prior.",0.224,RESOLVED,2022-03-01,2022-03-23
FND-002242,INV-00329,MEDIUM,MISSING_RECEIPT,Expense claim EXP-162730 submitted for Office Supplies without an attached supporting receipt.,0.714,OPEN,2023-02-11,2023-03-09
FND-002243,INV-00067,LOW,POLICY_BREACH,"Claim EXP-180582 violates Policy POL-0011 section 4.2: Equipment expenditure capped at $500,000 per event.",0.296,VALIDATED,2021-09-22,
FND-002244,INV-00481,CRITICAL,APPROVAL_LIMIT,"Approval granted by EMP-18673 who was not authorised to approve amounts above $25,000. Transaction value: $276,633.",0.824,VALIDATED,2022-09-02,2022-09-09
FND-002245,INV-00369,MEDIUM,VENDOR_RISK,Payment issued to VND-VND-02820 rated LOW risk. Active contract CON-106398 in place. Enhanced due diligence not documented.,0.509,RESOLVED,2022-12-28,2023-01-25
FND-002246,INV-00486,MEDIUM,MISSING_RECEIPT,"Reimbursement of $467,677 for Consulting was approved despite no receipt documentation in the system.",0.521,VALIDATED,2024-10-28,2024-11-19
FND-002247,INV-00005,MEDIUM,MISSING_RECEIPT,"Employee EMP-25166 submitted 4 claims totalling $14,704 without receipts in the review period.",0.599,VALIDATED,2021-08-11,2021-09-05
FND-002248,INV-00106,MEDIUM,APPROVAL_LIMIT,"Payment of $317,044 approved at Level 1, which has a limit of $100,000. Transaction exceeded limit by $5,340.",0.694,RESOLVED,2024-09-09,
FND-002249,INV-00109,MEDIUM,VENDOR_RISK,Payment issued to VND-VND-00679 rated LOW risk. Active contract CON-102958 in place. Enhanced due diligence not documented.,0.732,ESCALATED,2024-09-04,2024-09-05
FND-002250,INV-00349,MEDIUM,APPROVAL_LIMIT,"Payment of $450,980 approved at Level 1, which has a limit of $25,000. Transaction exceeded limit by $35,022.",0.413,OPEN,2023-08-04,2023-09-01
FND-002251,INV-00051,MEDIUM,MISSING_RECEIPT,Expense claim EXP-177026 submitted for Training without an attached supporting receipt.,0.6,RESOLVED,2021-07-03,2021-07-18
FND-002252,INV-00160,HIGH,MISSING_RECEIPT,Expense claim missing receipt. Policy POL-0010 requires receipts for all claims above $100.,0.688,RESOLVED,2021-12-02,2021-12-29
FND-002253,INV-00099,MEDIUM,FRAUD_PATTERN,"Round-number transaction of $341,690 processed at 01:14 — outside standard business hours. Flagged by anomaly detection.",0.578,VALIDATED,2024-07-29,2024-07-30
FND-002254,INV-00362,HIGH,MISSING_RECEIPT,"Reimbursement of $275,091 for Equipment was approved despite no receipt documentation in the system.",0.606,VALIDATED,2022-12-19,2023-01-13
FND-002255,INV-00214,MEDIUM,POLICY_BREACH,"Claim EXP-176954 violates Policy POL-0007 section 4.2: Accommodation expenditure capped at $500,000 per event.",0.47,OPEN,2022-04-02,
FND-002256,INV-00196,LOW,APPROVAL_LIMIT,"Escalation protocol was bypassed. Transaction valued at $487,735 was approved at L1 without L3 countersignature.",0.233,ESCALATED,2023-02-14,
FND-002257,INV-00186,LOW,VENDOR_RISK,"BLACKLISTED vendor VND-VND-03440 received payment of $33,716 via contract CON-107042 that was not updated following blacklisting.",0.215,RESOLVED,2023-06-15,2023-06-28
FND-002258,INV-00070,MEDIUM,MISSING_RECEIPT,Employee EMP-51964 submitted 6 claims totalling $811 without receipts in the review period.,0.636,OPEN,2023-06-29,2023-07-29
FND-002259,INV-00120,HIGH,APPROVAL_LIMIT,"Payment of $46,660 approved at Level 2, which has a limit of $500,000. Transaction exceeded limit by $43,837.",0.744,OPEN,2022-05-16,2022-05-31
FND-002260,INV-00158,MEDIUM,EXPIRED_COMPLIANCE,"Vendor VND-VND-02965 received payment of $417,319 on 2024-04-30. Compliance certificate expired on 2020-04-11 — 76 days prior.",0.631,VALIDATED,2023-02-02,2023-02-18
FND-002261,INV-00055,HIGH,FRAUD_PATTERN,"Split payment pattern detected: 6 transactions to same beneficiary totalling $12,259 — each below approval threshold of $500,000.",0.853,RESOLVED,2024-08-20,
FND-002262,INV-00364,LOW,VENDOR_RISK,"Vendor FusionCore Analytics International holds CRITICAL risk rating. 6 payments totalling $5,724 processed in the audit period.",0.466,VALIDATED,2023-11-23,2023-12-03
FND-002263,INV-00004,MEDIUM,MISSING_RECEIPT,"Employee EMP-82688 submitted 5 claims totalling $6,688 without receipts in the review period.",0.516,OPEN,2024-11-01,
FND-002264,INV-00346,HIGH,VENDOR_RISK,"BLACKLISTED vendor VND-VND-02602 received payment of $337,376 via contract CON-101723 that was not updated following blacklisting.",0.887,VALIDATED,2024-11-02,2024-11-05
FND-002265,INV-00320,HIGH,APPROVAL_LIMIT,"Approval granted by EMP-48908 who was not authorised to approve amounts above $5,000. Transaction value: $292,131.",0.762,OPEN,2024-04-28,2024-05-24
FND-002266,INV-00034,MEDIUM,MISSING_RECEIPT,"Reimbursement of $193,684 for Marketing was approved despite no receipt documentation in the system.",0.447,ESCALATED,2024-04-06,
FND-002267,INV-00059,MEDIUM,MISSING_RECEIPT,"Employee EMP-21488 submitted 5 claims totalling $12,004 without receipts in the review period.",0.632,OPEN,2023-08-11,
FND-002268,INV-00070,MEDIUM,APPROVAL_LIMIT,"Escalation protocol was bypassed. Transaction valued at $9,053 was approved at L3 without L4 countersignature.",0.543,ESCALATED,2023-02-01,2023-02-06
FND-002269,INV-00451,MEDIUM,VENDOR_RISK,"Vendor UnityCore Technologies Inc holds CRITICAL risk rating. 8 payments totalling $11,471 processed in the audit period.",0.445,RESOLVED,2022-01-15,2022-01-23
FND-002270,INV-00404,MEDIUM,MISSING_RECEIPT,"Employee EMP-19747 submitted 6 claims totalling $13,411 without receipts in the review period.",0.615,RESOLVED,2023-10-07,
FND-002271,INV-00384,MEDIUM,MISSING_RECEIPT,"Reimbursement of $42,011 for Marketing was approved despite no receipt documentation in the system.",0.401,VALIDATED,2022-05-02,2022-05-19
FND-002272,INV-00016,CRITICAL,MISSING_RECEIPT,Expense claim EXP-112174 submitted for Software without an attached supporting receipt.,0.895,OPEN,2024-11-07,
FND-002273,INV-00049,MEDIUM,EXPIRED_COMPLIANCE,Compliance record CMP-101669 for vendor SkyBridge Logistics Group was in EXPIRED status at time of payment processing.,0.72,OPEN,2024-02-10,2024-02-13
FND-002274,INV-00042,CRITICAL,APPROVAL_LIMIT,"Payment of $291,140 approved at Level 2, which has a limit of $500,000. Transaction exceeded limit by $39,507.",0.936,ESCALATED,2024-09-19,2024-09-21
FND-002275,INV-00042,LOW,EXPIRED_COMPLIANCE,"Payment of $165,369 released to KryptonPath Ltd whose PCI-DSS compliance expired 356 days before payment date.",0.222,RESOLVED,2024-12-18,2024-12-20
FND-002276,INV-00206,MEDIUM,MISSING_RECEIPT,"Employee EMP-35168 submitted 6 claims totalling $4,577 without receipts in the review period.",0.608,RESOLVED,2023-11-18,2023-12-09
FND-002277,INV-00426,CRITICAL,MISSING_RECEIPT,"Reimbursement of $223,863 for Accommodation was approved despite no receipt documentation in the system.",0.783,VALIDATED,2022-08-24,
FND-002278,INV-00361,HIGH,APPROVAL_LIMIT,Transaction processed with approval from an officer whose delegated authority was 46% below the required threshold.,0.731,RESOLVED,2021-10-27,2021-11-07
FND-002279,INV-00399,MEDIUM,VENDOR_RISK,Payment issued to VND-VND-00800 rated LOW risk. Active contract CON-107383 in place. Enhanced due diligence not documented.,0.652,VALIDATED,2021-06-17,
FND-002280,INV-00383,MEDIUM,APPROVAL_LIMIT,"Payment of $275,434 approved at Level 1, which has a limit of $25,000. Transaction exceeded limit by $16,408.",0.612,OPEN,2024-07-01,2024-07-24
FND-002281,INV-00376,MEDIUM,APPROVAL_LIMIT,Transaction processed with approval from an officer whose delegated authority was 13% below the required threshold.,0.515,VALIDATED,2023-10-30,
FND-002282,INV-00483,CRITICAL,MISSING_RECEIPT,Expense claim EXP-135199 submitted for Software without an attached supporting receipt.,0.876,VALIDATED,2023-10-25,2023-10-27
FND-002283,INV-00220,MEDIUM,MISSING_RECEIPT,Expense claim EXP-196661 submitted for Office Supplies without an attached supporting receipt.,0.748,FALSE_POSITIVE,2021-10-26,2021-11-11
FND-002284,INV-00378,CRITICAL,APPROVAL_LIMIT,"Approval granted by EMP-27895 who was not authorised to approve amounts above $5,000. Transaction value: $253,971.",0.834,RESOLVED,2023-07-08,2023-07-09
FND-002285,INV-00399,LOW,MISSING_RECEIPT,Expense claim EXP-153394 submitted for Meals without an attached supporting receipt.,0.323,RESOLVED,2022-08-09,2022-08-28
FND-002286,INV-00019,MEDIUM,POLICY_BREACH,"Claim EXP-131782 violates Policy POL-0001 section 4.2: Training expenditure capped at $25,000 per event.",0.689,RESOLVED,2023-05-05,2023-05-14
FND-002287,INV-00064,MEDIUM,MISSING_RECEIPT,Expense claim missing receipt. Policy POL-0004 requires receipts for all claims above $75.,0.474,RESOLVED,2022-11-29,2022-12-21
FND-002288,INV-00161,HIGH,MISSING_RECEIPT,"Reimbursement of $47,037 for Equipment was approved despite no receipt documentation in the system.",0.78,VALIDATED,2023-05-01,
FND-002289,INV-00416,HIGH,MISSING_RECEIPT,Expense claim EXP-190320 submitted for Travel without an attached supporting receipt.,0.758,VALIDATED,2022-09-05,2022-09-06
FND-002290,INV-00242,CRITICAL,VENDOR_RISK,Payment issued to VND-VND-03563 rated LOW risk. Active contract CON-103687 in place. Enhanced due diligence not documented.,0.909,VALIDATED,2023-03-17,
FND-002291,INV-00181,MEDIUM,APPROVAL_LIMIT,"Payment of $265,680 approved at Level 1, which has a limit of $100,000. Transaction exceeded limit by $10,431.",0.603,ESCALATED,2024-04-02,2024-04-07
FND-002292,INV-00216,MEDIUM,POLICY_BREACH,"Claim EXP-177762 violates Policy POL-0016 section 4.2: Software expenditure capped at $5,000 per event.",0.747,RESOLVED,2024-11-28,
FND-002293,INV-00482,CRITICAL,APPROVAL_LIMIT,Transaction processed with approval from an officer whose delegated authority was 70% below the required threshold.,0.757,VALIDATED,2022-12-11,
FND-002294,INV-00035,HIGH,MISSING_RECEIPT,Expense claim missing receipt. Policy POL-0007 requires receipts for all claims above $200.,0.684,VALIDATED,2024-09-23,
FND-002295,INV-00135,MEDIUM,POLICY_BREACH,"Expense claim of $348,780 for Training exceeds the policy maximum of $100,000. Overage: $14,712.",0.55,RESOLVED,2022-10-17,
FND-002296,INV-00214,MEDIUM,MISSING_RECEIPT,Expense claim missing receipt. Policy POL-0019 requires receipts for all claims above $50.,0.556,RESOLVED,2023-12-05,
FND-002297,INV-00079,MEDIUM,POLICY_BREACH,Employee submitted Office Supplies claim 5% above the authorised policy limit without prior exception approval.,0.67,VALIDATED,2022-01-14,2022-02-06
FND-002298,INV-00166,LOW,MISSING_RECEIPT,Expense claim EXP-157717 submitted for Meals without an attached supporting receipt.,0.415,OPEN,2023-11-30,
FND-002299,INV-00020,MEDIUM,MISSING_RECEIPT,"Employee EMP-58647 submitted 3 claims totalling $17,649 without receipts in the review period.",0.439,VALIDATED,2022-04-26,
FND-002300,INV-00223,MEDIUM,FRAUD_PATTERN,Employee EMP-97733 submitted 5 expense claims within 72 hours for identical amounts — potential duplicate fraud pattern.,0.593,OPEN,2021-09-21,2021-10-17
FND-002301,INV-00203,LOW,MISSING_RECEIPT,"Employee EMP-16782 submitted 5 claims totalling $10,963 without receipts in the review period.",0.503,OPEN,2021-09-20,2021-10-20
FND-002302,INV-00212,HIGH,EXPIRED_COMPLIANCE,Procurement team processed payment without checking compliance status. Certificate had been expired for 251 days.,0.769,VALIDATED,2023-04-07,2023-04-30
FND-002303,INV-00104,LOW,VENDOR_RISK,"Vendor OpenBridge Systems holds CRITICAL risk rating. 8 payments totalling $12,865 processed in the audit period.",0.533,RESOLVED,2021-07-01,
FND-002304,INV-00471,LOW,POLICY_BREACH,"Claim EXP-195872 violates Policy POL-0006 section 4.2: Travel expenditure capped at $25,000 per event.",0.441,RESOLVED,2024-06-20,2024-07-15
FND-002305,INV-00364,CRITICAL,APPROVAL_LIMIT,"Payment of $204,179 approved at Level 2, which has a limit of $25,000. Transaction exceeded limit by $23,606.",0.799,VALIDATED,2024-10-25,2024-11-09
FND-002306,INV-00201,LOW,VENDOR_RISK,Payment issued to VND-VND-02911 rated LOW risk. Active contract CON-101628 in place. Enhanced due diligence not documented.,0.311,VALIDATED,2022-02-04,
FND-002307,INV-00415,LOW,VENDOR_RISK,"High-risk vendor HorizonEdge Inc International has no compliance record on file. Payment of $279,538 released without compliance clearance.",0.286,RESOLVED,2023-03-14,2023-03-26
FND-002308,INV-00103,MEDIUM,MISSING_RECEIPT,"Employee EMP-19181 submitted 6 claims totalling $19,615 without receipts in the review period.",0.511,OPEN,2024-02-24,
FND-002309,INV-00368,MEDIUM,APPROVAL_LIMIT,Transaction processed with approval from an officer whose delegated authority was 23% below the required threshold.,0.618,RESOLVED,2022-01-09,2022-02-04
FND-002310,INV-00384,HIGH,VENDOR_RISK,"BLACKLISTED vendor VND-VND-04216 received payment of $45,204 via contract CON-107205 that was not updated following blacklisting.",0.889,VALIDATED,2024-12-10,2024-12-29
FND-002311,INV-00459,CRITICAL,VENDOR_RISK,"High-risk vendor NorthBridge Supplies LLC has no compliance record on file. Payment of $237,972 released without compliance clearance.",0.948,OPEN,2023-07-31,2023-08-10
FND-002312,INV-00374,MEDIUM,POLICY_BREACH,"Expense claim of $167,999 for Equipment exceeds the policy maximum of $5,000. Overage: $3,225.",0.606,VALIDATED,2024-10-06,2024-10-07
FND-002313,INV-00446,CRITICAL,APPROVAL_LIMIT,Transaction processed with approval from an officer whose delegated authority was 61% below the required threshold.,0.753,RESOLVED,2023-04-19,
FND-002314,INV-00124,CRITICAL,APPROVAL_LIMIT,"Escalation protocol was bypassed. Transaction valued at $17,028 was approved at L1 without L5 countersignature.",0.759,FALSE_POSITIVE,2022-11-26,2022-12-14
FND-002315,INV-00437,MEDIUM,FRAUD_PATTERN,"Round-number transaction of $189,755 processed at 01:07 — outside standard business hours. Flagged by anomaly detection.",0.435,OPEN,2023-10-12,
FND-002316,INV-00053,CRITICAL,POLICY_BREACH,"Claim EXP-165317 violates Policy POL-0010 section 4.2: Consulting expenditure capped at $5,000 per event.",0.904,RESOLVED,2024-03-13,2024-03-29
FND-002317,INV-00032,MEDIUM,VENDOR_RISK,"High-risk vendor SilverPath Holdings has no compliance record on file. Payment of $192,518 released without compliance clearance.",0.581,FALSE_POSITIVE,2023-05-29,
FND-002318,INV-00281,MEDIUM,VENDOR_RISK,"High-risk vendor UnityCore Technologies Inc has no compliance record on file. Payment of $412,973 released without compliance clearance.",0.693,OPEN,2022-08-30,2022-09-25
FND-002319,INV-00419,MEDIUM,VENDOR_RISK,"High-risk vendor Alpha_Inc Group has no compliance record on file. Payment of $222,352 released without compliance clearance.",0.49,RESOLVED,2024-06-09,
FND-002320,INV-00330,MEDIUM,EXPIRED_COMPLIANCE,Compliance record CMP-103473 for vendor OpenBridge Systems Ltd was in EXPIRED status at time of payment processing.,0.506,OPEN,2022-11-18,2022-11-28
FND-002321,INV-00051,HIGH,EXPIRED_COMPLIANCE,Compliance record CMP-107173 for vendor InnoCore Dynamics Ltd was in EXPIRED status at time of payment processing.,0.774,VALIDATED,2023-05-08,2023-05-28
FND-002322,INV-00295,CRITICAL,APPROVAL_LIMIT,"Escalation protocol was bypassed. Transaction valued at $211,653 was approved at L2 without L4 countersignature.",0.987,RESOLVED,2023-10-21,2023-11-05
FND-002323,INV-00389,MEDIUM,VENDOR_RISK,"BLACKLISTED vendor VND-VND-02559 received payment of $184,199 via contract CON-109809 that was not updated following blacklisting.",0.432,OPEN,2021-09-12,2021-10-02
FND-002324,INV-00235,CRITICAL,MISSING_RECEIPT,Expense claim EXP-184655 submitted for Accommodation without an attached supporting receipt.,0.76,OPEN,2021-07-19,2021-08-07
FND-002325,INV-00449,MEDIUM,POLICY_BREACH,"Expense claim of $488,988 for Marketing exceeds the policy maximum of $5,000. Overage: $35,813.",0.714,FALSE_POSITIVE,2022-02-09,
FND-002326,INV-00007,HIGH,VENDOR_RISK,"BLACKLISTED vendor VND-VND-00386 received payment of $96,754 via contract CON-100794 that was not updated following blacklisting.",0.85,VALIDATED,2022-04-08,
FND-002327,INV-00333,MEDIUM,APPROVAL_LIMIT,"Approval granted by EMP-67948 who was not authorised to approve amounts above $100,000. Transaction value: $152,987.",0.693,RESOLVED,2024-01-21,2024-02-04
FND-002328,INV-00102,CRITICAL,POLICY_BREACH,Employee submitted Entertainment claim 77% above the authorised policy limit without prior exception approval.,0.884,VALIDATED,2022-02-16,2022-03-04
FND-002329,INV-00001,LOW,MISSING_RECEIPT,"Employee EMP-35037 submitted 6 claims totalling $18,231 without receipts in the review period.",0.58,RESOLVED,2021-10-06,2021-10-24
FND-002330,INV-00143,CRITICAL,FRAUD_PATTERN,"Split payment pattern detected: 4 transactions to same beneficiary totalling $1,906 — each below approval threshold of $500,000.",0.9,VALIDATED,2024-02-15,2024-03-15
FND-002331,INV-00418,MEDIUM,POLICY_BREACH,Employee submitted Consulting claim 32% above the authorised policy limit without prior exception approval.,0.503,VALIDATED,2024-08-09,
FND-002332,INV-00389,MEDIUM,MISSING_RECEIPT,"Reimbursement of $124,342 for Equipment was approved despite no receipt documentation in the system.",0.586,OPEN,2023-09-04,
FND-002333,INV-00036,MEDIUM,APPROVAL_LIMIT,Transaction processed with approval from an officer whose delegated authority was 64% below the required threshold.,0.68,VALIDATED,2021-08-14,2021-08-31
FND-002334,INV-00275,LOW,VENDOR_RISK,Payment issued to VND-VND-02849 rated MEDIUM risk. Active contract CON-105218 in place. Enhanced due diligence not documented.,0.391,VALIDATED,2022-11-03,
FND-002335,INV-00390,MEDIUM,MISSING_RECEIPT,Expense claim EXP-104440 submitted for Training without an attached supporting receipt.,0.445,OPEN,2023-09-07,2023-10-06
FND-002336,INV-00273,MEDIUM,VENDOR_RISK,Payment issued to VND-VND-02496 rated LOW risk. Active contract CON-102797 in place. Enhanced due diligence not documented.,0.704,FALSE_POSITIVE,2024-05-22,2024-06-14
FND-002337,INV-00150,MEDIUM,EXPIRED_COMPLIANCE,"Payment of $24,099 released to IronPoint Manufacturing LLC whose PCI-DSS compliance expired 125 days before payment date.",0.543,FALSE_POSITIVE,2024-09-20,
FND-002338,INV-00059,MEDIUM,VENDOR_RISK,"Vendor JetStream Analytics Group holds CRITICAL risk rating. 6 payments totalling $13,957 processed in the audit period.",0.706,VALIDATED,2023-10-12,
FND-002339,INV-00046,CRITICAL,FRAUD_PATTERN,"Split payment pattern detected: 5 transactions to same beneficiary totalling $11,751 — each below approval threshold of $25,000.",0.898,ESCALATED,2022-11-01,2022-12-01
FND-002340,INV-00122,HIGH,MISSING_RECEIPT,"Reimbursement of $165,176 for Training was approved despite no receipt documentation in the system.",0.657,VALIDATED,2024-09-11,2024-09-16
FND-002341,INV-00264,MEDIUM,MISSING_RECEIPT,Expense claim missing receipt. Policy POL-0001 requires receipts for all claims above $50.,0.616,RESOLVED,2024-09-16,2024-10-12
FND-002342,INV-00344,MEDIUM,EXPIRED_COMPLIANCE,Compliance record CMP-102094 for vendor NorthBridge Supplies was in EXPIRED status at time of payment processing.,0.427,OPEN,2021-07-02,2021-07-14
FND-002343,INV-00100,HIGH,MISSING_RECEIPT,"Reimbursement of $92,545 for Meals was approved despite no receipt documentation in the system.",0.742,VALIDATED,2021-06-16,2021-07-14
FND-002344,INV-00039,MEDIUM,POLICY_BREACH,"Expense claim of $220,473 for Entertainment exceeds the policy maximum of $5,000. Overage: $5,969.",0.455,ESCALATED,2022-11-25,2022-12-20
FND-002345,INV-00355,MEDIUM,POLICY_BREACH,Employee submitted Equipment claim 19% above the authorised policy limit without prior exception approval.,0.557,RESOLVED,2024-12-16,
FND-002346,INV-00469,MEDIUM,APPROVAL_LIMIT,"Escalation protocol was bypassed. Transaction valued at $409,748 was approved at L2 without L3 countersignature.",0.415,VALIDATED,2023-04-28,2023-05-09
FND-002347,INV-00201,MEDIUM,MISSING_RECEIPT,"Employee EMP-12619 submitted 8 claims totalling $19,211 without receipts in the review period.",0.592,ESCALATED,2021-06-18,
FND-002348,INV-00045,LOW,VENDOR_RISK,"High-risk vendor OmegaLink Systems Group has no compliance record on file. Payment of $356,712 released without compliance clearance.",0.47,RESOLVED,2022-12-18,2022-12-27
FND-002349,INV-00048,HIGH,MISSING_RECEIPT,"Reimbursement of $71,978 for Training was approved despite no receipt documentation in the system.",0.866,VALIDATED,2022-12-30,
FND-002350,INV-00108,CRITICAL,APPROVAL_LIMIT,"Approval granted by EMP-20391 who was not authorised to approve amounts above $100,000. Transaction value: $274,119.",0.903,RESOLVED,2021-10-30,2021-11-05
FND-002351,INV-00480,MEDIUM,APPROVAL_LIMIT,"Approval granted by EMP-14426 who was not authorised to approve amounts above $100,000. Transaction value: $494,485.",0.507,RESOLVED,2022-01-28,2022-02-02
FND-002352,INV-00359,MEDIUM,APPROVAL_LIMIT,"Escalation protocol was bypassed. Transaction valued at $298,778 was approved at L1 without L5 countersignature.",0.66,OPEN,2024-11-06,2024-11-15
FND-002353,INV-00495,LOW,MISSING_RECEIPT,Expense claim EXP-181054 submitted for Software without an attached supporting receipt.,0.369,RESOLVED,2021-11-23,
FND-002354,INV-00496,LOW,APPROVAL_LIMIT,"Escalation protocol was bypassed. Transaction valued at $449,823 was approved at L1 without L4 countersignature.",0.501,RESOLVED,2021-07-18,2021-07-30
FND-002355,INV-00182,CRITICAL,APPROVAL_LIMIT,Transaction processed with approval from an officer whose delegated authority was 8% below the required threshold.,0.863,OPEN,2022-11-10,2022-12-01
FND-002356,INV-00066,LOW,VENDOR_RISK,"High-risk vendor OpenBridge Systems LLC has no compliance record on file. Payment of $192,976 released without compliance clearance.",0.332,ESCALATED,2024-02-22,2024-02-26
FND-002357,INV-00328,MEDIUM,VENDOR_RISK,"High-risk vendor MomentumCore Corp has no compliance record on file. Payment of $371,471 released without compliance clearance.",0.664,VALIDATED,2022-07-21,2022-08-05
FND-002358,INV-00093,HIGH,VENDOR_RISK,Payment issued to VND-VND-03214 rated LOW risk. Active contract CON-105198 in place. Enhanced due diligence not documented.,0.67,VALIDATED,2024-08-18,2024-08-23
FND-002359,INV-00233,MEDIUM,POLICY_BREACH,"Expense claim of $297,728 for Consulting exceeds the policy maximum of $500,000. Overage: $16,494.",0.617,RESOLVED,2022-03-03,2022-03-15
FND-002360,INV-00464,MEDIUM,EXPIRED_COMPLIANCE,Compliance record CMP-102370 for vendor UltraVista Technologies Inc was in EXPIRED status at time of payment processing.,0.688,VALIDATED,2024-02-14,2024-02-17
FND-002361,INV-00265,LOW,VENDOR_RISK,"BLACKLISTED vendor VND-VND-03752 received payment of $477,079 via contract CON-100470 that was not updated following blacklisting.",0.627,VALIDATED,2021-07-03,
FND-002362,INV-00268,MEDIUM,EXPIRED_COMPLIANCE,"Vendor VND-VND-04599 received payment of $399,605 on 2022-05-27. Compliance certificate expired on 2022-07-19 — 208 days prior.",0.455,VALIDATED,2023-11-28,2023-12-02
FND-002363,INV-00416,CRITICAL,MISSING_RECEIPT,"Reimbursement of $360,397 for Software was approved despite no receipt documentation in the system.",0.979,OPEN,2023-08-11,2023-08-20
FND-002364,INV-00095,MEDIUM,EXPIRED_COMPLIANCE,"Vendor VND-VND-00516 received payment of $201,718 on 2022-05-05. Compliance certificate expired on 2021-07-10 — 181 days prior.",0.67,OPEN,2024-11-18,2024-12-10
FND-002365,INV-00480,HIGH,POLICY_BREACH,Employee submitted Marketing claim 34% above the authorised policy limit without prior exception approval.,0.726,RESOLVED,2022-01-12,
FND-002366,INV-00486,LOW,MISSING_RECEIPT,Expense claim EXP-100342 submitted for Office Supplies without an attached supporting receipt.,0.325,FALSE_POSITIVE,2022-02-14,
FND-002367,INV-00160,LOW,APPROVAL_LIMIT,"Approval granted by EMP-39146 who was not authorised to approve amounts above $5,000. Transaction value: $211,587.",0.609,OPEN,2022-04-02,2022-04-07
FND-002368,INV-00131,MEDIUM,APPROVAL_LIMIT,Transaction processed with approval from an officer whose delegated authority was 7% below the required threshold.,0.55,RESOLVED,2022-07-21,2022-08-09
FND-002369,INV-00033,LOW,APPROVAL_LIMIT,"Escalation protocol was bypassed. Transaction valued at $106,170 was approved at L3 without L3 countersignature.",0.346,OPEN,2024-04-07,
FND-002370,INV-00243,HIGH,EXPIRED_COMPLIANCE,Procurement team processed payment without checking compliance status. Certificate had been expired for 49 days.,0.701,OPEN,2022-12-19,2022-12-22
FND-002371,INV-00485,HIGH,FRAUD_PATTERN,Transaction routed through 6 intermediate accounts before reaching final beneficiary. Unusual for TRANSFER transaction type.,0.723,VALIDATED,2022-03-03,2022-03-10
FND-002372,INV-00059,MEDIUM,EXPIRED_COMPLIANCE,"Payment of $261,239 released to XcelPath Networks Inc whose PCI-DSS compliance expired 492 days before payment date.",0.564,RESOLVED,2022-10-17,2022-10-26
FND-002373,INV-00018,MEDIUM,POLICY_BREACH,"Expense claim of $490,956 for Office Supplies exceeds the policy maximum of $25,000. Overage: $2,817.",0.455,OPEN,2024-09-03,2024-09-17
FND-002374,INV-00329,CRITICAL,EXPIRED_COMPLIANCE,"Payment of $32,341 released to Alpha_Inc Holdings whose SOC 2 compliance expired 530 days before payment date.",0.988,VALIDATED,2024-11-16,2024-11-27
FND-002375,INV-00178,MEDIUM,MISSING_RECEIPT,Expense claim missing receipt. Policy POL-0010 requires receipts for all claims above $75.,0.728,VALIDATED,2021-08-19,2021-09-03
FND-002376,INV-00106,LOW,MISSING_RECEIPT,Expense claim EXP-125734 submitted for Travel without an attached supporting receipt.,0.631,OPEN,2021-07-08,2021-07-21
FND-002377,INV-00323,MEDIUM,MISSING_RECEIPT,"Employee EMP-13079 submitted 2 claims totalling $17,246 without receipts in the review period.",0.704,FALSE_POSITIVE,2024-07-10,2024-07-22
FND-002378,INV-00048,LOW,APPROVAL_LIMIT,"Escalation protocol was bypassed. Transaction valued at $205,996 was approved at L2 without L5 countersignature.",0.297,OPEN,2023-04-13,2023-04-17
FND-002379,INV-00465,MEDIUM,POLICY_BREACH,Employee submitted Software claim 22% above the authorised policy limit without prior exception approval.,0.442,ESCALATED,2022-07-16,2022-07-24
FND-002380,INV-00437,LOW,EXPIRED_COMPLIANCE,"Vendor VND-VND-00739 received payment of $494,288 on 2023-02-09. Compliance certificate expired on 2022-01-20 — 471 days prior.",0.642,OPEN,2023-06-28,
FND-002381,INV-00444,LOW,EXPIRED_COMPLIANCE,"Vendor VND-VND-03950 received payment of $193,499 on 2023-04-14. Compliance certificate expired on 2021-04-09 — 297 days prior.",0.218,OPEN,2021-09-14,2021-10-14
FND-002382,INV-00093,MEDIUM,FRAUD_PATTERN,"Split payment pattern detected: 4 transactions to same beneficiary totalling $1,688 — each below approval threshold of $5,000.",0.46,VALIDATED,2023-05-08,2023-05-23
FND-002383,INV-00436,MEDIUM,VENDOR_RISK,"High-risk vendor FlowBridge Inc Ltd has no compliance record on file. Payment of $46,390 released without compliance clearance.",0.69,OPEN,2024-04-12,2024-04-21
FND-002384,INV-00057,MEDIUM,POLICY_BREACH,"Entertainment expense of $218,222 submitted by EMP-82965 exceeds monthly policy allowance of $500,000.",0.424,FALSE_POSITIVE,2023-01-14,2023-01-27
FND-002385,INV-00337,LOW,VENDOR_RISK,"BLACKLISTED vendor VND-VND-03400 received payment of $244,152 via contract CON-101189 that was not updated following blacklisting.",0.434,RESOLVED,2021-12-04,2022-01-01
FND-002386,INV-00481,LOW,VENDOR_RISK,Payment issued to VND-VND-03394 rated HIGH risk. Active contract CON-106256 in place. Enhanced due diligence not documented.,0.626,RESOLVED,2022-01-22,2022-01-23
FND-002387,INV-00040,HIGH,VENDOR_RISK,"High-risk vendor Apex Solutions International has no compliance record on file. Payment of $33,681 released without compliance clearance.",0.739,RESOLVED,2022-02-06,2022-02-08
FND-002388,INV-00001,MEDIUM,VENDOR_RISK,"High-risk vendor XpressCore Dynamics Inc has no compliance record on file. Payment of $39,145 released without compliance clearance.",0.427,RESOLVED,2023-09-15,2023-09-26
FND-002389,INV-00242,MEDIUM,POLICY_BREACH,"Expense claim of $152,061 for Equipment exceeds the policy maximum of $5,000. Overage: $20,448.",0.455,VALIDATED,2023-11-03,2023-11-25
FND-002390,INV-00165,LOW,APPROVAL_LIMIT,"Escalation protocol was bypassed. Transaction valued at $261,582 was approved at L3 without L4 countersignature.",0.547,ESCALATED,2021-12-15,2022-01-06
FND-002391,INV-00405,MEDIUM,EXPIRED_COMPLIANCE,"Vendor VND-VND-01628 received payment of $408,777 on 2022-07-29. Compliance certificate expired on 2021-10-15 — 371 days prior.",0.503,VALIDATED,2024-11-15,2024-12-02
FND-002392,INV-00170,MEDIUM,APPROVAL_LIMIT,"Payment of $69,217 approved at Level 2, which has a limit of $25,000. Transaction exceeded limit by $26,451.",0.593,ESCALATED,2022-10-27,
FND-002393,INV-00025,MEDIUM,VENDOR_RISK,"BLACKLISTED vendor VND-VND-03469 received payment of $323,830 via contract CON-104738 that was not updated following blacklisting.",0.722,OPEN,2022-05-20,2022-05-23
FND-002394,INV-00414,MEDIUM,POLICY_BREACH,"Claim EXP-136793 violates Policy POL-0005 section 4.2: Accommodation expenditure capped at $500,000 per event.",0.714,VALIDATED,2021-09-09,2021-10-05
FND-002395,INV-00142,MEDIUM,MISSING_RECEIPT,"Employee EMP-20643 submitted 2 claims totalling $6,275 without receipts in the review period.",0.641,ESCALATED,2024-01-09,
FND-002396,INV-00122,MEDIUM,MISSING_RECEIPT,"Reimbursement of $24,122 for Consulting was approved despite no receipt documentation in the system.",0.427,RESOLVED,2022-02-23,2022-03-03
FND-002397,INV-00160,CRITICAL,POLICY_BREACH,"Entertainment expense of $187,530 submitted by EMP-15401 exceeds monthly policy allowance of $100,000.",0.761,OPEN,2024-03-03,2024-03-09
FND-002398,INV-00215,MEDIUM,EXPIRED_COMPLIANCE,"Vendor VND-VND-01926 received payment of $402,176 on 2023-03-04. Compliance certificate expired on 2020-01-07 — 212 days prior.",0.588,OPEN,2023-08-23,2023-08-30
FND-002399,INV-00103,CRITICAL,MISSING_RECEIPT,Expense claim missing receipt. Policy POL-0001 requires receipts for all claims above $50.,0.796,OPEN,2021-06-25,2021-07-25
FND-002400,INV-00178,CRITICAL,VENDOR_RISK,"BLACKLISTED vendor VND-VND-01132 received payment of $31,753 via contract CON-103214 that was not updated following blacklisting.",0.89,RESOLVED,2024-09-01,2024-09-19
FND-002401,INV-00065,CRITICAL,EXPIRED_COMPLIANCE,Procurement team processed payment without checking compliance status. Certificate had been expired for 252 days.,0.886,VALIDATED,2024-09-03,2024-09-21
FND-002402,INV-00154,LOW,VENDOR_RISK,"Vendor ClearPath Logistics holds CRITICAL risk rating. 2 payments totalling $17,348 processed in the audit period.",0.267,RESOLVED,2024-06-06,
FND-002403,INV-00183,MEDIUM,MISSING_RECEIPT,"Employee EMP-61779 submitted 3 claims totalling $9,285 without receipts in the review period.",0.449,OPEN,2024-08-01,2024-08-29
FND-002404,INV-00486,MEDIUM,MISSING_RECEIPT,"Employee EMP-29172 submitted 2 claims totalling $7,929 without receipts in the review period.",0.642,ESCALATED,2022-11-02,2022-11-15
FND-002405,INV-00182,MEDIUM,FRAUD_PATTERN,Employee EMP-31221 submitted 5 expense claims within 72 hours for identical amounts — potential duplicate fraud pattern.,0.715,VALIDATED,2021-06-24,2021-07-03
FND-002406,INV-00481,LOW,MISSING_RECEIPT,"Employee EMP-93773 submitted 3 claims totalling $9,450 without receipts in the review period.",0.25,RESOLVED,2023-08-26,2023-09-24
FND-002407,INV-00124,MEDIUM,POLICY_BREACH,Employee submitted Office Supplies claim 52% above the authorised policy limit without prior exception approval.,0.505,VALIDATED,2022-08-16,2022-09-07
FND-002408,INV-00007,LOW,EXPIRED_COMPLIANCE,"Payment of $354,647 released to BridgeTech Consulting Inc whose PCI-DSS compliance expired 120 days before payment date.",0.301,ESCALATED,2022-01-04,2022-01-23
FND-002409,INV-00412,LOW,VENDOR_RISK,"BLACKLISTED vendor VND-VND-04660 received payment of $320,097 via contract CON-106682 that was not updated following blacklisting.",0.413,VALIDATED,2024-02-06,
FND-002410,INV-00106,LOW,FRAUD_PATTERN,"Round-number transaction of $119,749 processed at 00:44 — outside standard business hours. Flagged by anomaly detection.",0.273,ESCALATED,2024-11-07,2024-11-29
FND-002411,INV-00295,HIGH,VENDOR_RISK,"BLACKLISTED vendor VND-VND-01458 received payment of $447,689 via contract CON-104488 that was not updated following blacklisting.",0.83,VALIDATED,2023-09-07,2023-10-01
FND-002412,INV-00482,LOW,EXPIRED_COMPLIANCE,Procurement team processed payment without checking compliance status. Certificate had been expired for 149 days.,0.312,VALIDATED,2023-01-04,2023-01-05
FND-002413,INV-00145,LOW,VENDOR_RISK,"BLACKLISTED vendor VND-VND-02263 received payment of $210,899 via contract CON-104244 that was not updated following blacklisting.",0.398,RESOLVED,2023-05-16,2023-05-21
FND-002414,INV-00197,LOW,POLICY_BREACH,"Claim EXP-109370 violates Policy POL-0002 section 4.2: Meals expenditure capped at $500,000 per event.",0.567,OPEN,2024-12-07,2024-12-08
FND-002415,INV-00312,LOW,VENDOR_RISK,"BLACKLISTED vendor VND-VND-03652 received payment of $18,733 via contract CON-100758 that was not updated following blacklisting.",0.529,VALIDATED,2023-02-22,2023-03-05
FND-002416,INV-00478,LOW,MISSING_RECEIPT,Expense claim EXP-145077 submitted for Entertainment without an attached supporting receipt.,0.437,RESOLVED,2023-12-03,2023-12-27
FND-002417,INV-00478,CRITICAL,POLICY_BREACH,"Claim EXP-136900 violates Policy POL-0005 section 4.2: Consulting expenditure capped at $100,000 per event.",0.972,FALSE_POSITIVE,2023-02-07,2023-02-26
FND-002418,INV-00094,LOW,VENDOR_RISK,Payment issued to VND-VND-00340 rated LOW risk. Active contract CON-101629 in place. Enhanced due diligence not documented.,0.513,OPEN,2024-12-24,
FND-002419,INV-00269,MEDIUM,APPROVAL_LIMIT,"Escalation protocol was bypassed. Transaction valued at $142,169 was approved at L1 without L3 countersignature.",0.457,RESOLVED,2024-02-22,2024-03-11
FND-002420,INV-00450,LOW,APPROVAL_LIMIT,"Escalation protocol was bypassed. Transaction valued at $267,788 was approved at L1 without L3 countersignature.",0.326,RESOLVED,2023-02-16,2023-02-21
FND-002421,INV-00205,MEDIUM,APPROVAL_LIMIT,"Payment of $417,688 approved at Level 1, which has a limit of $25,000. Transaction exceeded limit by $49,596.",0.537,RESOLVED,2024-01-27,2024-01-31
FND-002422,INV-00071,LOW,EXPIRED_COMPLIANCE,Compliance record CMP-107167 for vendor YieldPoint Partners Holdings was in EXPIRED status at time of payment processing.,0.442,RESOLVED,2024-01-22,2024-02-05
FND-002423,INV-00391,MEDIUM,FRAUD_PATTERN,"Round-number transaction of $128,436 processed at 00:15 — outside standard business hours. Flagged by anomaly detection.",0.604,VALIDATED,2023-01-11,
FND-002424,INV-00355,MEDIUM,EXPIRED_COMPLIANCE,"Payment of $109,522 released to QuantumEdge Solutions Group whose ISO 27001 compliance expired 46 days before payment date.",0.642,VALIDATED,2024-07-18,2024-08-10
FND-002425,INV-00094,MEDIUM,POLICY_BREACH,"Entertainment expense of $125,508 submitted by EMP-39088 exceeds monthly policy allowance of $25,000.",0.561,OPEN,2023-08-27,
FND-002426,INV-00471,LOW,VENDOR_RISK,"BLACKLISTED vendor VND-VND-04257 received payment of $206,440 via contract CON-108704 that was not updated following blacklisting.",0.499,OPEN,2023-03-24,2023-04-23
FND-002427,INV-00051,MEDIUM,APPROVAL_LIMIT,"Payment of $305,460 approved at Level 2, which has a limit of $100,000. Transaction exceeded limit by $1,798.",0.45,VALIDATED,2024-05-16,2024-05-29
FND-002428,INV-00316,LOW,POLICY_BREACH,Employee submitted Meals claim 13% above the authorised policy limit without prior exception approval.,0.595,VALIDATED,2021-08-26,2021-08-30
FND-002429,INV-00410,MEDIUM,POLICY_BREACH,"Entertainment expense of $419,548 submitted by EMP-69745 exceeds monthly policy allowance of $25,000.",0.696,ESCALATED,2021-08-11,2021-08-31
FND-002430,INV-00163,MEDIUM,APPROVAL_LIMIT,"Approval granted by EMP-49863 who was not authorised to approve amounts above $100,000. Transaction value: $19,955.",0.738,ESCALATED,2021-10-08,2021-10-29
FND-002431,INV-00038,MEDIUM,APPROVAL_LIMIT,"Escalation protocol was bypassed. Transaction valued at $248,743 was approved at L2 without L5 countersignature.",0.598,VALIDATED,2023-12-03,2023-12-12
FND-002432,INV-00266,MEDIUM,FRAUD_PATTERN,Transaction routed through 6 intermediate accounts before reaching final beneficiary. Unusual for CASH_OUT transaction type.,0.587,OPEN,2022-08-12,2022-08-24
FND-002433,INV-00485,MEDIUM,VENDOR_RISK,"BLACKLISTED vendor VND-VND-00525 received payment of $115,240 via contract CON-103283 that was not updated following blacklisting.",0.455,RESOLVED,2024-02-03,2024-02-12
FND-002434,INV-00225,LOW,VENDOR_RISK,"BLACKLISTED vendor VND-VND-01929 received payment of $166,624 via contract CON-107788 that was not updated following blacklisting.",0.263,VALIDATED,2023-06-05,
FND-002435,INV-00251,MEDIUM,VENDOR_RISK,Payment issued to VND-VND-04801 rated LOW risk. Active contract CON-105101 in place. Enhanced due diligence not documented.,0.457,FALSE_POSITIVE,2024-11-23,2024-12-04
FND-002436,INV-00397,MEDIUM,VENDOR_RISK,Payment issued to VND-VND-01624 rated MEDIUM risk. Active contract CON-102659 in place. Enhanced due diligence not documented.,0.729,VALIDATED,2024-12-30,2025-01-15
FND-002437,INV-00183,LOW,EXPIRED_COMPLIANCE,"Vendor VND-VND-04904 received payment of $319,612 on 2024-01-27. Compliance certificate expired on 2020-02-06 — 525 days prior.",0.562,OPEN,2022-02-05,
FND-002438,INV-00074,CRITICAL,FRAUD_PATTERN,Transaction routed through 4 intermediate accounts before reaching final beneficiary. Unusual for TRANSFER transaction type.,0.949,VALIDATED,2023-06-15,2023-07-07
FND-002439,INV-00423,MEDIUM,FRAUD_PATTERN,"Round-number transaction of $399,773 processed at 00:57 — outside standard business hours. Flagged by anomaly detection.",0.681,VALIDATED,2023-04-12,
FND-002440,INV-00421,CRITICAL,VENDOR_RISK,"Vendor KryptonPath Ltd Holdings holds CRITICAL risk rating. 3 payments totalling $15,927 processed in the audit period.",0.954,ESCALATED,2022-08-21,
FND-002441,INV-00483,HIGH,APPROVAL_LIMIT,"Approval granted by EMP-33087 who was not authorised to approve amounts above $500,000. Transaction value: $418,294.",0.707,OPEN,2024-05-24,2024-06-06
FND-002442,INV-00247,HIGH,MISSING_RECEIPT,"Employee EMP-97896 submitted 3 claims totalling $18,332 without receipts in the review period.",0.648,RESOLVED,2023-12-29,2024-01-08
FND-002443,INV-00392,MEDIUM,MISSING_RECEIPT,Expense claim EXP-176300 submitted for Entertainment without an attached supporting receipt.,0.715,ESCALATED,2022-05-02,2022-05-16
FND-002444,INV-00482,HIGH,EXPIRED_COMPLIANCE,"Vendor VND-VND-04671 received payment of $196,082 on 2023-06-06. Compliance certificate expired on 2020-05-29 — 35 days prior.",0.767,RESOLVED,2022-09-23,
FND-002445,INV-00305,CRITICAL,FRAUD_PATTERN,"Split payment pattern detected: 8 transactions to same beneficiary totalling $7,949 — each below approval threshold of $100,000.",0.753,VALIDATED,2024-09-25,
FND-002446,INV-00167,MEDIUM,APPROVAL_LIMIT,"Approval granted by EMP-59322 who was not authorised to approve amounts above $25,000. Transaction value: $85,325.",0.511,OPEN,2022-04-12,
FND-002447,INV-00200,MEDIUM,POLICY_BREACH,"Entertainment expense of $119,093 submitted by EMP-19182 exceeds monthly policy allowance of $100,000.",0.443,RESOLVED,2021-12-10,
FND-002448,INV-00236,MEDIUM,MISSING_RECEIPT,"Employee EMP-40806 submitted 7 claims totalling $17,304 without receipts in the review period.",0.501,VALIDATED,2021-09-15,2021-10-10
FND-002449,INV-00479,MEDIUM,MISSING_RECEIPT,Expense claim EXP-169253 submitted for Equipment without an attached supporting receipt.,0.468,FALSE_POSITIVE,2021-09-19,
FND-002450,INV-00452,MEDIUM,APPROVAL_LIMIT,"Payment of $161,052 approved at Level 2, which has a limit of $5,000. Transaction exceeded limit by $23,870.",0.582,VALIDATED,2022-09-15,2022-09-30
FND-002451,INV-00262,LOW,MISSING_RECEIPT,"Reimbursement of $167,707 for Entertainment was approved despite no receipt documentation in the system.",0.262,RESOLVED,2024-07-01,
FND-002452,INV-00110,MEDIUM,POLICY_BREACH,"Entertainment expense of $340,149 submitted by EMP-11482 exceeds monthly policy allowance of $25,000.",0.667,RESOLVED,2022-07-06,2022-07-24
FND-002453,INV-00175,MEDIUM,POLICY_BREACH,"Entertainment expense of $415,215 submitted by EMP-37706 exceeds monthly policy allowance of $5,000.",0.696,OPEN,2023-06-17,2023-06-20
FND-002454,INV-00211,MEDIUM,FRAUD_PATTERN,Employee EMP-12117 submitted 7 expense claims within 72 hours for identical amounts — potential duplicate fraud pattern.,0.506,OPEN,2023-02-27,2023-03-12
FND-002455,INV-00335,MEDIUM,VENDOR_RISK,"BLACKLISTED vendor VND-VND-01542 received payment of $350,325 via contract CON-101651 that was not updated following blacklisting.",0.557,VALIDATED,2022-11-22,
FND-002456,INV-00313,MEDIUM,POLICY_BREACH,"Expense claim of $143,874 for Office Supplies exceeds the policy maximum of $25,000. Overage: $21,442.",0.538,FALSE_POSITIVE,2024-08-11,
FND-002457,INV-00060,CRITICAL,APPROVAL_LIMIT,"Payment of $219,355 approved at Level 1, which has a limit of $25,000. Transaction exceeded limit by $49,099.",0.952,VALIDATED,2024-05-19,
FND-002458,INV-00195,MEDIUM,APPROVAL_LIMIT,"Escalation protocol was bypassed. Transaction valued at $474,240 was approved at L1 without L5 countersignature.",0.532,VALIDATED,2024-04-05,2024-04-08
FND-002459,INV-00428,MEDIUM,APPROVAL_LIMIT,"Escalation protocol was bypassed. Transaction valued at $343,150 was approved at L3 without L3 countersignature.",0.455,RESOLVED,2023-01-20,2023-02-03
FND-002460,INV-00134,LOW,MISSING_RECEIPT,Expense claim missing receipt. Policy POL-0002 requires receipts for all claims above $75.,0.6,OPEN,2023-10-24,
FND-002461,INV-00011,LOW,VENDOR_RISK,"High-risk vendor TrueNorth Services LLC has no compliance record on file. Payment of $27,103 released without compliance clearance.",0.632,VALIDATED,2024-03-05,2024-03-30
FND-002462,INV-00332,MEDIUM,POLICY_BREACH,Employee submitted Equipment claim 30% above the authorised policy limit without prior exception approval.,0.536,RESOLVED,2023-04-16,2023-04-26
FND-002463,INV-00162,MEDIUM,APPROVAL_LIMIT,"Escalation protocol was bypassed. Transaction valued at $463,270 was approved at L3 without L3 countersignature.",0.524,ESCALATED,2024-11-07,2024-11-16
FND-002464,INV-00446,CRITICAL,FRAUD_PATTERN,"Round-number transaction of $187,246 processed at 03:00 — outside standard business hours. Flagged by anomaly detection.",0.84,VALIDATED,2021-07-18,2021-07-26
FND-002465,INV-00311,LOW,FRAUD_PATTERN,Transaction routed through 8 intermediate accounts before reaching final beneficiary. Unusual for TRANSFER transaction type.,0.415,VALIDATED,2022-07-11,2022-07-28
FND-002466,INV-00447,MEDIUM,VENDOR_RISK,"BLACKLISTED vendor VND-VND-03367 received payment of $78,647 via contract CON-105486 that was not updated following blacklisting.",0.492,OPEN,2021-11-08,2021-11-11
FND-002467,INV-00432,HIGH,APPROVAL_LIMIT,"Approval granted by EMP-77366 who was not authorised to approve amounts above $100,000. Transaction value: $50,092.",0.771,ESCALATED,2021-06-16,2021-06-23
FND-002468,INV-00429,LOW,MISSING_RECEIPT,"Employee EMP-33685 submitted 8 claims totalling $7,866 without receipts in the review period.",0.44,VALIDATED,2021-11-26,2021-12-26
FND-002469,INV-00177,MEDIUM,MISSING_RECEIPT,Expense claim EXP-187668 submitted for Office Supplies without an attached supporting receipt.,0.67,VALIDATED,2022-05-20,2022-05-21
FND-002470,INV-00175,CRITICAL,FRAUD_PATTERN,"Split payment pattern detected: 7 transactions to same beneficiary totalling $15,897 — each below approval threshold of $500,000.",0.973,VALIDATED,2021-10-31,2021-11-11
FND-002471,INV-00086,HIGH,MISSING_RECEIPT,Expense claim missing receipt. Policy POL-0018 requires receipts for all claims above $200.,0.674,VALIDATED,2021-10-05,2021-10-19
FND-002472,INV-00010,MEDIUM,MISSING_RECEIPT,"Employee EMP-40356 submitted 7 claims totalling $11,122 without receipts in the review period.",0.517,OPEN,2022-12-20,2022-12-23
FND-002473,INV-00371,HIGH,FRAUD_PATTERN,Transaction routed through 3 intermediate accounts before reaching final beneficiary. Unusual for TRANSFER transaction type.,0.647,OPEN,2023-08-24,
FND-002474,INV-00313,MEDIUM,MISSING_RECEIPT,"Employee EMP-47673 submitted 6 claims totalling $3,849 without receipts in the review period.",0.449,VALIDATED,2023-04-08,2023-04-27
FND-002475,INV-00406,HIGH,POLICY_BREACH,Employee submitted Training claim 48% above the authorised policy limit without prior exception approval.,0.601,OPEN,2024-09-10,2024-10-09
FND-002476,INV-00377,LOW,APPROVAL_LIMIT,"Payment of $418,703 approved at Level 3, which has a limit of $100,000. Transaction exceeded limit by $35,412.",0.388,VALIDATED,2022-05-17,2022-05-31
FND-002477,INV-00267,MEDIUM,MISSING_RECEIPT,Expense claim EXP-123141 submitted for Software without an attached supporting receipt.,0.451,VALIDATED,2023-11-23,2023-12-07
FND-002478,INV-00065,HIGH,MISSING_RECEIPT,Expense claim missing receipt. Policy POL-0017 requires receipts for all claims above $100.,0.748,RESOLVED,2022-03-23,2022-04-05
FND-002479,INV-00065,MEDIUM,APPROVAL_LIMIT,Transaction processed with approval from an officer whose delegated authority was 76% below the required threshold.,0.613,VALIDATED,2022-05-24,
FND-002480,INV-00494,MEDIUM,VENDOR_RISK,Payment issued to VND-VND-00074 rated LOW risk. Active contract CON-103181 in place. Enhanced due diligence not documented.,0.665,RESOLVED,2023-10-24,
FND-002481,INV-00055,LOW,EXPIRED_COMPLIANCE,"Payment of $334,455 released to DawnTech Services Holdings whose PCI-DSS compliance expired 235 days before payment date.",0.599,VALIDATED,2024-03-21,2024-04-05
FND-002482,INV-00358,MEDIUM,APPROVAL_LIMIT,"Approval granted by EMP-92659 who was not authorised to approve amounts above $25,000. Transaction value: $474,436.",0.647,VALIDATED,2023-01-31,
FND-002483,INV-00090,MEDIUM,POLICY_BREACH,"Expense claim of $461,711 for Training exceeds the policy maximum of $25,000. Overage: $21,623.",0.439,VALIDATED,2023-05-29,
FND-002484,INV-00353,CRITICAL,EXPIRED_COMPLIANCE,Compliance record CMP-106906 for vendor WaveCore Manufacturing was in EXPIRED status at time of payment processing.,0.867,VALIDATED,2024-12-02,2024-12-27
FND-002485,INV-00464,LOW,VENDOR_RISK,Payment issued to VND-VND-01745 rated HIGH risk. Active contract CON-105780 in place. Enhanced due diligence not documented.,0.468,OPEN,2021-09-15,2021-09-24
FND-002486,INV-00107,MEDIUM,POLICY_BREACH,Employee submitted Travel claim 5% above the authorised policy limit without prior exception approval.,0.617,RESOLVED,2023-06-21,2023-07-03
FND-002487,INV-00431,MEDIUM,FRAUD_PATTERN,Employee EMP-26582 submitted 2 expense claims within 72 hours for identical amounts — potential duplicate fraud pattern.,0.678,RESOLVED,2021-08-11,2021-08-19
FND-002488,INV-00335,MEDIUM,APPROVAL_LIMIT,"Escalation protocol was bypassed. Transaction valued at $360,565 was approved at L3 without L5 countersignature.",0.548,VALIDATED,2024-12-22,
FND-002489,INV-00350,MEDIUM,MISSING_RECEIPT,"Reimbursement of $264,746 for Equipment was approved despite no receipt documentation in the system.",0.648,RESOLVED,2023-10-29,2023-11-13
FND-002490,INV-00459,HIGH,APPROVAL_LIMIT,"Payment of $320,217 approved at Level 1, which has a limit of $5,000. Transaction exceeded limit by $484.",0.787,RESOLVED,2024-10-22,2024-10-24
FND-002491,INV-00022,MEDIUM,APPROVAL_LIMIT,Transaction processed with approval from an officer whose delegated authority was 59% below the required threshold.,0.745,RESOLVED,2024-06-13,
FND-002492,INV-00044,HIGH,VENDOR_RISK,"BLACKLISTED vendor VND-VND-02872 received payment of $133,527 via contract CON-104552 that was not updated following blacklisting.",0.655,VALIDATED,2022-08-12,2022-08-15
FND-002493,INV-00381,HIGH,EXPIRED_COMPLIANCE,Compliance record CMP-105352 for vendor MeridianTech Holdings was in EXPIRED status at time of payment processing.,0.814,RESOLVED,2024-06-27,2024-07-26
FND-002494,INV-00392,LOW,EXPIRED_COMPLIANCE,"Payment of $365,131 released to DeltaPath Logistics International whose PCI-DSS compliance expired 501 days before payment date.",0.561,VALIDATED,2023-06-29,2023-07-29
FND-002495,INV-00152,MEDIUM,APPROVAL_LIMIT,"Payment of $313,931 approved at Level 1, which has a limit of $5,000. Transaction exceeded limit by $6,313.",0.428,VALIDATED,2021-11-30,2021-12-05
FND-002496,INV-00248,LOW,EXPIRED_COMPLIANCE,Compliance record CMP-107056 for vendor XpressCore Dynamics Inc was in EXPIRED status at time of payment processing.,0.407,OPEN,2022-02-23,2022-03-20
FND-002497,INV-00467,LOW,APPROVAL_LIMIT,Transaction processed with approval from an officer whose delegated authority was 11% below the required threshold.,0.281,VALIDATED,2023-06-07,2023-06-17
FND-002498,INV-00463,MEDIUM,EXPIRED_COMPLIANCE,Procurement team processed payment without checking compliance status. Certificate had been expired for 69 days.,0.719,RESOLVED,2021-08-14,2021-08-20
FND-002499,INV-00265,MEDIUM,POLICY_BREACH,Employee submitted Training claim 19% above the authorised policy limit without prior exception approval.,0.564,RESOLVED,2023-11-20,
FND-002500,INV-00262,MEDIUM,POLICY_BREACH,"Claim EXP-150404 violates Policy POL-0001 section 4.2: Meals expenditure capped at $25,000 per event.",0.629,OPEN,2022-08-24,
FND-002501,INV-00454,MEDIUM,APPROVAL_LIMIT,"Approval granted by EMP-17082 who was not authorised to approve amounts above $5,000. Transaction value: $439,579.",0.409,OPEN,2023-10-07,2023-10-08
FND-002502,INV-00443,MEDIUM,APPROVAL_LIMIT,"Approval granted by EMP-30441 who was not authorised to approve amounts above $100,000. Transaction value: $486,920.",0.681,VALIDATED,2023-10-16,2023-10-22
FND-002503,INV-00288,MEDIUM,VENDOR_RISK,"BLACKLISTED vendor VND-VND-00117 received payment of $465,146 via contract CON-104819 that was not updated following blacklisting.",0.503,RESOLVED,2022-12-18,2023-01-10
FND-002504,INV-00364,MEDIUM,POLICY_BREACH,Employee submitted Entertainment claim 60% above the authorised policy limit without prior exception approval.,0.422,VALIDATED,2021-10-30,
FND-002505,INV-00255,MEDIUM,EXPIRED_COMPLIANCE,"Payment of $277,519 released to BridgeTech Consulting LLC whose GDPR compliance expired 237 days before payment date.",0.472,RESOLVED,2022-10-05,2022-10-24
FND-002506,INV-00210,HIGH,APPROVAL_LIMIT,"Approval granted by EMP-13975 who was not authorised to approve amounts above $5,000. Transaction value: $387,819.",0.795,OPEN,2022-11-24,2022-12-18
FND-002507,INV-00033,MEDIUM,APPROVAL_LIMIT,"Payment of $14,809 approved at Level 3, which has a limit of $500,000. Transaction exceeded limit by $1,724.",0.403,VALIDATED,2022-12-06,2022-12-16
FND-002508,INV-00082,LOW,MISSING_RECEIPT,"Reimbursement of $366,002 for Meals was approved despite no receipt documentation in the system.",0.392,OPEN,2022-08-26,2022-09-03
FND-002509,INV-00283,HIGH,POLICY_BREACH,"Entertainment expense of $218,607 submitted by EMP-56563 exceeds monthly policy allowance of $500,000.",0.787,OPEN,2022-05-27,2022-06-23
FND-002510,INV-00400,HIGH,EXPIRED_COMPLIANCE,"Payment of $485,814 released to PeakVault Services Inc whose GDPR compliance expired 49 days before payment date.",0.891,VALIDATED,2023-04-03,2023-04-21
FND-002511,INV-00050,MEDIUM,MISSING_RECEIPT,"Reimbursement of $202,885 for Marketing was approved despite no receipt documentation in the system.",0.403,RESOLVED,2022-01-11,2022-02-09
FND-002512,INV-00176,CRITICAL,APPROVAL_LIMIT,"Escalation protocol was bypassed. Transaction valued at $24,524 was approved at L2 without L4 countersignature.",0.899,OPEN,2023-11-09,2023-12-06
FND-002513,INV-00051,LOW,APPROVAL_LIMIT,"Payment of $489,038 approved at Level 3, which has a limit of $5,000. Transaction exceeded limit by $12,934.",0.542,VALIDATED,2023-08-06,2023-08-09
FND-002514,INV-00152,LOW,VENDOR_RISK,"High-risk vendor PeakVault Services Inc has no compliance record on file. Payment of $214,361 released without compliance clearance.",0.257,VALIDATED,2022-09-02,2022-09-25
FND-002515,INV-00297,MEDIUM,MISSING_RECEIPT,Expense claim missing receipt. Policy POL-0004 requires receipts for all claims above $100.,0.409,FALSE_POSITIVE,2023-12-03,2023-12-19
FND-002516,INV-00291,MEDIUM,POLICY_BREACH,Employee submitted Training claim 35% above the authorised policy limit without prior exception approval.,0.635,OPEN,2023-04-16,2023-05-03
FND-002517,INV-00044,CRITICAL,APPROVAL_LIMIT,"Escalation protocol was bypassed. Transaction valued at $57,360 was approved at L2 without L5 countersignature.",0.751,RESOLVED,2023-02-08,2023-03-06
FND-002518,INV-00442,LOW,EXPIRED_COMPLIANCE,Compliance record CMP-100849 for vendor DeltaPath Logistics Ltd was in EXPIRED status at time of payment processing.,0.578,RESOLVED,2024-09-13,2024-10-12
FND-002519,INV-00043,MEDIUM,POLICY_BREACH,"Expense claim of $308,299 for Travel exceeds the policy maximum of $500,000. Overage: $28,588.",0.477,OPEN,2023-10-14,
FND-002520,INV-00434,MEDIUM,MISSING_RECEIPT,"Employee EMP-16857 submitted 8 claims totalling $3,957 without receipts in the review period.",0.685,OPEN,2024-02-06,2024-03-02
FND-002521,INV-00064,MEDIUM,VENDOR_RISK,"Vendor EcoVenture Supplies Holdings holds CRITICAL risk rating. 3 payments totalling $4,690 processed in the audit period.",0.73,VALIDATED,2023-07-09,2023-07-11
FND-002522,INV-00403,MEDIUM,EXPIRED_COMPLIANCE,Procurement team processed payment without checking compliance status. Certificate had been expired for 43 days.,0.712,RESOLVED,2021-12-28,2021-12-31
FND-002523,INV-00141,MEDIUM,APPROVAL_LIMIT,Transaction processed with approval from an officer whose delegated authority was 12% below the required threshold.,0.743,VALIDATED,2022-05-17,2022-05-23
FND-002524,INV-00403,MEDIUM,APPROVAL_LIMIT,Transaction processed with approval from an officer whose delegated authority was 23% below the required threshold.,0.456,ESCALATED,2024-09-30,2024-10-23
FND-002525,INV-00259,MEDIUM,MISSING_RECEIPT,"Reimbursement of $234,569 for Equipment was approved despite no receipt documentation in the system.",0.729,RESOLVED,2024-11-25,2024-12-05
FND-002526,INV-00383,LOW,MISSING_RECEIPT,"Employee EMP-41387 submitted 2 claims totalling $18,681 without receipts in the review period.",0.36,RESOLVED,2022-05-28,2022-06-12
FND-002527,INV-00299,CRITICAL,VENDOR_RISK,"Vendor FusionCore Analytics Ltd holds CRITICAL risk rating. 5 payments totalling $12,564 processed in the audit period.",0.931,VALIDATED,2022-03-08,2022-03-18
FND-002528,INV-00151,CRITICAL,POLICY_BREACH,"Entertainment expense of $195,813 submitted by EMP-95230 exceeds monthly policy allowance of $100,000.",0.964,VALIDATED,2022-07-01,2022-07-23
FND-002529,INV-00021,MEDIUM,POLICY_BREACH,"Claim EXP-136891 violates Policy POL-0014 section 4.2: Meals expenditure capped at $5,000 per event.",0.507,RESOLVED,2023-06-23,2023-06-29
FND-002530,INV-00457,HIGH,APPROVAL_LIMIT,"Escalation protocol was bypassed. Transaction valued at $101,534 was approved at L2 without L4 countersignature.",0.668,RESOLVED,2022-01-13,2022-02-12
FND-002531,INV-00356,MEDIUM,APPROVAL_LIMIT,"Escalation protocol was bypassed. Transaction valued at $427,870 was approved at L3 without L5 countersignature.",0.564,VALIDATED,2022-03-05,2022-03-19
FND-002532,INV-00040,LOW,FRAUD_PATTERN,Transaction routed through 4 intermediate accounts before reaching final beneficiary. Unusual for TRANSFER transaction type.,0.454,VALIDATED,2024-09-23,
FND-002533,INV-00326,CRITICAL,MISSING_RECEIPT,Expense claim missing receipt. Policy POL-0008 requires receipts for all claims above $200.,0.787,VALIDATED,2024-08-30,
FND-002534,INV-00196,LOW,FRAUD_PATTERN,"Round-number transaction of $129,886 processed at 05:05 — outside standard business hours. Flagged by anomaly detection.",0.645,VALIDATED,2023-06-08,2023-06-23
FND-002535,INV-00158,CRITICAL,VENDOR_RISK,"BLACKLISTED vendor VND-VND-03654 received payment of $295,367 via contract CON-103736 that was not updated following blacklisting.",0.761,OPEN,2023-10-09,2023-11-01
FND-002536,INV-00206,HIGH,VENDOR_RISK,"Vendor EcoVenture Supplies holds CRITICAL risk rating. 6 payments totalling $9,623 processed in the audit period.",0.673,OPEN,2021-09-20,
FND-002537,INV-00086,MEDIUM,EXPIRED_COMPLIANCE,"Payment of $359,747 released to YieldPoint Partners Ltd whose SOC 2 compliance expired 484 days before payment date.",0.663,OPEN,2024-05-25,2024-06-17
FND-002538,INV-00474,MEDIUM,EXPIRED_COMPLIANCE,"Vendor VND-VND-04289 received payment of $184,642 on 2022-10-17. Compliance certificate expired on 2021-09-03 — 441 days prior.",0.505,OPEN,2024-11-29,2024-12-27
FND-002539,INV-00327,MEDIUM,EXPIRED_COMPLIANCE,Procurement team processed payment without checking compliance status. Certificate had been expired for 275 days.,0.501,ESCALATED,2023-11-09,2023-11-21
FND-002540,INV-00204,HIGH,POLICY_BREACH,"Claim EXP-154601 violates Policy POL-0012 section 4.2: Accommodation expenditure capped at $25,000 per event.",0.707,VALIDATED,2021-06-24,2021-06-26
FND-002541,INV-00168,MEDIUM,VENDOR_RISK,"Vendor RedPoint Consulting LLC holds CRITICAL risk rating. 8 payments totalling $13,746 processed in the audit period.",0.498,VALIDATED,2024-02-24,
FND-002542,INV-00306,HIGH,VENDOR_RISK,"BLACKLISTED vendor VND-VND-01589 received payment of $143,137 via contract CON-100885 that was not updated following blacklisting.",0.786,VALIDATED,2022-09-11,2022-09-23
FND-002543,INV-00261,MEDIUM,EXPIRED_COMPLIANCE,"Payment of $358,103 released to QuantumEdge Solutions Holdings whose SOC 2 compliance expired 393 days before payment date.",0.483,RESOLVED,2023-07-06,2023-07-27
FND-002544,INV-00440,LOW,VENDOR_RISK,"BLACKLISTED vendor VND-VND-04089 received payment of $469,084 via contract CON-107673 that was not updated following blacklisting.",0.326,RESOLVED,2023-08-06,2023-09-01
FND-002545,INV-00409,LOW,POLICY_BREACH,"Expense claim of $327,567 for Equipment exceeds the policy maximum of $100,000. Overage: $26,093.",0.344,OPEN,2023-02-03,2023-02-25
FND-002546,INV-00136,MEDIUM,POLICY_BREACH,"Entertainment expense of $113,359 submitted by EMP-35088 exceeds monthly policy allowance of $5,000.",0.458,FALSE_POSITIVE,2022-08-02,2022-08-10
FND-002547,INV-00093,LOW,FRAUD_PATTERN,"Split payment pattern detected: 6 transactions to same beneficiary totalling $12,584 — each below approval threshold of $500,000.",0.289,RESOLVED,2023-10-06,
FND-002548,INV-00360,LOW,APPROVAL_LIMIT,"Payment of $150,045 approved at Level 3, which has a limit of $100,000. Transaction exceeded limit by $38,605.",0.48,VALIDATED,2022-07-19,2022-08-14
FND-002549,INV-00299,HIGH,EXPIRED_COMPLIANCE,Procurement team processed payment without checking compliance status. Certificate had been expired for 167 days.,0.695,RESOLVED,2023-04-18,2023-05-07
FND-002550,INV-00006,LOW,MISSING_RECEIPT,"Reimbursement of $139,654 for Equipment was approved despite no receipt documentation in the system.",0.614,RESOLVED,2021-08-25,
FND-002551,INV-00094,MEDIUM,EXPIRED_COMPLIANCE,"Vendor VND-VND-00967 received payment of $113,481 on 2022-08-18. Compliance certificate expired on 2020-12-13 — 400 days prior.",0.589,OPEN,2024-06-20,2024-06-23
FND-002552,INV-00379,MEDIUM,FRAUD_PATTERN,Employee EMP-56797 submitted 5 expense claims within 72 hours for identical amounts — potential duplicate fraud pattern.,0.735,OPEN,2022-07-09,2022-07-18
FND-002553,INV-00273,MEDIUM,APPROVAL_LIMIT,"Approval granted by EMP-40760 who was not authorised to approve amounts above $25,000. Transaction value: $379,848.",0.547,OPEN,2021-10-05,2021-10-14
FND-002554,INV-00135,MEDIUM,MISSING_RECEIPT,"Reimbursement of $250,483 for Consulting was approved despite no receipt documentation in the system.",0.599,VALIDATED,2022-05-19,2022-06-18
FND-002555,INV-00046,HIGH,MISSING_RECEIPT,"Reimbursement of $462,643 for Accommodation was approved despite no receipt documentation in the system.",0.686,OPEN,2023-05-08,2023-05-29
FND-002556,INV-00060,CRITICAL,EXPIRED_COMPLIANCE,Procurement team processed payment without checking compliance status. Certificate had been expired for 91 days.,0.776,VALIDATED,2023-06-27,2023-07-23
FND-002557,INV-00173,MEDIUM,MISSING_RECEIPT,Expense claim EXP-134538 submitted for Training without an attached supporting receipt.,0.595,VALIDATED,2023-06-14,2023-06-20
FND-002558,INV-00137,LOW,VENDOR_RISK,Payment issued to VND-VND-03750 rated LOW risk. Active contract CON-106479 in place. Enhanced due diligence not documented.,0.434,OPEN,2022-11-30,2022-12-07
FND-002559,INV-00162,HIGH,APPROVAL_LIMIT,"Approval granted by EMP-29516 who was not authorised to approve amounts above $500,000. Transaction value: $435,973.",0.886,VALIDATED,2022-12-09,2022-12-19
FND-002560,INV-00096,CRITICAL,FRAUD_PATTERN,"Round-number transaction of $465,499 processed at 00:08 — outside standard business hours. Flagged by anomaly detection.",0.865,OPEN,2023-02-19,
FND-002561,INV-00468,HIGH,MISSING_RECEIPT,"Reimbursement of $21,313 for Training was approved despite no receipt documentation in the system.",0.808,VALIDATED,2024-10-01,2024-10-05
FND-002562,INV-00325,LOW,APPROVAL_LIMIT,"Approval granted by EMP-22216 who was not authorised to approve amounts above $5,000. Transaction value: $210,614.",0.515,RESOLVED,2021-12-29,
FND-002563,INV-00068,HIGH,EXPIRED_COMPLIANCE,Compliance record CMP-108591 for vendor VertiLink Distributors Holdings was in EXPIRED status at time of payment processing.,0.601,RESOLVED,2022-11-18,2022-12-12
FND-002564,INV-00044,MEDIUM,MISSING_RECEIPT,"Employee EMP-51307 submitted 6 claims totalling $17,491 without receipts in the review period.",0.675,VALIDATED,2024-03-24,2024-03-26
FND-002565,INV-00274,MEDIUM,EXPIRED_COMPLIANCE,Procurement team processed payment without checking compliance status. Certificate had been expired for 289 days.,0.697,RESOLVED,2024-11-01,2024-11-22
FND-002566,INV-00373,MEDIUM,POLICY_BREACH,"Claim EXP-146439 violates Policy POL-0009 section 4.2: Accommodation expenditure capped at $500,000 per event.",0.419,RESOLVED,2023-11-05,2023-11-29
FND-002567,INV-00192,MEDIUM,VENDOR_RISK,"Vendor JetStream Analytics holds CRITICAL risk rating. 2 payments totalling $14,496 processed in the audit period.",0.588,OPEN,2023-11-15,2023-12-03
FND-002568,INV-00420,MEDIUM,MISSING_RECEIPT,Expense claim EXP-149253 submitted for Office Supplies without an attached supporting receipt.,0.553,OPEN,2021-06-24,
FND-002569,INV-00074,LOW,APPROVAL_LIMIT,"Escalation protocol was bypassed. Transaction valued at $310,225 was approved at L2 without L3 countersignature.",0.532,ESCALATED,2024-08-14,
FND-002570,INV-00280,MEDIUM,EXPIRED_COMPLIANCE,Procurement team processed payment without checking compliance status. Certificate had been expired for 205 days.,0.408,VALIDATED,2022-12-21,2023-01-10
FND-002571,INV-00028,MEDIUM,FRAUD_PATTERN,Transaction routed through 8 intermediate accounts before reaching final beneficiary. Unusual for CASH_OUT transaction type.,0.44,ESCALATED,2022-07-05,
FND-002572,INV-00446,MEDIUM,VENDOR_RISK,"High-risk vendor VoltEdge Solutions International has no compliance record on file. Payment of $233,851 released without compliance clearance.",0.634,OPEN,2021-12-11,2021-12-31
FND-002573,INV-00108,MEDIUM,VENDOR_RISK,"Vendor ClearPath Logistics International holds CRITICAL risk rating. 4 payments totalling $18,891 processed in the audit period.",0.614,FALSE_POSITIVE,2022-07-10,2022-07-22
FND-002574,INV-00029,MEDIUM,VENDOR_RISK,"BLACKLISTED vendor VND-VND-01218 received payment of $439,598 via contract CON-102706 that was not updated following blacklisting.",0.424,VALIDATED,2022-09-08,2022-09-19
FND-002575,INV-00282,MEDIUM,EXPIRED_COMPLIANCE,"Vendor VND-VND-03129 received payment of $191,143 on 2022-06-15. Compliance certificate expired on 2022-04-29 — 299 days prior.",0.404,RESOLVED,2022-06-12,
FND-002576,INV-00135,MEDIUM,APPROVAL_LIMIT,Transaction processed with approval from an officer whose delegated authority was 68% below the required threshold.,0.7,VALIDATED,2023-03-09,2023-03-31
FND-002577,INV-00222,HIGH,VENDOR_RISK,"Vendor XcelPath Networks Ltd holds CRITICAL risk rating. 8 payments totalling $18,602 processed in the audit period.",0.662,RESOLVED,2023-09-29,2023-10-15
FND-002578,INV-00468,HIGH,APPROVAL_LIMIT,"Escalation protocol was bypassed. Transaction valued at $59,224 was approved at L1 without L3 countersignature.",0.69,OPEN,2022-04-18,2022-05-06
FND-002579,INV-00358,MEDIUM,EXPIRED_COMPLIANCE,"Payment of $258,660 released to Alpha_Inc LLC whose SOC 2 compliance expired 321 days before payment date.",0.698,ESCALATED,2022-09-27,2022-10-24
FND-002580,INV-00411,HIGH,FRAUD_PATTERN,Employee EMP-57124 submitted 4 expense claims within 72 hours for identical amounts — potential duplicate fraud pattern.,0.669,OPEN,2023-06-18,
FND-002581,INV-00212,HIGH,EXPIRED_COMPLIANCE,"Payment of $427,922 released to IronPoint Manufacturing LLC whose PCI-DSS compliance expired 170 days before payment date.",0.822,RESOLVED,2023-04-24,2023-05-22
FND-002582,INV-00069,LOW,FRAUD_PATTERN,Employee EMP-48186 submitted 2 expense claims within 72 hours for identical amounts — potential duplicate fraud pattern.,0.324,VALIDATED,2022-09-18,
FND-002583,INV-00066,MEDIUM,MISSING_RECEIPT,Expense claim EXP-184994 submitted for Equipment without an attached supporting receipt.,0.59,RESOLVED,2022-09-17,2022-10-02
FND-002584,INV-00072,LOW,MISSING_RECEIPT,Expense claim missing receipt. Policy POL-0007 requires receipts for all claims above $75.,0.494,VALIDATED,2024-03-17,2024-03-29
FND-002585,INV-00438,MEDIUM,MISSING_RECEIPT,"Reimbursement of $17,649 for Software was approved despite no receipt documentation in the system.",0.58,OPEN,2021-09-23,2021-10-14
FND-002586,INV-00392,MEDIUM,MISSING_RECEIPT,"Employee EMP-26649 submitted 6 claims totalling $17,131 without receipts in the review period.",0.598,VALIDATED,2021-12-20,2022-01-13
FND-002587,INV-00412,MEDIUM,APPROVAL_LIMIT,"Escalation protocol was bypassed. Transaction valued at $421,517 was approved at L2 without L3 countersignature.",0.739,RESOLVED,2022-11-14,2022-11-21
FND-002588,INV-00346,LOW,EXPIRED_COMPLIANCE,Procurement team processed payment without checking compliance status. Certificate had been expired for 106 days.,0.327,OPEN,2024-02-23,2024-03-01
FND-002589,INV-00256,LOW,APPROVAL_LIMIT,"Escalation protocol was bypassed. Transaction valued at $472,357 was approved at L2 without L3 countersignature.",0.618,RESOLVED,2022-09-02,2022-09-03
FND-002590,INV-00184,MEDIUM,VENDOR_RISK,"High-risk vendor TitanPath Holdings Ltd has no compliance record on file. Payment of $474,212 released without compliance clearance.",0.566,OPEN,2022-04-09,2022-04-27
FND-002591,INV-00327,HIGH,POLICY_BREACH,Employee submitted Marketing claim 33% above the authorised policy limit without prior exception approval.,0.619,OPEN,2023-02-28,2023-03-08
FND-002592,INV-00427,MEDIUM,FRAUD_PATTERN,Employee EMP-22686 submitted 2 expense claims within 72 hours for identical amounts — potential duplicate fraud pattern.,0.518,VALIDATED,2024-05-15,2024-05-22
FND-002593,INV-00453,MEDIUM,POLICY_BREACH,"Expense claim of $411,337 for Consulting exceeds the policy maximum of $25,000. Overage: $16,215.",0.684,VALIDATED,2024-07-24,2024-08-01
FND-002594,INV-00054,MEDIUM,FRAUD_PATTERN,Transaction routed through 7 intermediate accounts before reaching final beneficiary. Unusual for TRANSFER transaction type.,0.433,RESOLVED,2021-12-28,2022-01-08
FND-002595,INV-00432,MEDIUM,APPROVAL_LIMIT,"Payment of $366,454 approved at Level 3, which has a limit of $25,000. Transaction exceeded limit by $32,594.",0.601,RESOLVED,2022-09-14,2022-10-08
FND-002596,INV-00273,MEDIUM,POLICY_BREACH,"Claim EXP-184348 violates Policy POL-0004 section 4.2: Equipment expenditure capped at $25,000 per event.",0.672,OPEN,2021-06-27,
FND-002597,INV-00114,MEDIUM,APPROVAL_LIMIT,"Payment of $498,652 approved at Level 3, which has a limit of $5,000. Transaction exceeded limit by $49,506.",0.669,OPEN,2021-07-03,2021-07-05
FND-002598,INV-00176,CRITICAL,EXPIRED_COMPLIANCE,Procurement team processed payment without checking compliance status. Certificate had been expired for 413 days.,0.886,RESOLVED,2021-06-05,
FND-002599,INV-00168,LOW,VENDOR_RISK,"High-risk vendor Acuity Systems Inc has no compliance record on file. Payment of $451,353 released without compliance clearance.",0.586,VALIDATED,2023-06-16,
FND-002600,INV-00327,LOW,MISSING_RECEIPT,"Reimbursement of $418,704 for Travel was approved despite no receipt documentation in the system.",0.423,OPEN,2023-09-03,2023-09-22
FND-002601,INV-00212,LOW,APPROVAL_LIMIT,"Payment of $131,257 approved at Level 1, which has a limit of $500,000. Transaction exceeded limit by $5,077.",0.439,RESOLVED,2023-10-14,2023-10-25
FND-002602,INV-00345,HIGH,EXPIRED_COMPLIANCE,Compliance record CMP-101832 for vendor KineticBlue Ltd International was in EXPIRED status at time of payment processing.,0.648,RESOLVED,2024-12-14,
FND-002603,INV-00396,MEDIUM,APPROVAL_LIMIT,"Escalation protocol was bypassed. Transaction valued at $35,098 was approved at L1 without L5 countersignature.",0.418,RESOLVED,2024-04-19,2024-05-13
FND-002604,INV-00153,LOW,MISSING_RECEIPT,"Reimbursement of $361,741 for Entertainment was approved despite no receipt documentation in the system.",0.569,VALIDATED,2024-11-18,
FND-002605,INV-00220,HIGH,MISSING_RECEIPT,"Employee EMP-89450 submitted 3 claims totalling $6,359 without receipts in the review period.",0.751,OPEN,2023-11-15,
FND-002606,INV-00233,MEDIUM,APPROVAL_LIMIT,Transaction processed with approval from an officer whose delegated authority was 66% below the required threshold.,0.75,VALIDATED,2022-06-19,2022-06-26
FND-002607,INV-00231,MEDIUM,VENDOR_RISK,"High-risk vendor MeridianTech Holdings has no compliance record on file. Payment of $425,628 released without compliance clearance.",0.441,ESCALATED,2024-04-05,
FND-002608,INV-00032,HIGH,APPROVAL_LIMIT,"Approval granted by EMP-62388 who was not authorised to approve amounts above $5,000. Transaction value: $467,284.",0.731,ESCALATED,2021-07-17,2021-08-05
FND-002609,INV-00065,LOW,APPROVAL_LIMIT,"Escalation protocol was bypassed. Transaction valued at $383,207 was approved at L3 without L4 countersignature.",0.55,VALIDATED,2022-03-25,2022-04-15
FND-002610,INV-00061,MEDIUM,EXPIRED_COMPLIANCE,Procurement team processed payment without checking compliance status. Certificate had been expired for 201 days.,0.635,VALIDATED,2024-11-23,2024-12-13
FND-002611,INV-00027,HIGH,MISSING_RECEIPT,"Employee EMP-76050 submitted 7 claims totalling $10,930 without receipts in the review period.",0.878,RESOLVED,2024-04-23,2024-05-13
FND-002612,INV-00167,MEDIUM,MISSING_RECEIPT,Expense claim missing receipt. Policy POL-0009 requires receipts for all claims above $50.,0.475,OPEN,2021-10-04,2021-10-14
FND-002613,INV-00339,MEDIUM,APPROVAL_LIMIT,"Payment of $254,354 approved at Level 3, which has a limit of $100,000. Transaction exceeded limit by $47,055.",0.476,RESOLVED,2022-03-23,2022-04-02
FND-002614,INV-00101,HIGH,APPROVAL_LIMIT,"Escalation protocol was bypassed. Transaction valued at $391,014 was approved at L1 without L5 countersignature.",0.821,VALIDATED,2024-05-09,
FND-002615,INV-00225,HIGH,APPROVAL_LIMIT,"Approval granted by EMP-67560 who was not authorised to approve amounts above $100,000. Transaction value: $147,085.",0.671,OPEN,2024-04-28,
FND-002616,INV-00435,MEDIUM,APPROVAL_LIMIT,"Payment of $328,603 approved at Level 2, which has a limit of $500,000. Transaction exceeded limit by $19,721.",0.549,VALIDATED,2024-06-27,2024-07-11
FND-002617,INV-00387,MEDIUM,POLICY_BREACH,"Expense claim of $400,723 for Travel exceeds the policy maximum of $500,000. Overage: $12,605.",0.576,VALIDATED,2023-07-09,2023-07-19
FND-002618,INV-00289,MEDIUM,APPROVAL_LIMIT,"Approval granted by EMP-63833 who was not authorised to approve amounts above $5,000. Transaction value: $58,077.",0.642,RESOLVED,2021-09-30,2021-10-15
FND-002619,INV-00485,MEDIUM,APPROVAL_LIMIT,"Approval granted by EMP-88711 who was not authorised to approve amounts above $500,000. Transaction value: $423,093.",0.633,OPEN,2022-12-08,2022-12-18
FND-002620,INV-00023,LOW,VENDOR_RISK,"BLACKLISTED vendor VND-VND-03483 received payment of $77,000 via contract CON-108735 that was not updated following blacklisting.",0.326,OPEN,2022-09-05,
FND-002621,INV-00111,LOW,EXPIRED_COMPLIANCE,"Payment of $151,837 released to Apex Solutions Ltd whose SOC 2 compliance expired 495 days before payment date.",0.318,OPEN,2024-08-01,2024-08-19
FND-002622,INV-00134,CRITICAL,FRAUD_PATTERN,"Round-number transaction of $367,419 processed at 05:29 — outside standard business hours. Flagged by anomaly detection.",0.819,ESCALATED,2024-02-25,2024-03-16
FND-002623,INV-00328,MEDIUM,APPROVAL_LIMIT,"Payment of $79,417 approved at Level 3, which has a limit of $100,000. Transaction exceeded limit by $7,260.",0.666,VALIDATED,2024-02-21,2024-03-03
FND-002624,INV-00038,MEDIUM,APPROVAL_LIMIT,"Approval granted by EMP-71178 who was not authorised to approve amounts above $100,000. Transaction value: $82,490.",0.544,RESOLVED,2023-12-18,2024-01-16
FND-002625,INV-00230,MEDIUM,FRAUD_PATTERN,Transaction routed through 4 intermediate accounts before reaching final beneficiary. Unusual for TRANSFER transaction type.,0.441,OPEN,2023-09-08,2023-09-28
FND-002626,INV-00175,MEDIUM,APPROVAL_LIMIT,"Approval granted by EMP-18457 who was not authorised to approve amounts above $500,000. Transaction value: $365,511.",0.432,FALSE_POSITIVE,2024-03-02,2024-03-16
FND-002627,INV-00408,LOW,MISSING_RECEIPT,Expense claim missing receipt. Policy POL-0009 requires receipts for all claims above $50.,0.208,ESCALATED,2023-11-16,
FND-002628,INV-00021,MEDIUM,MISSING_RECEIPT,"Reimbursement of $312,863 for Accommodation was approved despite no receipt documentation in the system.",0.585,FALSE_POSITIVE,2022-09-30,2022-10-24
FND-002629,INV-00473,MEDIUM,MISSING_RECEIPT,"Employee EMP-56148 submitted 5 claims totalling $6,955 without receipts in the review period.",0.484,VALIDATED,2023-06-30,2023-07-18
FND-002630,INV-00075,MEDIUM,EXPIRED_COMPLIANCE,Compliance record CMP-107276 for vendor PrimeAxis Corp was in EXPIRED status at time of payment processing.,0.603,ESCALATED,2023-03-03,2023-03-31
FND-002631,INV-00262,MEDIUM,APPROVAL_LIMIT,"Payment of $133,454 approved at Level 1, which has a limit of $500,000. Transaction exceeded limit by $1,349.",0.626,VALIDATED,2023-05-08,2023-06-04
FND-002632,INV-00070,LOW,APPROVAL_LIMIT,"Payment of $490,643 approved at Level 1, which has a limit of $5,000. Transaction exceeded limit by $6,251.",0.26,VALIDATED,2022-11-14,2022-11-30
FND-002633,INV-00242,LOW,EXPIRED_COMPLIANCE,Compliance record CMP-104928 for vendor InnoCore Dynamics Ltd was in EXPIRED status at time of payment processing.,0.526,VALIDATED,2022-07-18,2022-07-29
FND-002634,INV-00339,MEDIUM,APPROVAL_LIMIT,"Approval granted by EMP-87585 who was not authorised to approve amounts above $5,000. Transaction value: $345,961.",0.527,OPEN,2024-03-22,2024-03-31
FND-002635,INV-00165,MEDIUM,EXPIRED_COMPLIANCE,Compliance record CMP-104479 for vendor MeridianTech Inc was in EXPIRED status at time of payment processing.,0.5,RESOLVED,2021-11-20,2021-12-10
FND-002636,INV-00449,MEDIUM,MISSING_RECEIPT,"Reimbursement of $294,582 for Office Supplies was approved despite no receipt documentation in the system.",0.721,VALIDATED,2021-06-24,2021-07-06
FND-002637,INV-00135,LOW,POLICY_BREACH,"Claim EXP-101969 violates Policy POL-0015 section 4.2: Training expenditure capped at $25,000 per event.",0.616,OPEN,2022-07-30,
FND-002638,INV-00281,MEDIUM,POLICY_BREACH,"Expense claim of $400,841 for Meals exceeds the policy maximum of $100,000. Overage: $38,433.",0.459,RESOLVED,2023-02-23,2023-03-14
FND-002639,INV-00076,MEDIUM,MISSING_RECEIPT,"Employee EMP-73605 submitted 8 claims totalling $8,732 without receipts in the review period.",0.581,VALIDATED,2024-12-14,
FND-002640,INV-00328,MEDIUM,APPROVAL_LIMIT,"Escalation protocol was bypassed. Transaction valued at $60,534 was approved at L2 without L5 countersignature.",0.54,VALIDATED,2023-11-10,2023-11-18
FND-002641,INV-00259,HIGH,EXPIRED_COMPLIANCE,Procurement team processed payment without checking compliance status. Certificate had been expired for 17 days.,0.798,RESOLVED,2024-11-10,2024-12-10
FND-002642,INV-00150,CRITICAL,POLICY_BREACH,"Entertainment expense of $321,161 submitted by EMP-28648 exceeds monthly policy allowance of $5,000.",0.825,FALSE_POSITIVE,2023-12-09,2024-01-01
FND-002643,INV-00281,LOW,POLICY_BREACH,Employee submitted Office Supplies claim 23% above the authorised policy limit without prior exception approval.,0.286,VALIDATED,2024-11-06,2024-11-12
FND-002644,INV-00251,MEDIUM,VENDOR_RISK,"Vendor XpressCore Dynamics Ltd holds CRITICAL risk rating. 5 payments totalling $7,530 processed in the audit period.",0.607,VALIDATED,2024-04-28,
FND-002645,INV-00268,LOW,APPROVAL_LIMIT,"Escalation protocol was bypassed. Transaction valued at $239,951 was approved at L1 without L5 countersignature.",0.501,OPEN,2022-10-03,2022-10-14
FND-002646,INV-00220,MEDIUM,MISSING_RECEIPT,Expense claim EXP-168552 submitted for Marketing without an attached supporting receipt.,0.609,ESCALATED,2024-12-24,2024-12-29
FND-002647,INV-00264,MEDIUM,EXPIRED_COMPLIANCE,"Payment of $307,303 released to Acuity Systems International whose SOC 2 compliance expired 397 days before payment date.",0.557,OPEN,2021-06-17,2021-07-16
FND-002648,INV-00187,MEDIUM,FRAUD_PATTERN,"Split payment pattern detected: 2 transactions to same beneficiary totalling $4,304 — each below approval threshold of $500,000.",0.642,VALIDATED,2022-08-27,
FND-002649,INV-00169,MEDIUM,EXPIRED_COMPLIANCE,Procurement team processed payment without checking compliance status. Certificate had been expired for 64 days.,0.703,OPEN,2024-02-01,
FND-002650,INV-00131,MEDIUM,APPROVAL_LIMIT,Transaction processed with approval from an officer whose delegated authority was 24% below the required threshold.,0.729,VALIDATED,2022-03-16,2022-04-09
FND-002651,INV-00120,HIGH,VENDOR_RISK,Payment issued to VND-VND-03006 rated LOW risk. Active contract CON-107683 in place. Enhanced due diligence not documented.,0.763,VALIDATED,2022-01-14,2022-02-03
FND-002652,INV-00145,MEDIUM,POLICY_BREACH,"Claim EXP-178322 violates Policy POL-0003 section 4.2: Consulting expenditure capped at $100,000 per event.",0.596,FALSE_POSITIVE,2023-12-09,2023-12-22
FND-002653,INV-00096,LOW,VENDOR_RISK,"BLACKLISTED vendor VND-VND-01557 received payment of $91,457 via contract CON-108663 that was not updated following blacklisting.",0.321,RESOLVED,2023-06-30,2023-07-18
FND-002654,INV-00467,HIGH,VENDOR_RISK,"High-risk vendor RapidCore Consulting LLC has no compliance record on file. Payment of $4,100 released without compliance clearance.",0.655,ESCALATED,2024-05-04,
FND-002655,INV-00367,LOW,MISSING_RECEIPT,Expense claim EXP-104670 submitted for Marketing without an attached supporting receipt.,0.535,RESOLVED,2024-01-19,2024-01-22
FND-002656,INV-00206,HIGH,MISSING_RECEIPT,"Employee EMP-75486 submitted 4 claims totalling $4,385 without receipts in the review period.",0.614,ESCALATED,2022-04-29,
FND-002657,INV-00074,MEDIUM,VENDOR_RISK,"Vendor UltraVista Technologies holds CRITICAL risk rating. 7 payments totalling $14,814 processed in the audit period.",0.485,OPEN,2023-03-10,2023-03-20
FND-002658,INV-00439,HIGH,APPROVAL_LIMIT,Transaction processed with approval from an officer whose delegated authority was 36% below the required threshold.,0.62,VALIDATED,2023-02-20,2023-03-17
FND-002659,INV-00397,MEDIUM,MISSING_RECEIPT,"Employee EMP-65554 submitted 2 claims totalling $13,478 without receipts in the review period.",0.646,VALIDATED,2022-01-06,2022-01-23
FND-002660,INV-00428,MEDIUM,MISSING_RECEIPT,"Reimbursement of $487,849 for Accommodation was approved despite no receipt documentation in the system.",0.621,RESOLVED,2023-10-05,2023-10-12
FND-002661,INV-00439,MEDIUM,MISSING_RECEIPT,"Reimbursement of $286,995 for Travel was approved despite no receipt documentation in the system.",0.494,ESCALATED,2022-08-15,2022-08-25
FND-002662,INV-00146,MEDIUM,APPROVAL_LIMIT,"Payment of $324,157 approved at Level 2, which has a limit of $25,000. Transaction exceeded limit by $46,841.",0.535,OPEN,2022-04-15,2022-04-30
FND-002663,INV-00090,LOW,MISSING_RECEIPT,"Reimbursement of $257,819 for Training was approved despite no receipt documentation in the system.",0.237,VALIDATED,2023-08-20,
FND-002664,INV-00308,MEDIUM,VENDOR_RISK,Payment issued to VND-VND-00181 rated MEDIUM risk. Active contract CON-104992 in place. Enhanced due diligence not documented.,0.582,OPEN,2021-11-30,
FND-002665,INV-00167,CRITICAL,APPROVAL_LIMIT,"Approval granted by EMP-19138 who was not authorised to approve amounts above $5,000. Transaction value: $404,137.",0.839,VALIDATED,2023-05-17,2023-05-31
FND-002666,INV-00087,MEDIUM,APPROVAL_LIMIT,"Escalation protocol was bypassed. Transaction valued at $1,584 was approved at L1 without L3 countersignature.",0.713,OPEN,2022-07-18,2022-08-14
FND-002667,INV-00142,MEDIUM,MISSING_RECEIPT,"Reimbursement of $437,616 for Equipment was approved despite no receipt documentation in the system.",0.532,RESOLVED,2022-05-07,
FND-002668,INV-00390,LOW,APPROVAL_LIMIT,"Escalation protocol was bypassed. Transaction valued at $265,641 was approved at L2 without L4 countersignature.",0.211,VALIDATED,2022-12-11,2023-01-04
FND-002669,INV-00076,LOW,APPROVAL_LIMIT,Transaction processed with approval from an officer whose delegated authority was 22% below the required threshold.,0.268,OPEN,2022-05-23,2022-05-30
FND-002670,INV-00215,MEDIUM,POLICY_BREACH,"Entertainment expense of $315,867 submitted by EMP-92183 exceeds monthly policy allowance of $25,000.",0.521,ESCALATED,2022-05-02,
FND-002671,INV-00162,HIGH,FRAUD_PATTERN,"Split payment pattern detected: 8 transactions to same beneficiary totalling $16,187 — each below approval threshold of $5,000.",0.676,VALIDATED,2023-08-17,2023-08-22
FND-002672,INV-00081,MEDIUM,VENDOR_RISK,"High-risk vendor QuantumEdge Solutions International has no compliance record on file. Payment of $108,973 released without compliance clearance.",0.648,RESOLVED,2023-07-27,2023-08-04
FND-002673,INV-00254,MEDIUM,POLICY_BREACH,"Claim EXP-119381 violates Policy POL-0001 section 4.2: Consulting expenditure capped at $25,000 per event.",0.455,VALIDATED,2021-09-10,2021-09-22
FND-002674,INV-00380,LOW,MISSING_RECEIPT,Expense claim missing receipt. Policy POL-0015 requires receipts for all claims above $75.,0.507,RESOLVED,2023-01-21,2023-02-02
FND-002675,INV-00408,LOW,VENDOR_RISK,"Vendor QuantumEdge Solutions Group holds CRITICAL risk rating. 6 payments totalling $11,588 processed in the audit period.",0.585,VALIDATED,2023-10-27,2023-10-28
FND-002676,INV-00164,HIGH,MISSING_RECEIPT,"Reimbursement of $440,926 for Consulting was approved despite no receipt documentation in the system.",0.729,OPEN,2023-07-28,
FND-002677,INV-00457,MEDIUM,VENDOR_RISK,"High-risk vendor UnityCore Technologies Group has no compliance record on file. Payment of $329,571 released without compliance clearance.",0.624,VALIDATED,2024-01-19,2024-02-02
FND-002678,INV-00419,CRITICAL,VENDOR_RISK,"High-risk vendor MomentumCore Corp Inc has no compliance record on file. Payment of $82,459 released without compliance clearance.",0.853,RESOLVED,2021-11-11,
FND-002679,INV-00301,MEDIUM,VENDOR_RISK,"Vendor Delta_Logistics holds CRITICAL risk rating. 5 payments totalling $3,644 processed in the audit period.",0.632,VALIDATED,2024-11-07,2024-11-24
FND-002680,INV-00029,HIGH,EXPIRED_COMPLIANCE,"Vendor VND-VND-00278 received payment of $346,639 on 2024-02-06. Compliance certificate expired on 2022-06-28 — 122 days prior.",0.651,OPEN,2021-08-11,
FND-002681,INV-00210,LOW,VENDOR_RISK,"High-risk vendor EdgeWave Technologies LLC has no compliance record on file. Payment of $6,335 released without compliance clearance.",0.265,RESOLVED,2022-08-20,2022-09-16
FND-002682,INV-00434,MEDIUM,POLICY_BREACH,Employee submitted Travel claim 77% above the authorised policy limit without prior exception approval.,0.747,VALIDATED,2024-04-23,2024-04-25
FND-002683,INV-00439,HIGH,FRAUD_PATTERN,Employee EMP-69792 submitted 6 expense claims within 72 hours for identical amounts — potential duplicate fraud pattern.,0.772,VALIDATED,2023-07-09,
FND-002684,INV-00253,MEDIUM,MISSING_RECEIPT,"Employee EMP-95199 submitted 5 claims totalling $1,205 without receipts in the review period.",0.589,OPEN,2024-07-18,2024-07-20
FND-002685,INV-00300,MEDIUM,POLICY_BREACH,"Expense claim of $214,242 for Consulting exceeds the policy maximum of $500,000. Overage: $6,405.",0.463,OPEN,2021-09-04,2021-10-02
FND-002686,INV-00221,MEDIUM,APPROVAL_LIMIT,"Approval granted by EMP-83634 who was not authorised to approve amounts above $100,000. Transaction value: $35,878.",0.675,OPEN,2021-12-05,2021-12-13
FND-002687,INV-00125,MEDIUM,VENDOR_RISK,"BLACKLISTED vendor VND-VND-02081 received payment of $200,916 via contract CON-101628 that was not updated following blacklisting.",0.703,OPEN,2023-04-18,2023-05-04
FND-002688,INV-00107,LOW,POLICY_BREACH,"Claim EXP-185455 violates Policy POL-0015 section 4.2: Accommodation expenditure capped at $100,000 per event.",0.304,FALSE_POSITIVE,2021-10-21,2021-11-09
FND-002689,INV-00401,LOW,VENDOR_RISK,"High-risk vendor TitanPath Holdings LLC has no compliance record on file. Payment of $141,175 released without compliance clearance.",0.577,OPEN,2024-12-14,2025-01-03
FND-002690,INV-00073,MEDIUM,APPROVAL_LIMIT,"Escalation protocol was bypassed. Transaction valued at $338,339 was approved at L3 without L4 countersignature.",0.486,RESOLVED,2022-03-14,2022-04-04
FND-002691,INV-00356,HIGH,APPROVAL_LIMIT,"Payment of $388,475 approved at Level 2, which has a limit of $100,000. Transaction exceeded limit by $42,552.",0.684,VALIDATED,2023-10-13,2023-11-09
FND-002692,INV-00031,MEDIUM,APPROVAL_LIMIT,"Payment of $307,185 approved at Level 2, which has a limit of $500,000. Transaction exceeded limit by $502.",0.705,FALSE_POSITIVE,2022-03-20,
FND-002693,INV-00089,CRITICAL,APPROVAL_LIMIT,Transaction processed with approval from an officer whose delegated authority was 8% below the required threshold.,0.874,VALIDATED,2023-01-18,
FND-002694,INV-00212,LOW,EXPIRED_COMPLIANCE,"Vendor VND-VND-03900 received payment of $457,787 on 2022-04-22. Compliance certificate expired on 2021-05-05 — 297 days prior.",0.216,VALIDATED,2022-12-05,
FND-002695,INV-00276,HIGH,VENDOR_RISK,"BLACKLISTED vendor VND-VND-01884 received payment of $98,432 via contract CON-104655 that was not updated following blacklisting.",0.704,VALIDATED,2024-10-31,
FND-002696,INV-00205,LOW,MISSING_RECEIPT,"Reimbursement of $218,484 for Meals was approved despite no receipt documentation in the system.",0.358,RESOLVED,2022-09-16,
FND-002697,INV-00366,MEDIUM,POLICY_BREACH,"Expense claim of $432,660 for Training exceeds the policy maximum of $25,000. Overage: $40,024.",0.546,RESOLVED,2022-05-22,2022-05-29
FND-002698,INV-00166,LOW,MISSING_RECEIPT,Expense claim missing receipt. Policy POL-0006 requires receipts for all claims above $75.,0.433,VALIDATED,2024-11-07,2024-12-06
FND-002699,INV-00300,HIGH,VENDOR_RISK,"Vendor BridgeTech Consulting LLC holds CRITICAL risk rating. 7 payments totalling $4,016 processed in the audit period.",0.877,FALSE_POSITIVE,2022-01-04,
FND-002700,INV-00492,MEDIUM,VENDOR_RISK,Payment issued to VND-VND-00488 rated LOW risk. Active contract CON-101472 in place. Enhanced due diligence not documented.,0.421,RESOLVED,2023-08-25,
FND-002701,INV-00332,MEDIUM,POLICY_BREACH,"Entertainment expense of $206,547 submitted by EMP-90122 exceeds monthly policy allowance of $5,000.",0.427,OPEN,2021-08-05,
FND-002702,INV-00037,MEDIUM,POLICY_BREACH,Employee submitted Accommodation claim 71% above the authorised policy limit without prior exception approval.,0.68,RESOLVED,2023-10-17,2023-11-14
FND-002703,INV-00278,MEDIUM,APPROVAL_LIMIT,"Payment of $10,776 approved at Level 2, which has a limit of $500,000. Transaction exceeded limit by $27,788.",0.557,RESOLVED,2021-10-17,2021-10-22
FND-002704,INV-00243,CRITICAL,EXPIRED_COMPLIANCE,Compliance record CMP-108291 for vendor VertiLink Distributors Group was in EXPIRED status at time of payment processing.,0.864,VALIDATED,2022-03-19,2022-04-10
FND-002705,INV-00143,CRITICAL,POLICY_BREACH,"Expense claim of $45,663 for Training exceeds the policy maximum of $25,000. Overage: $5,792.",0.896,RESOLVED,2024-12-25,2024-12-30
FND-002706,INV-00332,HIGH,FRAUD_PATTERN,Employee EMP-84050 submitted 4 expense claims within 72 hours for identical amounts — potential duplicate fraud pattern.,0.74,VALIDATED,2024-12-21,2024-12-23
FND-002707,INV-00137,MEDIUM,POLICY_BREACH,"Expense claim of $410,454 for Office Supplies exceeds the policy maximum of $5,000. Overage: $23,573.",0.735,VALIDATED,2021-09-06,2021-09-27
FND-002708,INV-00159,LOW,POLICY_BREACH,"Entertainment expense of $25,597 submitted by EMP-53771 exceeds monthly policy allowance of $500,000.",0.286,RESOLVED,2022-03-14,2022-04-04
FND-002709,INV-00285,HIGH,MISSING_RECEIPT,Expense claim missing receipt. Policy POL-0011 requires receipts for all claims above $200.,0.754,VALIDATED,2024-03-01,2024-03-07
FND-002710,INV-00447,MEDIUM,APPROVAL_LIMIT,"Escalation protocol was bypassed. Transaction valued at $174,939 was approved at L3 without L5 countersignature.",0.658,VALIDATED,2024-07-02,
FND-002711,INV-00208,LOW,MISSING_RECEIPT,"Employee EMP-82056 submitted 8 claims totalling $17,017 without receipts in the review period.",0.316,VALIDATED,2024-01-10,2024-01-24
FND-002712,INV-00178,HIGH,POLICY_BREACH,Employee submitted Equipment claim 42% above the authorised policy limit without prior exception approval.,0.768,OPEN,2023-01-09,
FND-002713,INV-00470,CRITICAL,FRAUD_PATTERN,Employee EMP-10995 submitted 2 expense claims within 72 hours for identical amounts — potential duplicate fraud pattern.,0.852,OPEN,2024-01-10,2024-01-15
FND-002714,INV-00375,MEDIUM,POLICY_BREACH,"Expense claim of $31,083 for Accommodation exceeds the policy maximum of $500,000. Overage: $15,461.",0.427,ESCALATED,2024-06-29,2024-07-01
FND-002715,INV-00201,MEDIUM,VENDOR_RISK,"Vendor BlueStar Procurement Ltd holds CRITICAL risk rating. 5 payments totalling $3,176 processed in the audit period.",0.446,VALIDATED,2021-11-18,2021-12-18
FND-002716,INV-00302,LOW,APPROVAL_LIMIT,"Escalation protocol was bypassed. Transaction valued at $422,450 was approved at L1 without L3 countersignature.",0.381,FALSE_POSITIVE,2022-12-02,2022-12-29
FND-002717,INV-00300,MEDIUM,POLICY_BREACH,"Claim EXP-158518 violates Policy POL-0020 section 4.2: Equipment expenditure capped at $100,000 per event.",0.412,OPEN,2022-07-16,
FND-002718,INV-00101,LOW,EXPIRED_COMPLIANCE,"Vendor VND-VND-01616 received payment of $406,599 on 2022-04-30. Compliance certificate expired on 2022-10-12 — 142 days prior.",0.256,FALSE_POSITIVE,2022-04-21,2022-05-11
FND-002719,INV-00422,MEDIUM,APPROVAL_LIMIT,"Escalation protocol was bypassed. Transaction valued at $48,998 was approved at L2 without L5 countersignature.",0.454,VALIDATED,2024-02-23,2024-03-18
FND-002720,INV-00245,MEDIUM,VENDOR_RISK,"BLACKLISTED vendor VND-VND-03457 received payment of $98,280 via contract CON-103242 that was not updated following blacklisting.",0.475,ESCALATED,2023-10-14,2023-11-02
FND-002721,INV-00102,LOW,POLICY_BREACH,"Entertainment expense of $240,680 submitted by EMP-98880 exceeds monthly policy allowance of $5,000.",0.53,VALIDATED,2024-02-01,2024-03-02
FND-002722,INV-00093,CRITICAL,MISSING_RECEIPT,Expense claim EXP-186075 submitted for Software without an attached supporting receipt.,0.827,ESCALATED,2023-06-12,2023-06-16
FND-002723,INV-00255,LOW,VENDOR_RISK,"Vendor XpressCore Dynamics Ltd holds CRITICAL risk rating. 3 payments totalling $2,878 processed in the audit period.",0.589,VALIDATED,2021-09-02,2021-09-12
FND-002724,INV-00025,LOW,APPROVAL_LIMIT,"Payment of $389,650 approved at Level 3, which has a limit of $500,000. Transaction exceeded limit by $38,717.",0.492,RESOLVED,2024-01-15,2024-01-29
FND-002725,INV-00235,CRITICAL,POLICY_BREACH,"Claim EXP-183017 violates Policy POL-0004 section 4.2: Equipment expenditure capped at $25,000 per event.",0.843,VALIDATED,2022-09-07,
FND-002726,INV-00232,CRITICAL,MISSING_RECEIPT,"Reimbursement of $449,177 for Office Supplies was approved despite no receipt documentation in the system.",0.934,ESCALATED,2022-12-01,2022-12-12
FND-002727,INV-00025,MEDIUM,VENDOR_RISK,"Vendor JetStream Analytics Holdings holds CRITICAL risk rating. 8 payments totalling $10,880 processed in the audit period.",0.633,OPEN,2022-07-10,2022-07-16
FND-002728,INV-00349,HIGH,FRAUD_PATTERN,Employee EMP-68009 submitted 5 expense claims within 72 hours for identical amounts — potential duplicate fraud pattern.,0.659,VALIDATED,2022-07-10,2022-08-07
FND-002729,INV-00174,HIGH,MISSING_RECEIPT,Expense claim missing receipt. Policy POL-0019 requires receipts for all claims above $75.,0.833,FALSE_POSITIVE,2024-05-06,
FND-002730,INV-00494,MEDIUM,POLICY_BREACH,Employee submitted Entertainment claim 29% above the authorised policy limit without prior exception approval.,0.555,VALIDATED,2022-07-29,
FND-002731,INV-00358,MEDIUM,MISSING_RECEIPT,"Employee EMP-70628 submitted 7 claims totalling $4,048 without receipts in the review period.",0.659,FALSE_POSITIVE,2022-01-08,2022-01-20
FND-002732,INV-00126,MEDIUM,EXPIRED_COMPLIANCE,Compliance record CMP-100353 for vendor QuantumEdge Solutions Ltd was in EXPIRED status at time of payment processing.,0.477,OPEN,2022-04-09,2022-04-23
FND-002733,INV-00483,MEDIUM,APPROVAL_LIMIT,"Escalation protocol was bypassed. Transaction valued at $166,898 was approved at L3 without L3 countersignature.",0.648,RESOLVED,2023-08-27,2023-08-31
FND-002734,INV-00165,MEDIUM,MISSING_RECEIPT,"Reimbursement of $136,814 for Accommodation was approved despite no receipt documentation in the system.",0.568,OPEN,2023-02-18,2023-03-04
FND-002735,INV-00140,MEDIUM,EXPIRED_COMPLIANCE,"Vendor VND-VND-04764 received payment of $374,286 on 2022-10-21. Compliance certificate expired on 2021-02-21 — 538 days prior.",0.661,OPEN,2024-06-24,
FND-002736,INV-00201,HIGH,MISSING_RECEIPT,"Reimbursement of $145,210 for Marketing was approved despite no receipt documentation in the system.",0.867,RESOLVED,2024-02-03,2024-02-12
FND-002737,INV-00314,MEDIUM,VENDOR_RISK,"BLACKLISTED vendor VND-VND-03618 received payment of $385,938 via contract CON-102481 that was not updated following blacklisting.",0.465,RESOLVED,2023-12-12,2023-12-22
FND-002738,INV-00172,HIGH,VENDOR_RISK,"High-risk vendor JetStream Analytics Group has no compliance record on file. Payment of $116,422 released without compliance clearance.",0.836,OPEN,2023-02-26,2023-03-23
FND-002739,INV-00136,MEDIUM,MISSING_RECEIPT,Expense claim EXP-142475 submitted for Entertainment without an attached supporting receipt.,0.583,VALIDATED,2024-08-11,
FND-002740,INV-00181,MEDIUM,APPROVAL_LIMIT,"Approval granted by EMP-53081 who was not authorised to approve amounts above $100,000. Transaction value: $285,233.",0.677,OPEN,2022-08-24,2022-09-23
FND-002741,INV-00377,LOW,VENDOR_RISK,"High-risk vendor HorizonEdge Inc International has no compliance record on file. Payment of $420,360 released without compliance clearance.",0.487,RESOLVED,2022-11-13,2022-11-20
FND-002742,INV-00181,MEDIUM,VENDOR_RISK,Payment issued to VND-VND-02382 rated LOW risk. Active contract CON-109380 in place. Enhanced due diligence not documented.,0.711,OPEN,2023-10-27,
FND-002743,INV-00239,LOW,APPROVAL_LIMIT,"Payment of $54,972 approved at Level 2, which has a limit of $100,000. Transaction exceeded limit by $44,312.",0.324,OPEN,2021-10-17,2021-11-14
FND-002744,INV-00061,MEDIUM,VENDOR_RISK,"Vendor MomentumCore Corp holds CRITICAL risk rating. 4 payments totalling $5,928 processed in the audit period.",0.669,VALIDATED,2023-06-30,2023-07-06
FND-002745,INV-00179,HIGH,MISSING_RECEIPT,Expense claim EXP-106206 submitted for Marketing without an attached supporting receipt.,0.897,ESCALATED,2024-03-04,2024-03-18
FND-002746,INV-00177,MEDIUM,EXPIRED_COMPLIANCE,"Payment of $126,787 released to LucentBridge Technologies Inc whose GDPR compliance expired 251 days before payment date.",0.714,VALIDATED,2021-06-01,2021-06-08
FND-002747,INV-00134,MEDIUM,MISSING_RECEIPT,Expense claim missing receipt. Policy POL-0007 requires receipts for all claims above $75.,0.517,VALIDATED,2021-10-07,2021-10-10
FND-002748,INV-00230,MEDIUM,POLICY_BREACH,"Expense claim of $482,860 for Equipment exceeds the policy maximum of $500,000. Overage: $25,078.",0.739,RESOLVED,2022-12-05,2022-12-19
FND-002749,INV-00410,MEDIUM,VENDOR_RISK,"Vendor JadeCore Solutions holds CRITICAL risk rating. 8 payments totalling $8,258 processed in the audit period.",0.707,VALIDATED,2022-07-18,2022-07-22
FND-002750,INV-00035,LOW,APPROVAL_LIMIT,Transaction processed with approval from an officer whose delegated authority was 60% below the required threshold.,0.395,VALIDATED,2021-12-02,2021-12-20
FND-002751,INV-00473,MEDIUM,FRAUD_PATTERN,"Split payment pattern detected: 4 transactions to same beneficiary totalling $10,302 — each below approval threshold of $500,000.",0.749,RESOLVED,2023-05-27,2023-05-30
FND-002752,INV-00142,LOW,APPROVAL_LIMIT,"Escalation protocol was bypassed. Transaction valued at $191,269 was approved at L3 without L3 countersignature.",0.434,RESOLVED,2022-04-29,2022-05-13
FND-002753,INV-00030,CRITICAL,FRAUD_PATTERN,"Split payment pattern detected: 4 transactions to same beneficiary totalling $1,087 — each below approval threshold of $5,000.",0.94,RESOLVED,2021-06-04,2021-06-10
FND-002754,INV-00301,MEDIUM,APPROVAL_LIMIT,Transaction processed with approval from an officer whose delegated authority was 50% below the required threshold.,0.424,OPEN,2023-12-21,
FND-002755,INV-00170,MEDIUM,MISSING_RECEIPT,Expense claim missing receipt. Policy POL-0013 requires receipts for all claims above $100.,0.453,ESCALATED,2023-09-25,2023-10-23
FND-002756,INV-00389,MEDIUM,APPROVAL_LIMIT,"Approval granted by EMP-56060 who was not authorised to approve amounts above $100,000. Transaction value: $43,407.",0.657,OPEN,2024-01-16,2024-01-26
FND-002757,INV-00191,MEDIUM,APPROVAL_LIMIT,"Approval granted by EMP-25841 who was not authorised to approve amounts above $25,000. Transaction value: $414,767.",0.642,ESCALATED,2022-10-09,2022-11-07
FND-002758,INV-00075,MEDIUM,POLICY_BREACH,"Claim EXP-157429 violates Policy POL-0014 section 4.2: Equipment expenditure capped at $500,000 per event.",0.43,ESCALATED,2023-09-08,2023-09-19
FND-002759,INV-00291,MEDIUM,APPROVAL_LIMIT,"Payment of $262,500 approved at Level 3, which has a limit of $100,000. Transaction exceeded limit by $26,930.",0.611,VALIDATED,2022-01-17,
FND-002760,INV-00154,MEDIUM,VENDOR_RISK,"BLACKLISTED vendor VND-VND-04618 received payment of $147,879 via contract CON-107535 that was not updated following blacklisting.",0.45,OPEN,2024-06-20,2024-06-29
FND-002761,INV-00182,MEDIUM,FRAUD_PATTERN,"Split payment pattern detected: 8 transactions to same beneficiary totalling $11,574 — each below approval threshold of $500,000.",0.671,RESOLVED,2023-07-30,
FND-002762,INV-00390,LOW,FRAUD_PATTERN,"Round-number transaction of $3,621 processed at 05:16 — outside standard business hours. Flagged by anomaly detection.",0.423,RESOLVED,2022-01-06,2022-01-19
FND-002763,INV-00139,LOW,EXPIRED_COMPLIANCE,Compliance record CMP-109219 for vendor Apex Solutions Holdings was in EXPIRED status at time of payment processing.,0.289,OPEN,2023-08-04,2023-08-13
FND-002764,INV-00323,LOW,POLICY_BREACH,"Expense claim of $231,094 for Consulting exceeds the policy maximum of $5,000. Overage: $18,746.",0.464,OPEN,2023-10-26,2023-11-21
FND-002765,INV-00267,HIGH,MISSING_RECEIPT,Expense claim missing receipt. Policy POL-0020 requires receipts for all claims above $200.,0.757,VALIDATED,2024-09-14,2024-09-17
FND-002766,INV-00014,HIGH,VENDOR_RISK,"High-risk vendor VertiLink Distributors Inc has no compliance record on file. Payment of $322,152 released without compliance clearance.",0.674,OPEN,2022-06-30,2022-07-27
FND-002767,INV-00018,HIGH,VENDOR_RISK,"BLACKLISTED vendor VND-VND-04222 received payment of $450,610 via contract CON-109952 that was not updated following blacklisting.",0.682,RESOLVED,2024-12-07,2024-12-28
FND-002768,INV-00087,MEDIUM,MISSING_RECEIPT,"Reimbursement of $202,817 for Office Supplies was approved despite no receipt documentation in the system.",0.702,OPEN,2022-07-26,2022-08-18
FND-002769,INV-00195,MEDIUM,MISSING_RECEIPT,Expense claim EXP-171493 submitted for Training without an attached supporting receipt.,0.749,RESOLVED,2024-06-22,
FND-002770,INV-00180,HIGH,MISSING_RECEIPT,Expense claim missing receipt. Policy POL-0014 requires receipts for all claims above $50.,0.845,FALSE_POSITIVE,2022-04-27,2022-05-20
FND-002771,INV-00500,CRITICAL,MISSING_RECEIPT,"Employee EMP-92091 submitted 5 claims totalling $2,227 without receipts in the review period.",0.806,OPEN,2021-08-03,2021-08-04
FND-002772,INV-00182,MEDIUM,APPROVAL_LIMIT,"Escalation protocol was bypassed. Transaction valued at $67,114 was approved at L3 without L3 countersignature.",0.402,OPEN,2022-06-04,2022-06-22
FND-002773,INV-00154,MEDIUM,EXPIRED_COMPLIANCE,"Payment of $111,743 released to GreenBridge Consulting Group whose SOC 2 compliance expired 445 days before payment date.",0.652,ESCALATED,2021-07-07,2021-08-06
FND-002774,INV-00359,CRITICAL,POLICY_BREACH,"Claim EXP-185162 violates Policy POL-0001 section 4.2: Accommodation expenditure capped at $100,000 per event.",0.853,VALIDATED,2022-08-17,2022-09-09
FND-002775,INV-00166,MEDIUM,MISSING_RECEIPT,Expense claim EXP-145533 submitted for Office Supplies without an attached supporting receipt.,0.487,RESOLVED,2022-05-10,
FND-002776,INV-00424,CRITICAL,MISSING_RECEIPT,Expense claim EXP-176516 submitted for Software without an attached supporting receipt.,0.893,OPEN,2024-09-07,
FND-002777,INV-00408,MEDIUM,MISSING_RECEIPT,"Employee EMP-58887 submitted 5 claims totalling $6,879 without receipts in the review period.",0.589,VALIDATED,2023-08-25,2023-09-10
FND-002778,INV-00167,LOW,VENDOR_RISK,"Vendor TitanPath Holdings Ltd holds CRITICAL risk rating. 2 payments totalling $7,461 processed in the audit period.",0.33,OPEN,2024-01-17,2024-01-29
FND-002779,INV-00119,MEDIUM,APPROVAL_LIMIT,Transaction processed with approval from an officer whose delegated authority was 61% below the required threshold.,0.468,OPEN,2023-06-16,
FND-002780,INV-00465,CRITICAL,APPROVAL_LIMIT,Transaction processed with approval from an officer whose delegated authority was 33% below the required threshold.,0.909,VALIDATED,2022-11-19,2022-11-24
FND-002781,INV-00355,LOW,APPROVAL_LIMIT,"Approval granted by EMP-91253 who was not authorised to approve amounts above $5,000. Transaction value: $221,844.",0.45,RESOLVED,2021-12-28,2022-01-17
FND-002782,INV-00210,MEDIUM,FRAUD_PATTERN,"Round-number transaction of $279,341 processed at 01:23 — outside standard business hours. Flagged by anomaly detection.",0.65,ESCALATED,2023-01-06,
FND-002783,INV-00151,MEDIUM,POLICY_BREACH,"Expense claim of $400,167 for Marketing exceeds the policy maximum of $5,000. Overage: $32,899.",0.649,RESOLVED,2023-10-19,
FND-002784,INV-00049,HIGH,FRAUD_PATTERN,Employee EMP-38863 submitted 4 expense claims within 72 hours for identical amounts — potential duplicate fraud pattern.,0.89,VALIDATED,2022-12-26,
FND-002785,INV-00464,LOW,APPROVAL_LIMIT,"Approval granted by EMP-89686 who was not authorised to approve amounts above $100,000. Transaction value: $105,745.",0.269,VALIDATED,2021-12-14,2021-12-22
FND-002786,INV-00075,LOW,APPROVAL_LIMIT,"Payment of $388,005 approved at Level 2, which has a limit of $5,000. Transaction exceeded limit by $18,637.",0.574,VALIDATED,2022-07-08,2022-07-27
FND-002787,INV-00122,MEDIUM,MISSING_RECEIPT,"Employee EMP-93235 submitted 5 claims totalling $12,209 without receipts in the review period.",0.719,ESCALATED,2021-11-23,
FND-002788,INV-00074,LOW,MISSING_RECEIPT,"Reimbursement of $370,800 for Equipment was approved despite no receipt documentation in the system.",0.475,FALSE_POSITIVE,2024-12-19,2025-01-13
FND-002789,INV-00386,MEDIUM,POLICY_BREACH,"Entertainment expense of $100,806 submitted by EMP-35704 exceeds monthly policy allowance of $100,000.",0.466,OPEN,2022-07-26,2022-08-09
FND-002790,INV-00162,LOW,POLICY_BREACH,"Claim EXP-123946 violates Policy POL-0004 section 4.2: Consulting expenditure capped at $5,000 per event.",0.446,FALSE_POSITIVE,2022-11-03,
FND-002791,INV-00490,CRITICAL,EXPIRED_COMPLIANCE,Compliance record CMP-104416 for vendor IronPoint Manufacturing Group was in EXPIRED status at time of payment processing.,0.83,VALIDATED,2022-05-18,2022-06-10
FND-002792,INV-00353,MEDIUM,APPROVAL_LIMIT,"Escalation protocol was bypassed. Transaction valued at $372,036 was approved at L3 without L4 countersignature.",0.62,RESOLVED,2021-10-28,2021-11-05
FND-002793,INV-00114,LOW,MISSING_RECEIPT,Expense claim EXP-167332 submitted for Software without an attached supporting receipt.,0.624,VALIDATED,2021-08-22,2021-08-30
FND-002794,INV-00119,LOW,APPROVAL_LIMIT,Transaction processed with approval from an officer whose delegated authority was 63% below the required threshold.,0.287,OPEN,2024-08-15,2024-09-14
FND-002795,INV-00446,CRITICAL,EXPIRED_COMPLIANCE,"Vendor VND-VND-04623 received payment of $370,167 on 2023-07-11. Compliance certificate expired on 2021-02-25 — 73 days prior.",0.868,VALIDATED,2024-11-19,2024-12-03
FND-002796,INV-00222,LOW,EXPIRED_COMPLIANCE,"Payment of $451,238 released to OpenBridge Systems Inc whose GDPR compliance expired 310 days before payment date.",0.503,VALIDATED,2023-07-26,2023-07-29
FND-002797,INV-00059,MEDIUM,APPROVAL_LIMIT,"Escalation protocol was bypassed. Transaction valued at $77,368 was approved at L1 without L4 countersignature.",0.57,RESOLVED,2023-08-19,
FND-002798,INV-00476,MEDIUM,MISSING_RECEIPT,"Reimbursement of $13,902 for Consulting was approved despite no receipt documentation in the system.",0.659,ESCALATED,2021-06-28,2021-06-29
FND-002799,INV-00448,HIGH,MISSING_RECEIPT,"Reimbursement of $394,798 for Marketing was approved despite no receipt documentation in the system.",0.89,RESOLVED,2024-01-20,2024-02-19
FND-002800,INV-00202,HIGH,MISSING_RECEIPT,Expense claim missing receipt. Policy POL-0020 requires receipts for all claims above $75.,0.717,RESOLVED,2022-04-13,2022-05-09
FND-002801,INV-00176,LOW,EXPIRED_COMPLIANCE,"Vendor VND-VND-00961 received payment of $310,223 on 2023-04-22. Compliance certificate expired on 2022-01-16 — 337 days prior.",0.28,RESOLVED,2022-04-09,2022-04-21
FND-002802,INV-00344,LOW,EXPIRED_COMPLIANCE,Compliance record CMP-109770 for vendor BlueStar Procurement Inc was in EXPIRED status at time of payment processing.,0.301,RESOLVED,2021-10-29,2021-11-13
FND-002803,INV-00097,CRITICAL,EXPIRED_COMPLIANCE,"Vendor VND-VND-04531 received payment of $458,574 on 2022-01-03. Compliance certificate expired on 2020-09-14 — 508 days prior.",0.798,RESOLVED,2022-12-31,2023-01-30
FND-002804,INV-00183,LOW,APPROVAL_LIMIT,"Escalation protocol was bypassed. Transaction valued at $315,032 was approved at L1 without L3 countersignature.",0.476,OPEN,2024-10-08,2024-10-09
FND-002805,INV-00324,MEDIUM,FRAUD_PATTERN,"Split payment pattern detected: 8 transactions to same beneficiary totalling $4,502 — each below approval threshold of $500,000.",0.502,RESOLVED,2022-06-25,
FND-002806,INV-00312,CRITICAL,VENDOR_RISK,"Vendor Gamma_Co Inc holds CRITICAL risk rating. 2 payments totalling $12,297 processed in the audit period.",0.921,VALIDATED,2022-12-23,2022-12-31
FND-002807,INV-00435,LOW,FRAUD_PATTERN,Employee EMP-61854 submitted 5 expense claims within 72 hours for identical amounts — potential duplicate fraud pattern.,0.495,VALIDATED,2022-05-05,2022-05-13
FND-002808,INV-00418,MEDIUM,EXPIRED_COMPLIANCE,"Vendor VND-VND-00153 received payment of $224,895 on 2023-02-13. Compliance certificate expired on 2021-07-27 — 442 days prior.",0.469,VALIDATED,2023-05-31,2023-06-10
FND-002809,INV-00296,MEDIUM,EXPIRED_COMPLIANCE,"Vendor VND-VND-04251 received payment of $369,136 on 2022-10-03. Compliance certificate expired on 2020-06-19 — 162 days prior.",0.748,ESCALATED,2024-10-23,
FND-002810,INV-00077,MEDIUM,POLICY_BREACH,"Claim EXP-124775 violates Policy POL-0015 section 4.2: Marketing expenditure capped at $25,000 per event.",0.561,OPEN,2023-05-11,2023-06-07
FND-002811,INV-00058,LOW,MISSING_RECEIPT,Expense claim EXP-118984 submitted for Entertainment without an attached supporting receipt.,0.622,ESCALATED,2021-08-24,
FND-002812,INV-00235,MEDIUM,POLICY_BREACH,"Claim EXP-195483 violates Policy POL-0008 section 4.2: Software expenditure capped at $5,000 per event.",0.468,RESOLVED,2023-06-14,2023-06-22
FND-002813,INV-00385,LOW,APPROVAL_LIMIT,"Approval granted by EMP-57911 who was not authorised to approve amounts above $100,000. Transaction value: $475,881.",0.418,VALIDATED,2024-10-29,2024-11-17
FND-002814,INV-00466,LOW,POLICY_BREACH,"Entertainment expense of $126,635 submitted by EMP-88526 exceeds monthly policy allowance of $25,000.",0.247,ESCALATED,2022-12-18,
FND-002815,INV-00321,MEDIUM,APPROVAL_LIMIT,"Payment of $37,075 approved at Level 1, which has a limit of $5,000. Transaction exceeded limit by $20,160.",0.677,FALSE_POSITIVE,2022-01-06,2022-01-15
FND-002816,INV-00153,LOW,MISSING_RECEIPT,Expense claim EXP-169017 submitted for Travel without an attached supporting receipt.,0.281,RESOLVED,2024-02-06,
FND-002817,INV-00134,MEDIUM,EXPIRED_COMPLIANCE,"Payment of $26,543 released to WaveCore Manufacturing whose SOC 2 compliance expired 277 days before payment date.",0.63,OPEN,2024-01-30,2024-02-08
FND-002818,INV-00401,MEDIUM,APPROVAL_LIMIT,"Escalation protocol was bypassed. Transaction valued at $195,638 was approved at L2 without L4 countersignature.",0.541,OPEN,2024-10-06,2024-11-04
FND-002819,INV-00412,LOW,EXPIRED_COMPLIANCE,Compliance record CMP-105664 for vendor IronPoint Manufacturing Ltd was in EXPIRED status at time of payment processing.,0.291,RESOLVED,2023-04-15,2023-05-12
FND-002820,INV-00486,HIGH,VENDOR_RISK,Payment issued to VND-VND-03309 rated LOW risk. Active contract CON-105237 in place. Enhanced due diligence not documented.,0.82,ESCALATED,2021-06-04,2021-06-22
FND-002821,INV-00280,LOW,APPROVAL_LIMIT,Transaction processed with approval from an officer whose delegated authority was 48% below the required threshold.,0.404,RESOLVED,2022-09-21,2022-10-21
FND-002822,INV-00251,MEDIUM,APPROVAL_LIMIT,Transaction processed with approval from an officer whose delegated authority was 39% below the required threshold.,0.644,ESCALATED,2024-03-09,2024-03-19
FND-002823,INV-00392,MEDIUM,POLICY_BREACH,"Claim EXP-167085 violates Policy POL-0020 section 4.2: Meals expenditure capped at $100,000 per event.",0.402,VALIDATED,2021-08-17,2021-09-03
FND-002824,INV-00396,HIGH,APPROVAL_LIMIT,"Escalation protocol was bypassed. Transaction valued at $379,728 was approved at L3 without L4 countersignature.",0.675,OPEN,2024-03-28,2024-03-31
FND-002825,INV-00449,HIGH,POLICY_BREACH,"Entertainment expense of $12,027 submitted by EMP-27885 exceeds monthly policy allowance of $5,000.",0.65,RESOLVED,2024-02-09,2024-02-12
FND-002826,INV-00316,MEDIUM,APPROVAL_LIMIT,Transaction processed with approval from an officer whose delegated authority was 67% below the required threshold.,0.708,VALIDATED,2022-08-25,2022-09-14
FND-002827,INV-00384,MEDIUM,EXPIRED_COMPLIANCE,"Payment of $69,424 released to TitanPath Holdings whose GDPR compliance expired 44 days before payment date.",0.454,OPEN,2023-10-22,
FND-002828,INV-00466,HIGH,VENDOR_RISK,"Vendor UnityCore Technologies International holds CRITICAL risk rating. 2 payments totalling $11,083 processed in the audit period.",0.638,VALIDATED,2024-12-22,
FND-002829,INV-00411,CRITICAL,POLICY_BREACH,"Expense claim of $158,883 for Office Supplies exceeds the policy maximum of $100,000. Overage: $17,221.",0.809,ESCALATED,2022-09-04,2022-10-02
FND-002830,INV-00317,MEDIUM,APPROVAL_LIMIT,Transaction processed with approval from an officer whose delegated authority was 77% below the required threshold.,0.573,RESOLVED,2022-01-02,2022-01-28
FND-002831,INV-00451,MEDIUM,APPROVAL_LIMIT,"Approval granted by EMP-29122 who was not authorised to approve amounts above $25,000. Transaction value: $282,094.",0.681,RESOLVED,2022-03-11,2022-04-08
FND-002832,INV-00031,LOW,FRAUD_PATTERN,"Split payment pattern detected: 2 transactions to same beneficiary totalling $1,630 — each below approval threshold of $100,000.",0.282,VALIDATED,2024-08-03,2024-08-04
FND-002833,INV-00050,CRITICAL,EXPIRED_COMPLIANCE,"Payment of $130,013 released to OmegaLink Systems whose SOC 2 compliance expired 248 days before payment date.",0.878,RESOLVED,2024-09-04,2024-09-18
FND-002834,INV-00437,MEDIUM,APPROVAL_LIMIT,"Approval granted by EMP-97043 who was not authorised to approve amounts above $25,000. Transaction value: $98,784.",0.726,RESOLVED,2021-11-16,2021-12-11
FND-002835,INV-00367,MEDIUM,MISSING_RECEIPT,Expense claim EXP-125841 submitted for Training without an attached supporting receipt.,0.635,OPEN,2022-04-09,2022-05-01
FND-002836,INV-00230,CRITICAL,MISSING_RECEIPT,"Reimbursement of $335,476 for Equipment was approved despite no receipt documentation in the system.",0.751,VALIDATED,2023-10-15,2023-11-12
FND-002837,INV-00273,MEDIUM,APPROVAL_LIMIT,Transaction processed with approval from an officer whose delegated authority was 21% below the required threshold.,0.722,VALIDATED,2022-09-24,2022-10-17
FND-002838,INV-00440,HIGH,MISSING_RECEIPT,"Reimbursement of $47,358 for Equipment was approved despite no receipt documentation in the system.",0.719,RESOLVED,2023-08-14,2023-08-28
FND-002839,INV-00451,LOW,MISSING_RECEIPT,Expense claim EXP-133850 submitted for Accommodation without an attached supporting receipt.,0.207,OPEN,2022-06-04,2022-06-21
FND-002840,INV-00207,CRITICAL,MISSING_RECEIPT,"Employee EMP-56319 submitted 4 claims totalling $6,448 without receipts in the review period.",0.844,RESOLVED,2024-02-09,2024-02-18
FND-002841,INV-00494,CRITICAL,APPROVAL_LIMIT,"Approval granted by EMP-53227 who was not authorised to approve amounts above $25,000. Transaction value: $229,745.",0.872,VALIDATED,2023-07-08,2023-07-25
FND-002842,INV-00067,MEDIUM,POLICY_BREACH,"Claim EXP-157862 violates Policy POL-0012 section 4.2: Equipment expenditure capped at $100,000 per event.",0.559,OPEN,2022-09-04,2022-09-15
FND-002843,INV-00170,MEDIUM,APPROVAL_LIMIT,"Payment of $409,417 approved at Level 3, which has a limit of $5,000. Transaction exceeded limit by $7,145.",0.46,VALIDATED,2024-04-03,2024-04-26
FND-002844,INV-00104,MEDIUM,MISSING_RECEIPT,Expense claim missing receipt. Policy POL-0003 requires receipts for all claims above $75.,0.634,RESOLVED,2022-11-26,
FND-002845,INV-00444,MEDIUM,VENDOR_RISK,Payment issued to VND-VND-03010 rated HIGH risk. Active contract CON-108221 in place. Enhanced due diligence not documented.,0.643,OPEN,2022-08-29,2022-09-20
FND-002846,INV-00140,MEDIUM,FRAUD_PATTERN,Transaction routed through 2 intermediate accounts before reaching final beneficiary. Unusual for CASH_OUT transaction type.,0.695,VALIDATED,2024-03-11,2024-03-18
FND-002847,INV-00098,MEDIUM,MISSING_RECEIPT,Expense claim missing receipt. Policy POL-0016 requires receipts for all claims above $50.,0.438,VALIDATED,2022-10-09,
FND-002848,INV-00408,HIGH,FRAUD_PATTERN,Transaction routed through 4 intermediate accounts before reaching final beneficiary. Unusual for PAYMENT transaction type.,0.881,OPEN,2021-10-22,
FND-002849,INV-00003,MEDIUM,APPROVAL_LIMIT,"Payment of $232,971 approved at Level 1, which has a limit of $100,000. Transaction exceeded limit by $19,664.",0.63,OPEN,2024-07-28,
FND-002850,INV-00047,LOW,APPROVAL_LIMIT,"Payment of $354,317 approved at Level 3, which has a limit of $100,000. Transaction exceeded limit by $7,412.",0.31,VALIDATED,2022-11-05,2022-11-11
FND-002851,INV-00120,LOW,MISSING_RECEIPT,Expense claim missing receipt. Policy POL-0010 requires receipts for all claims above $50.,0.327,VALIDATED,2023-09-22,2023-10-17
FND-002852,INV-00315,CRITICAL,MISSING_RECEIPT,Expense claim EXP-126869 submitted for Consulting without an attached supporting receipt.,0.985,VALIDATED,2022-01-12,
FND-002853,INV-00183,CRITICAL,VENDOR_RISK,Payment issued to VND-VND-01117 rated LOW risk. Active contract CON-102915 in place. Enhanced due diligence not documented.,0.983,RESOLVED,2022-03-22,
FND-002854,INV-00248,LOW,APPROVAL_LIMIT,"Escalation protocol was bypassed. Transaction valued at $74,071 was approved at L3 without L4 countersignature.",0.429,ESCALATED,2024-09-17,2024-09-28
FND-002855,INV-00120,LOW,MISSING_RECEIPT,"Employee EMP-66849 submitted 3 claims totalling $4,324 without receipts in the review period.",0.397,RESOLVED,2024-07-12,2024-07-28
FND-002856,INV-00147,LOW,APPROVAL_LIMIT,"Escalation protocol was bypassed. Transaction valued at $283,265 was approved at L2 without L5 countersignature.",0.289,VALIDATED,2023-09-11,2023-10-11
FND-002857,INV-00118,LOW,VENDOR_RISK,"Vendor JetStream Analytics Group holds CRITICAL risk rating. 7 payments totalling $1,283 processed in the audit period.",0.244,ESCALATED,2023-07-05,2023-07-31
FND-002858,INV-00260,CRITICAL,FRAUD_PATTERN,"Round-number transaction of $40,846 processed at 00:17 — outside standard business hours. Flagged by anomaly detection.",0.849,RESOLVED,2022-02-21,2022-03-16
FND-002859,INV-00038,LOW,POLICY_BREACH,"Entertainment expense of $74,968 submitted by EMP-88466 exceeds monthly policy allowance of $5,000.",0.554,VALIDATED,2022-03-10,2022-03-15
FND-002860,INV-00180,HIGH,VENDOR_RISK,"High-risk vendor EdgeWave Technologies LLC has no compliance record on file. Payment of $193,332 released without compliance clearance.",0.738,RESOLVED,2023-09-29,
FND-002861,INV-00300,MEDIUM,POLICY_BREACH,Employee submitted Office Supplies claim 52% above the authorised policy limit without prior exception approval.,0.676,OPEN,2024-10-12,
FND-002862,INV-00438,LOW,FRAUD_PATTERN,Transaction routed through 7 intermediate accounts before reaching final beneficiary. Unusual for CASH_OUT transaction type.,0.246,RESOLVED,2024-09-11,
FND-002863,INV-00035,MEDIUM,VENDOR_RISK,"High-risk vendor Delta_Logistics has no compliance record on file. Payment of $153,163 released without compliance clearance.",0.511,VALIDATED,2021-09-17,2021-10-14
FND-002864,INV-00045,LOW,APPROVAL_LIMIT,Transaction processed with approval from an officer whose delegated authority was 45% below the required threshold.,0.594,OPEN,2021-09-07,2021-09-16
FND-002865,INV-00037,MEDIUM,MISSING_RECEIPT,Expense claim missing receipt. Policy POL-0013 requires receipts for all claims above $50.,0.593,VALIDATED,2022-03-31,
FND-002866,INV-00459,LOW,EXPIRED_COMPLIANCE,Compliance record CMP-100057 for vendor Delta_Logistics Inc was in EXPIRED status at time of payment processing.,0.478,RESOLVED,2022-07-23,2022-08-05
FND-002867,INV-00322,HIGH,FRAUD_PATTERN,"Split payment pattern detected: 3 transactions to same beneficiary totalling $7,219 — each below approval threshold of $25,000.",0.797,ESCALATED,2024-10-24,2024-11-23
FND-002868,INV-00169,LOW,FRAUD_PATTERN,"Round-number transaction of $384,075 processed at 05:23 — outside standard business hours. Flagged by anomaly detection.",0.507,VALIDATED,2021-06-09,2021-06-19
FND-002869,INV-00370,MEDIUM,EXPIRED_COMPLIANCE,"Payment of $51,816 released to WavePath Inc whose SOC 2 compliance expired 35 days before payment date.",0.435,RESOLVED,2021-10-25,2021-11-16
FND-002870,INV-00387,MEDIUM,MISSING_RECEIPT,Expense claim EXP-137302 submitted for Meals without an attached supporting receipt.,0.481,VALIDATED,2024-09-27,2024-10-20
FND-002871,INV-00255,MEDIUM,APPROVAL_LIMIT,"Approval granted by EMP-71419 who was not authorised to approve amounts above $5,000. Transaction value: $431,410.",0.629,RESOLVED,2023-09-01,
FND-002872,INV-00239,HIGH,APPROVAL_LIMIT,Transaction processed with approval from an officer whose delegated authority was 44% below the required threshold.,0.646,ESCALATED,2023-06-04,2023-07-03
FND-002873,INV-00078,MEDIUM,VENDOR_RISK,"High-risk vendor XcelPath Networks Inc has no compliance record on file. Payment of $365,390 released without compliance clearance.",0.525,RESOLVED,2022-09-04,
FND-002874,INV-00364,CRITICAL,POLICY_BREACH,"Expense claim of $257,431 for Meals exceeds the policy maximum of $100,000. Overage: $42,034.",0.845,RESOLVED,2021-12-12,
FND-002875,INV-00142,CRITICAL,APPROVAL_LIMIT,Transaction processed with approval from an officer whose delegated authority was 42% below the required threshold.,0.858,VALIDATED,2021-10-29,2021-11-26
FND-002876,INV-00333,MEDIUM,EXPIRED_COMPLIANCE,Procurement team processed payment without checking compliance status. Certificate had been expired for 366 days.,0.539,VALIDATED,2022-09-30,2022-10-02
FND-002877,INV-00499,MEDIUM,APPROVAL_LIMIT,Transaction processed with approval from an officer whose delegated authority was 52% below the required threshold.,0.434,RESOLVED,2024-04-01,2024-04-11
FND-002878,INV-00441,LOW,EXPIRED_COMPLIANCE,Procurement team processed payment without checking compliance status. Certificate had been expired for 137 days.,0.279,VALIDATED,2022-02-19,2022-03-01
FND-002879,INV-00120,LOW,VENDOR_RISK,"BLACKLISTED vendor VND-VND-04860 received payment of $424,415 via contract CON-103016 that was not updated following blacklisting.",0.318,ESCALATED,2024-06-07,
FND-002880,INV-00153,LOW,APPROVAL_LIMIT,"Escalation protocol was bypassed. Transaction valued at $349,430 was approved at L1 without L5 countersignature.",0.578,VALIDATED,2024-05-30,
FND-002881,INV-00355,MEDIUM,FRAUD_PATTERN,Transaction routed through 5 intermediate accounts before reaching final beneficiary. Unusual for PAYMENT transaction type.,0.604,RESOLVED,2024-12-14,
FND-002882,INV-00478,MEDIUM,POLICY_BREACH,"Entertainment expense of $43,145 submitted by EMP-71686 exceeds monthly policy allowance of $500,000.",0.64,VALIDATED,2021-08-14,2021-09-03
FND-002883,INV-00270,HIGH,VENDOR_RISK,Payment issued to VND-VND-02376 rated MEDIUM risk. Active contract CON-100240 in place. Enhanced due diligence not documented.,0.873,FALSE_POSITIVE,2021-09-27,2021-10-20
FND-002884,INV-00200,MEDIUM,VENDOR_RISK,"High-risk vendor SilverPath Holdings has no compliance record on file. Payment of $208,035 released without compliance clearance.",0.639,VALIDATED,2024-02-11,2024-03-07
FND-002885,INV-00275,MEDIUM,MISSING_RECEIPT,"Reimbursement of $400,390 for Meals was approved despite no receipt documentation in the system.",0.407,VALIDATED,2024-10-22,
FND-002886,INV-00302,CRITICAL,MISSING_RECEIPT,Expense claim EXP-135926 submitted for Travel without an attached supporting receipt.,0.851,RESOLVED,2023-05-26,2023-06-18
FND-002887,INV-00336,LOW,EXPIRED_COMPLIANCE,"Payment of $326,041 released to BridgeTech Consulting Inc whose GDPR compliance expired 11 days before payment date.",0.28,VALIDATED,2022-01-30,2022-02-09
FND-002888,INV-00001,LOW,APPROVAL_LIMIT,Transaction processed with approval from an officer whose delegated authority was 25% below the required threshold.,0.579,RESOLVED,2021-06-09,2021-06-14
FND-002889,INV-00101,MEDIUM,MISSING_RECEIPT,Expense claim EXP-167798 submitted for Entertainment without an attached supporting receipt.,0.603,OPEN,2021-11-14,2021-11-29
FND-002890,INV-00227,LOW,MISSING_RECEIPT,Expense claim missing receipt. Policy POL-0011 requires receipts for all claims above $50.,0.551,OPEN,2023-08-16,
FND-002891,INV-00243,LOW,POLICY_BREACH,"Expense claim of $188,244 for Training exceeds the policy maximum of $500,000. Overage: $38,769.",0.505,RESOLVED,2023-08-02,2023-08-05
FND-002892,INV-00480,MEDIUM,APPROVAL_LIMIT,Transaction processed with approval from an officer whose delegated authority was 74% below the required threshold.,0.413,VALIDATED,2024-02-26,2024-03-18
FND-002893,INV-00256,HIGH,APPROVAL_LIMIT,"Escalation protocol was bypassed. Transaction valued at $88,161 was approved at L1 without L4 countersignature.",0.849,VALIDATED,2022-03-21,2022-04-08
FND-002894,INV-00214,MEDIUM,VENDOR_RISK,"BLACKLISTED vendor VND-VND-04216 received payment of $480,257 via contract CON-104492 that was not updated following blacklisting.",0.513,ESCALATED,2024-04-07,2024-04-29
FND-002895,INV-00023,MEDIUM,APPROVAL_LIMIT,"Approval granted by EMP-13161 who was not authorised to approve amounts above $500,000. Transaction value: $454,797.",0.437,OPEN,2023-04-27,2023-05-04
FND-002896,INV-00427,MEDIUM,VENDOR_RISK,Payment issued to VND-VND-01020 rated LOW risk. Active contract CON-104575 in place. Enhanced due diligence not documented.,0.572,RESOLVED,2023-08-04,2023-09-02
FND-002897,INV-00097,LOW,EXPIRED_COMPLIANCE,"Payment of $396,018 released to HarborLight Services whose GDPR compliance expired 47 days before payment date.",0.485,VALIDATED,2021-10-02,2021-10-31
FND-002898,INV-00380,MEDIUM,VENDOR_RISK,"BLACKLISTED vendor VND-VND-01317 received payment of $43,203 via contract CON-105914 that was not updated following blacklisting.",0.547,OPEN,2023-02-14,2023-03-02
FND-002899,INV-00106,LOW,APPROVAL_LIMIT,Transaction processed with approval from an officer whose delegated authority was 75% below the required threshold.,0.594,RESOLVED,2022-12-28,2023-01-12
FND-002900,INV-00428,LOW,MISSING_RECEIPT,Expense claim EXP-146077 submitted for Travel without an attached supporting receipt.,0.621,OPEN,2023-02-11,2023-02-22
FND-002901,INV-00228,CRITICAL,VENDOR_RISK,"BLACKLISTED vendor VND-VND-04504 received payment of $173,208 via contract CON-107758 that was not updated following blacklisting.",0.853,RESOLVED,2024-01-20,2024-02-10
FND-002902,INV-00422,LOW,VENDOR_RISK,"Vendor VertiLink Distributors LLC holds CRITICAL risk rating. 6 payments totalling $10,460 processed in the audit period.",0.226,ESCALATED,2022-03-07,2022-03-30
FND-002903,INV-00438,MEDIUM,POLICY_BREACH,Employee submitted Office Supplies claim 44% above the authorised policy limit without prior exception approval.,0.534,OPEN,2024-06-02,2024-06-08
FND-002904,INV-00267,LOW,POLICY_BREACH,"Entertainment expense of $94,954 submitted by EMP-95841 exceeds monthly policy allowance of $25,000.",0.463,ESCALATED,2021-07-19,
FND-002905,INV-00442,MEDIUM,POLICY_BREACH,"Expense claim of $342,533 for Office Supplies exceeds the policy maximum of $25,000. Overage: $15,914.",0.707,RESOLVED,2024-05-31,2024-06-13
FND-002906,INV-00380,LOW,POLICY_BREACH,"Expense claim of $164,772 for Software exceeds the policy maximum of $5,000. Overage: $12,692.",0.41,OPEN,2021-06-01,2021-06-02
FND-002907,INV-00493,MEDIUM,MISSING_RECEIPT,Expense claim missing receipt. Policy POL-0017 requires receipts for all claims above $50.,0.468,VALIDATED,2023-08-28,
FND-002908,INV-00197,MEDIUM,POLICY_BREACH,"Entertainment expense of $418,881 submitted by EMP-22476 exceeds monthly policy allowance of $5,000.",0.668,VALIDATED,2024-02-26,2024-03-19
FND-002909,INV-00296,HIGH,EXPIRED_COMPLIANCE,"Payment of $18,059 released to XpressCore Dynamics International whose PCI-DSS compliance expired 28 days before payment date.",0.692,OPEN,2022-02-26,
FND-002910,INV-00286,LOW,VENDOR_RISK,"BLACKLISTED vendor VND-VND-00713 received payment of $230,573 via contract CON-102854 that was not updated following blacklisting.",0.295,OPEN,2023-06-24,
FND-002911,INV-00006,MEDIUM,VENDOR_RISK,Payment issued to VND-VND-02104 rated LOW risk. Active contract CON-103494 in place. Enhanced due diligence not documented.,0.572,VALIDATED,2024-12-10,
FND-002912,INV-00432,MEDIUM,POLICY_BREACH,"Claim EXP-135209 violates Policy POL-0010 section 4.2: Travel expenditure capped at $500,000 per event.",0.706,VALIDATED,2024-05-29,
FND-002913,INV-00336,MEDIUM,MISSING_RECEIPT,Expense claim EXP-147409 submitted for Entertainment without an attached supporting receipt.,0.666,VALIDATED,2022-11-02,2022-11-27
FND-002914,INV-00017,LOW,EXPIRED_COMPLIANCE,Procurement team processed payment without checking compliance status. Certificate had been expired for 330 days.,0.547,RESOLVED,2023-09-29,
FND-002915,INV-00203,MEDIUM,APPROVAL_LIMIT,"Approval granted by EMP-45867 who was not authorised to approve amounts above $100,000. Transaction value: $272,240.",0.66,OPEN,2024-07-23,2024-08-15
FND-002916,INV-00364,LOW,MISSING_RECEIPT,Expense claim EXP-176268 submitted for Marketing without an attached supporting receipt.,0.596,VALIDATED,2022-05-26,2022-06-07
FND-002917,INV-00390,MEDIUM,EXPIRED_COMPLIANCE,"Payment of $142,752 released to IronPoint Manufacturing Group whose SOC 2 compliance expired 455 days before payment date.",0.569,RESOLVED,2022-10-25,2022-11-07
FND-002918,INV-00208,LOW,VENDOR_RISK,"High-risk vendor InnoCore Dynamics Inc has no compliance record on file. Payment of $106,067 released without compliance clearance.",0.587,RESOLVED,2023-05-25,2023-06-01
FND-002919,INV-00408,MEDIUM,VENDOR_RISK,"High-risk vendor KineticBlue Ltd LLC has no compliance record on file. Payment of $398,318 released without compliance clearance.",0.554,RESOLVED,2021-12-22,2022-01-11
FND-002920,INV-00097,LOW,POLICY_BREACH,Employee submitted Accommodation claim 66% above the authorised policy limit without prior exception approval.,0.347,ESCALATED,2024-11-04,2024-11-18
FND-002921,INV-00342,MEDIUM,MISSING_RECEIPT,"Reimbursement of $132,933 for Entertainment was approved despite no receipt documentation in the system.",0.518,RESOLVED,2021-11-03,
FND-002922,INV-00476,HIGH,APPROVAL_LIMIT,Transaction processed with approval from an officer whose delegated authority was 68% below the required threshold.,0.811,VALIDATED,2024-05-14,2024-05-21
FND-002923,INV-00140,HIGH,MISSING_RECEIPT,Expense claim EXP-145900 submitted for Equipment without an attached supporting receipt.,0.683,VALIDATED,2022-02-11,2022-03-12
FND-002924,INV-00396,MEDIUM,POLICY_BREACH,"Claim EXP-195718 violates Policy POL-0007 section 4.2: Office Supplies expenditure capped at $5,000 per event.",0.458,RESOLVED,2024-09-08,2024-09-25
FND-002925,INV-00447,HIGH,MISSING_RECEIPT,Expense claim EXP-119956 submitted for Marketing without an attached supporting receipt.,0.616,VALIDATED,2021-09-10,2021-10-04
FND-002926,INV-00086,MEDIUM,MISSING_RECEIPT,"Employee EMP-34626 submitted 8 claims totalling $16,717 without receipts in the review period.",0.672,OPEN,2024-02-22,
FND-002927,INV-00453,MEDIUM,FRAUD_PATTERN,Transaction routed through 6 intermediate accounts before reaching final beneficiary. Unusual for PAYMENT transaction type.,0.712,VALIDATED,2022-04-07,2022-05-02
FND-002928,INV-00403,LOW,VENDOR_RISK,"Vendor QuantumEdge Solutions Ltd holds CRITICAL risk rating. 6 payments totalling $15,864 processed in the audit period.",0.613,VALIDATED,2021-07-31,
FND-002929,INV-00430,CRITICAL,POLICY_BREACH,"Claim EXP-135899 violates Policy POL-0003 section 4.2: Accommodation expenditure capped at $100,000 per event.",0.782,VALIDATED,2023-05-13,
FND-002930,INV-00401,HIGH,POLICY_BREACH,Employee submitted Training claim 54% above the authorised policy limit without prior exception approval.,0.807,VALIDATED,2023-03-21,
FND-002931,INV-00260,LOW,APPROVAL_LIMIT,"Payment of $475,055 approved at Level 1, which has a limit of $25,000. Transaction exceeded limit by $26,893.",0.286,OPEN,2023-03-12,
FND-002932,INV-00281,CRITICAL,EXPIRED_COMPLIANCE,"Payment of $25,223 released to BridgeTech Consulting Group whose SOC 2 compliance expired 421 days before payment date.",0.982,VALIDATED,2022-09-19,2022-10-07
FND-002933,INV-00423,LOW,APPROVAL_LIMIT,"Approval granted by EMP-92932 who was not authorised to approve amounts above $500,000. Transaction value: $437,539.",0.516,RESOLVED,2022-01-31,2022-02-05
FND-002934,INV-00299,MEDIUM,VENDOR_RISK,Payment issued to VND-VND-00723 rated MEDIUM risk. Active contract CON-108565 in place. Enhanced due diligence not documented.,0.443,VALIDATED,2021-10-24,2021-11-05
FND-002935,INV-00436,LOW,POLICY_BREACH,"Expense claim of $462,085 for Training exceeds the policy maximum of $25,000. Overage: $46,262.",0.334,VALIDATED,2024-04-15,
FND-002936,INV-00039,LOW,EXPIRED_COMPLIANCE,Compliance record CMP-107697 for vendor BridgeTech Consulting Inc was in EXPIRED status at time of payment processing.,0.277,ESCALATED,2024-12-25,2024-12-30
FND-002937,INV-00395,LOW,MISSING_RECEIPT,Expense claim EXP-153391 submitted for Meals without an attached supporting receipt.,0.212,RESOLVED,2021-06-09,2021-07-06
FND-002938,INV-00476,CRITICAL,VENDOR_RISK,"Vendor KineticBlue Ltd Inc holds CRITICAL risk rating. 4 payments totalling $5,840 processed in the audit period.",0.809,ESCALATED,2021-06-10,2021-07-09
FND-002939,INV-00315,MEDIUM,POLICY_BREACH,"Entertainment expense of $40,565 submitted by EMP-62999 exceeds monthly policy allowance of $100,000.",0.734,ESCALATED,2023-02-16,2023-02-19
FND-002940,INV-00128,HIGH,VENDOR_RISK,"Vendor XpressCore Dynamics Holdings holds CRITICAL risk rating. 2 payments totalling $2,471 processed in the audit period.",0.713,OPEN,2024-05-10,2024-05-24
FND-002941,INV-00231,CRITICAL,EXPIRED_COMPLIANCE,"Vendor VND-VND-00092 received payment of $42,300 on 2022-09-21. Compliance certificate expired on 2021-11-22 — 309 days prior.",0.95,VALIDATED,2022-04-24,
FND-002942,INV-00405,LOW,FRAUD_PATTERN,"Split payment pattern detected: 6 transactions to same beneficiary totalling $4,121 — each below approval threshold of $25,000.",0.339,OPEN,2022-07-03,2022-07-06
FND-002943,INV-00431,MEDIUM,POLICY_BREACH,Employee submitted Office Supplies claim 75% above the authorised policy limit without prior exception approval.,0.669,VALIDATED,2022-11-15,2022-11-18
FND-002944,INV-00416,LOW,FRAUD_PATTERN,Transaction routed through 8 intermediate accounts before reaching final beneficiary. Unusual for TRANSFER transaction type.,0.304,ESCALATED,2024-01-16,
FND-002945,INV-00444,MEDIUM,APPROVAL_LIMIT,"Payment of $329,487 approved at Level 2, which has a limit of $25,000. Transaction exceeded limit by $1,979.",0.667,OPEN,2022-01-29,2022-02-06
FND-002946,INV-00254,HIGH,MISSING_RECEIPT,Expense claim EXP-165739 submitted for Office Supplies without an attached supporting receipt.,0.646,VALIDATED,2022-03-08,
FND-002947,INV-00060,LOW,MISSING_RECEIPT,Expense claim EXP-130455 submitted for Training without an attached supporting receipt.,0.444,RESOLVED,2023-12-07,2023-12-28
FND-002948,INV-00440,MEDIUM,MISSING_RECEIPT,"Reimbursement of $252,313 for Marketing was approved despite no receipt documentation in the system.",0.462,RESOLVED,2022-11-30,2022-12-14
FND-002949,INV-00444,LOW,MISSING_RECEIPT,"Employee EMP-73232 submitted 3 claims totalling $19,879 without receipts in the review period.",0.341,VALIDATED,2022-08-18,2022-09-05
FND-002950,INV-00093,LOW,FRAUD_PATTERN,Employee EMP-90641 submitted 5 expense claims within 72 hours for identical amounts — potential duplicate fraud pattern.,0.491,VALIDATED,2022-02-28,2022-03-18
FND-002951,INV-00091,MEDIUM,FRAUD_PATTERN,"Split payment pattern detected: 4 transactions to same beneficiary totalling $2,754 — each below approval threshold of $100,000.",0.43,VALIDATED,2022-04-21,2022-04-27
FND-002952,INV-00344,MEDIUM,MISSING_RECEIPT,"Employee EMP-27839 submitted 7 claims totalling $12,821 without receipts in the review period.",0.519,VALIDATED,2022-05-20,2022-05-25
FND-002953,INV-00459,LOW,APPROVAL_LIMIT,"Payment of $111,659 approved at Level 1, which has a limit of $25,000. Transaction exceeded limit by $28,304.",0.247,FALSE_POSITIVE,2024-10-23,
FND-002954,INV-00060,HIGH,APPROVAL_LIMIT,"Escalation protocol was bypassed. Transaction valued at $326,151 was approved at L2 without L3 countersignature.",0.793,OPEN,2022-11-26,2022-12-06
FND-002955,INV-00114,MEDIUM,EXPIRED_COMPLIANCE,"Payment of $159,389 released to SilverPath Holdings Group whose SOC 2 compliance expired 393 days before payment date.",0.557,OPEN,2023-09-12,2023-10-12
FND-002956,INV-00009,LOW,FRAUD_PATTERN,Transaction routed through 7 intermediate accounts before reaching final beneficiary. Unusual for CASH_OUT transaction type.,0.219,VALIDATED,2021-11-18,
FND-002957,INV-00397,MEDIUM,MISSING_RECEIPT,"Employee EMP-36801 submitted 6 claims totalling $19,144 without receipts in the review period.",0.742,OPEN,2024-09-06,2024-10-04
FND-002958,INV-00037,MEDIUM,FRAUD_PATTERN,"Split payment pattern detected: 8 transactions to same beneficiary totalling $10,657 — each below approval threshold of $5,000.",0.501,ESCALATED,2024-07-30,2024-08-15
FND-002959,INV-00313,MEDIUM,VENDOR_RISK,"BLACKLISTED vendor VND-VND-01131 received payment of $495,218 via contract CON-108999 that was not updated following blacklisting.",0.725,RESOLVED,2021-08-22,
FND-002960,INV-00365,MEDIUM,MISSING_RECEIPT,"Employee EMP-46072 submitted 6 claims totalling $17,199 without receipts in the review period.",0.522,RESOLVED,2022-11-19,
FND-002961,INV-00028,MEDIUM,APPROVAL_LIMIT,"Escalation protocol was bypassed. Transaction valued at $110,909 was approved at L3 without L4 countersignature.",0.629,VALIDATED,2022-12-03,
FND-002962,INV-00481,MEDIUM,MISSING_RECEIPT,"Reimbursement of $181,037 for Software was approved despite no receipt documentation in the system.",0.427,RESOLVED,2022-08-06,2022-08-20
FND-002963,INV-00395,HIGH,MISSING_RECEIPT,"Employee EMP-61131 submitted 8 claims totalling $7,050 without receipts in the review period.",0.636,RESOLVED,2021-08-28,2021-09-10
FND-002964,INV-00470,MEDIUM,POLICY_BREACH,"Claim EXP-110287 violates Policy POL-0018 section 4.2: Consulting expenditure capped at $25,000 per event.",0.412,OPEN,2024-09-25,2024-10-07
FND-002965,INV-00487,MEDIUM,APPROVAL_LIMIT,"Escalation protocol was bypassed. Transaction valued at $286,379 was approved at L2 without L3 countersignature.",0.406,OPEN,2023-07-05,2023-07-19
FND-002966,INV-00198,MEDIUM,MISSING_RECEIPT,Expense claim EXP-115136 submitted for Meals without an attached supporting receipt.,0.533,VALIDATED,2023-10-16,2023-10-27
FND-002967,INV-00072,LOW,FRAUD_PATTERN,Employee EMP-11164 submitted 8 expense claims within 72 hours for identical amounts — potential duplicate fraud pattern.,0.445,ESCALATED,2021-06-05,2021-06-08
FND-002968,INV-00002,MEDIUM,VENDOR_RISK,"BLACKLISTED vendor VND-VND-01285 received payment of $53,927 via contract CON-100277 that was not updated following blacklisting.",0.703,FALSE_POSITIVE,2024-04-25,2024-04-29
FND-002969,INV-00459,CRITICAL,MISSING_RECEIPT,"Employee EMP-19948 submitted 8 claims totalling $11,448 without receipts in the review period.",0.797,OPEN,2023-08-01,2023-08-15
FND-002970,INV-00203,MEDIUM,VENDOR_RISK,"Vendor TrueNorth Services holds CRITICAL risk rating. 2 payments totalling $7,666 processed in the audit period.",0.51,OPEN,2021-11-25,
FND-002971,INV-00319,LOW,VENDOR_RISK,"BLACKLISTED vendor VND-VND-00411 received payment of $404,755 via contract CON-101825 that was not updated following blacklisting.",0.533,OPEN,2024-09-03,2024-09-12
FND-002972,INV-00353,MEDIUM,APPROVAL_LIMIT,"Payment of $265,294 approved at Level 3, which has a limit of $500,000. Transaction exceeded limit by $38,934.",0.57,VALIDATED,2024-08-01,2024-08-02
FND-002973,INV-00162,CRITICAL,EXPIRED_COMPLIANCE,"Payment of $437,892 released to FlowBridge Inc whose GDPR compliance expired 365 days before payment date.",0.877,FALSE_POSITIVE,2021-07-13,2021-08-02
FND-002974,INV-00035,LOW,APPROVAL_LIMIT,"Payment of $383,103 approved at Level 2, which has a limit of $500,000. Transaction exceeded limit by $42,707.",0.257,VALIDATED,2021-08-17,
FND-002975,INV-00316,HIGH,EXPIRED_COMPLIANCE,Procurement team processed payment without checking compliance status. Certificate had been expired for 454 days.,0.662,RESOLVED,2024-01-15,2024-02-06
FND-002976,INV-00478,MEDIUM,POLICY_BREACH,"Entertainment expense of $134,063 submitted by EMP-89658 exceeds monthly policy allowance of $5,000.",0.667,VALIDATED,2022-06-06,2022-06-28
FND-002977,INV-00148,MEDIUM,MISSING_RECEIPT,"Reimbursement of $154,701 for Office Supplies was approved despite no receipt documentation in the system.",0.561,VALIDATED,2024-07-25,2024-08-15
FND-002978,INV-00118,MEDIUM,FRAUD_PATTERN,"Round-number transaction of $64,022 processed at 01:57 — outside standard business hours. Flagged by anomaly detection.",0.48,OPEN,2023-04-06,
FND-002979,INV-00124,CRITICAL,APPROVAL_LIMIT,"Escalation protocol was bypassed. Transaction valued at $42,554 was approved at L3 without L4 countersignature.",0.825,ESCALATED,2022-08-17,2022-09-12
FND-002980,INV-00492,HIGH,POLICY_BREACH,"Entertainment expense of $303,466 submitted by EMP-86995 exceeds monthly policy allowance of $25,000.",0.855,VALIDATED,2024-11-20,
FND-002981,INV-00184,MEDIUM,MISSING_RECEIPT,"Reimbursement of $207,102 for Marketing was approved despite no receipt documentation in the system.",0.623,OPEN,2022-03-24,2022-03-28
FND-002982,INV-00430,MEDIUM,POLICY_BREACH,"Expense claim of $256,926 for Travel exceeds the policy maximum of $500,000. Overage: $5,789.",0.528,VALIDATED,2023-05-30,2023-06-12
FND-002983,INV-00037,MEDIUM,MISSING_RECEIPT,"Reimbursement of $449,601 for Equipment was approved despite no receipt documentation in the system.",0.609,OPEN,2024-04-12,2024-05-01
FND-002984,INV-00430,HIGH,MISSING_RECEIPT,"Reimbursement of $227,760 for Marketing was approved despite no receipt documentation in the system.",0.829,VALIDATED,2024-12-27,2025-01-24
FND-002985,INV-00317,MEDIUM,POLICY_BREACH,"Entertainment expense of $417,620 submitted by EMP-81922 exceeds monthly policy allowance of $100,000.",0.411,VALIDATED,2023-03-05,2023-03-28
FND-002986,INV-00034,LOW,FRAUD_PATTERN,"Split payment pattern detected: 6 transactions to same beneficiary totalling $10,924 — each below approval threshold of $100,000.",0.269,OPEN,2023-06-17,
FND-002987,INV-00410,MEDIUM,VENDOR_RISK,"High-risk vendor RedPoint Consulting Holdings has no compliance record on file. Payment of $448,476 released without compliance clearance.",0.726,VALIDATED,2023-11-08,2023-11-10
FND-002988,INV-00198,MEDIUM,APPROVAL_LIMIT,Transaction processed with approval from an officer whose delegated authority was 42% below the required threshold.,0.563,FALSE_POSITIVE,2024-01-25,
FND-002989,INV-00152,MEDIUM,APPROVAL_LIMIT,Transaction processed with approval from an officer whose delegated authority was 10% below the required threshold.,0.557,OPEN,2024-01-07,2024-01-26
FND-002990,INV-00074,MEDIUM,POLICY_BREACH,"Expense claim of $325,181 for Accommodation exceeds the policy maximum of $5,000. Overage: $30,631.",0.555,ESCALATED,2024-03-22,2024-04-02
FND-002991,INV-00478,LOW,MISSING_RECEIPT,"Employee EMP-45441 submitted 4 claims totalling $18,719 without receipts in the review period.",0.3,VALIDATED,2024-03-31,2024-04-08
FND-002992,INV-00254,MEDIUM,VENDOR_RISK,"Vendor XcelPath Networks holds CRITICAL risk rating. 3 payments totalling $11,499 processed in the audit period.",0.569,FALSE_POSITIVE,2024-07-21,2024-07-29
FND-002993,INV-00119,LOW,EXPIRED_COMPLIANCE,"Vendor VND-VND-01305 received payment of $87,064 on 2023-10-09. Compliance certificate expired on 2021-09-04 — 314 days prior.",0.63,VALIDATED,2021-09-11,2021-09-28
FND-002994,INV-00241,HIGH,POLICY_BREACH,Employee submitted Consulting claim 76% above the authorised policy limit without prior exception approval.,0.712,VALIDATED,2023-09-18,
FND-002995,INV-00442,LOW,EXPIRED_COMPLIANCE,"Vendor VND-VND-01846 received payment of $187,108 on 2023-12-27. Compliance certificate expired on 2020-04-14 — 327 days prior.",0.52,OPEN,2022-06-09,
FND-002996,INV-00475,MEDIUM,POLICY_BREACH,"Expense claim of $42,413 for Marketing exceeds the policy maximum of $100,000. Overage: $10,977.",0.65,RESOLVED,2022-08-28,2022-08-29
FND-002997,INV-00354,MEDIUM,APPROVAL_LIMIT,"Approval granted by EMP-49791 who was not authorised to approve amounts above $5,000. Transaction value: $39,009.",0.725,ESCALATED,2023-05-19,
FND-002998,INV-00234,CRITICAL,VENDOR_RISK,"BLACKLISTED vendor VND-VND-02703 received payment of $414,760 via contract CON-104397 that was not updated following blacklisting.",0.934,OPEN,2022-06-24,
FND-002999,INV-00242,MEDIUM,VENDOR_RISK,"Vendor GlobalNex Corp LLC holds CRITICAL risk rating. 2 payments totalling $10,070 processed in the audit period.",0.602,VALIDATED,2024-01-15,2024-02-01
FND-003000,INV-00153,MEDIUM,MISSING_RECEIPT,"Reimbursement of $486,502 for Entertainment was approved despite no receipt documentation in the system.",0.69,VALIDATED,2024-02-02,2024-02-07
FND-003001,INV-00414,LOW,POLICY_BREACH,"Expense claim of $93,290 for Travel exceeds the policy maximum of $100,000. Overage: $4,125.",0.321,RESOLVED,2021-08-06,2021-09-02
FND-003002,INV-00268,LOW,POLICY_BREACH,"Entertainment expense of $237,492 submitted by EMP-66213 exceeds monthly policy allowance of $25,000.",0.394,OPEN,2023-11-21,2023-12-10
FND-003003,INV-00335,LOW,VENDOR_RISK,"BLACKLISTED vendor VND-VND-00570 received payment of $188,775 via contract CON-108982 that was not updated following blacklisting.",0.586,VALIDATED,2024-05-26,
FND-003004,INV-00171,MEDIUM,MISSING_RECEIPT,"Reimbursement of $349,895 for Consulting was approved despite no receipt documentation in the system.",0.694,VALIDATED,2022-06-29,2022-07-26
FND-003005,INV-00044,MEDIUM,POLICY_BREACH,"Claim EXP-162062 violates Policy POL-0014 section 4.2: Travel expenditure capped at $5,000 per event.",0.449,OPEN,2022-01-25,
FND-003006,INV-00203,LOW,POLICY_BREACH,"Claim EXP-152243 violates Policy POL-0004 section 4.2: Equipment expenditure capped at $100,000 per event.",0.334,ESCALATED,2024-12-31,2025-01-15
FND-003007,INV-00088,HIGH,MISSING_RECEIPT,Expense claim missing receipt. Policy POL-0014 requires receipts for all claims above $200.,0.608,VALIDATED,2022-06-17,2022-06-27
FND-003008,INV-00458,LOW,VENDOR_RISK,Payment issued to VND-VND-03931 rated LOW risk. Active contract CON-103429 in place. Enhanced due diligence not documented.,0.604,ESCALATED,2022-10-12,2022-10-15
FND-003009,INV-00030,LOW,POLICY_BREACH,"Entertainment expense of $429,322 submitted by EMP-62951 exceeds monthly policy allowance of $500,000.",0.343,RESOLVED,2021-08-23,2021-09-07
FND-003010,INV-00204,LOW,POLICY_BREACH,Employee submitted Software claim 5% above the authorised policy limit without prior exception approval.,0.348,VALIDATED,2021-06-29,2021-07-19
FND-003011,INV-00006,CRITICAL,VENDOR_RISK,"High-risk vendor Beta_Supplies Holdings has no compliance record on file. Payment of $300,664 released without compliance clearance.",0.821,OPEN,2021-09-02,2021-09-12
FND-003012,INV-00284,LOW,MISSING_RECEIPT,"Employee EMP-94512 submitted 2 claims totalling $5,537 without receipts in the review period.",0.391,VALIDATED,2023-09-02,2023-09-28
FND-003013,INV-00402,MEDIUM,POLICY_BREACH,"Claim EXP-109011 violates Policy POL-0009 section 4.2: Consulting expenditure capped at $100,000 per event.",0.663,VALIDATED,2022-10-30,2022-11-15
FND-003014,INV-00479,MEDIUM,EXPIRED_COMPLIANCE,"Payment of $463,839 released to TitanPath Holdings Group whose PCI-DSS compliance expired 345 days before payment date.",0.609,RESOLVED,2022-03-30,
FND-003015,INV-00366,CRITICAL,APPROVAL_LIMIT,"Payment of $327,624 approved at Level 3, which has a limit of $100,000. Transaction exceeded limit by $11,650.",0.752,VALIDATED,2023-08-16,2023-08-20
FND-003016,INV-00301,LOW,EXPIRED_COMPLIANCE,"Payment of $337,134 released to TrueNorth Services International whose ISO 27001 compliance expired 122 days before payment date.",0.413,OPEN,2023-04-24,
FND-003017,INV-00289,HIGH,MISSING_RECEIPT,Expense claim EXP-126982 submitted for Meals without an attached supporting receipt.,0.761,VALIDATED,2022-02-12,2022-02-26
FND-003018,INV-00027,MEDIUM,EXPIRED_COMPLIANCE,Compliance record CMP-106033 for vendor NorthBridge Supplies Group was in EXPIRED status at time of payment processing.,0.45,VALIDATED,2023-12-06,
FND-003019,INV-00318,LOW,EXPIRED_COMPLIANCE,Compliance record CMP-107838 for vendor InnoCore Dynamics Inc was in EXPIRED status at time of payment processing.,0.579,VALIDATED,2021-06-04,2021-06-17
FND-003020,INV-00453,CRITICAL,EXPIRED_COMPLIANCE,Procurement team processed payment without checking compliance status. Certificate had been expired for 58 days.,0.794,VALIDATED,2023-07-01,2023-07-20
FND-003021,INV-00146,MEDIUM,VENDOR_RISK,Payment issued to VND-VND-04382 rated LOW risk. Active contract CON-109943 in place. Enhanced due diligence not documented.,0.487,VALIDATED,2023-07-01,2023-07-03
FND-003022,INV-00153,MEDIUM,POLICY_BREACH,Employee submitted Meals claim 68% above the authorised policy limit without prior exception approval.,0.567,VALIDATED,2022-10-30,2022-11-10
FND-003023,INV-00262,CRITICAL,APPROVAL_LIMIT,Transaction processed with approval from an officer whose delegated authority was 24% below the required threshold.,0.835,FALSE_POSITIVE,2024-12-06,
FND-003024,INV-00080,MEDIUM,APPROVAL_LIMIT,"Escalation protocol was bypassed. Transaction valued at $108,389 was approved at L2 without L4 countersignature.",0.578,FALSE_POSITIVE,2023-10-18,2023-10-28
FND-003025,INV-00470,LOW,POLICY_BREACH,"Entertainment expense of $340,518 submitted by EMP-43827 exceeds monthly policy allowance of $25,000.",0.449,VALIDATED,2024-11-02,2024-11-24
FND-003026,INV-00382,LOW,EXPIRED_COMPLIANCE,"Vendor VND-VND-01919 received payment of $360,212 on 2023-10-07. Compliance certificate expired on 2020-07-05 — 505 days prior.",0.367,RESOLVED,2023-10-27,
FND-003027,INV-00326,MEDIUM,FRAUD_PATTERN,"Round-number transaction of $404,793 processed at 00:49 — outside standard business hours. Flagged by anomaly detection.",0.65,OPEN,2023-10-11,
FND-003028,INV-00083,MEDIUM,APPROVAL_LIMIT,"Approval granted by EMP-83465 who was not authorised to approve amounts above $100,000. Transaction value: $134,606.",0.511,VALIDATED,2022-08-04,2022-08-07
FND-003029,INV-00431,LOW,POLICY_BREACH,"Expense claim of $40,936 for Consulting exceeds the policy maximum of $5,000. Overage: $34,197.",0.381,ESCALATED,2022-04-26,2022-05-17
FND-003030,INV-00136,LOW,FRAUD_PATTERN,"Split payment pattern detected: 5 transactions to same beneficiary totalling $2,824 — each below approval threshold of $25,000.",0.307,VALIDATED,2023-11-09,2023-11-27
FND-003031,INV-00032,LOW,APPROVAL_LIMIT,Transaction processed with approval from an officer whose delegated authority was 67% below the required threshold.,0.595,RESOLVED,2024-02-27,
FND-003032,INV-00165,HIGH,MISSING_RECEIPT,"Reimbursement of $251,743 for Travel was approved despite no receipt documentation in the system.",0.76,OPEN,2024-06-09,2024-06-25
FND-003033,INV-00407,MEDIUM,APPROVAL_LIMIT,"Approval granted by EMP-85177 who was not authorised to approve amounts above $500,000. Transaction value: $34,330.",0.64,VALIDATED,2024-10-16,2024-11-06
FND-003034,INV-00386,MEDIUM,MISSING_RECEIPT,Expense claim EXP-110885 submitted for Entertainment without an attached supporting receipt.,0.701,OPEN,2024-08-10,
FND-003035,INV-00091,CRITICAL,APPROVAL_LIMIT,"Payment of $272,139 approved at Level 1, which has a limit of $5,000. Transaction exceeded limit by $47,743.",0.833,OPEN,2022-01-08,2022-01-23
FND-003036,INV-00177,CRITICAL,VENDOR_RISK,"Vendor CoreVault Systems LLC holds CRITICAL risk rating. 5 payments totalling $14,932 processed in the audit period.",0.926,OPEN,2022-10-03,2022-10-15
FND-003037,INV-00232,MEDIUM,VENDOR_RISK,"BLACKLISTED vendor VND-VND-03159 received payment of $258,315 via contract CON-101644 that was not updated following blacklisting.",0.542,ESCALATED,2023-09-14,2023-10-04
FND-003038,INV-00435,CRITICAL,POLICY_BREACH,"Entertainment expense of $96,076 submitted by EMP-33433 exceeds monthly policy allowance of $25,000.",0.828,VALIDATED,2022-03-12,2022-04-01
FND-003039,INV-00500,MEDIUM,EXPIRED_COMPLIANCE,"Payment of $287,421 released to GreenBridge Consulting International whose ISO 27001 compliance expired 191 days before payment date.",0.578,VALIDATED,2022-05-15,2022-05-18
FND-003040,INV-00303,LOW,EXPIRED_COMPLIANCE,Compliance record CMP-109615 for vendor YieldPoint Partners Inc was in EXPIRED status at time of payment processing.,0.561,OPEN,2022-08-13,2022-09-07
FND-003041,INV-00029,LOW,MISSING_RECEIPT,"Reimbursement of $79,661 for Meals was approved despite no receipt documentation in the system.",0.354,VALIDATED,2023-10-08,
FND-003042,INV-00023,HIGH,EXPIRED_COMPLIANCE,"Payment of $322,529 released to OmegaLink Systems Inc whose SOC 2 compliance expired 203 days before payment date.",0.625,RESOLVED,2022-10-27,
FND-003043,INV-00500,MEDIUM,APPROVAL_LIMIT,"Payment of $279,624 approved at Level 2, which has a limit of $500,000. Transaction exceeded limit by $6,624.",0.619,VALIDATED,2023-11-16,2023-11-28
FND-003044,INV-00212,MEDIUM,VENDOR_RISK,Payment issued to VND-VND-01583 rated LOW risk. Active contract CON-103894 in place. Enhanced due diligence not documented.,0.575,RESOLVED,2021-09-16,2021-10-15
FND-003045,INV-00019,MEDIUM,VENDOR_RISK,"High-risk vendor WavePath Inc Group has no compliance record on file. Payment of $28,641 released without compliance clearance.",0.628,OPEN,2023-11-23,2023-11-27
FND-003046,INV-00431,MEDIUM,VENDOR_RISK,"High-risk vendor GreenBridge Consulting Holdings has no compliance record on file. Payment of $403,602 released without compliance clearance.",0.505,VALIDATED,2023-02-10,2023-02-25
FND-003047,INV-00162,MEDIUM,EXPIRED_COMPLIANCE,Procurement team processed payment without checking compliance status. Certificate had been expired for 540 days.,0.449,VALIDATED,2021-12-07,2021-12-22
FND-003048,INV-00303,MEDIUM,EXPIRED_COMPLIANCE,Procurement team processed payment without checking compliance status. Certificate had been expired for 424 days.,0.56,OPEN,2023-11-28,
FND-003049,INV-00246,MEDIUM,VENDOR_RISK,"Vendor PeakVault Services LLC holds CRITICAL risk rating. 7 payments totalling $12,810 processed in the audit period.",0.43,OPEN,2023-04-13,2023-04-27
FND-003050,INV-00292,HIGH,APPROVAL_LIMIT,"Approval granted by EMP-28437 who was not authorised to approve amounts above $100,000. Transaction value: $90,575.",0.654,VALIDATED,2022-07-24,2022-08-06
FND-003051,INV-00341,CRITICAL,MISSING_RECEIPT,Expense claim EXP-103461 submitted for Entertainment without an attached supporting receipt.,0.864,OPEN,2024-04-06,
FND-003052,INV-00057,MEDIUM,FRAUD_PATTERN,Employee EMP-68857 submitted 8 expense claims within 72 hours for identical amounts — potential duplicate fraud pattern.,0.74,VALIDATED,2023-12-13,
FND-003053,INV-00067,HIGH,VENDOR_RISK,"Vendor LucentBridge Technologies LLC holds CRITICAL risk rating. 4 payments totalling $18,932 processed in the audit period.",0.891,VALIDATED,2024-05-08,2024-06-03
FND-003054,INV-00302,HIGH,POLICY_BREACH,Employee submitted Entertainment claim 38% above the authorised policy limit without prior exception approval.,0.736,RESOLVED,2023-07-24,
FND-003055,INV-00180,MEDIUM,APPROVAL_LIMIT,Transaction processed with approval from an officer whose delegated authority was 57% below the required threshold.,0.414,VALIDATED,2024-04-03,
FND-003056,INV-00312,CRITICAL,MISSING_RECEIPT,Expense claim missing receipt. Policy POL-0013 requires receipts for all claims above $100.,0.806,VALIDATED,2023-11-30,2023-12-18
FND-003057,INV-00234,MEDIUM,VENDOR_RISK,"High-risk vendor MeridianTech International has no compliance record on file. Payment of $476,692 released without compliance clearance.",0.636,FALSE_POSITIVE,2022-09-15,2022-10-10
FND-003058,INV-00330,HIGH,POLICY_BREACH,"Claim EXP-117078 violates Policy POL-0018 section 4.2: Software expenditure capped at $5,000 per event.",0.802,RESOLVED,2024-12-02,2024-12-13
FND-003059,INV-00118,MEDIUM,MISSING_RECEIPT,Expense claim missing receipt. Policy POL-0018 requires receipts for all claims above $50.,0.516,VALIDATED,2022-12-21,
FND-003060,INV-00212,HIGH,APPROVAL_LIMIT,"Approval granted by EMP-46805 who was not authorised to approve amounts above $500,000. Transaction value: $360,995.",0.825,VALIDATED,2022-08-08,
FND-003061,INV-00299,MEDIUM,POLICY_BREACH,"Expense claim of $475,099 for Meals exceeds the policy maximum of $100,000. Overage: $33,662.",0.632,RESOLVED,2021-11-02,
FND-003062,INV-00146,MEDIUM,MISSING_RECEIPT,Expense claim EXP-168877 submitted for Entertainment without an attached supporting receipt.,0.628,VALIDATED,2022-08-22,2022-08-26
FND-003063,INV-00095,MEDIUM,MISSING_RECEIPT,Employee EMP-81581 submitted 2 claims totalling $733 without receipts in the review period.,0.589,OPEN,2023-05-21,
FND-003064,INV-00091,LOW,POLICY_BREACH,"Expense claim of $299,584 for Equipment exceeds the policy maximum of $100,000. Overage: $44,398.",0.533,ESCALATED,2022-04-06,2022-05-06
FND-003065,INV-00055,MEDIUM,APPROVAL_LIMIT,Transaction processed with approval from an officer whose delegated authority was 7% below the required threshold.,0.456,RESOLVED,2022-03-25,2022-04-09
FND-003066,INV-00102,MEDIUM,EXPIRED_COMPLIANCE,Procurement team processed payment without checking compliance status. Certificate had been expired for 424 days.,0.503,OPEN,2024-03-05,2024-04-03
FND-003067,INV-00156,LOW,EXPIRED_COMPLIANCE,Procurement team processed payment without checking compliance status. Certificate had been expired for 201 days.,0.351,RESOLVED,2022-05-13,2022-05-26
FND-003068,INV-00002,MEDIUM,APPROVAL_LIMIT,"Escalation protocol was bypassed. Transaction valued at $355,857 was approved at L3 without L4 countersignature.",0.652,VALIDATED,2022-05-16,2022-06-08
FND-003069,INV-00389,MEDIUM,POLICY_BREACH,Employee submitted Marketing claim 27% above the authorised policy limit without prior exception approval.,0.624,RESOLVED,2022-03-09,
FND-003070,INV-00380,MEDIUM,VENDOR_RISK,Payment issued to VND-VND-01964 rated LOW risk. Active contract CON-107131 in place. Enhanced due diligence not documented.,0.474,RESOLVED,2021-06-07,2021-06-22
FND-003071,INV-00131,MEDIUM,VENDOR_RISK,"BLACKLISTED vendor VND-VND-00123 received payment of $120,628 via contract CON-100193 that was not updated following blacklisting.",0.417,OPEN,2024-04-01,2024-04-21
FND-003072,INV-00306,MEDIUM,APPROVAL_LIMIT,"Escalation protocol was bypassed. Transaction valued at $49,519 was approved at L2 without L3 countersignature.",0.534,VALIDATED,2024-12-23,2025-01-18
FND-003073,INV-00159,LOW,APPROVAL_LIMIT,Transaction processed with approval from an officer whose delegated authority was 34% below the required threshold.,0.437,ESCALATED,2024-01-16,2024-01-29
FND-003074,INV-00371,MEDIUM,POLICY_BREACH,"Expense claim of $239,815 for Consulting exceeds the policy maximum of $25,000. Overage: $31,198.",0.56,OPEN,2023-06-03,2023-06-06
FND-003075,INV-00425,MEDIUM,EXPIRED_COMPLIANCE,Compliance record CMP-104726 for vendor OmegaLink Systems Ltd was in EXPIRED status at time of payment processing.,0.494,VALIDATED,2024-09-28,2024-10-11
FND-003076,INV-00399,CRITICAL,APPROVAL_LIMIT,Transaction processed with approval from an officer whose delegated authority was 63% below the required threshold.,0.872,OPEN,2022-12-04,2022-12-11
FND-003077,INV-00410,MEDIUM,VENDOR_RISK,"BLACKLISTED vendor VND-VND-02639 received payment of $112,861 via contract CON-105578 that was not updated following blacklisting.",0.744,OPEN,2023-06-01,2023-06-13
FND-003078,INV-00349,MEDIUM,APPROVAL_LIMIT,"Escalation protocol was bypassed. Transaction valued at $173,853 was approved at L1 without L3 countersignature.",0.491,VALIDATED,2021-12-20,2021-12-30
FND-003079,INV-00174,MEDIUM,MISSING_RECEIPT,Expense claim EXP-119966 submitted for Entertainment without an attached supporting receipt.,0.541,RESOLVED,2022-09-12,
FND-003080,INV-00422,LOW,EXPIRED_COMPLIANCE,Procurement team processed payment without checking compliance status. Certificate had been expired for 148 days.,0.541,ESCALATED,2021-08-13,2021-08-15
FND-003081,INV-00498,LOW,EXPIRED_COMPLIANCE,Compliance record CMP-109897 for vendor WavePath Inc Ltd was in EXPIRED status at time of payment processing.,0.47,VALIDATED,2022-04-06,
FND-003082,INV-00160,MEDIUM,VENDOR_RISK,"High-risk vendor BlueStar Procurement has no compliance record on file. Payment of $364,794 released without compliance clearance.",0.452,ESCALATED,2022-11-02,2022-11-23
FND-003083,INV-00344,MEDIUM,FRAUD_PATTERN,Employee EMP-59884 submitted 4 expense claims within 72 hours for identical amounts — potential duplicate fraud pattern.,0.497,VALIDATED,2023-09-11,
FND-003084,INV-00461,LOW,MISSING_RECEIPT,Expense claim missing receipt. Policy POL-0001 requires receipts for all claims above $200.,0.248,OPEN,2024-01-28,2024-02-27
FND-003085,INV-00422,MEDIUM,MISSING_RECEIPT,"Employee EMP-81213 submitted 6 claims totalling $19,752 without receipts in the review period.",0.555,VALIDATED,2023-06-20,
FND-003086,INV-00440,LOW,MISSING_RECEIPT,"Employee EMP-75477 submitted 4 claims totalling $11,564 without receipts in the review period.",0.6,RESOLVED,2022-02-15,2022-02-18
FND-003087,INV-00133,HIGH,FRAUD_PATTERN,Employee EMP-71344 submitted 7 expense claims within 72 hours for identical amounts — potential duplicate fraud pattern.,0.876,OPEN,2022-02-07,
FND-003088,INV-00332,LOW,EXPIRED_COMPLIANCE,"Vendor VND-VND-00293 received payment of $339,073 on 2024-05-23. Compliance certificate expired on 2021-03-03 — 277 days prior.",0.337,OPEN,2024-05-01,2024-05-25
FND-003089,INV-00287,MEDIUM,POLICY_BREACH,"Expense claim of $289,917 for Travel exceeds the policy maximum of $25,000. Overage: $25,352.",0.689,VALIDATED,2021-10-24,2021-11-06
FND-003090,INV-00254,LOW,VENDOR_RISK,"BLACKLISTED vendor VND-VND-00623 received payment of $340,051 via contract CON-104866 that was not updated following blacklisting.",0.547,VALIDATED,2022-04-28,2022-05-01
FND-003091,INV-00199,CRITICAL,FRAUD_PATTERN,"Split payment pattern detected: 6 transactions to same beneficiary totalling $9,607 — each below approval threshold of $100,000.",0.884,ESCALATED,2022-07-14,2022-08-01
FND-003092,INV-00228,CRITICAL,VENDOR_RISK,Payment issued to VND-VND-02582 rated MEDIUM risk. Active contract CON-104565 in place. Enhanced due diligence not documented.,0.939,VALIDATED,2022-04-04,2022-04-22
FND-003093,INV-00190,HIGH,MISSING_RECEIPT,"Reimbursement of $70,185 for Equipment was approved despite no receipt documentation in the system.",0.726,OPEN,2021-12-09,2022-01-02
FND-003094,INV-00362,MEDIUM,VENDOR_RISK,"High-risk vendor Delta_Logistics Inc has no compliance record on file. Payment of $465,085 released without compliance clearance.",0.45,RESOLVED,2023-11-15,2023-11-17
FND-003095,INV-00450,CRITICAL,EXPIRED_COMPLIANCE,Compliance record CMP-103215 for vendor Beta_Supplies Holdings was in EXPIRED status at time of payment processing.,0.868,OPEN,2021-08-22,
FND-003096,INV-00173,MEDIUM,VENDOR_RISK,"High-risk vendor RedPoint Consulting has no compliance record on file. Payment of $263,244 released without compliance clearance.",0.434,VALIDATED,2022-10-18,2022-10-28
FND-003097,INV-00052,MEDIUM,MISSING_RECEIPT,"Employee EMP-35643 submitted 5 claims totalling $12,337 without receipts in the review period.",0.691,VALIDATED,2021-10-28,
FND-003098,INV-00357,CRITICAL,VENDOR_RISK,Payment issued to VND-VND-03313 rated LOW risk. Active contract CON-108364 in place. Enhanced due diligence not documented.,0.933,RESOLVED,2022-02-12,
FND-003099,INV-00300,LOW,VENDOR_RISK,Payment issued to VND-VND-00944 rated LOW risk. Active contract CON-103604 in place. Enhanced due diligence not documented.,0.289,VALIDATED,2024-11-20,2024-12-06
FND-003100,INV-00068,CRITICAL,EXPIRED_COMPLIANCE,"Vendor VND-VND-03731 received payment of $355,055 on 2023-08-12. Compliance certificate expired on 2020-03-20 — 424 days prior.",0.9,VALIDATED,2024-07-03,2024-07-17
FND-003101,INV-00001,HIGH,FRAUD_PATTERN,"Split payment pattern detected: 7 transactions to same beneficiary totalling $1,675 — each below approval threshold of $25,000.",0.62,OPEN,2024-04-09,
FND-003102,INV-00456,MEDIUM,FRAUD_PATTERN,Employee EMP-84202 submitted 4 expense claims within 72 hours for identical amounts — potential duplicate fraud pattern.,0.551,VALIDATED,2024-08-26,2024-09-10
FND-003103,INV-00477,MEDIUM,APPROVAL_LIMIT,"Payment of $140,844 approved at Level 3, which has a limit of $500,000. Transaction exceeded limit by $39,809.",0.543,RESOLVED,2023-05-04,
FND-003104,INV-00187,MEDIUM,EXPIRED_COMPLIANCE,"Payment of $19,704 released to FlowBridge Inc LLC whose GDPR compliance expired 210 days before payment date.",0.563,VALIDATED,2024-11-27,2024-11-28
FND-003105,INV-00445,MEDIUM,FRAUD_PATTERN,"Round-number transaction of $93,322 processed at 00:38 — outside standard business hours. Flagged by anomaly detection.",0.467,OPEN,2021-08-04,2021-08-10
FND-003106,INV-00146,MEDIUM,APPROVAL_LIMIT,"Payment of $437,480 approved at Level 2, which has a limit of $5,000. Transaction exceeded limit by $48,397.",0.644,RESOLVED,2022-08-06,
FND-003107,INV-00086,LOW,APPROVAL_LIMIT,Transaction processed with approval from an officer whose delegated authority was 48% below the required threshold.,0.632,OPEN,2023-11-12,2023-11-18
FND-003108,INV-00052,LOW,EXPIRED_COMPLIANCE,"Vendor VND-VND-01285 received payment of $376,620 on 2023-01-25. Compliance certificate expired on 2020-01-03 — 187 days prior.",0.414,VALIDATED,2024-01-18,2024-02-16
FND-003109,INV-00169,CRITICAL,APPROVAL_LIMIT,"Escalation protocol was bypassed. Transaction valued at $48,428 was approved at L2 without L5 countersignature.",0.87,FALSE_POSITIVE,2024-12-21,2024-12-30
FND-003110,INV-00465,CRITICAL,VENDOR_RISK,Payment issued to VND-VND-00342 rated LOW risk. Active contract CON-108561 in place. Enhanced due diligence not documented.,0.815,RESOLVED,2024-08-01,2024-08-26
FND-003111,INV-00334,MEDIUM,FRAUD_PATTERN,"Split payment pattern detected: 2 transactions to same beneficiary totalling $4,485 — each below approval threshold of $100,000.",0.725,OPEN,2023-11-02,
FND-003112,INV-00454,CRITICAL,VENDOR_RISK,"High-risk vendor KineticBlue Ltd has no compliance record on file. Payment of $284,179 released without compliance clearance.",0.756,ESCALATED,2023-04-05,
FND-003113,INV-00277,MEDIUM,VENDOR_RISK,"BLACKLISTED vendor VND-VND-04857 received payment of $130,300 via contract CON-109818 that was not updated following blacklisting.",0.413,ESCALATED,2022-02-17,2022-03-19
FND-003114,INV-00011,HIGH,EXPIRED_COMPLIANCE,Compliance record CMP-107224 for vendor VoltEdge Solutions International was in EXPIRED status at time of payment processing.,0.664,VALIDATED,2022-11-26,2022-12-21
FND-003115,INV-00026,MEDIUM,VENDOR_RISK,"BLACKLISTED vendor VND-VND-03980 received payment of $313,639 via contract CON-102357 that was not updated following blacklisting.",0.655,ESCALATED,2024-12-05,2024-12-06
FND-003116,INV-00229,HIGH,MISSING_RECEIPT,"Reimbursement of $243,195 for Travel was approved despite no receipt documentation in the system.",0.839,OPEN,2024-02-14,
FND-003117,INV-00386,LOW,VENDOR_RISK,"Vendor HorizonEdge Inc International holds CRITICAL risk rating. 5 payments totalling $15,363 processed in the audit period.",0.433,VALIDATED,2024-04-12,2024-04-14
FND-003118,INV-00165,MEDIUM,VENDOR_RISK,"BLACKLISTED vendor VND-VND-02504 received payment of $448,108 via contract CON-102210 that was not updated following blacklisting.",0.548,VALIDATED,2022-07-22,2022-07-23
FND-003119,INV-00087,CRITICAL,EXPIRED_COMPLIANCE,"Vendor VND-VND-02794 received payment of $411,222 on 2022-07-10. Compliance certificate expired on 2022-05-09 — 86 days prior.",0.777,OPEN,2021-10-25,2021-11-07
FND-003120,INV-00405,HIGH,MISSING_RECEIPT,"Employee EMP-54603 submitted 4 claims totalling $13,132 without receipts in the review period.",0.699,FALSE_POSITIVE,2024-08-02,
FND-003121,INV-00004,MEDIUM,MISSING_RECEIPT,Expense claim EXP-123298 submitted for Accommodation without an attached supporting receipt.,0.55,RESOLVED,2024-07-18,2024-08-02
FND-003122,INV-00218,LOW,APPROVAL_LIMIT,"Approval granted by EMP-71512 who was not authorised to approve amounts above $5,000. Transaction value: $461,992.",0.412,ESCALATED,2021-08-14,2021-08-27
FND-003123,INV-00238,MEDIUM,FRAUD_PATTERN,Transaction routed through 3 intermediate accounts before reaching final beneficiary. Unusual for CASH_OUT transaction type.,0.51,RESOLVED,2022-06-27,
FND-003124,INV-00370,MEDIUM,APPROVAL_LIMIT,"Approval granted by EMP-68268 who was not authorised to approve amounts above $100,000. Transaction value: $2,688.",0.542,RESOLVED,2024-05-04,2024-05-12
FND-003125,INV-00089,MEDIUM,APPROVAL_LIMIT,Transaction processed with approval from an officer whose delegated authority was 14% below the required threshold.,0.485,VALIDATED,2022-10-25,
FND-003126,INV-00308,LOW,MISSING_RECEIPT,"Employee EMP-37441 submitted 6 claims totalling $18,559 without receipts in the review period.",0.626,RESOLVED,2021-11-05,2021-11-21
FND-003127,INV-00029,MEDIUM,MISSING_RECEIPT,Expense claim missing receipt. Policy POL-0019 requires receipts for all claims above $75.,0.56,OPEN,2023-03-19,2023-04-08
FND-003128,INV-00115,LOW,MISSING_RECEIPT,Expense claim EXP-171398 submitted for Meals without an attached supporting receipt.,0.447,OPEN,2023-10-09,2023-10-12
FND-003129,INV-00103,MEDIUM,POLICY_BREACH,"Entertainment expense of $312,271 submitted by EMP-15443 exceeds monthly policy allowance of $100,000.",0.613,VALIDATED,2021-11-02,
FND-003130,INV-00340,LOW,FRAUD_PATTERN,Employee EMP-91161 submitted 6 expense claims within 72 hours for identical amounts — potential duplicate fraud pattern.,0.607,RESOLVED,2021-10-31,2021-11-27
FND-003131,INV-00204,LOW,EXPIRED_COMPLIANCE,"Vendor VND-VND-04460 received payment of $320,994 on 2023-08-29. Compliance certificate expired on 2022-08-17 — 282 days prior.",0.258,RESOLVED,2024-10-11,2024-10-17
FND-003132,INV-00365,MEDIUM,APPROVAL_LIMIT,Transaction processed with approval from an officer whose delegated authority was 80% below the required threshold.,0.692,VALIDATED,2024-07-25,
FND-003133,INV-00119,CRITICAL,VENDOR_RISK,"High-risk vendor SilverPath Holdings International has no compliance record on file. Payment of $195,296 released without compliance clearance.",0.944,OPEN,2023-07-08,2023-08-07
FND-003134,INV-00218,MEDIUM,EXPIRED_COMPLIANCE,Compliance record CMP-102907 for vendor YellowBridge Partners LLC was in EXPIRED status at time of payment processing.,0.519,VALIDATED,2022-12-08,2022-12-13
FND-003135,INV-00007,MEDIUM,EXPIRED_COMPLIANCE,Procurement team processed payment without checking compliance status. Certificate had been expired for 156 days.,0.574,OPEN,2021-06-08,
FND-003136,INV-00040,MEDIUM,MISSING_RECEIPT,"Reimbursement of $153,915 for Meals was approved despite no receipt documentation in the system.",0.565,VALIDATED,2024-07-01,2024-07-29
FND-003137,INV-00192,MEDIUM,FRAUD_PATTERN,"Split payment pattern detected: 6 transactions to same beneficiary totalling $1,183 — each below approval threshold of $500,000.",0.428,OPEN,2023-10-13,2023-11-06
FND-003138,INV-00021,HIGH,POLICY_BREACH,Employee submitted Entertainment claim 7% above the authorised policy limit without prior exception approval.,0.792,OPEN,2021-07-15,2021-07-30
FND-003139,INV-00395,HIGH,POLICY_BREACH,"Claim EXP-103908 violates Policy POL-0016 section 4.2: Entertainment expenditure capped at $100,000 per event.",0.753,VALIDATED,2021-10-08,2021-11-02
FND-003140,INV-00046,MEDIUM,APPROVAL_LIMIT,"Approval granted by EMP-65028 who was not authorised to approve amounts above $25,000. Transaction value: $31,481.",0.403,VALIDATED,2024-12-15,2024-12-22
FND-003141,INV-00459,MEDIUM,POLICY_BREACH,"Expense claim of $266,501 for Meals exceeds the policy maximum of $100,000. Overage: $42,348.",0.593,VALIDATED,2024-12-18,2024-12-19
FND-003142,INV-00413,MEDIUM,MISSING_RECEIPT,"Employee EMP-70418 submitted 2 claims totalling $14,741 without receipts in the review period.",0.515,OPEN,2022-09-26,2022-10-11
FND-003143,INV-00053,MEDIUM,APPROVAL_LIMIT,"Escalation protocol was bypassed. Transaction valued at $69,333 was approved at L1 without L3 countersignature.",0.742,ESCALATED,2023-03-21,2023-03-23
FND-003144,INV-00104,CRITICAL,MISSING_RECEIPT,"Reimbursement of $406,148 for Travel was approved despite no receipt documentation in the system.",0.961,VALIDATED,2024-07-08,2024-08-02
FND-003145,INV-00010,LOW,VENDOR_RISK,"Vendor PrimeAxis Corp Inc holds CRITICAL risk rating. 8 payments totalling $9,851 processed in the audit period.",0.471,OPEN,2022-10-07,2022-10-26
FND-003146,INV-00340,CRITICAL,VENDOR_RISK,"High-risk vendor XpressCore Dynamics International has no compliance record on file. Payment of $12,576 released without compliance clearance.",0.805,OPEN,2021-11-25,2021-12-02
FND-003147,INV-00469,CRITICAL,FRAUD_PATTERN,Transaction routed through 8 intermediate accounts before reaching final beneficiary. Unusual for PAYMENT transaction type.,0.781,VALIDATED,2024-02-25,2024-02-26
FND-003148,INV-00142,CRITICAL,APPROVAL_LIMIT,"Escalation protocol was bypassed. Transaction valued at $166,785 was approved at L1 without L3 countersignature.",0.836,OPEN,2021-09-30,2021-10-09
FND-003149,INV-00327,MEDIUM,APPROVAL_LIMIT,"Payment of $394,814 approved at Level 2, which has a limit of $25,000. Transaction exceeded limit by $16,560.",0.712,VALIDATED,2024-12-27,2025-01-15
FND-003150,INV-00405,CRITICAL,EXPIRED_COMPLIANCE,"Payment of $70,570 released to TitanPath Holdings LLC whose GDPR compliance expired 438 days before payment date.",0.887,OPEN,2023-04-11,2023-05-04
FND-003151,INV-00356,MEDIUM,MISSING_RECEIPT,Expense claim EXP-190812 submitted for Software without an attached supporting receipt.,0.535,VALIDATED,2022-03-23,
FND-003152,INV-00331,MEDIUM,POLICY_BREACH,"Expense claim of $470,154 for Equipment exceeds the policy maximum of $500,000. Overage: $37,660.",0.408,RESOLVED,2023-07-04,2023-07-06
FND-003153,INV-00279,LOW,VENDOR_RISK,"High-risk vendor Delta_Logistics LLC has no compliance record on file. Payment of $248,016 released without compliance clearance.",0.224,OPEN,2023-04-16,
FND-003154,INV-00298,MEDIUM,MISSING_RECEIPT,"Reimbursement of $336,600 for Marketing was approved despite no receipt documentation in the system.",0.646,VALIDATED,2023-02-05,
FND-003155,INV-00003,MEDIUM,EXPIRED_COMPLIANCE,Compliance record CMP-102045 for vendor GreenBridge Consulting Inc was in EXPIRED status at time of payment processing.,0.592,RESOLVED,2023-10-10,
FND-003156,INV-00255,CRITICAL,VENDOR_RISK,"High-risk vendor DawnTech Services has no compliance record on file. Payment of $471,085 released without compliance clearance.",0.807,VALIDATED,2022-07-30,2022-08-09
FND-003157,INV-00060,MEDIUM,POLICY_BREACH,"Expense claim of $155,449 for Accommodation exceeds the policy maximum of $25,000. Overage: $14,558.",0.432,OPEN,2022-03-22,2022-04-01
FND-003158,INV-00275,LOW,APPROVAL_LIMIT,"Escalation protocol was bypassed. Transaction valued at $273,182 was approved at L3 without L3 countersignature.",0.425,VALIDATED,2021-10-19,2021-11-10
FND-003159,INV-00476,MEDIUM,MISSING_RECEIPT,Expense claim missing receipt. Policy POL-0010 requires receipts for all claims above $100.,0.513,VALIDATED,2021-07-08,2021-07-17
FND-003160,INV-00073,HIGH,EXPIRED_COMPLIANCE,"Payment of $329,766 released to XpressCore Dynamics Ltd whose ISO 27001 compliance expired 514 days before payment date.",0.746,VALIDATED,2023-05-23,2023-06-20
FND-003161,INV-00036,MEDIUM,VENDOR_RISK,Payment issued to VND-VND-04180 rated LOW risk. Active contract CON-108341 in place. Enhanced due diligence not documented.,0.555,OPEN,2022-01-22,
FND-003162,INV-00343,LOW,VENDOR_RISK,"Vendor YieldPoint Partners Inc holds CRITICAL risk rating. 4 payments totalling $15,986 processed in the audit period.",0.628,VALIDATED,2024-02-02,2024-02-21
FND-003163,INV-00075,LOW,POLICY_BREACH,"Entertainment expense of $495,575 submitted by EMP-50815 exceeds monthly policy allowance of $25,000.",0.46,VALIDATED,2022-11-28,2022-12-10
FND-003164,INV-00345,LOW,EXPIRED_COMPLIANCE,"Payment of $37,299 released to TrueNorth Services Ltd whose GDPR compliance expired 367 days before payment date.",0.275,VALIDATED,2022-04-05,
FND-003165,INV-00474,HIGH,POLICY_BREACH,"Entertainment expense of $389,755 submitted by EMP-28991 exceeds monthly policy allowance of $25,000.",0.715,ESCALATED,2024-10-09,2024-10-17
FND-003166,INV-00028,MEDIUM,APPROVAL_LIMIT,"Payment of $27,837 approved at Level 1, which has a limit of $500,000. Transaction exceeded limit by $14,760.",0.564,RESOLVED,2021-12-29,
FND-003167,INV-00188,LOW,VENDOR_RISK,"High-risk vendor TrueNorth Services Inc has no compliance record on file. Payment of $224,987 released without compliance clearance.",0.34,VALIDATED,2022-01-26,2022-02-12
FND-003168,INV-00349,LOW,EXPIRED_COMPLIANCE,"Vendor VND-VND-00590 received payment of $104,967 on 2023-08-10. Compliance certificate expired on 2022-05-24 — 128 days prior.",0.34,VALIDATED,2024-09-28,2024-10-16
FND-003169,INV-00275,LOW,VENDOR_RISK,Payment issued to VND-VND-03132 rated HIGH risk. Active contract CON-109272 in place. Enhanced due diligence not documented.,0.233,OPEN,2022-06-03,
FND-003170,INV-00218,CRITICAL,VENDOR_RISK,Payment issued to VND-VND-01049 rated MEDIUM risk. Active contract CON-107497 in place. Enhanced due diligence not documented.,0.818,OPEN,2023-04-27,2023-05-27
FND-003171,INV-00056,MEDIUM,FRAUD_PATTERN,Employee EMP-47354 submitted 4 expense claims within 72 hours for identical amounts — potential duplicate fraud pattern.,0.559,VALIDATED,2024-07-06,2024-07-24
FND-003172,INV-00097,CRITICAL,APPROVAL_LIMIT,"Approval granted by EMP-97592 who was not authorised to approve amounts above $25,000. Transaction value: $318,533.",0.754,ESCALATED,2024-02-11,
FND-003173,INV-00171,MEDIUM,EXPIRED_COMPLIANCE,Compliance record CMP-102550 for vendor MomentumCore Corp was in EXPIRED status at time of payment processing.,0.558,ESCALATED,2024-05-24,2024-05-28
FND-003174,INV-00159,LOW,POLICY_BREACH,"Expense claim of $408,904 for Travel exceeds the policy maximum of $500,000. Overage: $46,829.",0.499,RESOLVED,2022-09-22,
FND-003175,INV-00363,MEDIUM,POLICY_BREACH,"Claim EXP-167495 violates Policy POL-0001 section 4.2: Training expenditure capped at $5,000 per event.",0.671,FALSE_POSITIVE,2022-06-02,
FND-003176,INV-00445,CRITICAL,VENDOR_RISK,"BLACKLISTED vendor VND-VND-03039 received payment of $321,604 via contract CON-103191 that was not updated following blacklisting.",0.975,VALIDATED,2023-04-13,2023-05-12
FND-003177,INV-00257,CRITICAL,VENDOR_RISK,"BLACKLISTED vendor VND-VND-00734 received payment of $23,321 via contract CON-105261 that was not updated following blacklisting.",0.952,VALIDATED,2022-01-15,2022-01-17
FND-003178,INV-00312,HIGH,FRAUD_PATTERN,Employee EMP-53752 submitted 2 expense claims within 72 hours for identical amounts — potential duplicate fraud pattern.,0.727,VALIDATED,2022-09-17,2022-09-28
FND-003179,INV-00337,MEDIUM,APPROVAL_LIMIT,"Escalation protocol was bypassed. Transaction valued at $50,912 was approved at L1 without L4 countersignature.",0.454,OPEN,2024-01-26,
FND-003180,INV-00451,CRITICAL,POLICY_BREACH,"Expense claim of $410,420 for Travel exceeds the policy maximum of $100,000. Overage: $17,096.",0.959,RESOLVED,2021-06-13,2021-06-25
FND-003181,INV-00318,LOW,VENDOR_RISK,Payment issued to VND-VND-01687 rated LOW risk. Active contract CON-106714 in place. Enhanced due diligence not documented.,0.444,VALIDATED,2023-11-22,2023-12-04
FND-003182,INV-00194,MEDIUM,POLICY_BREACH,Employee submitted Entertainment claim 38% above the authorised policy limit without prior exception approval.,0.414,OPEN,2022-01-25,
FND-003183,INV-00001,MEDIUM,APPROVAL_LIMIT,"Approval granted by EMP-68998 who was not authorised to approve amounts above $500,000. Transaction value: $8,233.",0.403,RESOLVED,2022-02-11,2022-02-28
FND-003184,INV-00242,LOW,POLICY_BREACH,"Expense claim of $40,752 for Training exceeds the policy maximum of $500,000. Overage: $22,382.",0.584,RESOLVED,2021-12-17,2021-12-31
FND-003185,INV-00133,MEDIUM,APPROVAL_LIMIT,Transaction processed with approval from an officer whose delegated authority was 17% below the required threshold.,0.535,RESOLVED,2024-05-30,2024-06-09
FND-003186,INV-00150,MEDIUM,MISSING_RECEIPT,Expense claim EXP-172005 submitted for Consulting without an attached supporting receipt.,0.546,VALIDATED,2022-09-29,
FND-003187,INV-00028,MEDIUM,POLICY_BREACH,"Claim EXP-157094 violates Policy POL-0019 section 4.2: Entertainment expenditure capped at $25,000 per event.",0.517,VALIDATED,2021-11-06,
FND-003188,INV-00125,LOW,APPROVAL_LIMIT,Transaction processed with approval from an officer whose delegated authority was 15% below the required threshold.,0.57,OPEN,2022-04-03,2022-04-05
FND-003189,INV-00160,LOW,EXPIRED_COMPLIANCE,Procurement team processed payment without checking compliance status. Certificate had been expired for 339 days.,0.495,ESCALATED,2024-02-08,
FND-003190,INV-00408,MEDIUM,MISSING_RECEIPT,"Reimbursement of $205,348 for Marketing was approved despite no receipt documentation in the system.",0.474,OPEN,2023-05-21,2023-06-03
FND-003191,INV-00443,LOW,POLICY_BREACH,"Entertainment expense of $133,853 submitted by EMP-38370 exceeds monthly policy allowance of $100,000.",0.649,VALIDATED,2024-02-12,
FND-003192,INV-00085,LOW,APPROVAL_LIMIT,"Approval granted by EMP-75388 who was not authorised to approve amounts above $25,000. Transaction value: $287,620.",0.585,OPEN,2023-10-05,2023-11-02
FND-003193,INV-00057,LOW,FRAUD_PATTERN,Employee EMP-98637 submitted 4 expense claims within 72 hours for identical amounts — potential duplicate fraud pattern.,0.498,VALIDATED,2021-10-30,2021-11-12
FND-003194,INV-00218,MEDIUM,MISSING_RECEIPT,"Employee EMP-97004 submitted 2 claims totalling $7,085 without receipts in the review period.",0.593,OPEN,2022-08-31,2022-09-05
FND-003195,INV-00424,HIGH,VENDOR_RISK,"BLACKLISTED vendor VND-VND-01798 received payment of $238,543 via contract CON-109969 that was not updated following blacklisting.",0.655,OPEN,2024-06-06,2024-06-17
FND-003196,INV-00356,CRITICAL,APPROVAL_LIMIT,Transaction processed with approval from an officer whose delegated authority was 6% below the required threshold.,0.946,OPEN,2024-02-25,2024-03-15
FND-003197,INV-00172,MEDIUM,POLICY_BREACH,"Entertainment expense of $290,897 submitted by EMP-49774 exceeds monthly policy allowance of $100,000.",0.679,RESOLVED,2024-11-05,2024-11-25
FND-003198,INV-00340,MEDIUM,MISSING_RECEIPT,"Reimbursement of $270,153 for Travel was approved despite no receipt documentation in the system.",0.616,ESCALATED,2022-01-25,2022-02-19
FND-003199,INV-00196,HIGH,EXPIRED_COMPLIANCE,"Vendor VND-VND-03256 received payment of $236,062 on 2024-03-26. Compliance certificate expired on 2022-10-19 — 465 days prior.",0.739,VALIDATED,2024-02-28,
FND-003200,INV-00175,MEDIUM,VENDOR_RISK,"BLACKLISTED vendor VND-VND-00979 received payment of $315,890 via contract CON-100611 that was not updated following blacklisting.",0.646,ESCALATED,2023-03-13,2023-03-16
FND-003201,INV-00065,LOW,MISSING_RECEIPT,Expense claim EXP-118065 submitted for Meals without an attached supporting receipt.,0.39,ESCALATED,2023-05-24,2023-06-08
FND-003202,INV-00054,MEDIUM,POLICY_BREACH,Employee submitted Equipment claim 57% above the authorised policy limit without prior exception approval.,0.566,VALIDATED,2021-12-07,
FND-003203,INV-00435,MEDIUM,MISSING_RECEIPT,"Reimbursement of $289,915 for Travel was approved despite no receipt documentation in the system.",0.487,RESOLVED,2022-07-07,2022-07-08
FND-003204,INV-00165,MEDIUM,MISSING_RECEIPT,"Employee EMP-87003 submitted 2 claims totalling $11,855 without receipts in the review period.",0.481,OPEN,2024-02-03,2024-02-26
FND-003205,INV-00008,HIGH,MISSING_RECEIPT,"Reimbursement of $262,054 for Equipment was approved despite no receipt documentation in the system.",0.767,OPEN,2023-11-29,2023-12-20
FND-003206,INV-00246,MEDIUM,FRAUD_PATTERN,"Split payment pattern detected: 4 transactions to same beneficiary totalling $10,528 — each below approval threshold of $25,000.",0.527,OPEN,2021-11-13,2021-12-05
FND-003207,INV-00177,LOW,FRAUD_PATTERN,Transaction routed through 4 intermediate accounts before reaching final beneficiary. Unusual for CASH_OUT transaction type.,0.214,OPEN,2023-08-26,2023-09-07
FND-003208,INV-00402,HIGH,POLICY_BREACH,Employee submitted Travel claim 17% above the authorised policy limit without prior exception approval.,0.609,VALIDATED,2021-10-28,
FND-003209,INV-00198,MEDIUM,APPROVAL_LIMIT,"Escalation protocol was bypassed. Transaction valued at $266,100 was approved at L2 without L4 countersignature.",0.605,OPEN,2023-03-08,
FND-003210,INV-00478,LOW,EXPIRED_COMPLIANCE,Procurement team processed payment without checking compliance status. Certificate had been expired for 460 days.,0.583,VALIDATED,2024-11-24,2024-12-09
FND-003211,INV-00123,MEDIUM,EXPIRED_COMPLIANCE,Compliance record CMP-109557 for vendor XpressCore Dynamics Inc was in EXPIRED status at time of payment processing.,0.594,VALIDATED,2022-04-05,
FND-003212,INV-00067,MEDIUM,EXPIRED_COMPLIANCE,"Vendor VND-VND-01635 received payment of $371,808 on 2023-03-22. Compliance certificate expired on 2021-10-02 — 437 days prior.",0.72,OPEN,2022-08-02,2022-08-19
FND-003213,INV-00423,LOW,VENDOR_RISK,Payment issued to VND-VND-03397 rated LOW risk. Active contract CON-106936 in place. Enhanced due diligence not documented.,0.453,VALIDATED,2023-08-04,
FND-003214,INV-00247,HIGH,VENDOR_RISK,Payment issued to VND-VND-01632 rated MEDIUM risk. Active contract CON-108632 in place. Enhanced due diligence not documented.,0.877,OPEN,2023-02-05,2023-02-10
FND-003215,INV-00327,LOW,APPROVAL_LIMIT,"Payment of $57,772 approved at Level 2, which has a limit of $100,000. Transaction exceeded limit by $29,119.",0.397,VALIDATED,2021-06-03,
FND-003216,INV-00105,MEDIUM,POLICY_BREACH,Employee submitted Office Supplies claim 58% above the authorised policy limit without prior exception approval.,0.547,RESOLVED,2022-02-01,2022-02-05
FND-003217,INV-00495,LOW,POLICY_BREACH,Employee submitted Accommodation claim 18% above the authorised policy limit without prior exception approval.,0.575,RESOLVED,2021-10-19,2021-11-16
FND-003218,INV-00087,HIGH,POLICY_BREACH,"Expense claim of $293,726 for Meals exceeds the policy maximum of $500,000. Overage: $18,817.",0.74,OPEN,2022-03-17,
FND-003219,INV-00041,MEDIUM,MISSING_RECEIPT,"Reimbursement of $489,331 for Accommodation was approved despite no receipt documentation in the system.",0.504,VALIDATED,2024-10-24,2024-11-22
FND-003220,INV-00200,LOW,MISSING_RECEIPT,"Employee EMP-73380 submitted 7 claims totalling $5,826 without receipts in the review period.",0.615,RESOLVED,2022-02-03,2022-02-17
FND-003221,INV-00155,LOW,VENDOR_RISK,"Vendor EdgeWave Technologies Group holds CRITICAL risk rating. 4 payments totalling $12,685 processed in the audit period.",0.514,VALIDATED,2023-10-04,2023-10-15
FND-003222,INV-00490,LOW,EXPIRED_COMPLIANCE,"Vendor VND-VND-01072 received payment of $127,094 on 2024-01-21. Compliance certificate expired on 2022-01-02 — 349 days prior.",0.544,RESOLVED,2024-04-30,2024-05-16
FND-003223,INV-00441,CRITICAL,VENDOR_RISK,Payment issued to VND-VND-03193 rated LOW risk. Active contract CON-109018 in place. Enhanced due diligence not documented.,0.784,OPEN,2022-12-11,2022-12-20
FND-003224,INV-00047,HIGH,APPROVAL_LIMIT,Transaction processed with approval from an officer whose delegated authority was 45% below the required threshold.,0.719,RESOLVED,2023-07-23,2023-08-17
FND-003225,INV-00213,MEDIUM,EXPIRED_COMPLIANCE,"Vendor VND-VND-01479 received payment of $7,569 on 2024-04-15. Compliance certificate expired on 2021-10-30 — 325 days prior.",0.63,ESCALATED,2021-09-24,2021-09-30
FND-003226,INV-00015,MEDIUM,VENDOR_RISK,"Vendor LatticeCore Partners LLC holds CRITICAL risk rating. 4 payments totalling $3,151 processed in the audit period.",0.409,VALIDATED,2023-04-05,
FND-003227,INV-00352,LOW,MISSING_RECEIPT,Employee EMP-90469 submitted 8 claims totalling $528 without receipts in the review period.,0.307,VALIDATED,2022-02-07,2022-02-17
FND-003228,INV-00111,MEDIUM,VENDOR_RISK,"High-risk vendor VertiLink Distributors Holdings has no compliance record on file. Payment of $497,574 released without compliance clearance.",0.405,VALIDATED,2022-10-02,2022-10-03
FND-003229,INV-00088,MEDIUM,EXPIRED_COMPLIANCE,"Vendor VND-VND-04790 received payment of $215,829 on 2023-07-24. Compliance certificate expired on 2020-11-05 — 182 days prior.",0.638,VALIDATED,2024-11-08,2024-12-01
FND-003230,INV-00001,LOW,APPROVAL_LIMIT,"Payment of $312,858 approved at Level 2, which has a limit of $25,000. Transaction exceeded limit by $27,405.",0.234,ESCALATED,2022-08-19,2022-09-07
FND-003231,INV-00273,MEDIUM,VENDOR_RISK,"Vendor DawnTech Services Holdings holds CRITICAL risk rating. 3 payments totalling $12,393 processed in the audit period.",0.454,OPEN,2022-02-23,2022-03-23
FND-003232,INV-00402,HIGH,MISSING_RECEIPT,Expense claim missing receipt. Policy POL-0010 requires receipts for all claims above $50.,0.817,RESOLVED,2023-11-20,2023-12-06
FND-003233,INV-00312,HIGH,APPROVAL_LIMIT,"Payment of $392,599 approved at Level 3, which has a limit of $500,000. Transaction exceeded limit by $49,882.",0.634,RESOLVED,2022-10-09,2022-10-16
FND-003234,INV-00271,MEDIUM,APPROVAL_LIMIT,Transaction processed with approval from an officer whose delegated authority was 25% below the required threshold.,0.706,RESOLVED,2021-09-12,2021-09-24
FND-003235,INV-00181,LOW,APPROVAL_LIMIT,Transaction processed with approval from an officer whose delegated authority was 49% below the required threshold.,0.39,VALIDATED,2024-05-27,2024-06-14
FND-003236,INV-00380,LOW,VENDOR_RISK,Payment issued to VND-VND-01787 rated HIGH risk. Active contract CON-103043 in place. Enhanced due diligence not documented.,0.477,VALIDATED,2023-06-10,2023-06-11
FND-003237,INV-00096,LOW,VENDOR_RISK,"BLACKLISTED vendor VND-VND-01194 received payment of $69,816 via contract CON-107991 that was not updated following blacklisting.",0.374,OPEN,2022-01-18,
FND-003238,INV-00019,CRITICAL,VENDOR_RISK,"High-risk vendor YieldPoint Partners Inc has no compliance record on file. Payment of $284,931 released without compliance clearance.",0.836,RESOLVED,2023-03-21,2023-04-19
FND-003239,INV-00062,MEDIUM,MISSING_RECEIPT,"Reimbursement of $444,736 for Consulting was approved despite no receipt documentation in the system.",0.568,RESOLVED,2024-10-24,2024-10-29
FND-003240,INV-00422,MEDIUM,FRAUD_PATTERN,"Round-number transaction of $495,263 processed at 02:42 — outside standard business hours. Flagged by anomaly detection.",0.679,OPEN,2023-08-19,2023-09-08
FND-003241,INV-00221,MEDIUM,MISSING_RECEIPT,Expense claim EXP-188133 submitted for Office Supplies without an attached supporting receipt.,0.677,RESOLVED,2023-12-23,
FND-003242,INV-00035,MEDIUM,APPROVAL_LIMIT,Transaction processed with approval from an officer whose delegated authority was 75% below the required threshold.,0.499,VALIDATED,2023-07-01,2023-07-18
FND-003243,INV-00087,MEDIUM,VENDOR_RISK,"High-risk vendor UnityCore Technologies Ltd has no compliance record on file. Payment of $232,434 released without compliance clearance.",0.652,ESCALATED,2024-01-31,2024-02-19
FND-003244,INV-00278,MEDIUM,APPROVAL_LIMIT,"Escalation protocol was bypassed. Transaction valued at $130,052 was approved at L3 without L3 countersignature.",0.448,RESOLVED,2023-01-17,2023-01-26
FND-003245,INV-00099,MEDIUM,POLICY_BREACH,"Expense claim of $425,537 for Training exceeds the policy maximum of $25,000. Overage: $1,786.",0.658,OPEN,2023-09-05,
FND-003246,INV-00119,MEDIUM,POLICY_BREACH,"Entertainment expense of $191,641 submitted by EMP-15515 exceeds monthly policy allowance of $25,000.",0.445,VALIDATED,2024-12-30,2025-01-04
FND-003247,INV-00154,LOW,EXPIRED_COMPLIANCE,Compliance record CMP-109626 for vendor IronPoint Manufacturing Ltd was in EXPIRED status at time of payment processing.,0.367,VALIDATED,2022-08-11,
FND-003248,INV-00198,MEDIUM,VENDOR_RISK,"BLACKLISTED vendor VND-VND-01158 received payment of $38,632 via contract CON-105686 that was not updated following blacklisting.",0.646,RESOLVED,2024-12-24,2024-12-25
FND-003249,INV-00314,MEDIUM,VENDOR_RISK,Payment issued to VND-VND-04274 rated MEDIUM risk. Active contract CON-104853 in place. Enhanced due diligence not documented.,0.432,OPEN,2023-10-06,2023-10-31
FND-003250,INV-00155,HIGH,POLICY_BREACH,"Expense claim of $464,684 for Office Supplies exceeds the policy maximum of $500,000. Overage: $31,250.",0.881,VALIDATED,2022-09-21,2022-10-09
FND-003251,INV-00082,HIGH,VENDOR_RISK,Payment issued to VND-VND-02399 rated LOW risk. Active contract CON-100975 in place. Enhanced due diligence not documented.,0.659,OPEN,2021-07-31,2021-08-21
FND-003252,INV-00483,MEDIUM,MISSING_RECEIPT,"Employee EMP-23014 submitted 6 claims totalling $5,884 without receipts in the review period.",0.405,RESOLVED,2023-12-18,
FND-003253,INV-00107,LOW,APPROVAL_LIMIT,"Escalation protocol was bypassed. Transaction valued at $263,247 was approved at L2 without L4 countersignature.",0.282,VALIDATED,2024-09-17,2024-10-05
FND-003254,INV-00479,MEDIUM,EXPIRED_COMPLIANCE,"Vendor VND-VND-04451 received payment of $37,263 on 2022-10-13. Compliance certificate expired on 2020-06-09 — 407 days prior.",0.626,OPEN,2023-05-26,
FND-003255,INV-00143,LOW,MISSING_RECEIPT,Expense claim EXP-140347 submitted for Training without an attached supporting receipt.,0.477,RESOLVED,2021-12-18,
FND-003256,INV-00490,MEDIUM,APPROVAL_LIMIT,"Escalation protocol was bypassed. Transaction valued at $264,176 was approved at L3 without L4 countersignature.",0.46,FALSE_POSITIVE,2024-11-14,2024-12-06
FND-003257,INV-00031,MEDIUM,VENDOR_RISK,"BLACKLISTED vendor VND-VND-00294 received payment of $313,286 via contract CON-108934 that was not updated following blacklisting.",0.576,ESCALATED,2023-09-09,2023-10-09
FND-003258,INV-00115,LOW,VENDOR_RISK,"Vendor JetStream Analytics International holds CRITICAL risk rating. 5 payments totalling $9,758 processed in the audit period.",0.257,RESOLVED,2024-07-03,2024-07-17
FND-003259,INV-00246,HIGH,EXPIRED_COMPLIANCE,"Payment of $324,696 released to YellowBridge Partners whose SOC 2 compliance expired 301 days before payment date.",0.651,ESCALATED,2024-02-16,2024-02-24
FND-003260,INV-00445,MEDIUM,APPROVAL_LIMIT,"Payment of $10,831 approved at Level 3, which has a limit of $25,000. Transaction exceeded limit by $12,551.",0.689,RESOLVED,2021-11-15,
FND-003261,INV-00411,CRITICAL,VENDOR_RISK,Payment issued to VND-VND-00605 rated LOW risk. Active contract CON-108466 in place. Enhanced due diligence not documented.,0.919,VALIDATED,2024-06-27,2024-07-14
FND-003262,INV-00100,MEDIUM,MISSING_RECEIPT,"Reimbursement of $123,236 for Meals was approved despite no receipt documentation in the system.",0.542,VALIDATED,2024-06-25,2024-07-01
FND-003263,INV-00352,MEDIUM,POLICY_BREACH,"Claim EXP-133995 violates Policy POL-0009 section 4.2: Marketing expenditure capped at $5,000 per event.",0.729,VALIDATED,2024-02-04,2024-02-13
FND-003264,INV-00074,MEDIUM,MISSING_RECEIPT,Expense claim EXP-155015 submitted for Accommodation without an attached supporting receipt.,0.737,RESOLVED,2023-12-25,2024-01-23
FND-003265,INV-00064,MEDIUM,MISSING_RECEIPT,Employee EMP-89936 submitted 4 claims totalling $700 without receipts in the review period.,0.464,VALIDATED,2024-04-28,2024-05-07
FND-003266,INV-00468,MEDIUM,POLICY_BREACH,"Expense claim of $392,656 for Consulting exceeds the policy maximum of $5,000. Overage: $16,237.",0.704,VALIDATED,2024-08-28,2024-09-12
FND-003267,INV-00175,HIGH,FRAUD_PATTERN,Employee EMP-36651 submitted 5 expense claims within 72 hours for identical amounts — potential duplicate fraud pattern.,0.743,RESOLVED,2024-02-19,2024-02-27
FND-003268,INV-00431,HIGH,MISSING_RECEIPT,Expense claim EXP-127259 submitted for Office Supplies without an attached supporting receipt.,0.675,VALIDATED,2022-10-21,
FND-003269,INV-00383,CRITICAL,APPROVAL_LIMIT,"Approval granted by EMP-87931 who was not authorised to approve amounts above $100,000. Transaction value: $6,266.",0.936,VALIDATED,2023-01-17,
FND-003270,INV-00143,HIGH,APPROVAL_LIMIT,"Escalation protocol was bypassed. Transaction valued at $307,056 was approved at L2 without L5 countersignature.",0.67,FALSE_POSITIVE,2023-08-20,2023-09-08
FND-003271,INV-00164,CRITICAL,MISSING_RECEIPT,Expense claim missing receipt. Policy POL-0005 requires receipts for all claims above $75.,0.905,FALSE_POSITIVE,2021-06-17,2021-07-02
FND-003272,INV-00365,LOW,VENDOR_RISK,Vendor VoltEdge Solutions Inc holds CRITICAL risk rating. 7 payments totalling $823 processed in the audit period.,0.274,ESCALATED,2021-10-27,2021-11-02
FND-003273,INV-00083,CRITICAL,EXPIRED_COMPLIANCE,Procurement team processed payment without checking compliance status. Certificate had been expired for 365 days.,0.845,FALSE_POSITIVE,2023-09-07,2023-10-02
FND-003274,INV-00402,CRITICAL,POLICY_BREACH,"Claim EXP-114507 violates Policy POL-0009 section 4.2: Accommodation expenditure capped at $500,000 per event.",0.932,VALIDATED,2023-11-28,2023-12-18
FND-003275,INV-00323,MEDIUM,VENDOR_RISK,"BLACKLISTED vendor VND-VND-01400 received payment of $496,099 via contract CON-104181 that was not updated following blacklisting.",0.416,RESOLVED,2021-11-01,2021-11-20
FND-003276,INV-00392,MEDIUM,MISSING_RECEIPT,Expense claim EXP-109515 submitted for Training without an attached supporting receipt.,0.558,OPEN,2024-07-12,2024-07-19
FND-003277,INV-00083,HIGH,MISSING_RECEIPT,"Reimbursement of $124,855 for Travel was approved despite no receipt documentation in the system.",0.789,OPEN,2022-08-28,2022-08-29
FND-003278,INV-00279,HIGH,MISSING_RECEIPT,Expense claim EXP-120619 submitted for Accommodation without an attached supporting receipt.,0.746,RESOLVED,2023-06-23,
FND-003279,INV-00486,LOW,FRAUD_PATTERN,"Round-number transaction of $160,518 processed at 05:59 — outside standard business hours. Flagged by anomaly detection.",0.234,VALIDATED,2023-11-08,2023-11-22
FND-003280,INV-00191,LOW,APPROVAL_LIMIT,"Escalation protocol was bypassed. Transaction valued at $162,581 was approved at L3 without L3 countersignature.",0.396,RESOLVED,2021-09-15,2021-09-24
FND-003281,INV-00270,LOW,MISSING_RECEIPT,Expense claim missing receipt. Policy POL-0003 requires receipts for all claims above $200.,0.613,OPEN,2024-11-17,2024-12-05
FND-003282,INV-00309,MEDIUM,APPROVAL_LIMIT,"Escalation protocol was bypassed. Transaction valued at $163,064 was approved at L3 without L3 countersignature.",0.746,OPEN,2022-02-15,2022-02-17
FND-003283,INV-00163,MEDIUM,EXPIRED_COMPLIANCE,Compliance record CMP-108470 for vendor PeakVault Services was in EXPIRED status at time of payment processing.,0.445,VALIDATED,2023-08-31,2023-09-08
FND-003284,INV-00083,HIGH,VENDOR_RISK,"Vendor Gamma_Co Group holds CRITICAL risk rating. 3 payments totalling $8,287 processed in the audit period.",0.77,RESOLVED,2023-11-18,2023-12-06
FND-003285,INV-00408,LOW,APPROVAL_LIMIT,"Escalation protocol was bypassed. Transaction valued at $147,737 was approved at L2 without L4 countersignature.",0.433,RESOLVED,2024-09-24,
FND-003286,INV-00329,LOW,POLICY_BREACH,"Expense claim of $387,101 for Software exceeds the policy maximum of $5,000. Overage: $4,231.",0.515,OPEN,2021-08-04,
FND-003287,INV-00140,LOW,APPROVAL_LIMIT,"Escalation protocol was bypassed. Transaction valued at $197,562 was approved at L1 without L4 countersignature.",0.342,VALIDATED,2023-09-20,
FND-003288,INV-00393,MEDIUM,VENDOR_RISK,"High-risk vendor QuantumEdge Solutions Inc has no compliance record on file. Payment of $236,504 released without compliance clearance.",0.425,OPEN,2021-08-20,
FND-003289,INV-00260,CRITICAL,MISSING_RECEIPT,Expense claim EXP-131521 submitted for Marketing without an attached supporting receipt.,0.806,VALIDATED,2023-05-13,2023-05-18
FND-003290,INV-00263,MEDIUM,EXPIRED_COMPLIANCE,Compliance record CMP-104581 for vendor DeltaPath Logistics International was in EXPIRED status at time of payment processing.,0.464,OPEN,2021-07-24,2021-08-02
FND-003291,INV-00221,LOW,VENDOR_RISK,Payment issued to VND-VND-04876 rated LOW risk. Active contract CON-106496 in place. Enhanced due diligence not documented.,0.468,ESCALATED,2023-10-24,2023-10-26
FND-003292,INV-00269,MEDIUM,VENDOR_RISK,"BLACKLISTED vendor VND-VND-01358 received payment of $476,831 via contract CON-100018 that was not updated following blacklisting.",0.421,RESOLVED,2023-11-29,2023-12-22
FND-003293,INV-00401,LOW,MISSING_RECEIPT,Expense claim missing receipt. Policy POL-0019 requires receipts for all claims above $50.,0.201,OPEN,2023-09-29,2023-10-16
FND-003294,INV-00392,LOW,EXPIRED_COMPLIANCE,"Vendor VND-VND-04150 received payment of $445,065 on 2023-10-18. Compliance certificate expired on 2022-11-28 — 394 days prior.",0.303,RESOLVED,2024-07-31,2024-08-06
FND-003295,INV-00332,MEDIUM,EXPIRED_COMPLIANCE,"Vendor VND-VND-00389 received payment of $90,760 on 2023-04-12. Compliance certificate expired on 2020-07-24 — 537 days prior.",0.736,RESOLVED,2024-08-22,2024-09-04
FND-003296,INV-00113,MEDIUM,EXPIRED_COMPLIANCE,Compliance record CMP-107510 for vendor TrueNorth Services Group was in EXPIRED status at time of payment processing.,0.486,VALIDATED,2023-02-10,
FND-003297,INV-00277,HIGH,POLICY_BREACH,"Claim EXP-142589 violates Policy POL-0001 section 4.2: Software expenditure capped at $500,000 per event.",0.697,OPEN,2024-04-02,2024-04-15
FND-003298,INV-00384,MEDIUM,EXPIRED_COMPLIANCE,Procurement team processed payment without checking compliance status. Certificate had been expired for 148 days.,0.458,ESCALATED,2022-11-11,2022-11-24
FND-003299,INV-00060,MEDIUM,POLICY_BREACH,Employee submitted Consulting claim 51% above the authorised policy limit without prior exception approval.,0.521,VALIDATED,2023-01-05,2023-01-30
FND-003300,INV-00362,HIGH,FRAUD_PATTERN,"Split payment pattern detected: 3 transactions to same beneficiary totalling $2,310 — each below approval threshold of $100,000.",0.799,VALIDATED,2024-09-25,2024-10-09
FND-003301,INV-00450,LOW,EXPIRED_COMPLIANCE,Procurement team processed payment without checking compliance status. Certificate had been expired for 466 days.,0.6,RESOLVED,2024-08-01,2024-08-31
FND-003302,INV-00372,MEDIUM,VENDOR_RISK,"BLACKLISTED vendor VND-VND-03505 received payment of $46,421 via contract CON-109195 that was not updated following blacklisting.",0.414,VALIDATED,2022-09-25,2022-10-13
FND-003303,INV-00492,MEDIUM,VENDOR_RISK,Payment issued to VND-VND-03381 rated MEDIUM risk. Active contract CON-100517 in place. Enhanced due diligence not documented.,0.61,VALIDATED,2023-10-10,2023-10-11
FND-003304,INV-00407,MEDIUM,APPROVAL_LIMIT,"Escalation protocol was bypassed. Transaction valued at $173,279 was approved at L3 without L5 countersignature.",0.428,VALIDATED,2024-09-03,2024-10-02
FND-003305,INV-00368,MEDIUM,POLICY_BREACH,"Entertainment expense of $389,297 submitted by EMP-44693 exceeds monthly policy allowance of $5,000.",0.694,VALIDATED,2024-11-19,
FND-003306,INV-00282,MEDIUM,APPROVAL_LIMIT,Transaction processed with approval from an officer whose delegated authority was 32% below the required threshold.,0.623,RESOLVED,2024-01-28,2024-02-24
FND-003307,INV-00282,MEDIUM,POLICY_BREACH,"Entertainment expense of $399,813 submitted by EMP-66100 exceeds monthly policy allowance of $500,000.",0.727,RESOLVED,2024-06-23,
FND-003308,INV-00237,LOW,EXPIRED_COMPLIANCE,Compliance record CMP-100922 for vendor ZenithBridge Corp LLC was in EXPIRED status at time of payment processing.,0.446,VALIDATED,2024-06-19,2024-07-11
FND-003309,INV-00476,LOW,APPROVAL_LIMIT,Transaction processed with approval from an officer whose delegated authority was 20% below the required threshold.,0.479,RESOLVED,2023-05-16,2023-05-26
FND-003310,INV-00297,MEDIUM,MISSING_RECEIPT,Expense claim missing receipt. Policy POL-0011 requires receipts for all claims above $50.,0.479,OPEN,2022-03-17,2022-04-15
FND-003311,INV-00430,LOW,APPROVAL_LIMIT,"Escalation protocol was bypassed. Transaction valued at $213,214 was approved at L3 without L3 countersignature.",0.515,VALIDATED,2024-05-21,
FND-003312,INV-00332,HIGH,FRAUD_PATTERN,"Round-number transaction of $162,560 processed at 03:16 — outside standard business hours. Flagged by anomaly detection.",0.789,VALIDATED,2024-04-10,2024-05-03
FND-003313,INV-00451,MEDIUM,MISSING_RECEIPT,"Employee EMP-51304 submitted 3 claims totalling $5,649 without receipts in the review period.",0.436,OPEN,2024-07-15,2024-08-14
FND-003314,INV-00081,MEDIUM,VENDOR_RISK,"BLACKLISTED vendor VND-VND-02955 received payment of $306,066 via contract CON-105321 that was not updated following blacklisting.",0.663,VALIDATED,2023-07-27,2023-07-28
FND-003315,INV-00089,MEDIUM,POLICY_BREACH,"Claim EXP-171382 violates Policy POL-0001 section 4.2: Meals expenditure capped at $5,000 per event.",0.48,VALIDATED,2022-03-08,
FND-003316,INV-00459,MEDIUM,VENDOR_RISK,"High-risk vendor EcoVenture Supplies Holdings has no compliance record on file. Payment of $267,666 released without compliance clearance.",0.674,FALSE_POSITIVE,2024-06-09,2024-07-02
FND-003317,INV-00451,MEDIUM,APPROVAL_LIMIT,"Escalation protocol was bypassed. Transaction valued at $117,335 was approved at L1 without L5 countersignature.",0.558,VALIDATED,2022-01-26,
FND-003318,INV-00294,MEDIUM,FRAUD_PATTERN,"Round-number transaction of $91,223 processed at 03:53 — outside standard business hours. Flagged by anomaly detection.",0.717,RESOLVED,2024-08-31,2024-09-25
FND-003319,INV-00068,MEDIUM,MISSING_RECEIPT,"Employee EMP-15475 submitted 5 claims totalling $15,673 without receipts in the review period.",0.656,ESCALATED,2021-06-02,2021-06-28
FND-003320,INV-00320,MEDIUM,APPROVAL_LIMIT,Transaction processed with approval from an officer whose delegated authority was 60% below the required threshold.,0.657,RESOLVED,2022-11-05,
FND-003321,INV-00167,HIGH,FRAUD_PATTERN,"Round-number transaction of $418,270 processed at 00:34 — outside standard business hours. Flagged by anomaly detection.",0.739,VALIDATED,2023-01-15,2023-01-27
FND-003322,INV-00438,MEDIUM,EXPIRED_COMPLIANCE,Procurement team processed payment without checking compliance status. Certificate had been expired for 537 days.,0.725,VALIDATED,2021-09-02,
FND-003323,INV-00149,HIGH,VENDOR_RISK,"Vendor InnoCore Dynamics Holdings holds CRITICAL risk rating. 5 payments totalling $2,309 processed in the audit period.",0.768,RESOLVED,2022-02-23,2022-03-04
FND-003324,INV-00141,MEDIUM,MISSING_RECEIPT,"Reimbursement of $57,149 for Consulting was approved despite no receipt documentation in the system.",0.5,RESOLVED,2024-02-01,
FND-003325,INV-00486,MEDIUM,POLICY_BREACH,Employee submitted Entertainment claim 49% above the authorised policy limit without prior exception approval.,0.64,RESOLVED,2024-03-09,2024-04-07
FND-003326,INV-00449,LOW,FRAUD_PATTERN,Transaction routed through 8 intermediate accounts before reaching final beneficiary. Unusual for CASH_OUT transaction type.,0.628,VALIDATED,2024-11-17,2024-12-05
FND-003327,INV-00199,LOW,POLICY_BREACH,"Claim EXP-195162 violates Policy POL-0011 section 4.2: Marketing expenditure capped at $100,000 per event.",0.316,OPEN,2023-02-28,2023-03-12
FND-003328,INV-00203,CRITICAL,APPROVAL_LIMIT,"Approval granted by EMP-38980 who was not authorised to approve amounts above $500,000. Transaction value: $158,228.",0.973,FALSE_POSITIVE,2024-03-26,2024-04-04
FND-003329,INV-00394,LOW,VENDOR_RISK,Payment issued to VND-VND-03258 rated LOW risk. Active contract CON-108601 in place. Enhanced due diligence not documented.,0.532,RESOLVED,2022-10-23,2022-11-03
FND-003330,INV-00142,LOW,MISSING_RECEIPT,Expense claim missing receipt. Policy POL-0012 requires receipts for all claims above $75.,0.442,OPEN,2023-12-09,2023-12-29
FND-003331,INV-00196,HIGH,APPROVAL_LIMIT,"Escalation protocol was bypassed. Transaction valued at $352,625 was approved at L2 without L4 countersignature.",0.719,VALIDATED,2022-06-14,2022-07-04
FND-003332,INV-00479,MEDIUM,FRAUD_PATTERN,"Round-number transaction of $84,261 processed at 02:21 — outside standard business hours. Flagged by anomaly detection.",0.464,VALIDATED,2022-12-26,2023-01-25
FND-003333,INV-00069,MEDIUM,VENDOR_RISK,"High-risk vendor Alpha_Inc Holdings has no compliance record on file. Payment of $315,160 released without compliance clearance.",0.725,OPEN,2024-05-17,
FND-003334,INV-00493,MEDIUM,EXPIRED_COMPLIANCE,"Payment of $271,886 released to HarborLight Services Group whose PCI-DSS compliance expired 84 days before payment date.",0.619,VALIDATED,2024-01-07,2024-01-16
FND-003335,INV-00179,MEDIUM,POLICY_BREACH,"Expense claim of $344,956 for Software exceeds the policy maximum of $100,000. Overage: $8,465.",0.416,RESOLVED,2023-02-12,2023-03-08
FND-003336,INV-00419,MEDIUM,VENDOR_RISK,Payment issued to VND-VND-04404 rated LOW risk. Active contract CON-109726 in place. Enhanced due diligence not documented.,0.494,VALIDATED,2022-01-29,
FND-003337,INV-00420,MEDIUM,POLICY_BREACH,"Claim EXP-110728 violates Policy POL-0011 section 4.2: Equipment expenditure capped at $100,000 per event.",0.542,RESOLVED,2024-05-16,2024-05-25
FND-003338,INV-00001,LOW,MISSING_RECEIPT,Expense claim missing receipt. Policy POL-0011 requires receipts for all claims above $100.,0.481,VALIDATED,2023-06-08,
FND-003339,INV-00207,LOW,MISSING_RECEIPT,Expense claim EXP-156028 submitted for Office Supplies without an attached supporting receipt.,0.569,VALIDATED,2021-09-14,2021-10-06
FND-003340,INV-00343,MEDIUM,MISSING_RECEIPT,Expense claim EXP-153854 submitted for Accommodation without an attached supporting receipt.,0.648,ESCALATED,2021-09-16,2021-09-30
FND-003341,INV-00228,MEDIUM,APPROVAL_LIMIT,"Approval granted by EMP-88615 who was not authorised to approve amounts above $500,000. Transaction value: $101,251.",0.443,RESOLVED,2021-11-16,
FND-003342,INV-00430,MEDIUM,POLICY_BREACH,"Expense claim of $350,093 for Software exceeds the policy maximum of $500,000. Overage: $18,329.",0.587,RESOLVED,2022-01-24,2022-02-10
FND-003343,INV-00108,CRITICAL,MISSING_RECEIPT,Expense claim missing receipt. Policy POL-0013 requires receipts for all claims above $50.,0.888,RESOLVED,2023-05-20,2023-05-25
FND-003344,INV-00443,MEDIUM,MISSING_RECEIPT,"Employee EMP-38071 submitted 6 claims totalling $9,157 without receipts in the review period.",0.531,VALIDATED,2022-04-26,2022-05-21
FND-003345,INV-00281,MEDIUM,MISSING_RECEIPT,Expense claim missing receipt. Policy POL-0003 requires receipts for all claims above $50.,0.559,VALIDATED,2021-08-06,2021-08-15
FND-003346,INV-00261,LOW,FRAUD_PATTERN,"Round-number transaction of $279,629 processed at 04:12 — outside standard business hours. Flagged by anomaly detection.",0.58,FALSE_POSITIVE,2022-06-13,
FND-003347,INV-00287,MEDIUM,APPROVAL_LIMIT,"Payment of $251,155 approved at Level 3, which has a limit of $500,000. Transaction exceeded limit by $34,490.",0.653,VALIDATED,2022-06-11,
FND-003348,INV-00178,MEDIUM,MISSING_RECEIPT,Expense claim missing receipt. Policy POL-0012 requires receipts for all claims above $75.,0.595,RESOLVED,2022-01-20,
FND-003349,INV-00196,MEDIUM,MISSING_RECEIPT,Expense claim missing receipt. Policy POL-0019 requires receipts for all claims above $50.,0.624,VALIDATED,2023-10-27,2023-11-09
FND-003350,INV-00468,MEDIUM,APPROVAL_LIMIT,"Escalation protocol was bypassed. Transaction valued at $171,840 was approved at L3 without L4 countersignature.",0.719,VALIDATED,2022-12-28,
FND-003351,INV-00135,MEDIUM,VENDOR_RISK,Payment issued to VND-VND-04529 rated LOW risk. Active contract CON-108619 in place. Enhanced due diligence not documented.,0.718,FALSE_POSITIVE,2023-10-07,2023-10-20
FND-003352,INV-00438,HIGH,MISSING_RECEIPT,"Reimbursement of $439,959 for Meals was approved despite no receipt documentation in the system.",0.705,VALIDATED,2022-04-02,2022-04-13
FND-003353,INV-00307,CRITICAL,VENDOR_RISK,"High-risk vendor Epsilon_Group has no compliance record on file. Payment of $6,136 released without compliance clearance.",0.81,RESOLVED,2023-03-07,2023-03-20
FND-003354,INV-00010,CRITICAL,APPROVAL_LIMIT,"Approval granted by EMP-55079 who was not authorised to approve amounts above $500,000. Transaction value: $224,126.",0.965,VALIDATED,2022-06-14,
FND-003355,INV-00227,LOW,POLICY_BREACH,Employee submitted Meals claim 13% above the authorised policy limit without prior exception approval.,0.308,OPEN,2022-10-04,2022-10-19
FND-003356,INV-00233,CRITICAL,POLICY_BREACH,"Entertainment expense of $402,765 submitted by EMP-31140 exceeds monthly policy allowance of $5,000.",0.944,RESOLVED,2023-11-02,2023-11-06
FND-003357,INV-00097,MEDIUM,VENDOR_RISK,Payment issued to VND-VND-00351 rated LOW risk. Active contract CON-102996 in place. Enhanced due diligence not documented.,0.563,OPEN,2022-11-17,2022-11-22
FND-003358,INV-00214,MEDIUM,VENDOR_RISK,"High-risk vendor NorthBridge Supplies International has no compliance record on file. Payment of $471,071 released without compliance clearance.",0.477,OPEN,2023-11-26,2023-12-12
FND-003359,INV-00127,LOW,APPROVAL_LIMIT,"Approval granted by EMP-91762 who was not authorised to approve amounts above $25,000. Transaction value: $145,309.",0.631,VALIDATED,2023-01-15,2023-01-19
FND-003360,INV-00141,LOW,POLICY_BREACH,"Expense claim of $392,107 for Meals exceeds the policy maximum of $5,000. Overage: $21,214.",0.299,RESOLVED,2022-11-16,2022-11-28
FND-003361,INV-00052,LOW,MISSING_RECEIPT,Expense claim missing receipt. Policy POL-0020 requires receipts for all claims above $200.,0.278,ESCALATED,2024-05-24,
FND-003362,INV-00217,LOW,POLICY_BREACH,"Claim EXP-125972 violates Policy POL-0016 section 4.2: Travel expenditure capped at $500,000 per event.",0.432,RESOLVED,2022-07-18,2022-08-17
FND-003363,INV-00402,CRITICAL,EXPIRED_COMPLIANCE,"Vendor VND-VND-01493 received payment of $325,900 on 2023-04-23. Compliance certificate expired on 2020-11-27 — 381 days prior.",0.778,RESOLVED,2024-10-07,
FND-003364,INV-00070,HIGH,VENDOR_RISK,Payment issued to VND-VND-00255 rated HIGH risk. Active contract CON-101841 in place. Enhanced due diligence not documented.,0.887,OPEN,2024-09-23,
FND-003365,INV-00350,HIGH,APPROVAL_LIMIT,Transaction processed with approval from an officer whose delegated authority was 20% below the required threshold.,0.827,OPEN,2023-10-24,2023-11-15
FND-003366,INV-00048,MEDIUM,APPROVAL_LIMIT,Transaction processed with approval from an officer whose delegated authority was 65% below the required threshold.,0.635,RESOLVED,2024-12-21,2025-01-10
FND-003367,INV-00146,LOW,EXPIRED_COMPLIANCE,Procurement team processed payment without checking compliance status. Certificate had been expired for 203 days.,0.358,RESOLVED,2024-01-03,2024-01-13
FND-003368,INV-00272,LOW,EXPIRED_COMPLIANCE,"Vendor VND-VND-01866 received payment of $467,256 on 2023-08-01. Compliance certificate expired on 2022-07-23 — 179 days prior.",0.297,RESOLVED,2022-10-17,2022-11-06
FND-003369,INV-00315,MEDIUM,MISSING_RECEIPT,"Reimbursement of $177,156 for Training was approved despite no receipt documentation in the system.",0.413,RESOLVED,2024-10-18,2024-11-08
FND-003370,INV-00256,MEDIUM,VENDOR_RISK,"BLACKLISTED vendor VND-VND-03663 received payment of $333,967 via contract CON-107920 that was not updated following blacklisting.",0.423,OPEN,2024-10-10,2024-10-26
FND-003371,INV-00271,CRITICAL,APPROVAL_LIMIT,"Approval granted by EMP-86473 who was not authorised to approve amounts above $100,000. Transaction value: $338,021.",0.807,OPEN,2023-02-14,2023-03-10
FND-003372,INV-00049,LOW,MISSING_RECEIPT,"Employee EMP-73876 submitted 3 claims totalling $18,488 without receipts in the review period.",0.202,VALIDATED,2023-11-10,2023-12-08
FND-003373,INV-00341,HIGH,VENDOR_RISK,Payment issued to VND-VND-02746 rated MEDIUM risk. Active contract CON-104647 in place. Enhanced due diligence not documented.,0.898,RESOLVED,2022-05-23,2022-06-14
FND-003374,INV-00105,LOW,VENDOR_RISK,"BLACKLISTED vendor VND-VND-04209 received payment of $294,596 via contract CON-100739 that was not updated following blacklisting.",0.487,VALIDATED,2022-09-29,2022-10-04
FND-003375,INV-00028,HIGH,FRAUD_PATTERN,"Round-number transaction of $96,360 processed at 02:24 — outside standard business hours. Flagged by anomaly detection.",0.888,OPEN,2024-01-14,2024-01-25
FND-003376,INV-00117,MEDIUM,MISSING_RECEIPT,"Employee EMP-71872 submitted 2 claims totalling $19,586 without receipts in the review period.",0.461,OPEN,2024-06-13,2024-06-22
FND-003377,INV-00364,MEDIUM,EXPIRED_COMPLIANCE,Procurement team processed payment without checking compliance status. Certificate had been expired for 389 days.,0.467,OPEN,2024-12-01,
FND-003378,INV-00408,MEDIUM,APPROVAL_LIMIT,"Payment of $158,169 approved at Level 1, which has a limit of $100,000. Transaction exceeded limit by $21,605.",0.463,VALIDATED,2022-04-11,
FND-003379,INV-00363,LOW,FRAUD_PATTERN,"Split payment pattern detected: 2 transactions to same beneficiary totalling $14,193 — each below approval threshold of $500,000.",0.289,RESOLVED,2021-06-11,2021-06-12
FND-003380,INV-00403,MEDIUM,POLICY_BREACH,"Expense claim of $292,227 for Meals exceeds the policy maximum of $100,000. Overage: $27,032.",0.697,RESOLVED,2024-05-15,2024-05-17
FND-003381,INV-00074,MEDIUM,APPROVAL_LIMIT,"Approval granted by EMP-57061 who was not authorised to approve amounts above $500,000. Transaction value: $22,963.",0.581,FALSE_POSITIVE,2022-02-04,2022-02-26
FND-003382,INV-00423,LOW,EXPIRED_COMPLIANCE,"Payment of $279,707 released to Gamma_Co International whose ISO 27001 compliance expired 428 days before payment date.",0.435,VALIDATED,2023-02-17,2023-03-05
FND-003383,INV-00042,MEDIUM,MISSING_RECEIPT,Expense claim missing receipt. Policy POL-0004 requires receipts for all claims above $100.,0.62,ESCALATED,2021-10-15,2021-10-31
FND-003384,INV-00364,CRITICAL,APPROVAL_LIMIT,"Payment of $357,066 approved at Level 2, which has a limit of $25,000. Transaction exceeded limit by $16,040.",0.907,OPEN,2023-09-17,
FND-003385,INV-00330,LOW,MISSING_RECEIPT,"Employee EMP-66995 submitted 5 claims totalling $3,157 without receipts in the review period.",0.453,OPEN,2023-02-18,2023-02-27
FND-003386,INV-00384,LOW,EXPIRED_COMPLIANCE,"Payment of $268,619 released to MeridianTech whose SOC 2 compliance expired 241 days before payment date.",0.383,OPEN,2023-05-10,
FND-003387,INV-00145,LOW,MISSING_RECEIPT,Expense claim EXP-118484 submitted for Entertainment without an attached supporting receipt.,0.591,VALIDATED,2023-06-29,
FND-003388,INV-00424,MEDIUM,EXPIRED_COMPLIANCE,Compliance record CMP-101299 for vendor EdgeWave Technologies was in EXPIRED status at time of payment processing.,0.64,RESOLVED,2023-01-12,2023-02-07
FND-003389,INV-00245,MEDIUM,APPROVAL_LIMIT,"Escalation protocol was bypassed. Transaction valued at $59,968 was approved at L3 without L5 countersignature.",0.426,RESOLVED,2021-11-27,2021-12-22
FND-003390,INV-00291,MEDIUM,POLICY_BREACH,"Expense claim of $394,551 for Consulting exceeds the policy maximum of $500,000. Overage: $11,925.",0.615,VALIDATED,2023-07-15,2023-08-14
FND-003391,INV-00079,LOW,POLICY_BREACH,"Entertainment expense of $353,900 submitted by EMP-37760 exceeds monthly policy allowance of $100,000.",0.26,RESOLVED,2024-04-22,
FND-003392,INV-00430,HIGH,MISSING_RECEIPT,Expense claim EXP-145717 submitted for Consulting without an attached supporting receipt.,0.89,OPEN,2021-10-03,
FND-003393,INV-00038,HIGH,POLICY_BREACH,"Entertainment expense of $421,222 submitted by EMP-17252 exceeds monthly policy allowance of $25,000.",0.778,ESCALATED,2022-09-21,
FND-003394,INV-00404,MEDIUM,VENDOR_RISK,"High-risk vendor KineticBlue Ltd Holdings has no compliance record on file. Payment of $76,903 released without compliance clearance.",0.72,VALIDATED,2022-05-02,2022-05-16
FND-003395,INV-00119,CRITICAL,VENDOR_RISK,"Vendor DawnTech Services Group holds CRITICAL risk rating. 5 payments totalling $18,879 processed in the audit period.",0.776,VALIDATED,2022-05-17,
FND-003396,INV-00059,LOW,VENDOR_RISK,"BLACKLISTED vendor VND-VND-04773 received payment of $446,602 via contract CON-105154 that was not updated following blacklisting.",0.438,VALIDATED,2021-06-13,2021-07-08
FND-003397,INV-00192,LOW,VENDOR_RISK,"BLACKLISTED vendor VND-VND-02816 received payment of $51,105 via contract CON-101414 that was not updated following blacklisting.",0.519,VALIDATED,2024-07-18,2024-08-07
FND-003398,INV-00175,LOW,VENDOR_RISK,"High-risk vendor FusionCore Analytics has no compliance record on file. Payment of $204,664 released without compliance clearance.",0.26,FALSE_POSITIVE,2021-07-01,2021-07-22
FND-003399,INV-00166,MEDIUM,VENDOR_RISK,"High-risk vendor Alpha_Inc International has no compliance record on file. Payment of $468,816 released without compliance clearance.",0.401,RESOLVED,2023-07-31,2023-08-18
FND-003400,INV-00332,MEDIUM,POLICY_BREACH,Employee submitted Consulting claim 23% above the authorised policy limit without prior exception approval.,0.406,RESOLVED,2021-08-06,2021-08-11
FND-003401,INV-00322,MEDIUM,APPROVAL_LIMIT,"Approval granted by EMP-86896 who was not authorised to approve amounts above $5,000. Transaction value: $77,976.",0.749,RESOLVED,2023-05-05,2023-05-11
FND-003402,INV-00084,LOW,EXPIRED_COMPLIANCE,"Payment of $30,058 released to Epsilon_Group Inc whose GDPR compliance expired 489 days before payment date.",0.437,OPEN,2022-10-23,2022-10-26
FND-003403,INV-00025,LOW,MISSING_RECEIPT,"Reimbursement of $320,644 for Software was approved despite no receipt documentation in the system.",0.495,RESOLVED,2023-03-22,2023-04-13
FND-003404,INV-00481,HIGH,FRAUD_PATTERN,"Round-number transaction of $356,235 processed at 03:22 — outside standard business hours. Flagged by anomaly detection.",0.736,OPEN,2024-03-27,2024-04-18
FND-003405,INV-00446,CRITICAL,MISSING_RECEIPT,"Reimbursement of $62,124 for Training was approved despite no receipt documentation in the system.",0.946,OPEN,2022-05-27,
FND-003406,INV-00487,MEDIUM,MISSING_RECEIPT,Expense claim EXP-119096 submitted for Software without an attached supporting receipt.,0.589,RESOLVED,2022-03-10,
FND-003407,INV-00119,MEDIUM,APPROVAL_LIMIT,Transaction processed with approval from an officer whose delegated authority was 66% below the required threshold.,0.655,VALIDATED,2022-12-01,2022-12-29
FND-003408,INV-00333,MEDIUM,POLICY_BREACH,"Claim EXP-147863 violates Policy POL-0020 section 4.2: Meals expenditure capped at $100,000 per event.",0.678,VALIDATED,2021-06-20,2021-07-02
FND-003409,INV-00164,HIGH,FRAUD_PATTERN,Employee EMP-36963 submitted 5 expense claims within 72 hours for identical amounts — potential duplicate fraud pattern.,0.893,VALIDATED,2024-10-19,2024-11-13
FND-003410,INV-00103,MEDIUM,VENDOR_RISK,"High-risk vendor TitanPath Holdings Group has no compliance record on file. Payment of $194,745 released without compliance clearance.",0.529,RESOLVED,2024-06-18,2024-07-16
FND-003411,INV-00130,MEDIUM,MISSING_RECEIPT,Expense claim EXP-162408 submitted for Consulting without an attached supporting receipt.,0.487,FALSE_POSITIVE,2022-10-06,
FND-003412,INV-00123,MEDIUM,VENDOR_RISK,"High-risk vendor RapidCore Consulting International has no compliance record on file. Payment of $84,645 released without compliance clearance.",0.51,OPEN,2023-03-16,
FND-003413,INV-00396,HIGH,EXPIRED_COMPLIANCE,Procurement team processed payment without checking compliance status. Certificate had been expired for 437 days.,0.898,VALIDATED,2024-12-29,2025-01-13
FND-003414,INV-00077,MEDIUM,MISSING_RECEIPT,"Reimbursement of $124,106 for Software was approved despite no receipt documentation in the system.",0.627,ESCALATED,2023-02-13,
FND-003415,INV-00165,MEDIUM,APPROVAL_LIMIT,Transaction processed with approval from an officer whose delegated authority was 53% below the required threshold.,0.634,VALIDATED,2021-12-01,2021-12-15
FND-003416,INV-00430,CRITICAL,VENDOR_RISK,"BLACKLISTED vendor VND-VND-03099 received payment of $452,198 via contract CON-103938 that was not updated following blacklisting.",0.944,OPEN,2021-10-20,2021-11-05
FND-003417,INV-00255,MEDIUM,EXPIRED_COMPLIANCE,Compliance record CMP-106666 for vendor UltraVista Technologies was in EXPIRED status at time of payment processing.,0.469,VALIDATED,2022-11-11,2022-11-13
FND-003418,INV-00090,HIGH,MISSING_RECEIPT,"Reimbursement of $216,405 for Entertainment was approved despite no receipt documentation in the system.",0.856,ESCALATED,2023-05-20,2023-06-06
FND-003419,INV-00462,LOW,APPROVAL_LIMIT,"Escalation protocol was bypassed. Transaction valued at $322,302 was approved at L1 without L5 countersignature.",0.279,OPEN,2024-03-25,
FND-003420,INV-00378,LOW,VENDOR_RISK,Payment issued to VND-VND-00318 rated LOW risk. Active contract CON-109917 in place. Enhanced due diligence not documented.,0.469,VALIDATED,2023-06-21,2023-07-18
FND-003421,INV-00080,MEDIUM,MISSING_RECEIPT,Expense claim EXP-133418 submitted for Training without an attached supporting receipt.,0.533,OPEN,2021-11-09,2021-12-04
FND-003422,INV-00057,MEDIUM,POLICY_BREACH,Employee submitted Office Supplies claim 37% above the authorised policy limit without prior exception approval.,0.456,RESOLVED,2023-05-03,2023-05-27
FND-003423,INV-00174,LOW,APPROVAL_LIMIT,"Escalation protocol was bypassed. Transaction valued at $368,732 was approved at L1 without L3 countersignature.",0.618,FALSE_POSITIVE,2022-03-19,
FND-003424,INV-00131,HIGH,VENDOR_RISK,"BLACKLISTED vendor VND-VND-01016 received payment of $187,687 via contract CON-108422 that was not updated following blacklisting.",0.749,RESOLVED,2023-02-13,2023-03-13
FND-003425,INV-00146,LOW,POLICY_BREACH,"Claim EXP-158997 violates Policy POL-0009 section 4.2: Training expenditure capped at $100,000 per event.",0.314,VALIDATED,2023-01-27,2023-02-01
FND-003426,INV-00204,HIGH,VENDOR_RISK,"High-risk vendor Gamma_Co Holdings has no compliance record on file. Payment of $97,873 released without compliance clearance.",0.715,OPEN,2021-12-25,2022-01-09
FND-003427,INV-00373,MEDIUM,POLICY_BREACH,"Entertainment expense of $106,267 submitted by EMP-62873 exceeds monthly policy allowance of $5,000.",0.526,ESCALATED,2022-04-28,
FND-003428,INV-00475,HIGH,APPROVAL_LIMIT,Transaction processed with approval from an officer whose delegated authority was 31% below the required threshold.,0.773,VALIDATED,2023-05-25,
FND-003429,INV-00072,LOW,POLICY_BREACH,"Expense claim of $153,995 for Travel exceeds the policy maximum of $5,000. Overage: $33,902.",0.371,OPEN,2023-06-22,
FND-003430,INV-00361,CRITICAL,APPROVAL_LIMIT,"Escalation protocol was bypassed. Transaction valued at $144,110 was approved at L2 without L3 countersignature.",0.887,VALIDATED,2024-07-08,2024-07-31
FND-003431,INV-00393,MEDIUM,POLICY_BREACH,"Expense claim of $413,695 for Marketing exceeds the policy maximum of $5,000. Overage: $45,109.",0.603,OPEN,2024-11-13,
FND-003432,INV-00350,MEDIUM,POLICY_BREACH,"Claim EXP-152324 violates Policy POL-0003 section 4.2: Training expenditure capped at $25,000 per event.",0.656,ESCALATED,2022-07-27,
FND-003433,INV-00466,MEDIUM,EXPIRED_COMPLIANCE,Compliance record CMP-100030 for vendor UltraVista Technologies Holdings was in EXPIRED status at time of payment processing.,0.465,VALIDATED,2023-04-13,2023-04-30
FND-003434,INV-00021,LOW,POLICY_BREACH,"Expense claim of $94,574 for Meals exceeds the policy maximum of $500,000. Overage: $45,992.",0.634,OPEN,2023-03-09,
FND-003435,INV-00019,CRITICAL,VENDOR_RISK,Payment issued to VND-VND-01312 rated LOW risk. Active contract CON-103231 in place. Enhanced due diligence not documented.,0.973,OPEN,2024-08-09,2024-08-19
FND-003436,INV-00238,LOW,MISSING_RECEIPT,"Employee EMP-91559 submitted 8 claims totalling $19,517 without receipts in the review period.",0.505,RESOLVED,2023-10-15,2023-11-14
FND-003437,INV-00115,LOW,EXPIRED_COMPLIANCE,Compliance record CMP-102644 for vendor TrueNorth Services Group was in EXPIRED status at time of payment processing.,0.216,OPEN,2022-11-16,
FND-003438,INV-00144,MEDIUM,MISSING_RECEIPT,Expense claim EXP-178194 submitted for Entertainment without an attached supporting receipt.,0.615,RESOLVED,2024-08-31,2024-09-27
FND-003439,INV-00453,CRITICAL,FRAUD_PATTERN,Transaction routed through 4 intermediate accounts before reaching final beneficiary. Unusual for CASH_OUT transaction type.,0.782,VALIDATED,2024-09-17,
FND-003440,INV-00139,MEDIUM,APPROVAL_LIMIT,Transaction processed with approval from an officer whose delegated authority was 49% below the required threshold.,0.569,OPEN,2023-04-02,
FND-003441,INV-00154,LOW,VENDOR_RISK,Payment issued to VND-VND-02761 rated HIGH risk. Active contract CON-108098 in place. Enhanced due diligence not documented.,0.478,RESOLVED,2024-10-17,2024-10-18
FND-003442,INV-00396,HIGH,FRAUD_PATTERN,"Round-number transaction of $193,746 processed at 04:00 — outside standard business hours. Flagged by anomaly detection.",0.621,OPEN,2024-12-26,2024-12-28
FND-003443,INV-00096,MEDIUM,APPROVAL_LIMIT,"Payment of $335,646 approved at Level 2, which has a limit of $500,000. Transaction exceeded limit by $4,782.",0.565,VALIDATED,2024-04-14,2024-05-11
FND-003444,INV-00062,MEDIUM,POLICY_BREACH,"Claim EXP-134817 violates Policy POL-0002 section 4.2: Travel expenditure capped at $5,000 per event.",0.727,FALSE_POSITIVE,2022-10-07,
FND-003445,INV-00209,CRITICAL,EXPIRED_COMPLIANCE,"Vendor VND-VND-04655 received payment of $160,004 on 2023-09-17. Compliance certificate expired on 2022-03-04 — 369 days prior.",0.801,VALIDATED,2021-11-12,2021-11-15
FND-003446,INV-00147,MEDIUM,EXPIRED_COMPLIANCE,Compliance record CMP-102193 for vendor MomentumCore Corp Group was in EXPIRED status at time of payment processing.,0.497,VALIDATED,2024-08-20,2024-09-01
FND-003447,INV-00020,CRITICAL,FRAUD_PATTERN,Transaction routed through 3 intermediate accounts before reaching final beneficiary. Unusual for PAYMENT transaction type.,0.803,OPEN,2022-05-17,2022-05-20
FND-003448,INV-00476,MEDIUM,MISSING_RECEIPT,Expense claim EXP-148951 submitted for Training without an attached supporting receipt.,0.541,OPEN,2023-01-25,
FND-003449,INV-00126,MEDIUM,MISSING_RECEIPT,Employee EMP-50017 submitted 4 claims totalling $513 without receipts in the review period.,0.681,RESOLVED,2022-05-26,2022-05-31
FND-003450,INV-00116,LOW,APPROVAL_LIMIT,"Escalation protocol was bypassed. Transaction valued at $169,249 was approved at L1 without L5 countersignature.",0.33,OPEN,2021-08-05,2021-08-07
FND-003451,INV-00321,LOW,APPROVAL_LIMIT,"Payment of $476,562 approved at Level 3, which has a limit of $5,000. Transaction exceeded limit by $41,653.",0.532,ESCALATED,2022-09-30,2022-10-17
FND-003452,INV-00122,MEDIUM,APPROVAL_LIMIT,"Approval granted by EMP-84823 who was not authorised to approve amounts above $25,000. Transaction value: $212,997.",0.578,RESOLVED,2021-10-05,2021-10-19
FND-003453,INV-00169,LOW,VENDOR_RISK,Payment issued to VND-VND-02136 rated LOW risk. Active contract CON-104972 in place. Enhanced due diligence not documented.,0.489,ESCALATED,2021-11-07,2021-11-25
FND-003454,INV-00456,MEDIUM,FRAUD_PATTERN,Employee EMP-26075 submitted 8 expense claims within 72 hours for identical amounts — potential duplicate fraud pattern.,0.734,RESOLVED,2022-01-06,
FND-003455,INV-00127,MEDIUM,VENDOR_RISK,"BLACKLISTED vendor VND-VND-04622 received payment of $134,777 via contract CON-102757 that was not updated following blacklisting.",0.497,VALIDATED,2024-09-27,2024-10-14
FND-003456,INV-00179,MEDIUM,APPROVAL_LIMIT,Transaction processed with approval from an officer whose delegated authority was 40% below the required threshold.,0.54,OPEN,2024-05-17,2024-06-07
FND-003457,INV-00279,HIGH,APPROVAL_LIMIT,"Payment of $47,694 approved at Level 1, which has a limit of $500,000. Transaction exceeded limit by $4,138.",0.754,OPEN,2024-08-06,2024-08-25
FND-003458,INV-00494,MEDIUM,VENDOR_RISK,"Vendor FusionCore Analytics LLC holds CRITICAL risk rating. 2 payments totalling $10,549 processed in the audit period.",0.457,VALIDATED,2022-07-18,2022-07-27
FND-003459,INV-00489,HIGH,FRAUD_PATTERN,Transaction routed through 5 intermediate accounts before reaching final beneficiary. Unusual for PAYMENT transaction type.,0.887,OPEN,2024-05-30,2024-06-28
FND-003460,INV-00004,MEDIUM,VENDOR_RISK,Payment issued to VND-VND-02935 rated LOW risk. Active contract CON-100358 in place. Enhanced due diligence not documented.,0.682,ESCALATED,2022-10-22,2022-11-14
FND-003461,INV-00058,CRITICAL,APPROVAL_LIMIT,"Payment of $406,721 approved at Level 3, which has a limit of $5,000. Transaction exceeded limit by $33,623.",0.848,VALIDATED,2022-09-10,2022-10-07
FND-003462,INV-00225,LOW,MISSING_RECEIPT,Expense claim missing receipt. Policy POL-0017 requires receipts for all claims above $75.,0.21,VALIDATED,2021-12-07,2021-12-23
FND-003463,INV-00291,HIGH,APPROVAL_LIMIT,"Escalation protocol was bypassed. Transaction valued at $309,194 was approved at L2 without L4 countersignature.",0.718,RESOLVED,2022-12-17,2023-01-01
FND-003464,INV-00382,MEDIUM,MISSING_RECEIPT,Expense claim EXP-130837 submitted for Entertainment without an attached supporting receipt.,0.419,OPEN,2022-10-11,2022-11-01
FND-003465,INV-00418,MEDIUM,APPROVAL_LIMIT,"Payment of $164,054 approved at Level 1, which has a limit of $5,000. Transaction exceeded limit by $40,531.",0.551,ESCALATED,2023-03-03,
FND-003466,INV-00100,LOW,MISSING_RECEIPT,"Employee EMP-98697 submitted 6 claims totalling $5,482 without receipts in the review period.",0.402,ESCALATED,2022-10-22,
FND-003467,INV-00491,MEDIUM,VENDOR_RISK,Payment issued to VND-VND-00640 rated LOW risk. Active contract CON-106292 in place. Enhanced due diligence not documented.,0.737,VALIDATED,2022-02-10,2022-02-25
FND-003468,INV-00477,HIGH,MISSING_RECEIPT,"Reimbursement of $415,169 for Accommodation was approved despite no receipt documentation in the system.",0.652,VALIDATED,2023-01-20,2023-02-04
FND-003469,INV-00159,MEDIUM,VENDOR_RISK,"Vendor WaveCore Manufacturing LLC holds CRITICAL risk rating. 3 payments totalling $19,888 processed in the audit period.",0.479,VALIDATED,2024-12-24,
FND-003470,INV-00205,MEDIUM,POLICY_BREACH,"Expense claim of $261,204 for Software exceeds the policy maximum of $500,000. Overage: $32,808.",0.591,RESOLVED,2024-12-29,2025-01-14
FND-003471,INV-00128,LOW,FRAUD_PATTERN,"Round-number transaction of $400,649 processed at 04:14 — outside standard business hours. Flagged by anomaly detection.",0.333,RESOLVED,2023-03-28,2023-04-24
FND-003472,INV-00299,HIGH,APPROVAL_LIMIT,"Escalation protocol was bypassed. Transaction valued at $123,758 was approved at L2 without L3 countersignature.",0.609,VALIDATED,2024-03-04,2024-03-08
FND-003473,INV-00163,LOW,MISSING_RECEIPT,"Reimbursement of $122,223 for Consulting was approved despite no receipt documentation in the system.",0.385,OPEN,2023-12-08,2023-12-29
FND-003474,INV-00424,HIGH,EXPIRED_COMPLIANCE,"Payment of $252,754 released to MomentumCore Corp Group whose SOC 2 compliance expired 28 days before payment date.",0.775,RESOLVED,2024-03-24,2024-03-26
FND-003475,INV-00474,CRITICAL,MISSING_RECEIPT,"Employee EMP-43677 submitted 7 claims totalling $3,353 without receipts in the review period.",0.762,VALIDATED,2022-06-29,
FND-003476,INV-00472,MEDIUM,MISSING_RECEIPT,Expense claim missing receipt. Policy POL-0005 requires receipts for all claims above $50.,0.481,OPEN,2022-05-16,2022-06-12
FND-003477,INV-00325,HIGH,POLICY_BREACH,"Claim EXP-179008 violates Policy POL-0004 section 4.2: Entertainment expenditure capped at $100,000 per event.",0.654,VALIDATED,2024-06-18,
FND-003478,INV-00281,LOW,POLICY_BREACH,"Expense claim of $444,107 for Equipment exceeds the policy maximum of $25,000. Overage: $21,014.",0.605,VALIDATED,2024-10-24,2024-11-20
FND-003479,INV-00319,MEDIUM,VENDOR_RISK,"BLACKLISTED vendor VND-VND-01934 received payment of $320,787 via contract CON-109197 that was not updated following blacklisting.",0.718,VALIDATED,2022-12-13,
FND-003480,INV-00082,MEDIUM,MISSING_RECEIPT,Expense claim EXP-189974 submitted for Equipment without an attached supporting receipt.,0.44,ESCALATED,2024-11-02,2024-11-29
FND-003481,INV-00307,HIGH,VENDOR_RISK,"High-risk vendor RedPoint Consulting LLC has no compliance record on file. Payment of $268,131 released without compliance clearance.",0.682,VALIDATED,2022-12-02,2022-12-13
FND-003482,INV-00161,MEDIUM,VENDOR_RISK,"BLACKLISTED vendor VND-VND-03863 received payment of $91,930 via contract CON-105384 that was not updated following blacklisting.",0.438,VALIDATED,2023-01-06,2023-01-21
FND-003483,INV-00231,HIGH,EXPIRED_COMPLIANCE,Compliance record CMP-106349 for vendor NexPoint Analytics was in EXPIRED status at time of payment processing.,0.842,VALIDATED,2021-12-04,
FND-003484,INV-00019,MEDIUM,FRAUD_PATTERN,"Split payment pattern detected: 8 transactions to same beneficiary totalling $6,900 — each below approval threshold of $500,000.",0.599,VALIDATED,2022-01-05,2022-01-12
FND-003485,INV-00220,LOW,MISSING_RECEIPT,Expense claim missing receipt. Policy POL-0011 requires receipts for all claims above $75.,0.605,VALIDATED,2021-12-11,2022-01-09
FND-003486,INV-00259,MEDIUM,VENDOR_RISK,"Vendor DeltaPath Logistics Ltd holds CRITICAL risk rating. 8 payments totalling $12,192 processed in the audit period.",0.611,RESOLVED,2023-01-06,2023-01-23
FND-003487,INV-00408,CRITICAL,FRAUD_PATTERN,"Round-number transaction of $495,291 processed at 05:02 — outside standard business hours. Flagged by anomaly detection.",0.874,OPEN,2024-05-30,2024-06-23
FND-003488,INV-00046,MEDIUM,VENDOR_RISK,"High-risk vendor Delta_Logistics Inc has no compliance record on file. Payment of $248,202 released without compliance clearance.",0.606,OPEN,2024-12-19,2025-01-15
FND-003489,INV-00073,CRITICAL,FRAUD_PATTERN,"Round-number transaction of $247,172 processed at 05:56 — outside standard business hours. Flagged by anomaly detection.",0.893,RESOLVED,2024-06-23,2024-07-18
FND-003490,INV-00018,LOW,POLICY_BREACH,"Expense claim of $273,832 for Marketing exceeds the policy maximum of $500,000. Overage: $10,565.",0.473,OPEN,2024-12-02,2024-12-14
FND-003491,INV-00008,LOW,MISSING_RECEIPT,Expense claim EXP-193039 submitted for Training without an attached supporting receipt.,0.266,VALIDATED,2022-04-07,2022-04-08
FND-003492,INV-00181,HIGH,FRAUD_PATTERN,Transaction routed through 2 intermediate accounts before reaching final beneficiary. Unusual for CASH_OUT transaction type.,0.804,VALIDATED,2024-09-13,2024-10-03
FND-003493,INV-00069,HIGH,APPROVAL_LIMIT,"Payment of $270,438 approved at Level 1, which has a limit of $5,000. Transaction exceeded limit by $10,296.",0.758,RESOLVED,2023-08-22,
FND-003494,INV-00213,MEDIUM,POLICY_BREACH,"Claim EXP-118310 violates Policy POL-0020 section 4.2: Marketing expenditure capped at $500,000 per event.",0.433,VALIDATED,2023-08-31,2023-09-21
FND-003495,INV-00467,MEDIUM,APPROVAL_LIMIT,"Approval granted by EMP-88903 who was not authorised to approve amounts above $5,000. Transaction value: $427,533.",0.614,RESOLVED,2022-02-16,2022-03-10
FND-003496,INV-00146,LOW,EXPIRED_COMPLIANCE,"Vendor VND-VND-04571 received payment of $97,527 on 2022-10-01. Compliance certificate expired on 2022-01-03 — 190 days prior.",0.531,RESOLVED,2023-01-06,2023-01-15
FND-003497,INV-00117,LOW,POLICY_BREACH,"Entertainment expense of $13,315 submitted by EMP-99625 exceeds monthly policy allowance of $100,000.",0.567,VALIDATED,2024-10-17,2024-11-06
FND-003498,INV-00262,CRITICAL,EXPIRED_COMPLIANCE,"Vendor VND-VND-04513 received payment of $77,564 on 2023-10-28. Compliance certificate expired on 2021-12-21 — 418 days prior.",0.758,VALIDATED,2021-11-25,2021-12-07
FND-003499,INV-00289,MEDIUM,FRAUD_PATTERN,"Round-number transaction of $43,343 processed at 04:30 — outside standard business hours. Flagged by anomaly detection.",0.447,VALIDATED,2024-10-06,
FND-003500,INV-00223,LOW,POLICY_BREACH,"Entertainment expense of $469,484 submitted by EMP-11395 exceeds monthly policy allowance of $25,000.",0.297,OPEN,2021-07-28,
FND-003501,INV-00422,LOW,FRAUD_PATTERN,Transaction routed through 5 intermediate accounts before reaching final beneficiary. Unusual for CASH_OUT transaction type.,0.391,RESOLVED,2022-04-02,2022-04-18
FND-003502,INV-00093,MEDIUM,FRAUD_PATTERN,"Split payment pattern detected: 4 transactions to same beneficiary totalling $15,015 — each below approval threshold of $25,000.",0.504,RESOLVED,2022-12-14,2023-01-10
FND-003503,INV-00233,LOW,POLICY_BREACH,"Expense claim of $18,713 for Consulting exceeds the policy maximum of $25,000. Overage: $24,676.",0.623,ESCALATED,2023-12-22,2024-01-09
FND-003504,INV-00162,MEDIUM,APPROVAL_LIMIT,"Approval granted by EMP-98281 who was not authorised to approve amounts above $5,000. Transaction value: $419,429.",0.451,OPEN,2024-10-22,2024-11-08
FND-003505,INV-00245,MEDIUM,VENDOR_RISK,"High-risk vendor BridgeTech Consulting Holdings has no compliance record on file. Payment of $29,085 released without compliance clearance.",0.478,RESOLVED,2023-11-16,
FND-003506,INV-00148,LOW,EXPIRED_COMPLIANCE,"Payment of $3,918 released to JetStream Analytics Ltd whose ISO 27001 compliance expired 254 days before payment date.",0.38,RESOLVED,2024-09-06,2024-09-19
FND-003507,INV-00480,MEDIUM,VENDOR_RISK,"BLACKLISTED vendor VND-VND-04698 received payment of $136,915 via contract CON-108833 that was not updated following blacklisting.",0.546,VALIDATED,2024-03-06,2024-03-28
FND-003508,INV-00492,LOW,MISSING_RECEIPT,Expense claim missing receipt. Policy POL-0012 requires receipts for all claims above $100.,0.233,RESOLVED,2023-01-21,
FND-003509,INV-00265,MEDIUM,VENDOR_RISK,Payment issued to VND-VND-03576 rated LOW risk. Active contract CON-100897 in place. Enhanced due diligence not documented.,0.669,RESOLVED,2021-10-18,2021-10-28
FND-003510,INV-00234,MEDIUM,POLICY_BREACH,"Entertainment expense of $14,995 submitted by EMP-27660 exceeds monthly policy allowance of $25,000.",0.72,RESOLVED,2024-10-11,
FND-003511,INV-00317,MEDIUM,APPROVAL_LIMIT,"Escalation protocol was bypassed. Transaction valued at $30,703 was approved at L3 without L4 countersignature.",0.42,VALIDATED,2022-03-07,2022-03-19
FND-003512,INV-00422,LOW,EXPIRED_COMPLIANCE,"Payment of $319,119 released to Alpha_Inc whose GDPR compliance expired 31 days before payment date.",0.64,VALIDATED,2024-01-08,2024-01-31
FND-003513,INV-00131,HIGH,VENDOR_RISK,"Vendor Gamma_Co Group holds CRITICAL risk rating. 5 payments totalling $16,620 processed in the audit period.",0.816,OPEN,2023-08-25,2023-08-27
FND-003514,INV-00301,MEDIUM,EXPIRED_COMPLIANCE,Procurement team processed payment without checking compliance status. Certificate had been expired for 201 days.,0.518,RESOLVED,2024-07-28,2024-08-07
FND-003515,INV-00336,LOW,APPROVAL_LIMIT,Transaction processed with approval from an officer whose delegated authority was 30% below the required threshold.,0.582,OPEN,2022-06-25,2022-06-29
FND-003516,INV-00016,MEDIUM,EXPIRED_COMPLIANCE,Compliance record CMP-101954 for vendor LatticeCore Partners LLC was in EXPIRED status at time of payment processing.,0.629,RESOLVED,2024-11-27,2024-12-13
FND-003517,INV-00239,HIGH,POLICY_BREACH,Employee submitted Entertainment claim 74% above the authorised policy limit without prior exception approval.,0.779,OPEN,2024-06-04,2024-06-23
FND-003518,INV-00366,LOW,MISSING_RECEIPT,Expense claim missing receipt. Policy POL-0019 requires receipts for all claims above $100.,0.543,OPEN,2022-11-09,2022-11-15
FND-003519,INV-00434,MEDIUM,VENDOR_RISK,"High-risk vendor YellowBridge Partners Holdings has no compliance record on file. Payment of $187,372 released without compliance clearance.",0.67,RESOLVED,2023-05-25,
FND-003520,INV-00279,HIGH,VENDOR_RISK,"BLACKLISTED vendor VND-VND-02409 received payment of $182,096 via contract CON-104739 that was not updated following blacklisting.",0.851,RESOLVED,2023-06-06,
FND-003521,INV-00272,MEDIUM,FRAUD_PATTERN,"Split payment pattern detected: 2 transactions to same beneficiary totalling $8,847 — each below approval threshold of $25,000.",0.493,VALIDATED,2022-03-16,
FND-003522,INV-00054,MEDIUM,VENDOR_RISK,"Vendor Apex Solutions Holdings holds CRITICAL risk rating. 6 payments totalling $6,977 processed in the audit period.",0.528,RESOLVED,2024-07-28,
FND-003523,INV-00201,HIGH,VENDOR_RISK,"High-risk vendor WavePath Inc Group has no compliance record on file. Payment of $300,471 released without compliance clearance.",0.674,OPEN,2023-10-30,2023-11-29
FND-003524,INV-00162,MEDIUM,VENDOR_RISK,"BLACKLISTED vendor VND-VND-03661 received payment of $190,905 via contract CON-104081 that was not updated following blacklisting.",0.471,RESOLVED,2022-06-03,
FND-003525,INV-00473,LOW,APPROVAL_LIMIT,"Approval granted by EMP-30778 who was not authorised to approve amounts above $5,000. Transaction value: $245,862.",0.31,RESOLVED,2023-01-25,
FND-003526,INV-00025,HIGH,FRAUD_PATTERN,"Split payment pattern detected: 5 transactions to same beneficiary totalling $6,099 — each below approval threshold of $5,000.",0.644,RESOLVED,2024-01-10,2024-02-05
FND-003527,INV-00355,MEDIUM,POLICY_BREACH,Employee submitted Entertainment claim 10% above the authorised policy limit without prior exception approval.,0.53,VALIDATED,2023-06-02,2023-06-26
FND-003528,INV-00374,MEDIUM,MISSING_RECEIPT,Expense claim EXP-161367 submitted for Meals without an attached supporting receipt.,0.7,ESCALATED,2022-09-11,2022-09-20
FND-003529,INV-00083,MEDIUM,MISSING_RECEIPT,"Reimbursement of $420,131 for Office Supplies was approved despite no receipt documentation in the system.",0.614,VALIDATED,2021-08-10,2021-08-30
FND-003530,INV-00076,LOW,VENDOR_RISK,"Vendor UnityCore Technologies LLC holds CRITICAL risk rating. 5 payments totalling $9,048 processed in the audit period.",0.206,OPEN,2022-02-27,
FND-003531,INV-00299,LOW,VENDOR_RISK,"High-risk vendor IronPoint Manufacturing LLC has no compliance record on file. Payment of $37,148 released without compliance clearance.",0.283,ESCALATED,2024-06-08,
FND-003532,INV-00132,MEDIUM,APPROVAL_LIMIT,"Approval granted by EMP-74520 who was not authorised to approve amounts above $100,000. Transaction value: $396,942.",0.481,RESOLVED,2023-06-09,2023-06-19
FND-003533,INV-00165,LOW,MISSING_RECEIPT,Expense claim EXP-189051 submitted for Meals without an attached supporting receipt.,0.488,ESCALATED,2021-08-12,2021-08-26
FND-003534,INV-00272,MEDIUM,EXPIRED_COMPLIANCE,Procurement team processed payment without checking compliance status. Certificate had been expired for 220 days.,0.665,VALIDATED,2023-03-29,
FND-003535,INV-00242,MEDIUM,VENDOR_RISK,"BLACKLISTED vendor VND-VND-04673 received payment of $34,537 via contract CON-108113 that was not updated following blacklisting.",0.525,OPEN,2022-05-01,2022-05-29
FND-003536,INV-00388,CRITICAL,MISSING_RECEIPT,"Employee EMP-85308 submitted 2 claims totalling $3,770 without receipts in the review period.",0.845,OPEN,2023-10-19,2023-11-07
FND-003537,INV-00198,MEDIUM,VENDOR_RISK,"High-risk vendor FlowBridge Inc Holdings has no compliance record on file. Payment of $198,002 released without compliance clearance.",0.41,VALIDATED,2024-10-19,2024-10-26
FND-003538,INV-00245,HIGH,APPROVAL_LIMIT,Transaction processed with approval from an officer whose delegated authority was 45% below the required threshold.,0.655,VALIDATED,2021-12-11,2022-01-01
FND-003539,INV-00490,MEDIUM,APPROVAL_LIMIT,"Approval granted by EMP-69762 who was not authorised to approve amounts above $100,000. Transaction value: $481,589.",0.551,VALIDATED,2023-04-27,2023-05-13
FND-003540,INV-00049,MEDIUM,VENDOR_RISK,Payment issued to VND-VND-04715 rated LOW risk. Active contract CON-109500 in place. Enhanced due diligence not documented.,0.601,RESOLVED,2024-07-13,2024-08-05
FND-003541,INV-00040,HIGH,EXPIRED_COMPLIANCE,"Payment of $286,219 released to MeridianTech International whose GDPR compliance expired 359 days before payment date.",0.875,VALIDATED,2023-04-08,2023-04-24
FND-003542,INV-00293,MEDIUM,MISSING_RECEIPT,Expense claim missing receipt. Policy POL-0008 requires receipts for all claims above $100.,0.528,RESOLVED,2023-10-11,2023-10-24
FND-003543,INV-00343,MEDIUM,POLICY_BREACH,"Expense claim of $312,014 for Accommodation exceeds the policy maximum of $500,000. Overage: $42,539.",0.554,ESCALATED,2021-09-20,
FND-003544,INV-00361,LOW,VENDOR_RISK,Payment issued to VND-VND-01922 rated LOW risk. Active contract CON-101126 in place. Enhanced due diligence not documented.,0.207,VALIDATED,2022-04-11,2022-04-12
FND-003545,INV-00432,LOW,FRAUD_PATTERN,Transaction routed through 7 intermediate accounts before reaching final beneficiary. Unusual for TRANSFER transaction type.,0.339,RESOLVED,2022-03-14,2022-03-27
FND-003546,INV-00342,MEDIUM,APPROVAL_LIMIT,"Approval granted by EMP-67835 who was not authorised to approve amounts above $500,000. Transaction value: $140,404.",0.461,VALIDATED,2022-08-09,2022-08-22
FND-003547,INV-00015,LOW,EXPIRED_COMPLIANCE,Procurement team processed payment without checking compliance status. Certificate had been expired for 422 days.,0.64,OPEN,2023-12-19,2024-01-02
FND-003548,INV-00165,HIGH,POLICY_BREACH,"Expense claim of $372,832 for Accommodation exceeds the policy maximum of $100,000. Overage: $15,170.",0.827,OPEN,2021-12-09,
FND-003549,INV-00201,LOW,MISSING_RECEIPT,"Employee EMP-96608 submitted 6 claims totalling $5,830 without receipts in the review period.",0.428,VALIDATED,2024-12-22,2024-12-27
FND-003550,INV-00387,MEDIUM,MISSING_RECEIPT,"Reimbursement of $454,715 for Marketing was approved despite no receipt documentation in the system.",0.431,RESOLVED,2021-07-31,
FND-003551,INV-00053,LOW,EXPIRED_COMPLIANCE,"Vendor VND-VND-01617 received payment of $185,302 on 2023-05-25. Compliance certificate expired on 2022-03-20 — 64 days prior.",0.262,ESCALATED,2024-03-18,
FND-003552,INV-00335,MEDIUM,EXPIRED_COMPLIANCE,Compliance record CMP-104410 for vendor JetStream Analytics International was in EXPIRED status at time of payment processing.,0.617,ESCALATED,2023-05-21,
FND-003553,INV-00176,MEDIUM,VENDOR_RISK,"BLACKLISTED vendor VND-VND-04505 received payment of $163,225 via contract CON-109932 that was not updated following blacklisting.",0.619,VALIDATED,2021-12-22,2022-01-04
FND-003554,INV-00457,LOW,APPROVAL_LIMIT,Transaction processed with approval from an officer whose delegated authority was 7% below the required threshold.,0.286,VALIDATED,2023-01-09,
FND-003555,INV-00244,LOW,APPROVAL_LIMIT,Transaction processed with approval from an officer whose delegated authority was 36% below the required threshold.,0.261,OPEN,2022-02-13,2022-03-07
FND-003556,INV-00483,HIGH,POLICY_BREACH,"Claim EXP-154350 violates Policy POL-0006 section 4.2: Software expenditure capped at $5,000 per event.",0.782,VALIDATED,2023-03-26,2023-04-16
FND-003557,INV-00202,MEDIUM,POLICY_BREACH,Employee submitted Meals claim 26% above the authorised policy limit without prior exception approval.,0.44,OPEN,2022-05-22,2022-05-31
FND-003558,INV-00447,MEDIUM,MISSING_RECEIPT,Expense claim missing receipt. Policy POL-0007 requires receipts for all claims above $200.,0.709,RESOLVED,2022-01-06,2022-01-10
FND-003559,INV-00278,MEDIUM,MISSING_RECEIPT,Expense claim missing receipt. Policy POL-0018 requires receipts for all claims above $50.,0.544,OPEN,2024-06-27,2024-07-11
FND-003560,INV-00135,MEDIUM,EXPIRED_COMPLIANCE,Procurement team processed payment without checking compliance status. Certificate had been expired for 358 days.,0.436,OPEN,2023-06-30,2023-07-07
FND-003561,INV-00018,MEDIUM,MISSING_RECEIPT,Expense claim EXP-126886 submitted for Marketing without an attached supporting receipt.,0.443,VALIDATED,2022-06-19,2022-07-13
FND-003562,INV-00235,MEDIUM,EXPIRED_COMPLIANCE,"Payment of $22,257 released to KryptonPath Ltd LLC whose GDPR compliance expired 448 days before payment date.",0.535,RESOLVED,2022-04-01,2022-04-29
FND-003563,INV-00420,MEDIUM,FRAUD_PATTERN,"Split payment pattern detected: 8 transactions to same beneficiary totalling $4,384 — each below approval threshold of $25,000.",0.455,VALIDATED,2022-10-31,
FND-003564,INV-00319,MEDIUM,MISSING_RECEIPT,Expense claim EXP-170652 submitted for Software without an attached supporting receipt.,0.541,VALIDATED,2023-02-12,
FND-003565,INV-00362,MEDIUM,VENDOR_RISK,"Vendor JetStream Analytics Holdings holds CRITICAL risk rating. 4 payments totalling $2,162 processed in the audit period.",0.59,RESOLVED,2021-11-24,2021-12-13
FND-003566,INV-00409,LOW,POLICY_BREACH,"Entertainment expense of $22,157 submitted by EMP-48907 exceeds monthly policy allowance of $5,000.",0.413,OPEN,2022-05-18,
FND-003567,INV-00048,HIGH,POLICY_BREACH,Employee submitted Software claim 71% above the authorised policy limit without prior exception approval.,0.807,VALIDATED,2024-06-22,2024-07-15
FND-003568,INV-00124,HIGH,VENDOR_RISK,Payment issued to VND-VND-04155 rated LOW risk. Active contract CON-107644 in place. Enhanced due diligence not documented.,0.879,RESOLVED,2022-07-20,
FND-003569,INV-00201,MEDIUM,EXPIRED_COMPLIANCE,"Payment of $411,572 released to YieldPoint Partners whose SOC 2 compliance expired 401 days before payment date.",0.608,RESOLVED,2024-03-13,2024-03-18
FND-003570,INV-00034,MEDIUM,VENDOR_RISK,"Vendor YieldPoint Partners Ltd holds CRITICAL risk rating. 3 payments totalling $18,363 processed in the audit period.",0.609,RESOLVED,2024-09-25,2024-10-13
FND-003571,INV-00176,MEDIUM,VENDOR_RISK,"BLACKLISTED vendor VND-VND-04678 received payment of $487,977 via contract CON-106699 that was not updated following blacklisting.",0.536,VALIDATED,2024-11-04,2024-11-05
FND-003572,INV-00211,MEDIUM,VENDOR_RISK,"BLACKLISTED vendor VND-VND-03876 received payment of $265,566 via contract CON-101301 that was not updated following blacklisting.",0.553,RESOLVED,2021-06-29,2021-07-05
FND-003573,INV-00390,HIGH,FRAUD_PATTERN,Transaction routed through 7 intermediate accounts before reaching final beneficiary. Unusual for TRANSFER transaction type.,0.889,OPEN,2023-09-23,2023-09-26
FND-003574,INV-00268,MEDIUM,POLICY_BREACH,"Expense claim of $343,397 for Equipment exceeds the policy maximum of $5,000. Overage: $17,545.",0.607,VALIDATED,2021-06-13,
FND-003575,INV-00005,LOW,POLICY_BREACH,"Claim EXP-113969 violates Policy POL-0015 section 4.2: Entertainment expenditure capped at $500,000 per event.",0.382,FALSE_POSITIVE,2022-06-24,2022-06-27
FND-003576,INV-00186,CRITICAL,POLICY_BREACH,"Entertainment expense of $306,535 submitted by EMP-92131 exceeds monthly policy allowance of $100,000.",0.946,VALIDATED,2023-06-11,2023-06-27
FND-003577,INV-00329,LOW,VENDOR_RISK,"BLACKLISTED vendor VND-VND-04352 received payment of $95,130 via contract CON-109624 that was not updated following blacklisting.",0.512,RESOLVED,2021-08-19,
FND-003578,INV-00424,HIGH,FRAUD_PATTERN,"Split payment pattern detected: 2 transactions to same beneficiary totalling $6,711 — each below approval threshold of $100,000.",0.659,RESOLVED,2023-04-28,
FND-003579,INV-00376,LOW,MISSING_RECEIPT,"Reimbursement of $245,856 for Accommodation was approved despite no receipt documentation in the system.",0.423,OPEN,2022-01-05,
FND-003580,INV-00128,MEDIUM,APPROVAL_LIMIT,"Escalation protocol was bypassed. Transaction valued at $270,512 was approved at L3 without L4 countersignature.",0.403,RESOLVED,2021-07-02,2021-07-19
FND-003581,INV-00220,MEDIUM,POLICY_BREACH,"Claim EXP-151161 violates Policy POL-0016 section 4.2: Entertainment expenditure capped at $5,000 per event.",0.676,ESCALATED,2021-12-06,2021-12-28
FND-003582,INV-00308,CRITICAL,MISSING_RECEIPT,"Reimbursement of $347,984 for Travel was approved despite no receipt documentation in the system.",0.857,VALIDATED,2021-08-07,
FND-003583,INV-00322,LOW,MISSING_RECEIPT,"Reimbursement of $499,549 for Consulting was approved despite no receipt documentation in the system.",0.489,VALIDATED,2023-05-10,2023-05-31
FND-003584,INV-00434,LOW,EXPIRED_COMPLIANCE,"Payment of $41,255 released to Delta_Logistics Holdings whose ISO 27001 compliance expired 293 days before payment date.",0.278,VALIDATED,2023-04-28,2023-05-15
FND-003585,INV-00071,MEDIUM,POLICY_BREACH,"Expense claim of $265,662 for Software exceeds the policy maximum of $25,000. Overage: $23,240.",0.55,OPEN,2024-04-05,2024-04-24
FND-003586,INV-00131,MEDIUM,POLICY_BREACH,"Claim EXP-170844 violates Policy POL-0019 section 4.2: Software expenditure capped at $100,000 per event.",0.527,OPEN,2022-02-07,2022-03-03
FND-003587,INV-00037,MEDIUM,POLICY_BREACH,"Claim EXP-195263 violates Policy POL-0020 section 4.2: Office Supplies expenditure capped at $100,000 per event.",0.672,OPEN,2022-04-10,
FND-003588,INV-00298,CRITICAL,VENDOR_RISK,"Vendor RapidCore Consulting Inc holds CRITICAL risk rating. 5 payments totalling $10,807 processed in the audit period.",0.789,RESOLVED,2022-11-19,
FND-003589,INV-00166,MEDIUM,FRAUD_PATTERN,"Round-number transaction of $481,294 processed at 00:04 — outside standard business hours. Flagged by anomaly detection.",0.628,RESOLVED,2023-07-20,
FND-003590,INV-00310,LOW,EXPIRED_COMPLIANCE,Procurement team processed payment without checking compliance status. Certificate had been expired for 221 days.,0.292,VALIDATED,2022-06-20,2022-07-04
FND-003591,INV-00001,MEDIUM,EXPIRED_COMPLIANCE,Compliance record CMP-105854 for vendor DawnTech Services International was in EXPIRED status at time of payment processing.,0.427,RESOLVED,2023-07-30,2023-08-07
FND-003592,INV-00409,LOW,FRAUD_PATTERN,"Round-number transaction of $441,031 processed at 01:39 — outside standard business hours. Flagged by anomaly detection.",0.341,VALIDATED,2023-07-14,
FND-003593,INV-00103,HIGH,EXPIRED_COMPLIANCE,Compliance record CMP-108610 for vendor BlueStar Procurement LLC was in EXPIRED status at time of payment processing.,0.709,OPEN,2023-06-09,2023-07-07
FND-003594,INV-00485,MEDIUM,FRAUD_PATTERN,Employee EMP-29081 submitted 6 expense claims within 72 hours for identical amounts — potential duplicate fraud pattern.,0.57,ESCALATED,2024-07-30,2024-08-25
FND-003595,INV-00105,MEDIUM,EXPIRED_COMPLIANCE,"Vendor VND-VND-02628 received payment of $402,551 on 2023-08-09. Compliance certificate expired on 2022-02-03 — 396 days prior.",0.632,OPEN,2021-09-23,
FND-003596,INV-00030,MEDIUM,FRAUD_PATTERN,Transaction routed through 6 intermediate accounts before reaching final beneficiary. Unusual for TRANSFER transaction type.,0.503,VALIDATED,2024-03-21,2024-04-12
FND-003597,INV-00222,HIGH,EXPIRED_COMPLIANCE,"Payment of $371,876 released to BridgeTech Consulting Inc whose SOC 2 compliance expired 87 days before payment date.",0.676,ESCALATED,2024-08-22,2024-08-24
FND-003598,INV-00124,MEDIUM,APPROVAL_LIMIT,"Escalation protocol was bypassed. Transaction valued at $469,758 was approved at L3 without L3 countersignature.",0.473,OPEN,2023-07-23,2023-07-27
FND-003599,INV-00152,MEDIUM,POLICY_BREACH,"Expense claim of $481,104 for Entertainment exceeds the policy maximum of $25,000. Overage: $40,147.",0.577,ESCALATED,2023-04-02,2023-04-19
FND-003600,INV-00398,CRITICAL,POLICY_BREACH,"Entertainment expense of $313,745 submitted by EMP-16745 exceeds monthly policy allowance of $100,000.",0.833,OPEN,2023-02-19,
FND-003601,INV-00228,LOW,APPROVAL_LIMIT,Transaction processed with approval from an officer whose delegated authority was 8% below the required threshold.,0.295,VALIDATED,2023-05-24,2023-05-26
FND-003602,INV-00202,MEDIUM,VENDOR_RISK,"BLACKLISTED vendor VND-VND-02867 received payment of $382,446 via contract CON-106949 that was not updated following blacklisting.",0.522,RESOLVED,2023-09-17,2023-10-02
FND-003603,INV-00267,HIGH,MISSING_RECEIPT,"Reimbursement of $310,891 for Travel was approved despite no receipt documentation in the system.",0.874,VALIDATED,2022-03-11,2022-03-13
FND-003604,INV-00099,MEDIUM,APPROVAL_LIMIT,"Escalation protocol was bypassed. Transaction valued at $404,947 was approved at L1 without L5 countersignature.",0.661,RESOLVED,2021-06-11,2021-06-29
FND-003605,INV-00385,MEDIUM,APPROVAL_LIMIT,"Approval granted by EMP-54099 who was not authorised to approve amounts above $100,000. Transaction value: $1,030.",0.664,FALSE_POSITIVE,2024-10-19,2024-10-21
FND-003606,INV-00243,MEDIUM,EXPIRED_COMPLIANCE,"Payment of $52,463 released to BridgeTech Consulting Inc whose SOC 2 compliance expired 460 days before payment date.",0.438,VALIDATED,2023-12-18,
FND-003607,INV-00287,MEDIUM,VENDOR_RISK,Payment issued to VND-VND-01969 rated LOW risk. Active contract CON-106685 in place. Enhanced due diligence not documented.,0.433,OPEN,2024-03-09,2024-03-16
FND-003608,INV-00495,MEDIUM,MISSING_RECEIPT,"Reimbursement of $129,100 for Equipment was approved despite no receipt documentation in the system.",0.484,VALIDATED,2022-06-28,2022-07-06
FND-003609,INV-00022,LOW,MISSING_RECEIPT,Expense claim missing receipt. Policy POL-0004 requires receipts for all claims above $200.,0.486,ESCALATED,2023-03-04,2023-03-27
FND-003610,INV-00195,CRITICAL,VENDOR_RISK,Payment issued to VND-VND-01808 rated LOW risk. Active contract CON-108446 in place. Enhanced due diligence not documented.,0.803,RESOLVED,2021-08-06,2021-08-17
FND-003611,INV-00475,MEDIUM,VENDOR_RISK,"High-risk vendor LucentBridge Technologies LLC has no compliance record on file. Payment of $378,024 released without compliance clearance.",0.728,RESOLVED,2024-07-04,2024-07-14
FND-003612,INV-00339,CRITICAL,APPROVAL_LIMIT,Transaction processed with approval from an officer whose delegated authority was 38% below the required threshold.,0.789,VALIDATED,2022-04-02,2022-04-23
FND-003613,INV-00292,HIGH,VENDOR_RISK,"Vendor RapidCore Consulting LLC holds CRITICAL risk rating. 5 payments totalling $1,856 processed in the audit period.",0.798,RESOLVED,2024-03-12,2024-03-22
FND-003614,INV-00003,MEDIUM,MISSING_RECEIPT,"Reimbursement of $164,226 for Office Supplies was approved despite no receipt documentation in the system.",0.612,OPEN,2022-10-24,2022-11-21
FND-003615,INV-00438,LOW,EXPIRED_COMPLIANCE,"Vendor VND-VND-00195 received payment of $24,772 on 2024-04-12. Compliance certificate expired on 2020-10-07 — 321 days prior.",0.473,OPEN,2022-07-07,
FND-003616,INV-00299,MEDIUM,VENDOR_RISK,Payment issued to VND-VND-04896 rated LOW risk. Active contract CON-102826 in place. Enhanced due diligence not documented.,0.664,RESOLVED,2022-01-07,
FND-003617,INV-00421,HIGH,VENDOR_RISK,"High-risk vendor Gamma_Co Group has no compliance record on file. Payment of $87,355 released without compliance clearance.",0.81,VALIDATED,2021-11-04,2021-11-19
FND-003618,INV-00235,HIGH,EXPIRED_COMPLIANCE,"Vendor VND-VND-04207 received payment of $111,228 on 2022-03-08. Compliance certificate expired on 2022-11-21 — 11 days prior.",0.697,OPEN,2021-11-24,2021-12-09
FND-003619,INV-00066,MEDIUM,POLICY_BREACH,Employee submitted Training claim 27% above the authorised policy limit without prior exception approval.,0.7,RESOLVED,2021-06-10,
FND-003620,INV-00388,LOW,VENDOR_RISK,Payment issued to VND-VND-04727 rated LOW risk. Active contract CON-105225 in place. Enhanced due diligence not documented.,0.457,ESCALATED,2022-12-01,
FND-003621,INV-00413,LOW,VENDOR_RISK,"BLACKLISTED vendor VND-VND-04472 received payment of $286,704 via contract CON-101384 that was not updated following blacklisting.",0.598,ESCALATED,2023-08-19,2023-09-11
FND-003622,INV-00048,CRITICAL,APPROVAL_LIMIT,"Payment of $85,945 approved at Level 2, which has a limit of $25,000. Transaction exceeded limit by $47,755.",0.895,OPEN,2024-11-25,2024-12-20
FND-003623,INV-00100,MEDIUM,VENDOR_RISK,"BLACKLISTED vendor VND-VND-03767 received payment of $184,506 via contract CON-106838 that was not updated following blacklisting.",0.46,VALIDATED,2023-06-04,2023-06-22
FND-003624,INV-00245,MEDIUM,EXPIRED_COMPLIANCE,Compliance record CMP-103310 for vendor YieldPoint Partners Group was in EXPIRED status at time of payment processing.,0.677,RESOLVED,2023-03-20,2023-04-13
FND-003625,INV-00267,MEDIUM,APPROVAL_LIMIT,"Approval granted by EMP-45360 who was not authorised to approve amounts above $5,000. Transaction value: $224,788.",0.414,RESOLVED,2024-04-16,2024-04-25
FND-003626,INV-00162,LOW,EXPIRED_COMPLIANCE,Procurement team processed payment without checking compliance status. Certificate had been expired for 457 days.,0.337,OPEN,2023-01-08,2023-01-29
FND-003627,INV-00059,LOW,EXPIRED_COMPLIANCE,"Vendor VND-VND-01100 received payment of $200,159 on 2023-12-07. Compliance certificate expired on 2020-08-19 — 61 days prior.",0.62,RESOLVED,2022-03-24,2022-04-05
FND-003628,INV-00453,MEDIUM,MISSING_RECEIPT,Expense claim missing receipt. Policy POL-0003 requires receipts for all claims above $75.,0.426,OPEN,2023-01-01,
FND-003629,INV-00316,MEDIUM,VENDOR_RISK,"BLACKLISTED vendor VND-VND-00603 received payment of $349,831 via contract CON-101087 that was not updated following blacklisting.",0.613,RESOLVED,2023-07-30,
FND-003630,INV-00250,CRITICAL,APPROVAL_LIMIT,Transaction processed with approval from an officer whose delegated authority was 78% below the required threshold.,0.791,OPEN,2024-10-22,2024-10-27
FND-003631,INV-00094,MEDIUM,MISSING_RECEIPT,Expense claim EXP-177189 submitted for Equipment without an attached supporting receipt.,0.456,RESOLVED,2024-08-06,2024-08-20
FND-003632,INV-00053,MEDIUM,MISSING_RECEIPT,Expense claim missing receipt. Policy POL-0002 requires receipts for all claims above $50.,0.484,VALIDATED,2022-01-12,2022-01-19
FND-003633,INV-00272,LOW,APPROVAL_LIMIT,"Payment of $211,347 approved at Level 1, which has a limit of $5,000. Transaction exceeded limit by $40,873.",0.205,VALIDATED,2021-12-24,2022-01-02
FND-003634,INV-00392,MEDIUM,POLICY_BREACH,"Claim EXP-179886 violates Policy POL-0004 section 4.2: Entertainment expenditure capped at $5,000 per event.",0.518,OPEN,2022-03-22,2022-04-08
FND-003635,INV-00319,HIGH,APPROVAL_LIMIT,Transaction processed with approval from an officer whose delegated authority was 78% below the required threshold.,0.871,ESCALATED,2023-01-10,2023-01-30
FND-003636,INV-00418,MEDIUM,POLICY_BREACH,"Expense claim of $279,075 for Office Supplies exceeds the policy maximum of $500,000. Overage: $47,691.",0.52,ESCALATED,2024-07-12,2024-08-05
FND-003637,INV-00455,MEDIUM,MISSING_RECEIPT,Expense claim missing receipt. Policy POL-0009 requires receipts for all claims above $100.,0.44,OPEN,2024-07-21,2024-08-05
FND-003638,INV-00043,MEDIUM,MISSING_RECEIPT,Expense claim EXP-127759 submitted for Software without an attached supporting receipt.,0.574,VALIDATED,2024-12-02,2024-12-19
FND-003639,INV-00237,HIGH,MISSING_RECEIPT,Expense claim missing receipt. Policy POL-0007 requires receipts for all claims above $200.,0.804,RESOLVED,2021-11-07,2021-11-14
FND-003640,INV-00250,MEDIUM,VENDOR_RISK,"Vendor JetStream Analytics Group holds CRITICAL risk rating. 4 payments totalling $14,350 processed in the audit period.",0.567,OPEN,2021-12-29,2022-01-28
FND-003641,INV-00173,MEDIUM,POLICY_BREACH,"Entertainment expense of $264,719 submitted by EMP-94734 exceeds monthly policy allowance of $100,000.",0.545,VALIDATED,2022-05-10,2022-05-28
FND-003642,INV-00420,MEDIUM,APPROVAL_LIMIT,Transaction processed with approval from an officer whose delegated authority was 16% below the required threshold.,0.462,VALIDATED,2021-07-29,2021-08-28
FND-003643,INV-00115,MEDIUM,APPROVAL_LIMIT,Transaction processed with approval from an officer whose delegated authority was 8% below the required threshold.,0.486,RESOLVED,2022-07-04,2022-07-16
FND-003644,INV-00297,HIGH,MISSING_RECEIPT,Expense claim EXP-181355 submitted for Accommodation without an attached supporting receipt.,0.675,VALIDATED,2023-05-11,
FND-003645,INV-00406,LOW,APPROVAL_LIMIT,"Escalation protocol was bypassed. Transaction valued at $137,317 was approved at L1 without L3 countersignature.",0.303,RESOLVED,2024-02-17,2024-03-01
FND-003646,INV-00270,CRITICAL,VENDOR_RISK,"BLACKLISTED vendor VND-VND-04863 received payment of $394,744 via contract CON-102924 that was not updated following blacklisting.",0.789,ESCALATED,2022-09-09,2022-10-05
FND-003647,INV-00274,LOW,EXPIRED_COMPLIANCE,"Payment of $249,634 released to PeakVault Services LLC whose GDPR compliance expired 84 days before payment date.",0.251,VALIDATED,2023-01-17,2023-02-03
FND-003648,INV-00061,CRITICAL,APPROVAL_LIMIT,"Payment of $274,588 approved at Level 3, which has a limit of $25,000. Transaction exceeded limit by $20,196.",0.917,VALIDATED,2021-08-05,
FND-003649,INV-00343,MEDIUM,FRAUD_PATTERN,Transaction routed through 4 intermediate accounts before reaching final beneficiary. Unusual for CASH_OUT transaction type.,0.603,RESOLVED,2022-07-30,2022-08-27
FND-003650,INV-00406,CRITICAL,EXPIRED_COMPLIANCE,"Payment of $6,803 released to ZenithBridge Corp International whose GDPR compliance expired 525 days before payment date.",0.983,OPEN,2024-08-22,
FND-003651,INV-00263,MEDIUM,APPROVAL_LIMIT,Transaction processed with approval from an officer whose delegated authority was 77% below the required threshold.,0.617,RESOLVED,2022-05-06,
FND-003652,INV-00133,CRITICAL,APPROVAL_LIMIT,Transaction processed with approval from an officer whose delegated authority was 58% below the required threshold.,0.767,OPEN,2024-06-10,2024-06-28
FND-003653,INV-00470,MEDIUM,POLICY_BREACH,Employee submitted Training claim 12% above the authorised policy limit without prior exception approval.,0.48,RESOLVED,2024-08-28,
FND-003654,INV-00127,MEDIUM,APPROVAL_LIMIT,"Payment of $48,723 approved at Level 2, which has a limit of $100,000. Transaction exceeded limit by $49,482.",0.443,VALIDATED,2023-03-28,2023-04-12
FND-003655,INV-00500,CRITICAL,POLICY_BREACH,"Expense claim of $356,969 for Office Supplies exceeds the policy maximum of $100,000. Overage: $10,774.",0.853,VALIDATED,2023-11-10,
FND-003656,INV-00306,HIGH,APPROVAL_LIMIT,"Approval granted by EMP-98336 who was not authorised to approve amounts above $5,000. Transaction value: $250,608.",0.68,RESOLVED,2023-12-16,2023-12-27
FND-003657,INV-00309,LOW,MISSING_RECEIPT,"Employee EMP-45848 submitted 6 claims totalling $8,581 without receipts in the review period.",0.398,OPEN,2022-06-14,2022-07-07
FND-003658,INV-00301,MEDIUM,EXPIRED_COMPLIANCE,"Vendor VND-VND-04045 received payment of $136,362 on 2022-04-20. Compliance certificate expired on 2022-07-22 — 475 days prior.",0.615,FALSE_POSITIVE,2024-02-24,2024-03-10
FND-003659,INV-00192,MEDIUM,FRAUD_PATTERN,Transaction routed through 3 intermediate accounts before reaching final beneficiary. Unusual for TRANSFER transaction type.,0.714,FALSE_POSITIVE,2024-06-02,2024-06-06
FND-003660,INV-00082,MEDIUM,POLICY_BREACH,Employee submitted Travel claim 61% above the authorised policy limit without prior exception approval.,0.718,RESOLVED,2024-12-21,2025-01-05
FND-003661,INV-00350,LOW,MISSING_RECEIPT,"Employee EMP-43060 submitted 4 claims totalling $9,322 without receipts in the review period.",0.351,VALIDATED,2024-10-18,2024-10-27
FND-003662,INV-00354,LOW,APPROVAL_LIMIT,"Escalation protocol was bypassed. Transaction valued at $482,371 was approved at L1 without L4 countersignature.",0.527,RESOLVED,2022-11-11,2022-11-25
FND-003663,INV-00322,MEDIUM,POLICY_BREACH,"Expense claim of $62,945 for Consulting exceeds the policy maximum of $5,000. Overage: $31,251.",0.491,RESOLVED,2024-05-11,
FND-003664,INV-00453,LOW,VENDOR_RISK,Payment issued to VND-VND-04055 rated LOW risk. Active contract CON-103801 in place. Enhanced due diligence not documented.,0.6,VALIDATED,2021-10-11,2021-10-16
FND-003665,INV-00165,MEDIUM,EXPIRED_COMPLIANCE,Compliance record CMP-106694 for vendor OmegaLink Systems LLC was in EXPIRED status at time of payment processing.,0.706,RESOLVED,2021-11-02,2021-11-20
FND-003666,INV-00299,MEDIUM,POLICY_BREACH,"Claim EXP-120647 violates Policy POL-0015 section 4.2: Entertainment expenditure capped at $5,000 per event.",0.457,RESOLVED,2022-03-03,2022-03-22
FND-003667,INV-00220,CRITICAL,POLICY_BREACH,"Expense claim of $403,068 for Accommodation exceeds the policy maximum of $5,000. Overage: $15,786.",0.792,ESCALATED,2024-09-30,2024-10-05
FND-003668,INV-00363,HIGH,FRAUD_PATTERN,Employee EMP-19784 submitted 7 expense claims within 72 hours for identical amounts — potential duplicate fraud pattern.,0.852,VALIDATED,2022-07-22,2022-08-11
FND-003669,INV-00008,LOW,VENDOR_RISK,"BLACKLISTED vendor VND-VND-04526 received payment of $190,813 via contract CON-109188 that was not updated following blacklisting.",0.339,ESCALATED,2024-05-08,
FND-003670,INV-00466,LOW,MISSING_RECEIPT,Expense claim EXP-198492 submitted for Equipment without an attached supporting receipt.,0.62,ESCALATED,2024-11-30,2024-12-14
FND-003671,INV-00215,HIGH,EXPIRED_COMPLIANCE,"Payment of $166,063 released to JadeCore Solutions International whose GDPR compliance expired 207 days before payment date.",0.751,ESCALATED,2023-08-17,
FND-003672,INV-00030,CRITICAL,POLICY_BREACH,Employee submitted Accommodation claim 50% above the authorised policy limit without prior exception approval.,0.827,RESOLVED,2024-08-25,2024-09-04
FND-003673,INV-00273,MEDIUM,FRAUD_PATTERN,Employee EMP-12357 submitted 6 expense claims within 72 hours for identical amounts — potential duplicate fraud pattern.,0.405,VALIDATED,2024-03-20,2024-04-02
FND-003674,INV-00375,LOW,MISSING_RECEIPT,"Employee EMP-20236 submitted 5 claims totalling $13,531 without receipts in the review period.",0.565,VALIDATED,2023-08-28,2023-09-25
FND-003675,INV-00177,HIGH,VENDOR_RISK,Payment issued to VND-VND-02393 rated MEDIUM risk. Active contract CON-106041 in place. Enhanced due diligence not documented.,0.829,RESOLVED,2021-06-04,2021-06-26
FND-003676,INV-00296,MEDIUM,MISSING_RECEIPT,"Employee EMP-47645 submitted 6 claims totalling $1,083 without receipts in the review period.",0.71,VALIDATED,2023-09-12,2023-09-14
FND-003677,INV-00084,CRITICAL,MISSING_RECEIPT,"Employee EMP-50852 submitted 7 claims totalling $9,224 without receipts in the review period.",0.875,ESCALATED,2021-11-23,2021-12-04
FND-003678,INV-00088,LOW,APPROVAL_LIMIT,"Escalation protocol was bypassed. Transaction valued at $144,559 was approved at L1 without L3 countersignature.",0.405,RESOLVED,2023-03-10,2023-03-13
FND-003679,INV-00482,LOW,EXPIRED_COMPLIANCE,"Payment of $210,142 released to Epsilon_Group whose SOC 2 compliance expired 345 days before payment date.",0.504,OPEN,2023-08-14,2023-08-24
FND-003680,INV-00383,MEDIUM,MISSING_RECEIPT,"Reimbursement of $225,375 for Travel was approved despite no receipt documentation in the system.",0.68,RESOLVED,2022-08-15,2022-08-17
FND-003681,INV-00352,MEDIUM,VENDOR_RISK,Payment issued to VND-VND-03394 rated HIGH risk. Active contract CON-101284 in place. Enhanced due diligence not documented.,0.532,VALIDATED,2023-01-26,
FND-003682,INV-00432,MEDIUM,POLICY_BREACH,"Claim EXP-195657 violates Policy POL-0014 section 4.2: Entertainment expenditure capped at $100,000 per event.",0.639,VALIDATED,2022-08-06,2022-08-28
FND-003683,INV-00232,LOW,FRAUD_PATTERN,"Split payment pattern detected: 8 transactions to same beneficiary totalling $11,264 — each below approval threshold of $25,000.",0.579,VALIDATED,2022-06-19,
FND-003684,INV-00168,CRITICAL,FRAUD_PATTERN,Employee EMP-55027 submitted 2 expense claims within 72 hours for identical amounts — potential duplicate fraud pattern.,0.889,OPEN,2022-05-30,2022-05-31
FND-003685,INV-00083,MEDIUM,POLICY_BREACH,"Expense claim of $95,621 for Consulting exceeds the policy maximum of $25,000. Overage: $36,907.",0.747,RESOLVED,2024-06-05,2024-06-17
FND-003686,INV-00245,LOW,MISSING_RECEIPT,"Reimbursement of $107,848 for Meals was approved despite no receipt documentation in the system.",0.425,RESOLVED,2023-10-03,2023-10-15
FND-003687,INV-00003,MEDIUM,APPROVAL_LIMIT,"Payment of $344,581 approved at Level 3, which has a limit of $25,000. Transaction exceeded limit by $44,528.",0.648,VALIDATED,2023-05-31,
FND-003688,INV-00424,MEDIUM,MISSING_RECEIPT,"Employee EMP-96841 submitted 4 claims totalling $1,305 without receipts in the review period.",0.707,ESCALATED,2022-10-15,2022-10-27
FND-003689,INV-00126,MEDIUM,FRAUD_PATTERN,Transaction routed through 2 intermediate accounts before reaching final beneficiary. Unusual for TRANSFER transaction type.,0.59,RESOLVED,2024-08-30,
FND-003690,INV-00240,MEDIUM,VENDOR_RISK,Payment issued to VND-VND-01314 rated HIGH risk. Active contract CON-108632 in place. Enhanced due diligence not documented.,0.495,OPEN,2021-07-08,2021-07-15
FND-003691,INV-00356,MEDIUM,EXPIRED_COMPLIANCE,Procurement team processed payment without checking compliance status. Certificate had been expired for 210 days.,0.641,VALIDATED,2024-09-21,2024-10-12
FND-003692,INV-00174,LOW,MISSING_RECEIPT,Expense claim EXP-102655 submitted for Training without an attached supporting receipt.,0.34,VALIDATED,2022-05-24,2022-05-29
FND-003693,INV-00064,MEDIUM,EXPIRED_COMPLIANCE,Procurement team processed payment without checking compliance status. Certificate had been expired for 141 days.,0.601,OPEN,2021-11-02,2021-12-01
FND-003694,INV-00340,LOW,VENDOR_RISK,"Vendor ZenithBridge Corp Group holds CRITICAL risk rating. 6 payments totalling $17,680 processed in the audit period.",0.57,VALIDATED,2023-07-11,
FND-003695,INV-00453,LOW,POLICY_BREACH,Employee submitted Entertainment claim 10% above the authorised policy limit without prior exception approval.,0.317,OPEN,2021-08-19,
FND-003696,INV-00053,HIGH,EXPIRED_COMPLIANCE,"Vendor VND-VND-02428 received payment of $435,991 on 2022-11-14. Compliance certificate expired on 2022-01-22 — 482 days prior.",0.728,OPEN,2023-10-19,
FND-003697,INV-00018,HIGH,VENDOR_RISK,Payment issued to VND-VND-00917 rated LOW risk. Active contract CON-100474 in place. Enhanced due diligence not documented.,0.831,RESOLVED,2021-11-19,2021-12-13
FND-003698,INV-00330,MEDIUM,APPROVAL_LIMIT,"Escalation protocol was bypassed. Transaction valued at $239,299 was approved at L1 without L4 countersignature.",0.608,VALIDATED,2023-10-26,2023-11-20
FND-003699,INV-00024,CRITICAL,MISSING_RECEIPT,Expense claim missing receipt. Policy POL-0003 requires receipts for all claims above $50.,0.844,VALIDATED,2024-12-28,2025-01-03
FND-003700,INV-00086,LOW,FRAUD_PATTERN,"Round-number transaction of $337,722 processed at 00:18 — outside standard business hours. Flagged by anomaly detection.",0.618,RESOLVED,2023-10-08,2023-10-14
FND-003701,INV-00388,CRITICAL,VENDOR_RISK,"Vendor SkyBridge Logistics holds CRITICAL risk rating. 5 payments totalling $13,411 processed in the audit period.",0.813,VALIDATED,2022-07-12,2022-08-07
FND-003702,INV-00406,HIGH,FRAUD_PATTERN,Transaction routed through 4 intermediate accounts before reaching final beneficiary. Unusual for TRANSFER transaction type.,0.822,VALIDATED,2024-02-18,
FND-003703,INV-00369,MEDIUM,APPROVAL_LIMIT,"Payment of $56,207 approved at Level 1, which has a limit of $500,000. Transaction exceeded limit by $19,042.",0.511,RESOLVED,2022-06-17,2022-07-15
FND-003704,INV-00023,LOW,VENDOR_RISK,"High-risk vendor BlueStar Procurement has no compliance record on file. Payment of $224,844 released without compliance clearance.",0.564,VALIDATED,2021-09-07,2021-09-25
FND-003705,INV-00250,LOW,VENDOR_RISK,Payment issued to VND-VND-02166 rated LOW risk. Active contract CON-108133 in place. Enhanced due diligence not documented.,0.331,VALIDATED,2022-09-13,2022-09-28
FND-003706,INV-00087,MEDIUM,APPROVAL_LIMIT,Transaction processed with approval from an officer whose delegated authority was 23% below the required threshold.,0.686,RESOLVED,2021-06-16,2021-06-21
FND-003707,INV-00212,MEDIUM,EXPIRED_COMPLIANCE,Procurement team processed payment without checking compliance status. Certificate had been expired for 259 days.,0.693,RESOLVED,2022-03-27,2022-04-06
FND-003708,INV-00248,MEDIUM,POLICY_BREACH,"Claim EXP-129947 violates Policy POL-0020 section 4.2: Marketing expenditure capped at $100,000 per event.",0.527,VALIDATED,2024-05-30,2024-06-15
FND-003709,INV-00184,MEDIUM,MISSING_RECEIPT,Expense claim missing receipt. Policy POL-0008 requires receipts for all claims above $50.,0.704,OPEN,2024-09-24,2024-10-12
FND-003710,INV-00133,MEDIUM,MISSING_RECEIPT,Expense claim EXP-185854 submitted for Meals without an attached supporting receipt.,0.409,RESOLVED,2024-11-22,2024-11-27
FND-003711,INV-00259,MEDIUM,MISSING_RECEIPT,Expense claim missing receipt. Policy POL-0008 requires receipts for all claims above $75.,0.644,RESOLVED,2022-03-20,
FND-003712,INV-00392,LOW,APPROVAL_LIMIT,"Escalation protocol was bypassed. Transaction valued at $404,984 was approved at L3 without L3 countersignature.",0.326,RESOLVED,2022-10-04,2022-10-17
FND-003713,INV-00398,CRITICAL,VENDOR_RISK,Vendor Delta_Logistics holds CRITICAL risk rating. 6 payments totalling $789 processed in the audit period.,0.802,VALIDATED,2023-10-02,2023-10-19
FND-003714,INV-00007,MEDIUM,VENDOR_RISK,Payment issued to VND-VND-00480 rated LOW risk. Active contract CON-103826 in place. Enhanced due diligence not documented.,0.624,VALIDATED,2024-03-26,2024-04-21
FND-003715,INV-00413,HIGH,POLICY_BREACH,Employee submitted Consulting claim 29% above the authorised policy limit without prior exception approval.,0.604,VALIDATED,2022-08-11,
FND-003716,INV-00208,HIGH,POLICY_BREACH,"Expense claim of $464,502 for Accommodation exceeds the policy maximum of $25,000. Overage: $30,317.",0.71,ESCALATED,2022-06-12,
FND-003717,INV-00395,HIGH,FRAUD_PATTERN,"Split payment pattern detected: 6 transactions to same beneficiary totalling $1,372 — each below approval threshold of $100,000.",0.71,VALIDATED,2021-12-29,2022-01-25
FND-003718,INV-00495,CRITICAL,POLICY_BREACH,"Expense claim of $170,334 for Travel exceeds the policy maximum of $25,000. Overage: $15,669.",0.878,VALIDATED,2022-03-10,
FND-003719,INV-00354,MEDIUM,EXPIRED_COMPLIANCE,Procurement team processed payment without checking compliance status. Certificate had been expired for 375 days.,0.648,OPEN,2023-09-24,2023-10-01
FND-003720,INV-00233,LOW,MISSING_RECEIPT,"Employee EMP-40186 submitted 4 claims totalling $14,821 without receipts in the review period.",0.26,OPEN,2021-11-27,2021-12-06
FND-003721,INV-00068,MEDIUM,EXPIRED_COMPLIANCE,Compliance record CMP-108146 for vendor MomentumCore Corp Holdings was in EXPIRED status at time of payment processing.,0.696,VALIDATED,2024-10-21,2024-10-28
FND-003722,INV-00490,HIGH,FRAUD_PATTERN,Transaction routed through 7 intermediate accounts before reaching final beneficiary. Unusual for PAYMENT transaction type.,0.735,VALIDATED,2024-08-30,2024-09-15
FND-003723,INV-00340,HIGH,FRAUD_PATTERN,Transaction routed through 7 intermediate accounts before reaching final beneficiary. Unusual for TRANSFER transaction type.,0.715,VALIDATED,2024-11-27,2024-11-30
FND-003724,INV-00252,CRITICAL,EXPIRED_COMPLIANCE,Procurement team processed payment without checking compliance status. Certificate had been expired for 278 days.,0.972,OPEN,2023-09-09,2023-09-12
FND-003725,INV-00400,MEDIUM,MISSING_RECEIPT,Expense claim EXP-151114 submitted for Equipment without an attached supporting receipt.,0.722,OPEN,2021-07-18,2021-08-04
FND-003726,INV-00272,MEDIUM,MISSING_RECEIPT,Expense claim missing receipt. Policy POL-0016 requires receipts for all claims above $200.,0.472,VALIDATED,2021-06-17,2021-07-09
FND-003727,INV-00192,MEDIUM,MISSING_RECEIPT,"Employee EMP-23517 submitted 4 claims totalling $7,284 without receipts in the review period.",0.46,FALSE_POSITIVE,2023-03-21,
FND-003728,INV-00482,MEDIUM,MISSING_RECEIPT,"Reimbursement of $380,645 for Travel was approved despite no receipt documentation in the system.",0.668,OPEN,2024-01-29,2024-02-16
FND-003729,INV-00297,MEDIUM,APPROVAL_LIMIT,Transaction processed with approval from an officer whose delegated authority was 66% below the required threshold.,0.487,VALIDATED,2022-09-26,2022-09-27
FND-003730,INV-00345,MEDIUM,VENDOR_RISK,Payment issued to VND-VND-00102 rated LOW risk. Active contract CON-107969 in place. Enhanced due diligence not documented.,0.696,RESOLVED,2023-05-22,
FND-003731,INV-00413,LOW,POLICY_BREACH,"Expense claim of $318,523 for Office Supplies exceeds the policy maximum of $25,000. Overage: $34,639.",0.622,VALIDATED,2022-07-26,2022-08-19
FND-003732,INV-00498,HIGH,MISSING_RECEIPT,Expense claim missing receipt. Policy POL-0014 requires receipts for all claims above $100.,0.822,OPEN,2024-09-03,2024-10-03
FND-003733,INV-00242,HIGH,FRAUD_PATTERN,Transaction routed through 3 intermediate accounts before reaching final beneficiary. Unusual for TRANSFER transaction type.,0.638,OPEN,2024-05-23,2024-06-17
FND-003734,INV-00443,MEDIUM,FRAUD_PATTERN,Employee EMP-87579 submitted 4 expense claims within 72 hours for identical amounts — potential duplicate fraud pattern.,0.464,RESOLVED,2024-07-06,2024-07-27
FND-003735,INV-00121,LOW,POLICY_BREACH,Employee submitted Marketing claim 7% above the authorised policy limit without prior exception approval.,0.542,OPEN,2022-09-20,
FND-003736,INV-00452,MEDIUM,FRAUD_PATTERN,Transaction routed through 8 intermediate accounts before reaching final beneficiary. Unusual for CASH_OUT transaction type.,0.668,OPEN,2023-12-21,2023-12-29
FND-003737,INV-00284,MEDIUM,FRAUD_PATTERN,Employee EMP-88717 submitted 4 expense claims within 72 hours for identical amounts — potential duplicate fraud pattern.,0.696,OPEN,2023-10-04,2023-10-23
FND-003738,INV-00186,MEDIUM,MISSING_RECEIPT,"Employee EMP-71891 submitted 8 claims totalling $8,438 without receipts in the review period.",0.483,OPEN,2023-12-28,2024-01-24
FND-003739,INV-00233,MEDIUM,MISSING_RECEIPT,Expense claim missing receipt. Policy POL-0018 requires receipts for all claims above $75.,0.467,RESOLVED,2023-04-22,2023-05-21
FND-003740,INV-00214,MEDIUM,VENDOR_RISK,Payment issued to VND-VND-01935 rated LOW risk. Active contract CON-105180 in place. Enhanced due diligence not documented.,0.609,VALIDATED,2022-07-10,2022-07-29
FND-003741,INV-00195,MEDIUM,FRAUD_PATTERN,Employee EMP-65158 submitted 5 expense claims within 72 hours for identical amounts — potential duplicate fraud pattern.,0.671,OPEN,2023-01-15,2023-02-01
FND-003742,INV-00422,LOW,APPROVAL_LIMIT,"Escalation protocol was bypassed. Transaction valued at $279,472 was approved at L2 without L3 countersignature.",0.241,FALSE_POSITIVE,2024-12-31,
FND-003743,INV-00270,MEDIUM,EXPIRED_COMPLIANCE,Procurement team processed payment without checking compliance status. Certificate had been expired for 444 days.,0.621,VALIDATED,2022-08-02,2022-08-31
FND-003744,INV-00122,LOW,POLICY_BREACH,Employee submitted Equipment claim 28% above the authorised policy limit without prior exception approval.,0.398,RESOLVED,2022-02-27,
FND-003745,INV-00360,CRITICAL,APPROVAL_LIMIT,"Approval granted by EMP-31118 who was not authorised to approve amounts above $5,000. Transaction value: $214,042.",0.827,ESCALATED,2024-07-07,2024-08-01
FND-003746,INV-00030,CRITICAL,MISSING_RECEIPT,"Reimbursement of $489,697 for Consulting was approved despite no receipt documentation in the system.",0.976,VALIDATED,2024-06-01,2024-06-07
FND-003747,INV-00390,MEDIUM,POLICY_BREACH,"Entertainment expense of $260,520 submitted by EMP-19701 exceeds monthly policy allowance of $100,000.",0.588,VALIDATED,2023-05-29,2023-06-06
FND-003748,INV-00252,MEDIUM,VENDOR_RISK,"Vendor WaveCore Manufacturing LLC holds CRITICAL risk rating. 4 payments totalling $12,202 processed in the audit period.",0.449,VALIDATED,2024-11-04,2024-11-06
FND-003749,INV-00440,LOW,FRAUD_PATTERN,Employee EMP-39728 submitted 7 expense claims within 72 hours for identical amounts — potential duplicate fraud pattern.,0.205,RESOLVED,2023-09-05,
FND-003750,INV-00395,LOW,APPROVAL_LIMIT,"Approval granted by EMP-74891 who was not authorised to approve amounts above $25,000. Transaction value: $66,991.",0.635,RESOLVED,2022-10-01,2022-10-11
FND-003751,INV-00453,MEDIUM,APPROVAL_LIMIT,"Payment of $425,227 approved at Level 3, which has a limit of $500,000. Transaction exceeded limit by $8,223.",0.711,VALIDATED,2024-10-28,2024-11-08
FND-003752,INV-00262,MEDIUM,EXPIRED_COMPLIANCE,Procurement team processed payment without checking compliance status. Certificate had been expired for 200 days.,0.449,RESOLVED,2021-07-01,2021-07-12
FND-003753,INV-00131,MEDIUM,MISSING_RECEIPT,Expense claim missing receipt. Policy POL-0010 requires receipts for all claims above $200.,0.616,RESOLVED,2021-06-26,2021-06-30
FND-003754,INV-00281,MEDIUM,VENDOR_RISK,Payment issued to VND-VND-00670 rated LOW risk. Active contract CON-106563 in place. Enhanced due diligence not documented.,0.718,VALIDATED,2024-05-09,2024-06-04
FND-003755,INV-00300,MEDIUM,VENDOR_RISK,"Vendor OpenBridge Systems International holds CRITICAL risk rating. 7 payments totalling $17,337 processed in the audit period.",0.552,OPEN,2022-11-03,2022-11-27
FND-003756,INV-00230,LOW,MISSING_RECEIPT,"Reimbursement of $495,376 for Travel was approved despite no receipt documentation in the system.",0.271,VALIDATED,2022-07-31,2022-08-01
FND-003757,INV-00301,MEDIUM,FRAUD_PATTERN,"Split payment pattern detected: 3 transactions to same beneficiary totalling $9,366 — each below approval threshold of $500,000.",0.626,OPEN,2023-04-12,2023-04-16
FND-003758,INV-00298,MEDIUM,MISSING_RECEIPT,Expense claim missing receipt. Policy POL-0017 requires receipts for all claims above $100.,0.56,RESOLVED,2023-07-18,2023-07-23
FND-003759,INV-00315,MEDIUM,POLICY_BREACH,Employee submitted Software claim 61% above the authorised policy limit without prior exception approval.,0.611,FALSE_POSITIVE,2023-03-20,
FND-003760,INV-00215,MEDIUM,MISSING_RECEIPT,Expense claim missing receipt. Policy POL-0002 requires receipts for all claims above $200.,0.711,RESOLVED,2024-10-21,
FND-003761,INV-00236,HIGH,VENDOR_RISK,Payment issued to VND-VND-02137 rated LOW risk. Active contract CON-109269 in place. Enhanced due diligence not documented.,0.893,FALSE_POSITIVE,2021-08-20,2021-09-11
FND-003762,INV-00438,MEDIUM,APPROVAL_LIMIT,Transaction processed with approval from an officer whose delegated authority was 53% below the required threshold.,0.727,OPEN,2023-09-17,2023-10-14
FND-003763,INV-00373,LOW,POLICY_BREACH,"Claim EXP-176050 violates Policy POL-0019 section 4.2: Equipment expenditure capped at $5,000 per event.",0.506,VALIDATED,2023-09-17,2023-10-17
FND-003764,INV-00276,MEDIUM,FRAUD_PATTERN,"Split payment pattern detected: 8 transactions to same beneficiary totalling $7,158 — each below approval threshold of $5,000.",0.47,OPEN,2024-08-23,
FND-003765,INV-00047,MEDIUM,POLICY_BREACH,"Expense claim of $97,758 for Consulting exceeds the policy maximum of $100,000. Overage: $10,985.",0.512,ESCALATED,2024-09-12,
FND-003766,INV-00242,LOW,VENDOR_RISK,Payment issued to VND-VND-00322 rated LOW risk. Active contract CON-102305 in place. Enhanced due diligence not documented.,0.51,OPEN,2023-06-24,
FND-003767,INV-00231,MEDIUM,APPROVAL_LIMIT,"Payment of $189,317 approved at Level 3, which has a limit of $5,000. Transaction exceeded limit by $26,355.",0.415,VALIDATED,2023-10-24,2023-11-19
FND-003768,INV-00204,MEDIUM,MISSING_RECEIPT,Expense claim EXP-121644 submitted for Consulting without an attached supporting receipt.,0.535,VALIDATED,2023-12-09,2023-12-13
FND-003769,INV-00410,HIGH,EXPIRED_COMPLIANCE,Procurement team processed payment without checking compliance status. Certificate had been expired for 445 days.,0.743,OPEN,2023-06-03,2023-07-02
FND-003770,INV-00216,LOW,POLICY_BREACH,"Entertainment expense of $25,409 submitted by EMP-61888 exceeds monthly policy allowance of $100,000.",0.407,ESCALATED,2021-09-10,2021-10-09
FND-003771,INV-00231,LOW,VENDOR_RISK,"BLACKLISTED vendor VND-VND-03139 received payment of $190,845 via contract CON-104802 that was not updated following blacklisting.",0.36,OPEN,2023-04-07,2023-04-14
FND-003772,INV-00045,HIGH,POLICY_BREACH,"Claim EXP-144040 violates Policy POL-0005 section 4.2: Meals expenditure capped at $25,000 per event.",0.671,FALSE_POSITIVE,2023-09-30,2023-10-19
FND-003773,INV-00389,LOW,MISSING_RECEIPT,Expense claim missing receipt. Policy POL-0001 requires receipts for all claims above $200.,0.285,RESOLVED,2023-03-18,2023-03-28
FND-003774,INV-00364,LOW,EXPIRED_COMPLIANCE,Procurement team processed payment without checking compliance status. Certificate had been expired for 124 days.,0.341,OPEN,2022-12-16,2023-01-06
FND-003775,INV-00231,LOW,APPROVAL_LIMIT,Transaction processed with approval from an officer whose delegated authority was 32% below the required threshold.,0.327,FALSE_POSITIVE,2021-08-30,2021-09-13
FND-003776,INV-00392,MEDIUM,EXPIRED_COMPLIANCE,Compliance record CMP-100910 for vendor JadeCore Solutions LLC was in EXPIRED status at time of payment processing.,0.537,VALIDATED,2023-10-27,2023-11-23
FND-003777,INV-00345,MEDIUM,APPROVAL_LIMIT,Transaction processed with approval from an officer whose delegated authority was 27% below the required threshold.,0.543,ESCALATED,2023-06-07,2023-06-30
FND-003778,INV-00492,CRITICAL,MISSING_RECEIPT,"Employee EMP-71642 submitted 7 claims totalling $17,555 without receipts in the review period.",0.753,FALSE_POSITIVE,2021-06-07,2021-07-07
FND-003779,INV-00409,HIGH,VENDOR_RISK,Payment issued to VND-VND-01859 rated HIGH risk. Active contract CON-102860 in place. Enhanced due diligence not documented.,0.826,OPEN,2024-11-06,
FND-003780,INV-00216,MEDIUM,MISSING_RECEIPT,"Employee EMP-51566 submitted 2 claims totalling $12,419 without receipts in the review period.",0.418,VALIDATED,2021-11-17,2021-12-09
FND-003781,INV-00268,HIGH,MISSING_RECEIPT,Expense claim EXP-169234 submitted for Software without an attached supporting receipt.,0.764,RESOLVED,2023-01-03,2023-01-20
FND-003782,INV-00171,MEDIUM,EXPIRED_COMPLIANCE,"Vendor VND-VND-03654 received payment of $66,524 on 2023-04-14. Compliance certificate expired on 2020-02-12 — 315 days prior.",0.644,OPEN,2023-10-13,
FND-003783,INV-00441,LOW,VENDOR_RISK,Payment issued to VND-VND-02395 rated MEDIUM risk. Active contract CON-101277 in place. Enhanced due diligence not documented.,0.465,ESCALATED,2024-06-29,2024-07-04
FND-003784,INV-00030,CRITICAL,APPROVAL_LIMIT,"Payment of $353,982 approved at Level 2, which has a limit of $100,000. Transaction exceeded limit by $29,005.",0.783,RESOLVED,2022-08-10,2022-08-31
FND-003785,INV-00033,MEDIUM,APPROVAL_LIMIT,Transaction processed with approval from an officer whose delegated authority was 24% below the required threshold.,0.403,VALIDATED,2022-11-09,2022-11-29
FND-003786,INV-00441,MEDIUM,FRAUD_PATTERN,Employee EMP-14724 submitted 4 expense claims within 72 hours for identical amounts — potential duplicate fraud pattern.,0.514,RESOLVED,2024-08-20,2024-09-15
FND-003787,INV-00482,LOW,FRAUD_PATTERN,"Round-number transaction of $197,838 processed at 00:13 — outside standard business hours. Flagged by anomaly detection.",0.235,VALIDATED,2022-05-11,2022-06-03
FND-003788,INV-00192,MEDIUM,EXPIRED_COMPLIANCE,Compliance record CMP-109427 for vendor YellowBridge Partners Holdings was in EXPIRED status at time of payment processing.,0.676,OPEN,2021-09-10,2021-10-07
FND-003789,INV-00147,MEDIUM,VENDOR_RISK,"High-risk vendor OpenBridge Systems has no compliance record on file. Payment of $260,181 released without compliance clearance.",0.605,OPEN,2024-06-24,
FND-003790,INV-00133,HIGH,POLICY_BREACH,"Claim EXP-195591 violates Policy POL-0008 section 4.2: Training expenditure capped at $500,000 per event.",0.674,OPEN,2024-05-15,2024-05-29
FND-003791,INV-00464,MEDIUM,APPROVAL_LIMIT,Transaction processed with approval from an officer whose delegated authority was 46% below the required threshold.,0.633,VALIDATED,2021-08-17,2021-08-29
FND-003792,INV-00325,HIGH,FRAUD_PATTERN,"Round-number transaction of $251,221 processed at 03:48 — outside standard business hours. Flagged by anomaly detection.",0.663,VALIDATED,2021-10-29,2021-11-05
FND-003793,INV-00034,HIGH,POLICY_BREACH,"Entertainment expense of $59,854 submitted by EMP-90661 exceeds monthly policy allowance of $5,000.",0.782,VALIDATED,2022-07-08,2022-08-03
FND-003794,INV-00093,LOW,APPROVAL_LIMIT,"Approval granted by EMP-29544 who was not authorised to approve amounts above $25,000. Transaction value: $123,445.",0.309,OPEN,2023-05-03,
FND-003795,INV-00328,CRITICAL,APPROVAL_LIMIT,Transaction processed with approval from an officer whose delegated authority was 18% below the required threshold.,0.874,ESCALATED,2022-02-14,2022-03-04
FND-003796,INV-00414,MEDIUM,POLICY_BREACH,Employee submitted Software claim 27% above the authorised policy limit without prior exception approval.,0.7,RESOLVED,2021-08-07,
FND-003797,INV-00494,HIGH,VENDOR_RISK,"High-risk vendor KineticBlue Ltd LLC has no compliance record on file. Payment of $199,325 released without compliance clearance.",0.705,ESCALATED,2023-05-22,2023-05-23
FND-003798,INV-00222,MEDIUM,EXPIRED_COMPLIANCE,Procurement team processed payment without checking compliance status. Certificate had been expired for 43 days.,0.409,VALIDATED,2022-07-16,
FND-003799,INV-00287,MEDIUM,FRAUD_PATTERN,Employee EMP-46272 submitted 2 expense claims within 72 hours for identical amounts — potential duplicate fraud pattern.,0.593,RESOLVED,2021-12-01,2021-12-19
FND-003800,INV-00351,CRITICAL,MISSING_RECEIPT,"Employee EMP-12934 submitted 4 claims totalling $1,519 without receipts in the review period.",0.755,RESOLVED,2023-03-29,2023-04-07
FND-003801,INV-00464,MEDIUM,APPROVAL_LIMIT,"Escalation protocol was bypassed. Transaction valued at $126,669 was approved at L1 without L4 countersignature.",0.698,RESOLVED,2023-11-25,2023-11-28
FND-003802,INV-00259,MEDIUM,MISSING_RECEIPT,Expense claim missing receipt. Policy POL-0009 requires receipts for all claims above $100.,0.634,RESOLVED,2023-05-18,2023-05-19
FND-003803,INV-00067,HIGH,POLICY_BREACH,"Expense claim of $142,899 for Software exceeds the policy maximum of $5,000. Overage: $42,988.",0.833,RESOLVED,2022-08-12,2022-08-18
FND-003804,INV-00284,HIGH,FRAUD_PATTERN,"Split payment pattern detected: 4 transactions to same beneficiary totalling $15,952 — each below approval threshold of $500,000.",0.857,RESOLVED,2021-06-28,
FND-003805,INV-00273,CRITICAL,APPROVAL_LIMIT,"Escalation protocol was bypassed. Transaction valued at $499,612 was approved at L2 without L3 countersignature.",0.842,OPEN,2023-03-16,2023-03-27
FND-003806,INV-00399,LOW,VENDOR_RISK,Payment issued to VND-VND-02163 rated LOW risk. Active contract CON-106808 in place. Enhanced due diligence not documented.,0.615,VALIDATED,2022-10-13,2022-10-28
FND-003807,INV-00024,LOW,VENDOR_RISK,"Vendor XcelPath Networks Group holds CRITICAL risk rating. 7 payments totalling $3,690 processed in the audit period.",0.327,OPEN,2021-11-14,2021-11-25
FND-003808,INV-00398,MEDIUM,MISSING_RECEIPT,Expense claim missing receipt. Policy POL-0015 requires receipts for all claims above $100.,0.678,VALIDATED,2023-10-25,2023-10-27
FND-003809,INV-00105,LOW,APPROVAL_LIMIT,Transaction processed with approval from an officer whose delegated authority was 11% below the required threshold.,0.6,ESCALATED,2023-04-12,2023-04-14
FND-003810,INV-00328,MEDIUM,APPROVAL_LIMIT,"Payment of $77,108 approved at Level 2, which has a limit of $100,000. Transaction exceeded limit by $11,839.",0.721,VALIDATED,2022-07-18,
FND-003811,INV-00444,LOW,VENDOR_RISK,Payment issued to VND-VND-03690 rated LOW risk. Active contract CON-104816 in place. Enhanced due diligence not documented.,0.307,ESCALATED,2024-06-19,
FND-003812,INV-00286,LOW,MISSING_RECEIPT,"Reimbursement of $475,990 for Office Supplies was approved despite no receipt documentation in the system.",0.529,RESOLVED,2023-11-10,2023-12-07
FND-003813,INV-00203,LOW,APPROVAL_LIMIT,"Approval granted by EMP-19247 who was not authorised to approve amounts above $500,000. Transaction value: $220,166.",0.489,ESCALATED,2023-04-15,2023-04-25
FND-003814,INV-00181,LOW,POLICY_BREACH,"Entertainment expense of $177,011 submitted by EMP-52767 exceeds monthly policy allowance of $25,000.",0.319,OPEN,2021-10-30,2021-11-06
FND-003815,INV-00016,LOW,FRAUD_PATTERN,"Split payment pattern detected: 5 transactions to same beneficiary totalling $16,853 — each below approval threshold of $5,000.",0.327,ESCALATED,2021-12-25,2021-12-28
FND-003816,INV-00082,MEDIUM,FRAUD_PATTERN,"Split payment pattern detected: 5 transactions to same beneficiary totalling $3,399 — each below approval threshold of $5,000.",0.723,VALIDATED,2023-10-31,
FND-003817,INV-00287,MEDIUM,APPROVAL_LIMIT,"Payment of $492,270 approved at Level 1, which has a limit of $5,000. Transaction exceeded limit by $10,480.",0.413,OPEN,2024-06-28,
FND-003818,INV-00009,CRITICAL,VENDOR_RISK,"High-risk vendor MeridianTech International has no compliance record on file. Payment of $379,443 released without compliance clearance.",0.882,RESOLVED,2024-11-06,
FND-003819,INV-00380,MEDIUM,MISSING_RECEIPT,Expense claim missing receipt. Policy POL-0001 requires receipts for all claims above $50.,0.654,VALIDATED,2022-11-05,2022-11-19
FND-003820,INV-00182,LOW,MISSING_RECEIPT,"Reimbursement of $41,258 for Marketing was approved despite no receipt documentation in the system.",0.301,VALIDATED,2022-01-20,2022-02-17
FND-003821,INV-00356,MEDIUM,MISSING_RECEIPT,Expense claim missing receipt. Policy POL-0020 requires receipts for all claims above $100.,0.636,VALIDATED,2024-10-31,2024-11-18
FND-003822,INV-00326,MEDIUM,EXPIRED_COMPLIANCE,Procurement team processed payment without checking compliance status. Certificate had been expired for 56 days.,0.728,OPEN,2024-04-29,2024-05-04
FND-003823,INV-00341,MEDIUM,APPROVAL_LIMIT,Transaction processed with approval from an officer whose delegated authority was 53% below the required threshold.,0.532,VALIDATED,2023-10-22,2023-11-12
FND-003824,INV-00468,CRITICAL,FRAUD_PATTERN,Employee EMP-34214 submitted 8 expense claims within 72 hours for identical amounts — potential duplicate fraud pattern.,0.807,OPEN,2022-11-30,2022-12-30
FND-003825,INV-00291,MEDIUM,APPROVAL_LIMIT,"Escalation protocol was bypassed. Transaction valued at $163,567 was approved at L1 without L5 countersignature.",0.733,VALIDATED,2021-07-25,2021-07-26
FND-003826,INV-00464,MEDIUM,POLICY_BREACH,Employee submitted Meals claim 73% above the authorised policy limit without prior exception approval.,0.642,RESOLVED,2022-08-28,
FND-003827,INV-00115,HIGH,VENDOR_RISK,"High-risk vendor HarborLight Services Group has no compliance record on file. Payment of $33,976 released without compliance clearance.",0.675,VALIDATED,2022-02-05,2022-02-08
FND-003828,INV-00280,HIGH,FRAUD_PATTERN,"Round-number transaction of $388,813 processed at 05:20 — outside standard business hours. Flagged by anomaly detection.",0.886,VALIDATED,2024-07-17,2024-08-12
FND-003829,INV-00227,MEDIUM,POLICY_BREACH,"Entertainment expense of $155,915 submitted by EMP-89594 exceeds monthly policy allowance of $100,000.",0.592,OPEN,2021-06-18,
FND-003830,INV-00050,MEDIUM,MISSING_RECEIPT,Expense claim missing receipt. Policy POL-0014 requires receipts for all claims above $200.,0.422,OPEN,2021-10-27,2021-10-28
FND-003831,INV-00011,MEDIUM,FRAUD_PATTERN,Employee EMP-13880 submitted 3 expense claims within 72 hours for identical amounts — potential duplicate fraud pattern.,0.643,RESOLVED,2023-03-31,
FND-003832,INV-00196,HIGH,FRAUD_PATTERN,Transaction routed through 6 intermediate accounts before reaching final beneficiary. Unusual for PAYMENT transaction type.,0.88,VALIDATED,2021-06-22,2021-06-26
FND-003833,INV-00490,MEDIUM,POLICY_BREACH,Employee submitted Equipment claim 31% above the authorised policy limit without prior exception approval.,0.507,VALIDATED,2022-05-26,
FND-003834,INV-00379,MEDIUM,EXPIRED_COMPLIANCE,Compliance record CMP-107767 for vendor JadeCore Solutions LLC was in EXPIRED status at time of payment processing.,0.734,VALIDATED,2023-12-24,2024-01-17
FND-003835,INV-00242,MEDIUM,VENDOR_RISK,"BLACKLISTED vendor VND-VND-04107 received payment of $449,786 via contract CON-108870 that was not updated following blacklisting.",0.567,VALIDATED,2022-04-10,2022-04-19
FND-003836,INV-00029,MEDIUM,APPROVAL_LIMIT,Transaction processed with approval from an officer whose delegated authority was 61% below the required threshold.,0.704,OPEN,2022-06-04,
FND-003837,INV-00472,HIGH,EXPIRED_COMPLIANCE,"Vendor VND-VND-04100 received payment of $185,605 on 2024-03-25. Compliance certificate expired on 2020-05-07 — 284 days prior.",0.609,RESOLVED,2024-05-18,2024-05-29
FND-003838,INV-00400,MEDIUM,APPROVAL_LIMIT,Transaction processed with approval from an officer whose delegated authority was 61% below the required threshold.,0.405,RESOLVED,2024-04-18,
FND-003839,INV-00142,LOW,FRAUD_PATTERN,Employee EMP-64086 submitted 7 expense claims within 72 hours for identical amounts — potential duplicate fraud pattern.,0.263,VALIDATED,2022-12-12,2023-01-04
FND-003840,INV-00397,MEDIUM,MISSING_RECEIPT,Expense claim EXP-183585 submitted for Training without an attached supporting receipt.,0.711,RESOLVED,2022-06-11,
FND-003841,INV-00421,MEDIUM,FRAUD_PATTERN,Transaction routed through 6 intermediate accounts before reaching final beneficiary. Unusual for TRANSFER transaction type.,0.514,RESOLVED,2023-09-01,
FND-003842,INV-00040,MEDIUM,FRAUD_PATTERN,Employee EMP-97109 submitted 2 expense claims within 72 hours for identical amounts — potential duplicate fraud pattern.,0.587,VALIDATED,2023-01-24,2023-01-29
FND-003843,INV-00343,LOW,EXPIRED_COMPLIANCE,"Payment of $99,349 released to PrimeAxis Corp International whose ISO 27001 compliance expired 250 days before payment date.",0.576,RESOLVED,2021-06-04,2021-06-10
FND-003844,INV-00429,MEDIUM,POLICY_BREACH,"Expense claim of $431,671 for Accommodation exceeds the policy maximum of $25,000. Overage: $34,869.",0.466,OPEN,2023-10-15,2023-10-22
FND-003845,INV-00116,MEDIUM,MISSING_RECEIPT,Expense claim missing receipt. Policy POL-0008 requires receipts for all claims above $75.,0.725,RESOLVED,2023-09-04,
FND-003846,INV-00143,HIGH,APPROVAL_LIMIT,"Payment of $205,258 approved at Level 2, which has a limit of $500,000. Transaction exceeded limit by $6,742.",0.627,ESCALATED,2023-08-24,2023-08-31
FND-003847,INV-00190,MEDIUM,APPROVAL_LIMIT,Transaction processed with approval from an officer whose delegated authority was 59% below the required threshold.,0.606,RESOLVED,2022-08-21,2022-09-12
FND-003848,INV-00184,MEDIUM,MISSING_RECEIPT,"Employee EMP-73887 submitted 2 claims totalling $3,328 without receipts in the review period.",0.425,RESOLVED,2024-12-08,2025-01-01
FND-003849,INV-00255,HIGH,APPROVAL_LIMIT,"Payment of $449,704 approved at Level 3, which has a limit of $5,000. Transaction exceeded limit by $47,770.",0.638,VALIDATED,2024-11-09,2024-11-21
FND-003850,INV-00302,MEDIUM,MISSING_RECEIPT,Expense claim EXP-176858 submitted for Equipment without an attached supporting receipt.,0.698,OPEN,2022-03-04,
FND-003851,INV-00194,LOW,POLICY_BREACH,"Entertainment expense of $490,710 submitted by EMP-89872 exceeds monthly policy allowance of $5,000.",0.377,RESOLVED,2023-01-28,
FND-003852,INV-00222,CRITICAL,VENDOR_RISK,Payment issued to VND-VND-04408 rated LOW risk. Active contract CON-104474 in place. Enhanced due diligence not documented.,0.82,FALSE_POSITIVE,2023-08-15,2023-08-26
FND-003853,INV-00165,MEDIUM,MISSING_RECEIPT,"Employee EMP-92248 submitted 3 claims totalling $6,984 without receipts in the review period.",0.652,VALIDATED,2021-06-08,2021-06-22
FND-003854,INV-00315,MEDIUM,EXPIRED_COMPLIANCE,Procurement team processed payment without checking compliance status. Certificate had been expired for 443 days.,0.539,OPEN,2022-08-08,2022-08-14
FND-003855,INV-00136,LOW,APPROVAL_LIMIT,"Payment of $48,574 approved at Level 3, which has a limit of $25,000. Transaction exceeded limit by $39,951.",0.383,VALIDATED,2022-04-07,2022-04-15
FND-003856,INV-00386,LOW,MISSING_RECEIPT,Expense claim missing receipt. Policy POL-0002 requires receipts for all claims above $100.,0.562,ESCALATED,2024-05-05,2024-06-02
FND-003857,INV-00383,MEDIUM,FRAUD_PATTERN,Transaction routed through 4 intermediate accounts before reaching final beneficiary. Unusual for CASH_OUT transaction type.,0.439,ESCALATED,2023-07-08,2023-08-05
FND-003858,INV-00420,LOW,APPROVAL_LIMIT,"Approval granted by EMP-21509 who was not authorised to approve amounts above $25,000. Transaction value: $333,911.",0.614,OPEN,2023-09-09,2023-09-12
FND-003859,INV-00117,MEDIUM,APPROVAL_LIMIT,"Approval granted by EMP-59314 who was not authorised to approve amounts above $5,000. Transaction value: $56,175.",0.48,RESOLVED,2024-04-06,2024-04-25
FND-003860,INV-00447,HIGH,EXPIRED_COMPLIANCE,Compliance record CMP-107718 for vendor JadeCore Solutions Holdings was in EXPIRED status at time of payment processing.,0.836,OPEN,2024-02-24,2024-03-20
FND-003861,INV-00309,MEDIUM,FRAUD_PATTERN,"Round-number transaction of $403,905 processed at 01:32 — outside standard business hours. Flagged by anomaly detection.",0.505,RESOLVED,2023-08-17,
FND-003862,INV-00475,LOW,VENDOR_RISK,Payment issued to VND-VND-01021 rated LOW risk. Active contract CON-107944 in place. Enhanced due diligence not documented.,0.343,FALSE_POSITIVE,2021-06-17,2021-07-16
FND-003863,INV-00367,MEDIUM,APPROVAL_LIMIT,"Payment of $260,459 approved at Level 1, which has a limit of $100,000. Transaction exceeded limit by $13,560.",0.731,OPEN,2021-11-26,
FND-003864,INV-00137,HIGH,APPROVAL_LIMIT,"Approval granted by EMP-16153 who was not authorised to approve amounts above $5,000. Transaction value: $321,756.",0.827,RESOLVED,2023-11-03,
FND-003865,INV-00185,MEDIUM,MISSING_RECEIPT,Expense claim EXP-150171 submitted for Travel without an attached supporting receipt.,0.569,OPEN,2022-06-04,2022-06-20
FND-003866,INV-00354,HIGH,EXPIRED_COMPLIANCE,Procurement team processed payment without checking compliance status. Certificate had been expired for 304 days.,0.799,VALIDATED,2022-09-13,2022-09-25
FND-003867,INV-00131,HIGH,POLICY_BREACH,"Claim EXP-180370 violates Policy POL-0020 section 4.2: Consulting expenditure capped at $5,000 per event.",0.822,VALIDATED,2022-06-23,
FND-003868,INV-00182,MEDIUM,FRAUD_PATTERN,Employee EMP-49441 submitted 7 expense claims within 72 hours for identical amounts — potential duplicate fraud pattern.,0.664,ESCALATED,2022-07-04,
FND-003869,INV-00044,LOW,POLICY_BREACH,Employee submitted Travel claim 20% above the authorised policy limit without prior exception approval.,0.448,VALIDATED,2022-03-25,2022-04-05
FND-003870,INV-00163,MEDIUM,POLICY_BREACH,"Claim EXP-125347 violates Policy POL-0011 section 4.2: Training expenditure capped at $100,000 per event.",0.628,VALIDATED,2023-09-27,
FND-003871,INV-00444,HIGH,EXPIRED_COMPLIANCE,Compliance record CMP-105827 for vendor LatticeCore Partners was in EXPIRED status at time of payment processing.,0.791,VALIDATED,2024-04-03,2024-05-02
FND-003872,INV-00421,LOW,APPROVAL_LIMIT,Transaction processed with approval from an officer whose delegated authority was 69% below the required threshold.,0.357,VALIDATED,2022-03-02,2022-03-09
FND-003873,INV-00214,MEDIUM,APPROVAL_LIMIT,"Payment of $214,199 approved at Level 2, which has a limit of $100,000. Transaction exceeded limit by $9,237.",0.731,RESOLVED,2021-11-26,2021-12-19
FND-003874,INV-00500,HIGH,EXPIRED_COMPLIANCE,"Vendor VND-VND-01832 received payment of $142,504 on 2022-10-16. Compliance certificate expired on 2021-02-11 — 476 days prior.",0.856,RESOLVED,2021-07-17,
FND-003875,INV-00153,MEDIUM,VENDOR_RISK,"BLACKLISTED vendor VND-VND-00858 received payment of $281,407 via contract CON-108663 that was not updated following blacklisting.",0.522,OPEN,2021-06-21,2021-07-03
FND-003876,INV-00233,CRITICAL,APPROVAL_LIMIT,"Approval granted by EMP-53725 who was not authorised to approve amounts above $500,000. Transaction value: $116,248.",0.989,OPEN,2023-04-16,
FND-003877,INV-00352,MEDIUM,MISSING_RECEIPT,Expense claim missing receipt. Policy POL-0014 requires receipts for all claims above $50.,0.665,VALIDATED,2024-05-28,2024-06-07
FND-003878,INV-00336,MEDIUM,MISSING_RECEIPT,Expense claim missing receipt. Policy POL-0013 requires receipts for all claims above $50.,0.718,RESOLVED,2021-08-29,2021-09-11
FND-003879,INV-00312,HIGH,FRAUD_PATTERN,Employee EMP-45326 submitted 5 expense claims within 72 hours for identical amounts — potential duplicate fraud pattern.,0.618,OPEN,2022-09-17,2022-10-07
FND-003880,INV-00365,HIGH,EXPIRED_COMPLIANCE,Procurement team processed payment without checking compliance status. Certificate had been expired for 86 days.,0.605,OPEN,2021-06-24,
FND-003881,INV-00483,HIGH,MISSING_RECEIPT,Expense claim EXP-109282 submitted for Accommodation without an attached supporting receipt.,0.841,OPEN,2022-08-11,2022-09-02
FND-003882,INV-00317,MEDIUM,VENDOR_RISK,Payment issued to VND-VND-02370 rated MEDIUM risk. Active contract CON-107983 in place. Enhanced due diligence not documented.,0.593,VALIDATED,2024-06-20,2024-07-12
FND-003883,INV-00229,MEDIUM,FRAUD_PATTERN,Transaction routed through 6 intermediate accounts before reaching final beneficiary. Unusual for PAYMENT transaction type.,0.408,RESOLVED,2022-04-26,
FND-003884,INV-00313,HIGH,MISSING_RECEIPT,"Employee EMP-21037 submitted 7 claims totalling $12,962 without receipts in the review period.",0.843,FALSE_POSITIVE,2022-05-15,
FND-003885,INV-00291,LOW,POLICY_BREACH,Employee submitted Accommodation claim 51% above the authorised policy limit without prior exception approval.,0.6,VALIDATED,2023-12-27,2024-01-18
FND-003886,INV-00412,LOW,APPROVAL_LIMIT,"Payment of $83,854 approved at Level 1, which has a limit of $5,000. Transaction exceeded limit by $3,096.",0.255,OPEN,2024-10-07,2024-10-31
FND-003887,INV-00345,LOW,POLICY_BREACH,Employee submitted Consulting claim 52% above the authorised policy limit without prior exception approval.,0.593,RESOLVED,2022-05-25,2022-06-09
FND-003888,INV-00374,MEDIUM,VENDOR_RISK,Payment issued to VND-VND-01827 rated LOW risk. Active contract CON-104415 in place. Enhanced due diligence not documented.,0.604,VALIDATED,2021-12-07,2021-12-13
FND-003889,INV-00351,MEDIUM,MISSING_RECEIPT,Expense claim missing receipt. Policy POL-0016 requires receipts for all claims above $200.,0.701,OPEN,2022-01-02,2022-01-09
FND-003890,INV-00308,MEDIUM,MISSING_RECEIPT,Expense claim EXP-199981 submitted for Equipment without an attached supporting receipt.,0.458,FALSE_POSITIVE,2022-08-27,2022-09-26
FND-003891,INV-00415,HIGH,FRAUD_PATTERN,"Round-number transaction of $450,242 processed at 05:09 — outside standard business hours. Flagged by anomaly detection.",0.678,VALIDATED,2024-07-13,
FND-003892,INV-00383,CRITICAL,APPROVAL_LIMIT,"Approval granted by EMP-41768 who was not authorised to approve amounts above $100,000. Transaction value: $56,606.",0.837,VALIDATED,2021-08-19,
FND-003893,INV-00051,HIGH,POLICY_BREACH,"Expense claim of $45,615 for Training exceeds the policy maximum of $5,000. Overage: $20,325.",0.722,OPEN,2021-06-04,2021-07-01
FND-003894,INV-00227,HIGH,FRAUD_PATTERN,Transaction routed through 4 intermediate accounts before reaching final beneficiary. Unusual for CASH_OUT transaction type.,0.797,OPEN,2022-08-13,2022-09-02
FND-003895,INV-00076,MEDIUM,APPROVAL_LIMIT,"Payment of $12,817 approved at Level 2, which has a limit of $5,000. Transaction exceeded limit by $36,535.",0.533,RESOLVED,2022-07-30,2022-08-20
FND-003896,INV-00280,LOW,MISSING_RECEIPT,"Employee EMP-32725 submitted 2 claims totalling $3,511 without receipts in the review period.",0.399,RESOLVED,2021-10-24,2021-11-07
FND-003897,INV-00401,LOW,EXPIRED_COMPLIANCE,Compliance record CMP-102526 for vendor PrimeAxis Corp was in EXPIRED status at time of payment processing.,0.554,RESOLVED,2021-12-07,2021-12-29
FND-003898,INV-00426,MEDIUM,APPROVAL_LIMIT,"Escalation protocol was bypassed. Transaction valued at $244,912 was approved at L3 without L5 countersignature.",0.645,OPEN,2022-11-15,2022-12-04
FND-003899,INV-00134,LOW,VENDOR_RISK,"BLACKLISTED vendor VND-VND-01767 received payment of $322,816 via contract CON-102204 that was not updated following blacklisting.",0.46,RESOLVED,2023-01-22,2023-02-11
FND-003900,INV-00104,LOW,EXPIRED_COMPLIANCE,Compliance record CMP-104351 for vendor XcelPath Networks Ltd was in EXPIRED status at time of payment processing.,0.313,VALIDATED,2024-01-23,
FND-003901,INV-00278,HIGH,VENDOR_RISK,"High-risk vendor MeridianTech Holdings has no compliance record on file. Payment of $329,764 released without compliance clearance.",0.673,OPEN,2021-11-21,2021-11-24
FND-003902,INV-00402,HIGH,MISSING_RECEIPT,"Reimbursement of $73,906 for Accommodation was approved despite no receipt documentation in the system.",0.609,ESCALATED,2022-09-29,2022-10-18
FND-003903,INV-00322,MEDIUM,MISSING_RECEIPT,"Reimbursement of $183,329 for Marketing was approved despite no receipt documentation in the system.",0.66,VALIDATED,2022-07-22,2022-08-18
FND-003904,INV-00090,MEDIUM,POLICY_BREACH,"Entertainment expense of $49,660 submitted by EMP-88233 exceeds monthly policy allowance of $500,000.",0.51,VALIDATED,2021-10-20,2021-10-23
FND-003905,INV-00445,MEDIUM,APPROVAL_LIMIT,Transaction processed with approval from an officer whose delegated authority was 31% below the required threshold.,0.442,OPEN,2023-12-18,2023-12-20
FND-003906,INV-00346,MEDIUM,POLICY_BREACH,Employee submitted Accommodation claim 32% above the authorised policy limit without prior exception approval.,0.441,OPEN,2022-04-11,2022-04-20
FND-003907,INV-00403,MEDIUM,EXPIRED_COMPLIANCE,Procurement team processed payment without checking compliance status. Certificate had been expired for 296 days.,0.425,FALSE_POSITIVE,2024-11-29,2024-12-14
FND-003908,INV-00069,MEDIUM,APPROVAL_LIMIT,"Escalation protocol was bypassed. Transaction valued at $498,622 was approved at L2 without L5 countersignature.",0.473,OPEN,2021-12-28,2022-01-06
FND-003909,INV-00038,MEDIUM,APPROVAL_LIMIT,"Approval granted by EMP-28158 who was not authorised to approve amounts above $500,000. Transaction value: $48,380.",0.543,ESCALATED,2022-03-15,2022-03-30
FND-003910,INV-00227,MEDIUM,MISSING_RECEIPT,Expense claim missing receipt. Policy POL-0003 requires receipts for all claims above $100.,0.72,VALIDATED,2021-08-21,
FND-003911,INV-00418,LOW,EXPIRED_COMPLIANCE,Compliance record CMP-105875 for vendor Alpha_Inc Group was in EXPIRED status at time of payment processing.,0.335,VALIDATED,2022-12-31,2023-01-22
FND-003912,INV-00069,LOW,MISSING_RECEIPT,"Employee EMP-92950 submitted 5 claims totalling $19,976 without receipts in the review period.",0.482,VALIDATED,2023-06-20,2023-06-27
FND-003913,INV-00256,LOW,APPROVAL_LIMIT,"Approval granted by EMP-63768 who was not authorised to approve amounts above $500,000. Transaction value: $252,114.",0.215,RESOLVED,2024-03-18,2024-04-13
FND-003914,INV-00091,CRITICAL,EXPIRED_COMPLIANCE,Procurement team processed payment without checking compliance status. Certificate had been expired for 209 days.,0.947,RESOLVED,2022-05-21,2022-06-06
FND-003915,INV-00133,MEDIUM,VENDOR_RISK,Payment issued to VND-VND-04773 rated MEDIUM risk. Active contract CON-102691 in place. Enhanced due diligence not documented.,0.717,OPEN,2021-12-19,
FND-003916,INV-00172,HIGH,POLICY_BREACH,"Expense claim of $255,123 for Entertainment exceeds the policy maximum of $500,000. Overage: $20,327.",0.785,VALIDATED,2024-01-02,
FND-003917,INV-00364,CRITICAL,EXPIRED_COMPLIANCE,Compliance record CMP-106004 for vendor KryptonPath Ltd Inc was in EXPIRED status at time of payment processing.,0.882,RESOLVED,2024-10-12,2024-11-09
FND-003918,INV-00011,LOW,FRAUD_PATTERN,Employee EMP-72617 submitted 2 expense claims within 72 hours for identical amounts — potential duplicate fraud pattern.,0.556,VALIDATED,2024-06-05,2024-06-22
FND-003919,INV-00017,MEDIUM,EXPIRED_COMPLIANCE,"Payment of $345,684 released to Acuity Systems International whose ISO 27001 compliance expired 372 days before payment date.",0.433,ESCALATED,2024-11-02,
FND-003920,INV-00011,MEDIUM,MISSING_RECEIPT,"Employee EMP-54308 submitted 7 claims totalling $17,727 without receipts in the review period.",0.746,FALSE_POSITIVE,2023-01-14,2023-01-15
FND-003921,INV-00226,LOW,FRAUD_PATTERN,Transaction routed through 4 intermediate accounts before reaching final beneficiary. Unusual for CASH_OUT transaction type.,0.581,RESOLVED,2023-03-15,
FND-003922,INV-00078,HIGH,EXPIRED_COMPLIANCE,Compliance record CMP-106299 for vendor MeridianTech Inc was in EXPIRED status at time of payment processing.,0.867,OPEN,2023-07-30,2023-08-22
FND-003923,INV-00285,MEDIUM,VENDOR_RISK,"High-risk vendor LatticeCore Partners International has no compliance record on file. Payment of $96,266 released without compliance clearance.",0.737,VALIDATED,2024-03-02,2024-03-28
FND-003924,INV-00230,LOW,VENDOR_RISK,"Vendor NexPoint Analytics Ltd holds CRITICAL risk rating. 8 payments totalling $8,487 processed in the audit period.",0.488,OPEN,2022-10-01,2022-10-12
FND-003925,INV-00025,LOW,POLICY_BREACH,"Claim EXP-186689 violates Policy POL-0016 section 4.2: Marketing expenditure capped at $25,000 per event.",0.343,ESCALATED,2024-02-03,2024-02-08
FND-003926,INV-00438,CRITICAL,APPROVAL_LIMIT,"Approval granted by EMP-96967 who was not authorised to approve amounts above $500,000. Transaction value: $56,879.",0.98,OPEN,2023-06-18,2023-06-27
FND-003927,INV-00250,MEDIUM,APPROVAL_LIMIT,"Approval granted by EMP-27026 who was not authorised to approve amounts above $100,000. Transaction value: $183,980.",0.723,ESCALATED,2024-03-25,2024-04-07
FND-003928,INV-00368,MEDIUM,APPROVAL_LIMIT,"Payment of $1,676 approved at Level 1, which has a limit of $25,000. Transaction exceeded limit by $24,807.",0.569,RESOLVED,2022-01-27,2022-02-12
FND-003929,INV-00365,MEDIUM,APPROVAL_LIMIT,"Payment of $176,937 approved at Level 1, which has a limit of $5,000. Transaction exceeded limit by $36,916.",0.681,OPEN,2024-02-22,
FND-003930,INV-00301,LOW,POLICY_BREACH,"Expense claim of $218,511 for Accommodation exceeds the policy maximum of $100,000. Overage: $549.",0.498,OPEN,2022-07-04,
FND-003931,INV-00071,LOW,FRAUD_PATTERN,"Round-number transaction of $152,863 processed at 01:44 — outside standard business hours. Flagged by anomaly detection.",0.591,RESOLVED,2022-06-06,2022-06-10
FND-003932,INV-00048,MEDIUM,APPROVAL_LIMIT,"Payment of $178,745 approved at Level 1, which has a limit of $25,000. Transaction exceeded limit by $16,359.",0.448,ESCALATED,2021-09-30,
FND-003933,INV-00208,HIGH,VENDOR_RISK,"High-risk vendor JadeCore Solutions Inc has no compliance record on file. Payment of $232,588 released without compliance clearance.",0.666,OPEN,2023-08-11,2023-08-29
FND-003934,INV-00062,MEDIUM,VENDOR_RISK,Payment issued to VND-VND-01673 rated HIGH risk. Active contract CON-100056 in place. Enhanced due diligence not documented.,0.515,RESOLVED,2023-10-27,2023-10-29
FND-003935,INV-00176,MEDIUM,VENDOR_RISK,"BLACKLISTED vendor VND-VND-03395 received payment of $180,063 via contract CON-109562 that was not updated following blacklisting.",0.61,VALIDATED,2021-10-13,
FND-003936,INV-00135,LOW,MISSING_RECEIPT,Expense claim EXP-171000 submitted for Software without an attached supporting receipt.,0.587,VALIDATED,2023-11-16,
FND-003937,INV-00394,MEDIUM,MISSING_RECEIPT,Expense claim EXP-184858 submitted for Software without an attached supporting receipt.,0.491,VALIDATED,2024-09-18,2024-09-20
FND-003938,INV-00172,HIGH,VENDOR_RISK,"High-risk vendor VertiLink Distributors Inc has no compliance record on file. Payment of $70,181 released without compliance clearance.",0.63,RESOLVED,2024-06-16,2024-06-28
FND-003939,INV-00196,HIGH,FRAUD_PATTERN,Transaction routed through 8 intermediate accounts before reaching final beneficiary. Unusual for PAYMENT transaction type.,0.895,RESOLVED,2023-06-09,2023-06-20
FND-003940,INV-00024,HIGH,FRAUD_PATTERN,"Split payment pattern detected: 5 transactions to same beneficiary totalling $9,913 — each below approval threshold of $100,000.",0.885,OPEN,2024-10-24,2024-11-23
FND-003941,INV-00147,LOW,VENDOR_RISK,"BLACKLISTED vendor VND-VND-02327 received payment of $397,606 via contract CON-105929 that was not updated following blacklisting.",0.611,RESOLVED,2022-07-27,2022-07-29
FND-003942,INV-00445,LOW,VENDOR_RISK,Payment issued to VND-VND-00094 rated LOW risk. Active contract CON-104580 in place. Enhanced due diligence not documented.,0.615,OPEN,2023-03-06,2023-03-23
FND-003943,INV-00375,CRITICAL,EXPIRED_COMPLIANCE,"Payment of $342,835 released to TrueNorth Services LLC whose ISO 27001 compliance expired 291 days before payment date.",0.958,RESOLVED,2024-04-21,2024-04-24
FND-003944,INV-00228,HIGH,POLICY_BREACH,"Expense claim of $123,180 for Meals exceeds the policy maximum of $100,000. Overage: $44,785.",0.761,FALSE_POSITIVE,2022-04-13,
FND-003945,INV-00273,HIGH,APPROVAL_LIMIT,"Payment of $482,707 approved at Level 2, which has a limit of $5,000. Transaction exceeded limit by $12,228.",0.749,RESOLVED,2023-01-12,2023-01-14
FND-003946,INV-00030,MEDIUM,MISSING_RECEIPT,"Employee EMP-45005 submitted 3 claims totalling $19,421 without receipts in the review period.",0.571,RESOLVED,2023-04-11,2023-05-09
FND-003947,INV-00088,LOW,EXPIRED_COMPLIANCE,Procurement team processed payment without checking compliance status. Certificate had been expired for 346 days.,0.437,VALIDATED,2021-08-17,2021-08-30
FND-003948,INV-00382,MEDIUM,APPROVAL_LIMIT,Transaction processed with approval from an officer whose delegated authority was 13% below the required threshold.,0.464,VALIDATED,2024-08-31,
FND-003949,INV-00325,LOW,EXPIRED_COMPLIANCE,"Payment of $443,749 released to KryptonPath Ltd whose GDPR compliance expired 504 days before payment date.",0.422,OPEN,2023-08-02,2023-08-15
FND-003950,INV-00146,LOW,POLICY_BREACH,Employee submitted Travel claim 23% above the authorised policy limit without prior exception approval.,0.321,VALIDATED,2021-07-09,2021-07-16
FND-003951,INV-00413,CRITICAL,EXPIRED_COMPLIANCE,Compliance record CMP-102924 for vendor Gamma_Co was in EXPIRED status at time of payment processing.,0.889,RESOLVED,2021-11-27,2021-12-12
FND-003952,INV-00183,MEDIUM,EXPIRED_COMPLIANCE,Compliance record CMP-102497 for vendor SkyBridge Logistics LLC was in EXPIRED status at time of payment processing.,0.66,OPEN,2022-06-25,2022-06-29
FND-003953,INV-00130,CRITICAL,MISSING_RECEIPT,Expense claim missing receipt. Policy POL-0014 requires receipts for all claims above $200.,0.828,RESOLVED,2024-02-29,
FND-003954,INV-00155,MEDIUM,APPROVAL_LIMIT,"Payment of $422,533 approved at Level 3, which has a limit of $500,000. Transaction exceeded limit by $19,291.",0.586,RESOLVED,2021-06-24,2021-07-16
FND-003955,INV-00195,MEDIUM,MISSING_RECEIPT,Expense claim missing receipt. Policy POL-0019 requires receipts for all claims above $100.,0.502,RESOLVED,2022-08-12,2022-08-23
FND-003956,INV-00182,LOW,POLICY_BREACH,"Expense claim of $367,147 for Equipment exceeds the policy maximum of $5,000. Overage: $6,586.",0.299,VALIDATED,2024-12-20,2025-01-18
FND-003957,INV-00137,MEDIUM,APPROVAL_LIMIT,"Payment of $198,291 approved at Level 2, which has a limit of $100,000. Transaction exceeded limit by $47,867.",0.605,OPEN,2022-01-07,2022-01-26
FND-003958,INV-00363,LOW,EXPIRED_COMPLIANCE,Procurement team processed payment without checking compliance status. Certificate had been expired for 323 days.,0.492,VALIDATED,2022-10-03,2022-10-08
FND-003959,INV-00145,MEDIUM,FRAUD_PATTERN,Employee EMP-18352 submitted 4 expense claims within 72 hours for identical amounts — potential duplicate fraud pattern.,0.579,OPEN,2024-12-14,2024-12-22
FND-003960,INV-00125,LOW,EXPIRED_COMPLIANCE,"Vendor VND-VND-00960 received payment of $252,752 on 2023-05-01. Compliance certificate expired on 2022-09-16 — 436 days prior.",0.436,VALIDATED,2021-07-07,2021-07-31
FND-003961,INV-00076,LOW,APPROVAL_LIMIT,"Escalation protocol was bypassed. Transaction valued at $128,753 was approved at L3 without L3 countersignature.",0.535,OPEN,2022-10-20,2022-10-23
FND-003962,INV-00228,CRITICAL,VENDOR_RISK,"High-risk vendor Apex Solutions Holdings has no compliance record on file. Payment of $477,147 released without compliance clearance.",0.879,OPEN,2023-02-28,2023-03-13
FND-003963,INV-00269,MEDIUM,EXPIRED_COMPLIANCE,Procurement team processed payment without checking compliance status. Certificate had been expired for 238 days.,0.644,VALIDATED,2024-03-25,
FND-003964,INV-00275,MEDIUM,FRAUD_PATTERN,Transaction routed through 4 intermediate accounts before reaching final beneficiary. Unusual for TRANSFER transaction type.,0.569,ESCALATED,2023-02-28,2023-03-09
FND-003965,INV-00471,CRITICAL,EXPIRED_COMPLIANCE,Procurement team processed payment without checking compliance status. Certificate had been expired for 483 days.,0.768,RESOLVED,2022-01-16,2022-01-29
FND-003966,INV-00251,HIGH,FRAUD_PATTERN,Transaction routed through 6 intermediate accounts before reaching final beneficiary. Unusual for TRANSFER transaction type.,0.844,OPEN,2023-03-30,
FND-003967,INV-00291,CRITICAL,POLICY_BREACH,"Entertainment expense of $111,436 submitted by EMP-52002 exceeds monthly policy allowance of $25,000.",0.893,VALIDATED,2024-04-01,2024-04-29
FND-003968,INV-00065,CRITICAL,MISSING_RECEIPT,"Reimbursement of $370,771 for Meals was approved despite no receipt documentation in the system.",0.786,OPEN,2021-08-03,2021-09-02
FND-003969,INV-00469,CRITICAL,VENDOR_RISK,"BLACKLISTED vendor VND-VND-03886 received payment of $477,129 via contract CON-105687 that was not updated following blacklisting.",0.771,RESOLVED,2024-11-28,2024-12-13
FND-003970,INV-00356,HIGH,EXPIRED_COMPLIANCE,"Payment of $387,640 released to Apex Solutions whose PCI-DSS compliance expired 64 days before payment date.",0.735,OPEN,2023-03-21,2023-03-27
FND-003971,INV-00364,CRITICAL,VENDOR_RISK,"BLACKLISTED vendor VND-VND-03135 received payment of $469,847 via contract CON-105327 that was not updated following blacklisting.",0.759,ESCALATED,2021-10-05,2021-10-25
FND-003972,INV-00439,MEDIUM,APPROVAL_LIMIT,"Payment of $399,543 approved at Level 2, which has a limit of $5,000. Transaction exceeded limit by $45,014.",0.695,RESOLVED,2023-07-12,
FND-003973,INV-00443,MEDIUM,FRAUD_PATTERN,Employee EMP-73414 submitted 2 expense claims within 72 hours for identical amounts — potential duplicate fraud pattern.,0.674,RESOLVED,2022-09-27,
FND-003974,INV-00093,MEDIUM,MISSING_RECEIPT,"Reimbursement of $53,860 for Training was approved despite no receipt documentation in the system.",0.431,VALIDATED,2022-02-24,2022-03-19
FND-003975,INV-00039,LOW,FRAUD_PATTERN,Transaction routed through 4 intermediate accounts before reaching final beneficiary. Unusual for PAYMENT transaction type.,0.214,FALSE_POSITIVE,2024-11-07,2024-11-27
FND-003976,INV-00246,MEDIUM,MISSING_RECEIPT,"Reimbursement of $54,782 for Accommodation was approved despite no receipt documentation in the system.",0.741,OPEN,2024-10-30,
FND-003977,INV-00133,HIGH,POLICY_BREACH,"Expense claim of $318,199 for Accommodation exceeds the policy maximum of $100,000. Overage: $40,492.",0.717,RESOLVED,2021-12-02,2021-12-13
FND-003978,INV-00387,LOW,MISSING_RECEIPT,"Employee EMP-64068 submitted 8 claims totalling $2,003 without receipts in the review period.",0.612,RESOLVED,2022-03-02,
FND-003979,INV-00455,MEDIUM,VENDOR_RISK,"Vendor RedPoint Consulting International holds CRITICAL risk rating. 8 payments totalling $13,916 processed in the audit period.",0.514,VALIDATED,2022-09-03,2022-09-10
FND-003980,INV-00464,MEDIUM,EXPIRED_COMPLIANCE,"Vendor VND-VND-00425 received payment of $66,184 on 2022-01-06. Compliance certificate expired on 2020-05-12 — 279 days prior.",0.522,VALIDATED,2022-07-26,2022-08-05
FND-003981,INV-00240,MEDIUM,MISSING_RECEIPT,Expense claim missing receipt. Policy POL-0006 requires receipts for all claims above $50.,0.495,OPEN,2021-06-04,
FND-003982,INV-00356,MEDIUM,VENDOR_RISK,"BLACKLISTED vendor VND-VND-04510 received payment of $312,509 via contract CON-108644 that was not updated following blacklisting.",0.518,ESCALATED,2024-11-15,2024-11-23
FND-003983,INV-00072,MEDIUM,APPROVAL_LIMIT,"Escalation protocol was bypassed. Transaction valued at $415,257 was approved at L2 without L3 countersignature.",0.472,VALIDATED,2023-10-27,
FND-003984,INV-00104,CRITICAL,VENDOR_RISK,"Vendor KryptonPath Ltd Group holds CRITICAL risk rating. 4 payments totalling $13,607 processed in the audit period.",0.972,RESOLVED,2024-03-09,2024-03-13
FND-003985,INV-00287,MEDIUM,APPROVAL_LIMIT,"Payment of $264,988 approved at Level 3, which has a limit of $5,000. Transaction exceeded limit by $32,852.",0.448,VALIDATED,2021-07-08,
FND-003986,INV-00108,HIGH,VENDOR_RISK,"Vendor LatticeCore Partners Holdings holds CRITICAL risk rating. 8 payments totalling $13,018 processed in the audit period.",0.659,RESOLVED,2024-08-22,2024-09-05
FND-003987,INV-00461,MEDIUM,EXPIRED_COMPLIANCE,Procurement team processed payment without checking compliance status. Certificate had been expired for 62 days.,0.607,OPEN,2024-03-13,
FND-003988,INV-00259,LOW,MISSING_RECEIPT,"Reimbursement of $241,201 for Entertainment was approved despite no receipt documentation in the system.",0.627,VALIDATED,2022-04-21,2022-05-01
FND-003989,INV-00483,LOW,VENDOR_RISK,"High-risk vendor XpressCore Dynamics Ltd has no compliance record on file. Payment of $131,601 released without compliance clearance.",0.25,FALSE_POSITIVE,2023-08-31,2023-09-29
FND-003990,INV-00275,LOW,VENDOR_RISK,"Vendor DeltaPath Logistics LLC holds CRITICAL risk rating. 5 payments totalling $13,695 processed in the audit period.",0.535,VALIDATED,2022-12-21,
FND-003991,INV-00262,HIGH,MISSING_RECEIPT,"Employee EMP-31314 submitted 4 claims totalling $8,828 without receipts in the review period.",0.776,FALSE_POSITIVE,2024-01-13,2024-02-10
FND-003992,INV-00130,LOW,VENDOR_RISK,"Vendor Acuity Systems Inc holds CRITICAL risk rating. 8 payments totalling $13,355 processed in the audit period.",0.589,VALIDATED,2024-11-19,2024-11-20
FND-003993,INV-00409,CRITICAL,MISSING_RECEIPT,Expense claim EXP-152792 submitted for Training without an attached supporting receipt.,0.787,OPEN,2022-11-01,2022-11-14
FND-003994,INV-00171,MEDIUM,VENDOR_RISK,Vendor SkyBridge Logistics holds CRITICAL risk rating. 8 payments totalling $703 processed in the audit period.,0.744,RESOLVED,2024-05-21,2024-05-25
FND-003995,INV-00077,MEDIUM,EXPIRED_COMPLIANCE,Compliance record CMP-100414 for vendor ZenithBridge Corp International was in EXPIRED status at time of payment processing.,0.553,ESCALATED,2022-01-12,2022-01-14
FND-003996,INV-00398,MEDIUM,APPROVAL_LIMIT,"Payment of $163,633 approved at Level 3, which has a limit of $25,000. Transaction exceeded limit by $1,902.",0.745,VALIDATED,2024-05-06,2024-06-03
FND-003997,INV-00127,MEDIUM,FRAUD_PATTERN,Transaction routed through 6 intermediate accounts before reaching final beneficiary. Unusual for PAYMENT transaction type.,0.472,RESOLVED,2022-04-15,2022-04-24
FND-003998,INV-00054,HIGH,FRAUD_PATTERN,"Round-number transaction of $127,925 processed at 03:40 — outside standard business hours. Flagged by anomaly detection.",0.65,FALSE_POSITIVE,2022-08-04,2022-08-10
FND-003999,INV-00246,MEDIUM,MISSING_RECEIPT,"Employee EMP-91140 submitted 5 claims totalling $13,709 without receipts in the review period.",0.686,VALIDATED,2021-12-24,2021-12-28
FND-004000,INV-00186,MEDIUM,MISSING_RECEIPT,Expense claim EXP-158344 submitted for Training without an attached supporting receipt.,0.724,VALIDATED,2023-03-27,2023-04-17
FND-004001,INV-00285,MEDIUM,POLICY_BREACH,"Claim EXP-120707 violates Policy POL-0015 section 4.2: Training expenditure capped at $5,000 per event.",0.477,RESOLVED,2022-03-05,2022-03-31
FND-004002,INV-00038,LOW,FRAUD_PATTERN,"Split payment pattern detected: 5 transactions to same beneficiary totalling $15,381 — each below approval threshold of $5,000.",0.249,VALIDATED,2024-05-15,2024-05-26
FND-004003,INV-00318,MEDIUM,FRAUD_PATTERN,Transaction routed through 3 intermediate accounts before reaching final beneficiary. Unusual for PAYMENT transaction type.,0.618,VALIDATED,2023-07-27,2023-07-28
FND-004004,INV-00002,MEDIUM,POLICY_BREACH,"Claim EXP-157498 violates Policy POL-0010 section 4.2: Travel expenditure capped at $500,000 per event.",0.434,VALIDATED,2023-09-11,2023-10-11
FND-004005,INV-00099,CRITICAL,EXPIRED_COMPLIANCE,Compliance record CMP-103759 for vendor Beta_Supplies Ltd was in EXPIRED status at time of payment processing.,0.756,VALIDATED,2024-04-18,2024-04-20
FND-004006,INV-00100,LOW,APPROVAL_LIMIT,"Approval granted by EMP-54077 who was not authorised to approve amounts above $5,000. Transaction value: $72,336.",0.32,OPEN,2022-09-12,
FND-004007,INV-00298,MEDIUM,MISSING_RECEIPT,Expense claim missing receipt. Policy POL-0006 requires receipts for all claims above $75.,0.624,VALIDATED,2023-12-07,2023-12-30
FND-004008,INV-00478,LOW,MISSING_RECEIPT,"Reimbursement of $472,398 for Training was approved despite no receipt documentation in the system.",0.349,VALIDATED,2021-09-15,
FND-004009,INV-00474,HIGH,APPROVAL_LIMIT,Transaction processed with approval from an officer whose delegated authority was 53% below the required threshold.,0.735,VALIDATED,2022-06-28,2022-07-25
FND-004010,INV-00324,LOW,FRAUD_PATTERN,"Round-number transaction of $259,305 processed at 05:57 — outside standard business hours. Flagged by anomaly detection.",0.627,OPEN,2023-06-01,
FND-004011,INV-00412,MEDIUM,FRAUD_PATTERN,"Round-number transaction of $406,689 processed at 03:46 — outside standard business hours. Flagged by anomaly detection.",0.573,OPEN,2021-07-05,2021-07-26
FND-004012,INV-00480,HIGH,APPROVAL_LIMIT,"Approval granted by EMP-58428 who was not authorised to approve amounts above $5,000. Transaction value: $303,246.",0.601,OPEN,2023-10-18,
FND-004013,INV-00475,LOW,VENDOR_RISK,Payment issued to VND-VND-04419 rated LOW risk. Active contract CON-107395 in place. Enhanced due diligence not documented.,0.232,ESCALATED,2021-10-28,2021-11-05
FND-004014,INV-00463,MEDIUM,MISSING_RECEIPT,Expense claim missing receipt. Policy POL-0005 requires receipts for all claims above $75.,0.422,VALIDATED,2024-03-30,
FND-004015,INV-00407,HIGH,VENDOR_RISK,"BLACKLISTED vendor VND-VND-01049 received payment of $336,555 via contract CON-101562 that was not updated following blacklisting.",0.864,OPEN,2021-06-19,2021-07-16
FND-004016,INV-00120,LOW,VENDOR_RISK,"High-risk vendor GlobalNex Corp Holdings has no compliance record on file. Payment of $279,580 released without compliance clearance.",0.43,OPEN,2023-12-04,
FND-004017,INV-00376,MEDIUM,VENDOR_RISK,"Vendor ClearPath Logistics Ltd holds CRITICAL risk rating. 7 payments totalling $11,161 processed in the audit period.",0.464,VALIDATED,2023-08-24,
FND-004018,INV-00236,LOW,EXPIRED_COMPLIANCE,"Payment of $118,286 released to VertiLink Distributors Inc whose GDPR compliance expired 265 days before payment date.",0.336,OPEN,2023-04-07,
FND-004019,INV-00102,MEDIUM,VENDOR_RISK,"High-risk vendor HarborLight Services has no compliance record on file. Payment of $339,299 released without compliance clearance.",0.472,VALIDATED,2024-06-03,2024-06-08
FND-004020,INV-00432,MEDIUM,MISSING_RECEIPT,"Reimbursement of $24,557 for Equipment was approved despite no receipt documentation in the system.",0.615,VALIDATED,2023-07-19,2023-07-29
FND-004021,INV-00418,HIGH,FRAUD_PATTERN,Employee EMP-85877 submitted 6 expense claims within 72 hours for identical amounts — potential duplicate fraud pattern.,0.847,OPEN,2024-04-09,
FND-004022,INV-00427,MEDIUM,VENDOR_RISK,Payment issued to VND-VND-04116 rated LOW risk. Active contract CON-109535 in place. Enhanced due diligence not documented.,0.591,RESOLVED,2024-08-30,2024-09-07
FND-004023,INV-00065,LOW,APPROVAL_LIMIT,"Payment of $172,272 approved at Level 3, which has a limit of $5,000. Transaction exceeded limit by $16,895.",0.598,VALIDATED,2023-07-29,2023-08-16
FND-004024,INV-00401,LOW,APPROVAL_LIMIT,"Approval granted by EMP-18810 who was not authorised to approve amounts above $25,000. Transaction value: $457,730.",0.625,ESCALATED,2024-12-28,2025-01-08
FND-004025,INV-00374,MEDIUM,EXPIRED_COMPLIANCE,"Vendor VND-VND-00764 received payment of $213,917 on 2023-05-21. Compliance certificate expired on 2021-09-10 — 170 days prior.",0.437,OPEN,2022-12-26,2023-01-06
FND-004026,INV-00368,MEDIUM,VENDOR_RISK,Payment issued to VND-VND-01258 rated LOW risk. Active contract CON-104980 in place. Enhanced due diligence not documented.,0.43,RESOLVED,2022-07-16,2022-07-31
FND-004027,INV-00096,MEDIUM,EXPIRED_COMPLIANCE,Procurement team processed payment without checking compliance status. Certificate had been expired for 374 days.,0.486,ESCALATED,2024-01-03,2024-01-08
FND-004028,INV-00175,LOW,FRAUD_PATTERN,Employee EMP-74907 submitted 4 expense claims within 72 hours for identical amounts — potential duplicate fraud pattern.,0.41,OPEN,2022-01-05,2022-01-09
FND-004029,INV-00267,HIGH,VENDOR_RISK,"Vendor WaveCore Manufacturing Holdings holds CRITICAL risk rating. 6 payments totalling $10,312 processed in the audit period.",0.645,VALIDATED,2022-02-01,2022-02-26
FND-004030,INV-00224,CRITICAL,POLICY_BREACH,"Claim EXP-113081 violates Policy POL-0004 section 4.2: Travel expenditure capped at $25,000 per event.",0.84,RESOLVED,2023-02-22,2023-03-19
FND-004031,INV-00133,MEDIUM,VENDOR_RISK,"Vendor VoltEdge Solutions Holdings holds CRITICAL risk rating. 2 payments totalling $19,931 processed in the audit period.",0.472,FALSE_POSITIVE,2024-06-02,2024-06-07
FND-004032,INV-00036,MEDIUM,MISSING_RECEIPT,Expense claim EXP-156327 submitted for Equipment without an attached supporting receipt.,0.677,VALIDATED,2024-06-22,2024-07-21
FND-004033,INV-00291,LOW,APPROVAL_LIMIT,Transaction processed with approval from an officer whose delegated authority was 16% below the required threshold.,0.554,RESOLVED,2021-08-01,2021-08-14
FND-004034,INV-00033,MEDIUM,VENDOR_RISK,"High-risk vendor Alpha_Inc has no compliance record on file. Payment of $417,163 released without compliance clearance.",0.593,RESOLVED,2024-05-31,2024-06-16
FND-004035,INV-00265,LOW,APPROVAL_LIMIT,"Payment of $356,351 approved at Level 1, which has a limit of $25,000. Transaction exceeded limit by $26,345.",0.421,VALIDATED,2022-06-29,
FND-004036,INV-00353,MEDIUM,APPROVAL_LIMIT,"Payment of $499,257 approved at Level 1, which has a limit of $100,000. Transaction exceeded limit by $12,009.",0.443,ESCALATED,2021-12-22,2022-01-13
FND-004037,INV-00180,MEDIUM,POLICY_BREACH,Employee submitted Entertainment claim 41% above the authorised policy limit without prior exception approval.,0.619,VALIDATED,2024-02-11,2024-02-28
FND-004038,INV-00499,CRITICAL,FRAUD_PATTERN,Employee EMP-33136 submitted 3 expense claims within 72 hours for identical amounts — potential duplicate fraud pattern.,0.835,VALIDATED,2023-08-13,
FND-004039,INV-00012,MEDIUM,VENDOR_RISK,"High-risk vendor VertiLink Distributors Group has no compliance record on file. Payment of $186,321 released without compliance clearance.",0.517,ESCALATED,2021-10-19,2021-10-27
FND-004040,INV-00359,MEDIUM,POLICY_BREACH,"Entertainment expense of $70,214 submitted by EMP-15425 exceeds monthly policy allowance of $500,000.",0.453,VALIDATED,2022-10-29,2022-11-15
FND-004041,INV-00201,MEDIUM,EXPIRED_COMPLIANCE,"Payment of $59,303 released to SkyBridge Logistics Inc whose GDPR compliance expired 428 days before payment date.",0.482,RESOLVED,2022-05-20,
FND-004042,INV-00386,MEDIUM,VENDOR_RISK,Payment issued to VND-VND-01585 rated MEDIUM risk. Active contract CON-109793 in place. Enhanced due diligence not documented.,0.53,VALIDATED,2021-06-30,2021-07-06
FND-004043,INV-00389,MEDIUM,VENDOR_RISK,"BLACKLISTED vendor VND-VND-01526 received payment of $134,501 via contract CON-104726 that was not updated following blacklisting.",0.648,OPEN,2023-03-25,2023-04-07
FND-004044,INV-00238,HIGH,VENDOR_RISK,"BLACKLISTED vendor VND-VND-02303 received payment of $316,015 via contract CON-106068 that was not updated following blacklisting.",0.758,ESCALATED,2023-04-29,2023-05-28
FND-004045,INV-00093,LOW,APPROVAL_LIMIT,Transaction processed with approval from an officer whose delegated authority was 49% below the required threshold.,0.442,RESOLVED,2021-10-17,
FND-004046,INV-00194,LOW,APPROVAL_LIMIT,"Payment of $301,356 approved at Level 2, which has a limit of $25,000. Transaction exceeded limit by $25,337.",0.64,RESOLVED,2024-05-27,
FND-004047,INV-00434,HIGH,APPROVAL_LIMIT,"Payment of $61,046 approved at Level 1, which has a limit of $5,000. Transaction exceeded limit by $2,315.",0.785,OPEN,2022-02-19,2022-02-28
FND-004048,INV-00043,MEDIUM,FRAUD_PATTERN,Transaction routed through 7 intermediate accounts before reaching final beneficiary. Unusual for TRANSFER transaction type.,0.685,RESOLVED,2023-01-28,2023-02-04
FND-004049,INV-00150,LOW,FRAUD_PATTERN,Employee EMP-16942 submitted 7 expense claims within 72 hours for identical amounts — potential duplicate fraud pattern.,0.43,VALIDATED,2023-07-28,
FND-004050,INV-00165,LOW,APPROVAL_LIMIT,"Approval granted by EMP-53229 who was not authorised to approve amounts above $5,000. Transaction value: $415,931.",0.434,OPEN,2022-08-30,2022-09-18
FND-004051,INV-00115,MEDIUM,EXPIRED_COMPLIANCE,"Payment of $116,435 released to DawnTech Services International whose SOC 2 compliance expired 174 days before payment date.",0.541,ESCALATED,2021-08-02,2021-08-15
FND-004052,INV-00316,CRITICAL,APPROVAL_LIMIT,"Approval granted by EMP-84285 who was not authorised to approve amounts above $500,000. Transaction value: $47,116.",0.946,RESOLVED,2023-09-15,
FND-004053,INV-00209,MEDIUM,POLICY_BREACH,"Entertainment expense of $86,802 submitted by EMP-70059 exceeds monthly policy allowance of $100,000.",0.502,VALIDATED,2022-08-27,2022-08-30
FND-004054,INV-00155,CRITICAL,MISSING_RECEIPT,Expense claim EXP-197410 submitted for Office Supplies without an attached supporting receipt.,0.949,OPEN,2024-12-27,
FND-004055,INV-00140,MEDIUM,EXPIRED_COMPLIANCE,"Payment of $364,762 released to IronPoint Manufacturing Holdings whose ISO 27001 compliance expired 206 days before payment date.",0.674,VALIDATED,2021-07-03,2021-07-06
FND-004056,INV-00049,HIGH,FRAUD_PATTERN,Employee EMP-87437 submitted 3 expense claims within 72 hours for identical amounts — potential duplicate fraud pattern.,0.603,OPEN,2023-10-23,
FND-004057,INV-00365,MEDIUM,FRAUD_PATTERN,"Round-number transaction of $36,251 processed at 02:38 — outside standard business hours. Flagged by anomaly detection.",0.736,RESOLVED,2022-12-28,2023-01-26
FND-004058,INV-00174,MEDIUM,VENDOR_RISK,"Vendor EcoVenture Supplies International holds CRITICAL risk rating. 4 payments totalling $2,516 processed in the audit period.",0.642,RESOLVED,2023-11-07,2023-12-06
FND-004059,INV-00090,HIGH,VENDOR_RISK,"BLACKLISTED vendor VND-VND-03891 received payment of $323,696 via contract CON-104741 that was not updated following blacklisting.",0.722,ESCALATED,2024-04-08,
FND-004060,INV-00162,CRITICAL,EXPIRED_COMPLIANCE,Compliance record CMP-101739 for vendor IronPoint Manufacturing Ltd was in EXPIRED status at time of payment processing.,0.765,RESOLVED,2023-04-03,2023-04-30
FND-004061,INV-00457,LOW,VENDOR_RISK,"Vendor CoreVault Systems International holds CRITICAL risk rating. 3 payments totalling $8,761 processed in the audit period.",0.357,RESOLVED,2021-10-31,2021-11-04
FND-004062,INV-00491,HIGH,APPROVAL_LIMIT,"Escalation protocol was bypassed. Transaction valued at $196,491 was approved at L3 without L4 countersignature.",0.633,OPEN,2022-08-15,2022-08-18
FND-004063,INV-00173,MEDIUM,APPROVAL_LIMIT,"Escalation protocol was bypassed. Transaction valued at $428,655 was approved at L2 without L4 countersignature.",0.714,VALIDATED,2024-04-07,2024-04-18
FND-004064,INV-00486,MEDIUM,MISSING_RECEIPT,Expense claim missing receipt. Policy POL-0003 requires receipts for all claims above $200.,0.743,VALIDATED,2021-09-20,2021-09-22
FND-004065,INV-00240,MEDIUM,FRAUD_PATTERN,Transaction routed through 4 intermediate accounts before reaching final beneficiary. Unusual for TRANSFER transaction type.,0.431,VALIDATED,2022-08-04,
FND-004066,INV-00054,MEDIUM,APPROVAL_LIMIT,"Escalation protocol was bypassed. Transaction valued at $226,666 was approved at L2 without L4 countersignature.",0.461,VALIDATED,2022-10-29,2022-11-21
FND-004067,INV-00442,MEDIUM,FRAUD_PATTERN,Transaction routed through 6 intermediate accounts before reaching final beneficiary. Unusual for TRANSFER transaction type.,0.676,ESCALATED,2021-11-13,
FND-004068,INV-00454,MEDIUM,VENDOR_RISK,"BLACKLISTED vendor VND-VND-04290 received payment of $275,692 via contract CON-104480 that was not updated following blacklisting.",0.428,RESOLVED,2022-03-23,2022-04-08
FND-004069,INV-00257,MEDIUM,MISSING_RECEIPT,"Reimbursement of $385,898 for Office Supplies was approved despite no receipt documentation in the system.",0.455,VALIDATED,2024-05-04,2024-05-05
FND-004070,INV-00008,LOW,MISSING_RECEIPT,Expense claim missing receipt. Policy POL-0010 requires receipts for all claims above $100.,0.526,VALIDATED,2023-11-22,2023-12-05
FND-004071,INV-00460,MEDIUM,EXPIRED_COMPLIANCE,"Payment of $303,660 released to VoltEdge Solutions Group whose PCI-DSS compliance expired 272 days before payment date.",0.451,ESCALATED,2022-04-25,2022-05-03
FND-004072,INV-00063,MEDIUM,EXPIRED_COMPLIANCE,"Vendor VND-VND-04713 received payment of $353,111 on 2022-06-25. Compliance certificate expired on 2021-10-31 — 376 days prior.",0.664,RESOLVED,2024-01-25,2024-02-16
FND-004073,INV-00003,MEDIUM,EXPIRED_COMPLIANCE,"Payment of $130,861 released to OpenBridge Systems Group whose PCI-DSS compliance expired 84 days before payment date.",0.598,RESOLVED,2021-12-26,2022-01-09
FND-004074,INV-00199,LOW,POLICY_BREACH,"Expense claim of $61,966 for Accommodation exceeds the policy maximum of $25,000. Overage: $169.",0.323,ESCALATED,2023-11-30,
FND-004075,INV-00012,MEDIUM,EXPIRED_COMPLIANCE,Procurement team processed payment without checking compliance status. Certificate had been expired for 156 days.,0.678,VALIDATED,2023-06-02,2023-06-12
FND-004076,INV-00179,HIGH,MISSING_RECEIPT,Expense claim EXP-106601 submitted for Entertainment without an attached supporting receipt.,0.675,VALIDATED,2022-09-15,2022-10-13
FND-004077,INV-00369,HIGH,FRAUD_PATTERN,"Round-number transaction of $435,069 processed at 00:04 — outside standard business hours. Flagged by anomaly detection.",0.894,VALIDATED,2023-03-28,
FND-004078,INV-00338,MEDIUM,MISSING_RECEIPT,Expense claim EXP-164434 submitted for Software without an attached supporting receipt.,0.59,RESOLVED,2024-09-21,2024-10-09
FND-004079,INV-00092,HIGH,MISSING_RECEIPT,Expense claim EXP-144616 submitted for Training without an attached supporting receipt.,0.738,RESOLVED,2021-11-13,
FND-004080,INV-00464,MEDIUM,APPROVAL_LIMIT,"Approval granted by EMP-38344 who was not authorised to approve amounts above $5,000. Transaction value: $54,884.",0.487,VALIDATED,2024-10-10,2024-10-20
FND-004081,INV-00145,HIGH,APPROVAL_LIMIT,"Approval granted by EMP-53697 who was not authorised to approve amounts above $5,000. Transaction value: $218,590.",0.702,RESOLVED,2022-07-15,2022-08-13
FND-004082,INV-00240,MEDIUM,VENDOR_RISK,"BLACKLISTED vendor VND-VND-01367 received payment of $192,300 via contract CON-107110 that was not updated following blacklisting.",0.681,OPEN,2023-03-10,2023-03-13
FND-004083,INV-00041,LOW,APPROVAL_LIMIT,Transaction processed with approval from an officer whose delegated authority was 74% below the required threshold.,0.549,VALIDATED,2024-08-27,2024-09-03
FND-004084,INV-00400,MEDIUM,FRAUD_PATTERN,"Split payment pattern detected: 3 transactions to same beneficiary totalling $8,485 — each below approval threshold of $25,000.",0.655,VALIDATED,2022-11-28,2022-12-27
FND-004085,INV-00136,MEDIUM,EXPIRED_COMPLIANCE,Procurement team processed payment without checking compliance status. Certificate had been expired for 27 days.,0.555,ESCALATED,2024-06-10,
FND-004086,INV-00308,MEDIUM,EXPIRED_COMPLIANCE,Compliance record CMP-101182 for vendor JetStream Analytics Group was in EXPIRED status at time of payment processing.,0.598,VALIDATED,2023-11-04,2023-11-28
FND-004087,INV-00236,MEDIUM,POLICY_BREACH,"Claim EXP-176686 violates Policy POL-0008 section 4.2: Consulting expenditure capped at $25,000 per event.",0.452,ESCALATED,2023-01-25,2023-01-26
FND-004088,INV-00338,MEDIUM,FRAUD_PATTERN,Transaction routed through 3 intermediate accounts before reaching final beneficiary. Unusual for PAYMENT transaction type.,0.67,ESCALATED,2021-09-05,2021-09-12
FND-004089,INV-00385,MEDIUM,EXPIRED_COMPLIANCE,Procurement team processed payment without checking compliance status. Certificate had been expired for 497 days.,0.744,OPEN,2024-02-19,2024-02-25
FND-004090,INV-00301,HIGH,APPROVAL_LIMIT,Transaction processed with approval from an officer whose delegated authority was 22% below the required threshold.,0.62,FALSE_POSITIVE,2024-09-16,2024-10-05
FND-004091,INV-00442,HIGH,APPROVAL_LIMIT,"Payment of $84,587 approved at Level 2, which has a limit of $100,000. Transaction exceeded limit by $29,644.",0.604,OPEN,2024-08-25,2024-09-16
FND-004092,INV-00013,MEDIUM,APPROVAL_LIMIT,"Escalation protocol was bypassed. Transaction valued at $98,912 was approved at L2 without L4 countersignature.",0.659,ESCALATED,2023-01-26,2023-02-12
FND-004093,INV-00258,LOW,VENDOR_RISK,"High-risk vendor XpressCore Dynamics Ltd has no compliance record on file. Payment of $96,298 released without compliance clearance.",0.32,VALIDATED,2024-07-23,2024-08-09
FND-004094,INV-00208,HIGH,POLICY_BREACH,"Expense claim of $307,219 for Meals exceeds the policy maximum of $500,000. Overage: $7,424.",0.873,VALIDATED,2021-12-18,
FND-004095,INV-00431,LOW,MISSING_RECEIPT,Expense claim EXP-190265 submitted for Office Supplies without an attached supporting receipt.,0.39,RESOLVED,2023-07-07,2023-07-29
FND-004096,INV-00058,MEDIUM,EXPIRED_COMPLIANCE,Compliance record CMP-108234 for vendor RedPoint Consulting Group was in EXPIRED status at time of payment processing.,0.65,RESOLVED,2021-10-30,
FND-004097,INV-00172,CRITICAL,POLICY_BREACH,"Expense claim of $202,270 for Travel exceeds the policy maximum of $5,000. Overage: $42,122.",0.937,RESOLVED,2022-12-04,
FND-004098,INV-00095,MEDIUM,EXPIRED_COMPLIANCE,"Payment of $182,033 released to MeridianTech Group whose SOC 2 compliance expired 208 days before payment date.",0.424,RESOLVED,2024-06-22,2024-07-05
FND-004099,INV-00486,LOW,APPROVAL_LIMIT,"Escalation protocol was bypassed. Transaction valued at $200,893 was approved at L1 without L3 countersignature.",0.343,OPEN,2024-09-22,
FND-004100,INV-00037,MEDIUM,EXPIRED_COMPLIANCE,"Payment of $11,307 released to WaveCore Manufacturing Holdings whose SOC 2 compliance expired 349 days before payment date.",0.681,VALIDATED,2023-08-24,
FND-004101,INV-00323,CRITICAL,FRAUD_PATTERN,"Round-number transaction of $301,829 processed at 03:17 — outside standard business hours. Flagged by anomaly detection.",0.771,ESCALATED,2024-08-01,2024-08-14
FND-004102,INV-00027,MEDIUM,APPROVAL_LIMIT,"Escalation protocol was bypassed. Transaction valued at $469,299 was approved at L2 without L5 countersignature.",0.579,OPEN,2022-12-18,2022-12-28
FND-004103,INV-00290,MEDIUM,POLICY_BREACH,Employee submitted Equipment claim 47% above the authorised policy limit without prior exception approval.,0.583,OPEN,2023-12-21,2024-01-15
FND-004104,INV-00275,MEDIUM,MISSING_RECEIPT,"Reimbursement of $328,000 for Meals was approved despite no receipt documentation in the system.",0.477,RESOLVED,2022-06-18,2022-06-21
FND-004105,INV-00475,MEDIUM,MISSING_RECEIPT,Expense claim EXP-174219 submitted for Accommodation without an attached supporting receipt.,0.66,RESOLVED,2024-08-09,2024-09-06
FND-004106,INV-00404,MEDIUM,FRAUD_PATTERN,Employee EMP-71535 submitted 7 expense claims within 72 hours for identical amounts — potential duplicate fraud pattern.,0.593,RESOLVED,2022-05-17,2022-05-22
FND-004107,INV-00168,HIGH,VENDOR_RISK,"High-risk vendor Beta_Supplies Ltd has no compliance record on file. Payment of $460,754 released without compliance clearance.",0.706,FALSE_POSITIVE,2022-11-08,
FND-004108,INV-00212,LOW,MISSING_RECEIPT,Expense claim missing receipt. Policy POL-0017 requires receipts for all claims above $200.,0.315,OPEN,2022-04-27,2022-05-25
FND-004109,INV-00496,MEDIUM,VENDOR_RISK,"High-risk vendor OpenBridge Systems Ltd has no compliance record on file. Payment of $92,710 released without compliance clearance.",0.462,RESOLVED,2023-03-09,
FND-004110,INV-00291,MEDIUM,APPROVAL_LIMIT,"Escalation protocol was bypassed. Transaction valued at $299,626 was approved at L3 without L5 countersignature.",0.715,ESCALATED,2023-12-27,2024-01-02
FND-004111,INV-00353,HIGH,APPROVAL_LIMIT,Transaction processed with approval from an officer whose delegated authority was 72% below the required threshold.,0.626,RESOLVED,2024-10-07,2024-10-16
FND-004112,INV-00336,MEDIUM,APPROVAL_LIMIT,Transaction processed with approval from an officer whose delegated authority was 58% below the required threshold.,0.627,VALIDATED,2023-02-05,
FND-004113,INV-00187,MEDIUM,POLICY_BREACH,"Entertainment expense of $146,446 submitted by EMP-69796 exceeds monthly policy allowance of $100,000.",0.611,OPEN,2022-05-21,2022-06-20
FND-004114,INV-00180,HIGH,APPROVAL_LIMIT,"Escalation protocol was bypassed. Transaction valued at $161,643 was approved at L3 without L3 countersignature.",0.805,VALIDATED,2023-11-26,2023-12-15
FND-004115,INV-00278,LOW,MISSING_RECEIPT,Expense claim missing receipt. Policy POL-0005 requires receipts for all claims above $200.,0.256,FALSE_POSITIVE,2022-11-05,2022-12-05
FND-004116,INV-00311,MEDIUM,APPROVAL_LIMIT,"Approval granted by EMP-59503 who was not authorised to approve amounts above $100,000. Transaction value: $47,163.",0.733,RESOLVED,2024-12-28,2025-01-12
FND-004117,INV-00364,MEDIUM,MISSING_RECEIPT,Expense claim missing receipt. Policy POL-0015 requires receipts for all claims above $200.,0.42,VALIDATED,2021-06-16,
FND-004118,INV-00018,MEDIUM,APPROVAL_LIMIT,"Escalation protocol was bypassed. Transaction valued at $202,294 was approved at L2 without L4 countersignature.",0.422,RESOLVED,2024-06-15,2024-06-21
FND-004119,INV-00273,MEDIUM,VENDOR_RISK,"Vendor DawnTech Services Holdings holds CRITICAL risk rating. 4 payments totalling $7,718 processed in the audit period.",0.492,RESOLVED,2023-02-10,2023-03-01
FND-004120,INV-00468,LOW,POLICY_BREACH,"Entertainment expense of $25,514 submitted by EMP-63346 exceeds monthly policy allowance of $500,000.",0.576,VALIDATED,2023-12-13,
FND-004121,INV-00444,MEDIUM,EXPIRED_COMPLIANCE,"Payment of $32,198 released to NorthBridge Supplies Inc whose ISO 27001 compliance expired 111 days before payment date.",0.434,ESCALATED,2023-10-18,2023-10-29
FND-004122,INV-00339,CRITICAL,POLICY_BREACH,"Entertainment expense of $26,577 submitted by EMP-22723 exceeds monthly policy allowance of $5,000.",0.897,VALIDATED,2023-05-21,
FND-004123,INV-00497,LOW,VENDOR_RISK,"Vendor SkyBridge Logistics Holdings holds CRITICAL risk rating. 2 payments totalling $19,803 processed in the audit period.",0.596,ESCALATED,2024-02-18,2024-03-11
FND-004124,INV-00405,MEDIUM,EXPIRED_COMPLIANCE,Compliance record CMP-103187 for vendor HarborLight Services Group was in EXPIRED status at time of payment processing.,0.561,VALIDATED,2022-10-31,
FND-004125,INV-00197,MEDIUM,APPROVAL_LIMIT,"Approval granted by EMP-66882 who was not authorised to approve amounts above $5,000. Transaction value: $296,729.",0.623,VALIDATED,2024-12-23,2025-01-14
FND-004126,INV-00111,MEDIUM,APPROVAL_LIMIT,"Approval granted by EMP-55715 who was not authorised to approve amounts above $100,000. Transaction value: $475,376.",0.427,OPEN,2021-10-20,2021-10-24
FND-004127,INV-00445,MEDIUM,VENDOR_RISK,Payment issued to VND-VND-04476 rated HIGH risk. Active contract CON-101454 in place. Enhanced due diligence not documented.,0.577,VALIDATED,2021-10-15,
FND-004128,INV-00482,MEDIUM,VENDOR_RISK,"Vendor LatticeCore Partners Inc holds CRITICAL risk rating. 4 payments totalling $14,931 processed in the audit period.",0.573,FALSE_POSITIVE,2021-09-11,2021-10-05
FND-004129,INV-00451,MEDIUM,APPROVAL_LIMIT,Transaction processed with approval from an officer whose delegated authority was 76% below the required threshold.,0.435,RESOLVED,2024-02-02,
FND-004130,INV-00223,MEDIUM,POLICY_BREACH,"Claim EXP-197451 violates Policy POL-0019 section 4.2: Equipment expenditure capped at $500,000 per event.",0.456,VALIDATED,2023-09-22,2023-10-11
FND-004131,INV-00156,MEDIUM,EXPIRED_COMPLIANCE,Procurement team processed payment without checking compliance status. Certificate had been expired for 327 days.,0.605,RESOLVED,2023-04-19,
FND-004132,INV-00175,LOW,APPROVAL_LIMIT,"Approval granted by EMP-93090 who was not authorised to approve amounts above $100,000. Transaction value: $31,063.",0.272,RESOLVED,2021-10-27,
FND-004133,INV-00077,HIGH,POLICY_BREACH,"Claim EXP-106934 violates Policy POL-0012 section 4.2: Consulting expenditure capped at $100,000 per event.",0.802,RESOLVED,2023-07-13,2023-08-11
FND-004134,INV-00200,LOW,FRAUD_PATTERN,Employee EMP-72704 submitted 2 expense claims within 72 hours for identical amounts — potential duplicate fraud pattern.,0.237,VALIDATED,2024-11-11,2024-12-08
FND-004135,INV-00091,MEDIUM,VENDOR_RISK,"Vendor Beta_Supplies Inc holds CRITICAL risk rating. 4 payments totalling $19,554 processed in the audit period.",0.592,RESOLVED,2024-02-01,2024-02-21
FND-004136,INV-00054,MEDIUM,FRAUD_PATTERN,Employee EMP-72995 submitted 6 expense claims within 72 hours for identical amounts — potential duplicate fraud pattern.,0.491,VALIDATED,2021-12-11,2021-12-27
FND-004137,INV-00460,MEDIUM,VENDOR_RISK,"High-risk vendor GreenBridge Consulting Holdings has no compliance record on file. Payment of $169,502 released without compliance clearance.",0.556,VALIDATED,2021-12-14,2022-01-02
FND-004138,INV-00308,MEDIUM,APPROVAL_LIMIT,Transaction processed with approval from an officer whose delegated authority was 31% below the required threshold.,0.578,VALIDATED,2022-06-29,2022-07-20
FND-004139,INV-00388,MEDIUM,APPROVAL_LIMIT,"Escalation protocol was bypassed. Transaction valued at $40,584 was approved at L3 without L4 countersignature.",0.682,VALIDATED,2022-09-28,
FND-004140,INV-00434,MEDIUM,VENDOR_RISK,Payment issued to VND-VND-02960 rated MEDIUM risk. Active contract CON-104802 in place. Enhanced due diligence not documented.,0.526,VALIDATED,2023-06-14,2023-07-05
FND-004141,INV-00242,MEDIUM,EXPIRED_COMPLIANCE,Compliance record CMP-104386 for vendor XcelPath Networks LLC was in EXPIRED status at time of payment processing.,0.589,OPEN,2021-10-09,2021-10-21
FND-004142,INV-00151,LOW,EXPIRED_COMPLIANCE,"Vendor VND-VND-00884 received payment of $216,330 on 2023-12-28. Compliance certificate expired on 2020-09-19 — 469 days prior.",0.502,RESOLVED,2021-08-25,
FND-004143,INV-00209,MEDIUM,FRAUD_PATTERN,"Round-number transaction of $381,754 processed at 00:49 — outside standard business hours. Flagged by anomaly detection.",0.675,OPEN,2024-04-11,2024-05-07
FND-004144,INV-00185,MEDIUM,MISSING_RECEIPT,"Employee EMP-82464 submitted 6 claims totalling $9,129 without receipts in the review period.",0.432,OPEN,2022-03-22,2022-03-25
FND-004145,INV-00321,MEDIUM,MISSING_RECEIPT,"Reimbursement of $61,664 for Equipment was approved despite no receipt documentation in the system.",0.707,OPEN,2024-04-10,2024-04-12
FND-004146,INV-00231,MEDIUM,EXPIRED_COMPLIANCE,Procurement team processed payment without checking compliance status. Certificate had been expired for 301 days.,0.638,OPEN,2024-02-27,
FND-004147,INV-00222,MEDIUM,MISSING_RECEIPT,"Employee EMP-60294 submitted 3 claims totalling $4,258 without receipts in the review period.",0.744,OPEN,2023-04-19,2023-04-25
FND-004148,INV-00398,MEDIUM,APPROVAL_LIMIT,"Approval granted by EMP-25388 who was not authorised to approve amounts above $25,000. Transaction value: $51,210.",0.628,RESOLVED,2024-05-22,
FND-004149,INV-00054,MEDIUM,POLICY_BREACH,Employee submitted Meals claim 20% above the authorised policy limit without prior exception approval.,0.524,RESOLVED,2023-09-25,2023-10-11
FND-004150,INV-00389,MEDIUM,APPROVAL_LIMIT,"Payment of $427,770 approved at Level 2, which has a limit of $5,000. Transaction exceeded limit by $1,038.",0.589,OPEN,2023-09-01,2023-09-21
FND-004151,INV-00397,MEDIUM,APPROVAL_LIMIT,"Approval granted by EMP-11375 who was not authorised to approve amounts above $500,000. Transaction value: $142,725.",0.732,FALSE_POSITIVE,2024-05-11,2024-05-14
FND-004152,INV-00478,HIGH,POLICY_BREACH,Employee submitted Entertainment claim 44% above the authorised policy limit without prior exception approval.,0.79,OPEN,2022-02-08,2022-03-09
FND-004153,INV-00207,MEDIUM,MISSING_RECEIPT,"Employee EMP-91553 submitted 6 claims totalling $8,066 without receipts in the review period.",0.74,RESOLVED,2024-03-08,2024-03-11
FND-004154,INV-00329,HIGH,FRAUD_PATTERN,Transaction routed through 5 intermediate accounts before reaching final beneficiary. Unusual for CASH_OUT transaction type.,0.644,OPEN,2022-04-20,
FND-004155,INV-00376,MEDIUM,APPROVAL_LIMIT,"Approval granted by EMP-25659 who was not authorised to approve amounts above $500,000. Transaction value: $489,570.",0.686,VALIDATED,2024-06-22,2024-07-20
FND-004156,INV-00471,HIGH,FRAUD_PATTERN,Transaction routed through 7 intermediate accounts before reaching final beneficiary. Unusual for PAYMENT transaction type.,0.657,OPEN,2024-12-03,2024-12-04
FND-004157,INV-00053,LOW,POLICY_BREACH,"Expense claim of $284,551 for Software exceeds the policy maximum of $5,000. Overage: $36,073.",0.549,OPEN,2023-05-18,2023-06-10
FND-004158,INV-00487,HIGH,MISSING_RECEIPT,Expense claim missing receipt. Policy POL-0005 requires receipts for all claims above $50.,0.882,RESOLVED,2022-08-06,2022-08-26
FND-004159,INV-00427,MEDIUM,MISSING_RECEIPT,Expense claim missing receipt. Policy POL-0007 requires receipts for all claims above $100.,0.569,OPEN,2021-07-25,2021-08-22
FND-004160,INV-00385,MEDIUM,APPROVAL_LIMIT,"Escalation protocol was bypassed. Transaction valued at $393,079 was approved at L3 without L5 countersignature.",0.564,OPEN,2023-11-06,2023-11-26
FND-004161,INV-00064,MEDIUM,VENDOR_RISK,"BLACKLISTED vendor VND-VND-03700 received payment of $365,998 via contract CON-109514 that was not updated following blacklisting.",0.54,VALIDATED,2022-06-15,2022-07-15
FND-004162,INV-00229,MEDIUM,APPROVAL_LIMIT,"Approval granted by EMP-66899 who was not authorised to approve amounts above $5,000. Transaction value: $406,511.",0.418,OPEN,2022-02-19,
FND-004163,INV-00253,MEDIUM,MISSING_RECEIPT,"Employee EMP-25924 submitted 3 claims totalling $6,032 without receipts in the review period.",0.437,VALIDATED,2024-04-30,2024-05-27
FND-004164,INV-00084,MEDIUM,APPROVAL_LIMIT,Transaction processed with approval from an officer whose delegated authority was 45% below the required threshold.,0.681,VALIDATED,2023-06-18,2023-06-30
FND-004165,INV-00264,CRITICAL,MISSING_RECEIPT,"Employee EMP-82000 submitted 6 claims totalling $6,880 without receipts in the review period.",0.928,OPEN,2021-10-06,
FND-004166,INV-00170,MEDIUM,APPROVAL_LIMIT,Transaction processed with approval from an officer whose delegated authority was 59% below the required threshold.,0.668,RESOLVED,2022-11-28,2022-12-15
FND-004167,INV-00434,MEDIUM,APPROVAL_LIMIT,"Payment of $181,069 approved at Level 2, which has a limit of $5,000. Transaction exceeded limit by $31,480.",0.748,VALIDATED,2024-10-25,
FND-004168,INV-00242,CRITICAL,EXPIRED_COMPLIANCE,Compliance record CMP-109663 for vendor ZenithBridge Corp Ltd was in EXPIRED status at time of payment processing.,0.903,ESCALATED,2023-06-01,2023-06-15
FND-004169,INV-00438,LOW,POLICY_BREACH,"Entertainment expense of $47,265 submitted by EMP-66105 exceeds monthly policy allowance of $500,000.",0.626,RESOLVED,2023-09-25,2023-10-06
FND-004170,INV-00175,MEDIUM,APPROVAL_LIMIT,"Payment of $156,943 approved at Level 1, which has a limit of $500,000. Transaction exceeded limit by $47,035.",0.594,VALIDATED,2022-02-18,
FND-004171,INV-00461,MEDIUM,APPROVAL_LIMIT,"Payment of $11,563 approved at Level 1, which has a limit of $100,000. Transaction exceeded limit by $16,434.",0.5,OPEN,2022-03-27,2022-04-15
FND-004172,INV-00149,HIGH,FRAUD_PATTERN,Transaction routed through 7 intermediate accounts before reaching final beneficiary. Unusual for CASH_OUT transaction type.,0.815,VALIDATED,2024-11-27,
FND-004173,INV-00305,LOW,MISSING_RECEIPT,Expense claim EXP-186580 submitted for Meals without an attached supporting receipt.,0.275,OPEN,2024-04-05,2024-04-20
FND-004174,INV-00116,MEDIUM,FRAUD_PATTERN,"Round-number transaction of $252,705 processed at 05:31 — outside standard business hours. Flagged by anomaly detection.",0.578,VALIDATED,2021-09-01,2021-09-24
FND-004175,INV-00065,MEDIUM,VENDOR_RISK,Payment issued to VND-VND-02813 rated LOW risk. Active contract CON-109029 in place. Enhanced due diligence not documented.,0.577,RESOLVED,2024-04-22,
FND-004176,INV-00092,HIGH,APPROVAL_LIMIT,"Escalation protocol was bypassed. Transaction valued at $29,522 was approved at L1 without L3 countersignature.",0.854,VALIDATED,2022-04-05,2022-04-22
FND-004177,INV-00117,MEDIUM,EXPIRED_COMPLIANCE,Procurement team processed payment without checking compliance status. Certificate had been expired for 72 days.,0.46,OPEN,2024-07-28,2024-08-08
FND-004178,INV-00313,LOW,APPROVAL_LIMIT,Transaction processed with approval from an officer whose delegated authority was 36% below the required threshold.,0.489,VALIDATED,2023-04-06,2023-05-01
FND-004179,INV-00237,MEDIUM,POLICY_BREACH,"Claim EXP-199041 violates Policy POL-0001 section 4.2: Office Supplies expenditure capped at $25,000 per event.",0.608,VALIDATED,2022-01-20,2022-02-16
FND-004180,INV-00111,LOW,APPROVAL_LIMIT,Transaction processed with approval from an officer whose delegated authority was 39% below the required threshold.,0.447,OPEN,2023-03-26,
FND-004181,INV-00277,MEDIUM,VENDOR_RISK,"BLACKLISTED vendor VND-VND-03280 received payment of $208,194 via contract CON-105868 that was not updated following blacklisting.",0.48,ESCALATED,2022-04-04,2022-04-16
FND-004182,INV-00450,HIGH,FRAUD_PATTERN,Employee EMP-67369 submitted 8 expense claims within 72 hours for identical amounts — potential duplicate fraud pattern.,0.723,VALIDATED,2023-08-13,
FND-004183,INV-00124,MEDIUM,EXPIRED_COMPLIANCE,Procurement team processed payment without checking compliance status. Certificate had been expired for 88 days.,0.425,VALIDATED,2022-10-17,
FND-004184,INV-00352,LOW,FRAUD_PATTERN,Employee EMP-24063 submitted 3 expense claims within 72 hours for identical amounts — potential duplicate fraud pattern.,0.414,VALIDATED,2022-07-05,
FND-004185,INV-00218,MEDIUM,POLICY_BREACH,"Expense claim of $277,541 for Software exceeds the policy maximum of $100,000. Overage: $44,449.",0.568,VALIDATED,2022-01-17,
FND-004186,INV-00399,MEDIUM,FRAUD_PATTERN,"Split payment pattern detected: 3 transactions to same beneficiary totalling $10,699 — each below approval threshold of $5,000.",0.571,OPEN,2024-12-20,2025-01-13
FND-004187,INV-00097,CRITICAL,APPROVAL_LIMIT,"Escalation protocol was bypassed. Transaction valued at $436,005 was approved at L1 without L4 countersignature.",0.848,VALIDATED,2023-09-09,2023-09-14
FND-004188,INV-00271,MEDIUM,EXPIRED_COMPLIANCE,Compliance record CMP-109535 for vendor WavePath Inc Ltd was in EXPIRED status at time of payment processing.,0.409,VALIDATED,2023-07-18,2023-08-15
FND-004189,INV-00281,MEDIUM,POLICY_BREACH,"Entertainment expense of $451,593 submitted by EMP-66026 exceeds monthly policy allowance of $100,000.",0.569,OPEN,2024-01-05,
FND-004190,INV-00378,MEDIUM,APPROVAL_LIMIT,"Approval granted by EMP-53907 who was not authorised to approve amounts above $100,000. Transaction value: $22,702.",0.683,VALIDATED,2022-08-22,2022-09-14
FND-004191,INV-00445,MEDIUM,EXPIRED_COMPLIANCE,"Payment of $60,990 released to YellowBridge Partners LLC whose GDPR compliance expired 493 days before payment date.",0.541,RESOLVED,2021-06-26,
FND-004192,INV-00104,HIGH,EXPIRED_COMPLIANCE,Procurement team processed payment without checking compliance status. Certificate had been expired for 502 days.,0.755,ESCALATED,2024-01-01,2024-01-25
FND-004193,INV-00169,MEDIUM,APPROVAL_LIMIT,"Payment of $62,509 approved at Level 3, which has a limit of $25,000. Transaction exceeded limit by $16,763.",0.637,RESOLVED,2022-09-03,
FND-004194,INV-00084,MEDIUM,VENDOR_RISK,Payment issued to VND-VND-04152 rated LOW risk. Active contract CON-104914 in place. Enhanced due diligence not documented.,0.635,VALIDATED,2022-07-02,2022-07-23
FND-004195,INV-00445,LOW,VENDOR_RISK,Payment issued to VND-VND-00378 rated HIGH risk. Active contract CON-100259 in place. Enhanced due diligence not documented.,0.275,OPEN,2024-04-07,2024-04-28
FND-004196,INV-00386,MEDIUM,MISSING_RECEIPT,Expense claim EXP-153773 submitted for Entertainment without an attached supporting receipt.,0.514,RESOLVED,2022-10-07,
FND-004197,INV-00040,MEDIUM,MISSING_RECEIPT,"Reimbursement of $150,296 for Meals was approved despite no receipt documentation in the system.",0.61,VALIDATED,2022-06-21,
FND-004198,INV-00429,HIGH,MISSING_RECEIPT,Expense claim missing receipt. Policy POL-0016 requires receipts for all claims above $100.,0.715,VALIDATED,2021-10-22,
FND-004199,INV-00288,MEDIUM,MISSING_RECEIPT,"Employee EMP-17631 submitted 8 claims totalling $11,921 without receipts in the review period.",0.618,OPEN,2022-10-02,2022-10-22
FND-004200,INV-00010,LOW,POLICY_BREACH,"Claim EXP-109876 violates Policy POL-0013 section 4.2: Consulting expenditure capped at $500,000 per event.",0.218,VALIDATED,2023-04-24,2023-05-23
FND-004201,INV-00102,HIGH,APPROVAL_LIMIT,"Escalation protocol was bypassed. Transaction valued at $351,935 was approved at L2 without L4 countersignature.",0.706,VALIDATED,2024-05-17,
FND-004202,INV-00412,CRITICAL,VENDOR_RISK,Payment issued to VND-VND-03289 rated MEDIUM risk. Active contract CON-105501 in place. Enhanced due diligence not documented.,0.97,VALIDATED,2021-12-16,2022-01-13
FND-004203,INV-00281,HIGH,VENDOR_RISK,"Vendor YellowBridge Partners holds CRITICAL risk rating. 4 payments totalling $8,799 processed in the audit period.",0.769,OPEN,2021-12-31,2022-01-07
FND-004204,INV-00229,LOW,VENDOR_RISK,"High-risk vendor PeakVault Services Ltd has no compliance record on file. Payment of $69,119 released without compliance clearance.",0.515,OPEN,2022-08-03,2022-08-19
FND-004205,INV-00328,MEDIUM,POLICY_BREACH,"Claim EXP-153889 violates Policy POL-0011 section 4.2: Training expenditure capped at $500,000 per event.",0.461,OPEN,2022-12-10,
FND-004206,INV-00092,CRITICAL,POLICY_BREACH,Employee submitted Accommodation claim 16% above the authorised policy limit without prior exception approval.,0.972,OPEN,2021-06-07,2021-06-30
FND-004207,INV-00326,CRITICAL,MISSING_RECEIPT,Expense claim missing receipt. Policy POL-0001 requires receipts for all claims above $75.,0.852,OPEN,2021-11-19,2021-12-02
FND-004208,INV-00390,MEDIUM,EXPIRED_COMPLIANCE,Procurement team processed payment without checking compliance status. Certificate had been expired for 23 days.,0.513,RESOLVED,2023-03-25,
FND-004209,INV-00428,MEDIUM,MISSING_RECEIPT,"Reimbursement of $84,734 for Consulting was approved despite no receipt documentation in the system.",0.462,RESOLVED,2023-08-20,2023-08-21
FND-004210,INV-00456,MEDIUM,APPROVAL_LIMIT,"Escalation protocol was bypassed. Transaction valued at $427,279 was approved at L3 without L4 countersignature.",0.582,VALIDATED,2023-05-28,2023-06-05
FND-004211,INV-00306,MEDIUM,POLICY_BREACH,"Entertainment expense of $110,764 submitted by EMP-77790 exceeds monthly policy allowance of $100,000.",0.555,RESOLVED,2023-06-19,2023-07-11
FND-004212,INV-00407,HIGH,FRAUD_PATTERN,Employee EMP-49460 submitted 8 expense claims within 72 hours for identical amounts — potential duplicate fraud pattern.,0.635,RESOLVED,2024-09-04,2024-09-19
FND-004213,INV-00346,MEDIUM,MISSING_RECEIPT,"Reimbursement of $374,066 for Entertainment was approved despite no receipt documentation in the system.",0.643,OPEN,2022-10-18,2022-11-01
FND-004214,INV-00420,MEDIUM,VENDOR_RISK,Payment issued to VND-VND-04575 rated LOW risk. Active contract CON-108542 in place. Enhanced due diligence not documented.,0.742,RESOLVED,2021-09-24,
FND-004215,INV-00210,LOW,EXPIRED_COMPLIANCE,"Vendor VND-VND-01378 received payment of $42,988 on 2022-01-22. Compliance certificate expired on 2022-02-12 — 241 days prior.",0.639,RESOLVED,2021-07-14,2021-08-09
FND-004216,INV-00435,CRITICAL,POLICY_BREACH,"Claim EXP-192464 violates Policy POL-0020 section 4.2: Software expenditure capped at $5,000 per event.",0.853,VALIDATED,2024-01-18,2024-02-03
FND-004217,INV-00390,LOW,MISSING_RECEIPT,Expense claim EXP-124108 submitted for Equipment without an attached supporting receipt.,0.517,RESOLVED,2023-04-07,
FND-004218,INV-00044,MEDIUM,APPROVAL_LIMIT,"Escalation protocol was bypassed. Transaction valued at $120,225 was approved at L2 without L3 countersignature.",0.44,OPEN,2021-11-01,2021-11-09
FND-004219,INV-00304,HIGH,APPROVAL_LIMIT,Transaction processed with approval from an officer whose delegated authority was 56% below the required threshold.,0.62,VALIDATED,2023-02-11,2023-03-03
FND-004220,INV-00237,MEDIUM,EXPIRED_COMPLIANCE,Compliance record CMP-101307 for vendor LatticeCore Partners Inc was in EXPIRED status at time of payment processing.,0.421,OPEN,2022-06-18,2022-07-18
FND-004221,INV-00294,MEDIUM,POLICY_BREACH,Employee submitted Office Supplies claim 41% above the authorised policy limit without prior exception approval.,0.492,OPEN,2023-04-15,
FND-004222,INV-00173,MEDIUM,POLICY_BREACH,Employee submitted Office Supplies claim 40% above the authorised policy limit without prior exception approval.,0.541,ESCALATED,2024-01-26,2024-02-08
FND-004223,INV-00285,LOW,MISSING_RECEIPT,Expense claim EXP-163897 submitted for Accommodation without an attached supporting receipt.,0.471,ESCALATED,2024-08-28,2024-09-02
FND-004224,INV-00257,MEDIUM,APPROVAL_LIMIT,"Escalation protocol was bypassed. Transaction valued at $315,543 was approved at L2 without L3 countersignature.",0.514,VALIDATED,2023-07-18,2023-08-03
FND-004225,INV-00419,CRITICAL,VENDOR_RISK,Payment issued to VND-VND-03671 rated LOW risk. Active contract CON-100718 in place. Enhanced due diligence not documented.,0.789,VALIDATED,2024-01-03,2024-01-19
FND-004226,INV-00134,MEDIUM,POLICY_BREACH,"Claim EXP-104748 violates Policy POL-0007 section 4.2: Accommodation expenditure capped at $5,000 per event.",0.723,VALIDATED,2023-08-25,2023-09-20
FND-004227,INV-00387,HIGH,FRAUD_PATTERN,"Split payment pattern detected: 8 transactions to same beneficiary totalling $15,977 — each below approval threshold of $500,000.",0.61,VALIDATED,2022-11-01,2022-11-02
FND-004228,INV-00245,MEDIUM,MISSING_RECEIPT,Expense claim EXP-199733 submitted for Office Supplies without an attached supporting receipt.,0.625,ESCALATED,2023-04-19,2023-04-29
FND-004229,INV-00445,LOW,POLICY_BREACH,"Entertainment expense of $275,427 submitted by EMP-52211 exceeds monthly policy allowance of $25,000.",0.514,OPEN,2023-07-21,
FND-004230,INV-00360,LOW,VENDOR_RISK,Payment issued to VND-VND-01757 rated LOW risk. Active contract CON-106903 in place. Enhanced due diligence not documented.,0.356,VALIDATED,2021-06-18,2021-07-11
FND-004231,INV-00345,MEDIUM,EXPIRED_COMPLIANCE,"Vendor VND-VND-02630 received payment of $238,682 on 2023-04-07. Compliance certificate expired on 2021-06-26 — 118 days prior.",0.588,OPEN,2024-02-20,
FND-004232,INV-00289,MEDIUM,APPROVAL_LIMIT,"Payment of $373,670 approved at Level 3, which has a limit of $500,000. Transaction exceeded limit by $30,490.",0.433,ESCALATED,2024-03-01,2024-03-12
FND-004233,INV-00182,CRITICAL,POLICY_BREACH,"Expense claim of $469,426 for Training exceeds the policy maximum of $5,000. Overage: $35,152.",0.847,RESOLVED,2022-09-02,2022-09-12
FND-004234,INV-00459,HIGH,APPROVAL_LIMIT,"Escalation protocol was bypassed. Transaction valued at $332,959 was approved at L3 without L4 countersignature.",0.625,ESCALATED,2022-01-10,2022-01-18
FND-004235,INV-00450,MEDIUM,VENDOR_RISK,"High-risk vendor EcoVenture Supplies LLC has no compliance record on file. Payment of $346,776 released without compliance clearance.",0.674,VALIDATED,2023-05-26,2023-06-18
FND-004236,INV-00453,LOW,VENDOR_RISK,Payment issued to VND-VND-00766 rated MEDIUM risk. Active contract CON-105905 in place. Enhanced due diligence not documented.,0.549,RESOLVED,2022-01-20,2022-01-26
FND-004237,INV-00195,MEDIUM,FRAUD_PATTERN,"Split payment pattern detected: 8 transactions to same beneficiary totalling $1,482 — each below approval threshold of $25,000.",0.72,ESCALATED,2023-11-25,
FND-004238,INV-00189,MEDIUM,APPROVAL_LIMIT,Transaction processed with approval from an officer whose delegated authority was 42% below the required threshold.,0.596,ESCALATED,2022-12-02,2022-12-13
FND-004239,INV-00497,MEDIUM,MISSING_RECEIPT,"Reimbursement of $346,404 for Entertainment was approved despite no receipt documentation in the system.",0.626,OPEN,2023-12-20,2024-01-09
FND-004240,INV-00144,MEDIUM,VENDOR_RISK,"Vendor QuantumEdge Solutions LLC holds CRITICAL risk rating. 2 payments totalling $6,065 processed in the audit period.",0.558,VALIDATED,2022-07-24,2022-07-29
FND-004241,INV-00408,CRITICAL,APPROVAL_LIMIT,"Escalation protocol was bypassed. Transaction valued at $120,021 was approved at L2 without L5 countersignature.",0.98,RESOLVED,2022-02-08,2022-03-03
FND-004242,INV-00457,HIGH,POLICY_BREACH,"Claim EXP-157825 violates Policy POL-0016 section 4.2: Entertainment expenditure capped at $100,000 per event.",0.771,RESOLVED,2021-09-16,
FND-004243,INV-00109,LOW,EXPIRED_COMPLIANCE,Procurement team processed payment without checking compliance status. Certificate had been expired for 12 days.,0.241,VALIDATED,2024-02-19,2024-03-06
FND-004244,INV-00415,MEDIUM,POLICY_BREACH,"Claim EXP-187179 violates Policy POL-0008 section 4.2: Meals expenditure capped at $5,000 per event.",0.698,OPEN,2022-08-15,
FND-004245,INV-00191,CRITICAL,APPROVAL_LIMIT,"Approval granted by EMP-64952 who was not authorised to approve amounts above $5,000. Transaction value: $172,299.",0.896,RESOLVED,2021-10-12,2021-11-06
FND-004246,INV-00477,MEDIUM,APPROVAL_LIMIT,"Approval granted by EMP-88046 who was not authorised to approve amounts above $25,000. Transaction value: $322,936.",0.527,RESOLVED,2022-01-30,
FND-004247,INV-00054,CRITICAL,EXPIRED_COMPLIANCE,"Payment of $454,148 released to KineticBlue Ltd LLC whose GDPR compliance expired 539 days before payment date.",0.92,RESOLVED,2024-08-29,2024-09-19
FND-004248,INV-00230,LOW,POLICY_BREACH,"Claim EXP-120909 violates Policy POL-0013 section 4.2: Meals expenditure capped at $25,000 per event.",0.453,RESOLVED,2022-12-07,2023-01-04
FND-004249,INV-00284,MEDIUM,MISSING_RECEIPT,"Employee EMP-19213 submitted 3 claims totalling $15,620 without receipts in the review period.",0.674,OPEN,2022-02-11,2022-02-13
FND-004250,INV-00331,LOW,APPROVAL_LIMIT,"Payment of $65,066 approved at Level 1, which has a limit of $5,000. Transaction exceeded limit by $13,714.",0.423,VALIDATED,2022-06-13,2022-07-06
FND-004251,INV-00195,HIGH,VENDOR_RISK,"High-risk vendor WavePath Inc LLC has no compliance record on file. Payment of $305,445 released without compliance clearance.",0.63,OPEN,2022-03-29,2022-04-17
FND-004252,INV-00368,MEDIUM,MISSING_RECEIPT,"Reimbursement of $38,455 for Travel was approved despite no receipt documentation in the system.",0.575,RESOLVED,2023-12-08,
FND-004253,INV-00333,LOW,APPROVAL_LIMIT,"Approval granted by EMP-33504 who was not authorised to approve amounts above $25,000. Transaction value: $45,094.",0.316,RESOLVED,2022-12-28,2022-12-29
FND-004254,INV-00166,MEDIUM,MISSING_RECEIPT,Expense claim EXP-199592 submitted for Software without an attached supporting receipt.,0.53,VALIDATED,2023-06-17,2023-06-22
FND-004255,INV-00443,LOW,APPROVAL_LIMIT,Transaction processed with approval from an officer whose delegated authority was 38% below the required threshold.,0.574,OPEN,2022-01-20,2022-02-17
FND-004256,INV-00249,MEDIUM,POLICY_BREACH,"Claim EXP-188724 violates Policy POL-0014 section 4.2: Accommodation expenditure capped at $500,000 per event.",0.624,OPEN,2023-10-29,2023-11-23
FND-004257,INV-00072,MEDIUM,VENDOR_RISK,Payment issued to VND-VND-03403 rated LOW risk. Active contract CON-103353 in place. Enhanced due diligence not documented.,0.735,VALIDATED,2023-07-28,
FND-004258,INV-00215,MEDIUM,EXPIRED_COMPLIANCE,Procurement team processed payment without checking compliance status. Certificate had been expired for 435 days.,0.634,VALIDATED,2021-08-06,2021-08-22
FND-004259,INV-00478,LOW,EXPIRED_COMPLIANCE,Compliance record CMP-103121 for vendor VertiLink Distributors Inc was in EXPIRED status at time of payment processing.,0.331,RESOLVED,2024-08-29,2024-09-13
FND-004260,INV-00390,LOW,POLICY_BREACH,"Claim EXP-156696 violates Policy POL-0007 section 4.2: Entertainment expenditure capped at $500,000 per event.",0.597,RESOLVED,2023-07-22,
FND-004261,INV-00186,MEDIUM,MISSING_RECEIPT,Expense claim EXP-137940 submitted for Software without an attached supporting receipt.,0.412,VALIDATED,2021-07-05,2021-08-03
FND-004262,INV-00138,HIGH,EXPIRED_COMPLIANCE,"Payment of $383,990 released to CoreVault Systems whose ISO 27001 compliance expired 361 days before payment date.",0.691,VALIDATED,2022-06-22,2022-07-02
FND-004263,INV-00287,HIGH,APPROVAL_LIMIT,Transaction processed with approval from an officer whose delegated authority was 27% below the required threshold.,0.893,RESOLVED,2023-07-18,2023-08-17
FND-004264,INV-00170,MEDIUM,FRAUD_PATTERN,Employee EMP-97256 submitted 4 expense claims within 72 hours for identical amounts — potential duplicate fraud pattern.,0.604,OPEN,2021-07-10,2021-08-06
FND-004265,INV-00214,MEDIUM,POLICY_BREACH,Employee submitted Marketing claim 44% above the authorised policy limit without prior exception approval.,0.495,OPEN,2024-05-02,2024-05-29
FND-004266,INV-00139,LOW,EXPIRED_COMPLIANCE,Compliance record CMP-106456 for vendor RedPoint Consulting was in EXPIRED status at time of payment processing.,0.648,VALIDATED,2023-11-29,
FND-004267,INV-00180,MEDIUM,APPROVAL_LIMIT,Transaction processed with approval from an officer whose delegated authority was 39% below the required threshold.,0.648,FALSE_POSITIVE,2022-09-01,2022-09-13
FND-004268,INV-00453,HIGH,EXPIRED_COMPLIANCE,"Payment of $34,213 released to UnityCore Technologies Group whose ISO 27001 compliance expired 457 days before payment date.",0.892,FALSE_POSITIVE,2024-12-10,2024-12-19
FND-004269,INV-00295,LOW,APPROVAL_LIMIT,"Payment of $107,144 approved at Level 3, which has a limit of $25,000. Transaction exceeded limit by $40,971.",0.647,VALIDATED,2023-01-29,
FND-004270,INV-00246,MEDIUM,APPROVAL_LIMIT,"Approval granted by EMP-29796 who was not authorised to approve amounts above $25,000. Transaction value: $273,496.",0.417,FALSE_POSITIVE,2024-07-07,2024-07-31
FND-004271,INV-00425,LOW,POLICY_BREACH,"Entertainment expense of $46,106 submitted by EMP-19476 exceeds monthly policy allowance of $500,000.",0.534,RESOLVED,2024-09-08,
FND-004272,INV-00121,MEDIUM,POLICY_BREACH,Employee submitted Accommodation claim 78% above the authorised policy limit without prior exception approval.,0.71,RESOLVED,2023-12-05,
FND-004273,INV-00239,CRITICAL,APPROVAL_LIMIT,"Approval granted by EMP-27426 who was not authorised to approve amounts above $25,000. Transaction value: $408,377.",0.879,VALIDATED,2023-05-25,
FND-004274,INV-00300,HIGH,POLICY_BREACH,"Claim EXP-122790 violates Policy POL-0017 section 4.2: Consulting expenditure capped at $5,000 per event.",0.633,ESCALATED,2021-12-21,2021-12-29
FND-004275,INV-00068,LOW,APPROVAL_LIMIT,"Approval granted by EMP-12531 who was not authorised to approve amounts above $500,000. Transaction value: $404,415.",0.354,VALIDATED,2024-10-07,2024-11-02
FND-004276,INV-00376,MEDIUM,APPROVAL_LIMIT,Transaction processed with approval from an officer whose delegated authority was 57% below the required threshold.,0.553,VALIDATED,2024-02-25,2024-03-10
FND-004277,INV-00141,MEDIUM,FRAUD_PATTERN,"Round-number transaction of $180,223 processed at 03:58 — outside standard business hours. Flagged by anomaly detection.",0.612,RESOLVED,2023-02-15,2023-03-16
FND-004278,INV-00403,CRITICAL,MISSING_RECEIPT,Expense claim missing receipt. Policy POL-0014 requires receipts for all claims above $75.,0.815,RESOLVED,2022-08-23,
FND-004279,INV-00500,LOW,MISSING_RECEIPT,Expense claim missing receipt. Policy POL-0008 requires receipts for all claims above $50.,0.342,VALIDATED,2024-06-30,2024-07-27
FND-004280,INV-00108,MEDIUM,APPROVAL_LIMIT,"Approval granted by EMP-65054 who was not authorised to approve amounts above $100,000. Transaction value: $79,487.",0.459,OPEN,2024-08-05,2024-09-02
FND-004281,INV-00029,MEDIUM,POLICY_BREACH,"Entertainment expense of $304,155 submitted by EMP-15662 exceeds monthly policy allowance of $5,000.",0.623,RESOLVED,2024-06-13,2024-07-13
FND-004282,INV-00186,MEDIUM,APPROVAL_LIMIT,Transaction processed with approval from an officer whose delegated authority was 13% below the required threshold.,0.528,RESOLVED,2023-04-28,
FND-004283,INV-00198,MEDIUM,EXPIRED_COMPLIANCE,Compliance record CMP-108987 for vendor MeridianTech International was in EXPIRED status at time of payment processing.,0.646,FALSE_POSITIVE,2023-06-16,2023-06-24
FND-004284,INV-00274,MEDIUM,MISSING_RECEIPT,"Employee EMP-51868 submitted 4 claims totalling $17,335 without receipts in the review period.",0.543,VALIDATED,2023-09-01,2023-09-21
FND-004285,INV-00402,MEDIUM,POLICY_BREACH,"Claim EXP-122309 violates Policy POL-0018 section 4.2: Travel expenditure capped at $500,000 per event.",0.518,ESCALATED,2022-06-12,2022-07-12
FND-004286,INV-00229,LOW,POLICY_BREACH,"Entertainment expense of $147,741 submitted by EMP-78852 exceeds monthly policy allowance of $25,000.",0.512,OPEN,2021-08-03,2021-08-25
FND-004287,INV-00274,MEDIUM,POLICY_BREACH,"Entertainment expense of $113,841 submitted by EMP-98414 exceeds monthly policy allowance of $100,000.",0.737,VALIDATED,2024-11-23,2024-12-06
FND-004288,INV-00087,MEDIUM,APPROVAL_LIMIT,"Payment of $392,966 approved at Level 3, which has a limit of $5,000. Transaction exceeded limit by $11,667.",0.602,VALIDATED,2022-06-10,2022-06-29
FND-004289,INV-00129,MEDIUM,VENDOR_RISK,Payment issued to VND-VND-04242 rated MEDIUM risk. Active contract CON-102022 in place. Enhanced due diligence not documented.,0.738,OPEN,2024-09-21,2024-10-03
FND-004290,INV-00114,MEDIUM,POLICY_BREACH,"Entertainment expense of $458,939 submitted by EMP-81061 exceeds monthly policy allowance of $5,000.",0.658,VALIDATED,2023-12-14,
FND-004291,INV-00250,LOW,MISSING_RECEIPT,"Reimbursement of $493,296 for Meals was approved despite no receipt documentation in the system.",0.536,VALIDATED,2024-05-31,2024-06-10
FND-004292,INV-00234,MEDIUM,POLICY_BREACH,"Claim EXP-128160 violates Policy POL-0005 section 4.2: Office Supplies expenditure capped at $100,000 per event.",0.634,OPEN,2021-06-09,2021-06-30
FND-004293,INV-00290,HIGH,VENDOR_RISK,"Vendor FusionCore Analytics Ltd holds CRITICAL risk rating. 7 payments totalling $11,882 processed in the audit period.",0.775,VALIDATED,2024-11-23,
FND-004294,INV-00227,LOW,POLICY_BREACH,Employee submitted Software claim 59% above the authorised policy limit without prior exception approval.,0.516,VALIDATED,2022-03-26,2022-04-03
FND-004295,INV-00112,LOW,APPROVAL_LIMIT,"Approval granted by EMP-96465 who was not authorised to approve amounts above $500,000. Transaction value: $182,474.",0.51,VALIDATED,2024-09-12,
FND-004296,INV-00009,MEDIUM,EXPIRED_COMPLIANCE,"Vendor VND-VND-01200 received payment of $87,313 on 2023-09-22. Compliance certificate expired on 2020-02-08 — 207 days prior.",0.655,OPEN,2023-09-20,2023-09-25
FND-004297,INV-00156,LOW,POLICY_BREACH,"Claim EXP-141969 violates Policy POL-0001 section 4.2: Travel expenditure capped at $100,000 per event.",0.217,RESOLVED,2024-04-15,2024-04-30
FND-004298,INV-00206,LOW,EXPIRED_COMPLIANCE,Procurement team processed payment without checking compliance status. Certificate had been expired for 447 days.,0.273,OPEN,2022-12-09,2022-12-20
FND-004299,INV-00375,MEDIUM,MISSING_RECEIPT,Expense claim missing receipt. Policy POL-0016 requires receipts for all claims above $75.,0.472,OPEN,2023-12-16,2023-12-18
FND-004300,INV-00413,MEDIUM,FRAUD_PATTERN,"Split payment pattern detected: 5 transactions to same beneficiary totalling $12,300 — each below approval threshold of $500,000.",0.489,OPEN,2022-09-02,
FND-004301,INV-00408,MEDIUM,FRAUD_PATTERN,Transaction routed through 4 intermediate accounts before reaching final beneficiary. Unusual for TRANSFER transaction type.,0.461,OPEN,2023-06-07,
FND-004302,INV-00356,HIGH,MISSING_RECEIPT,Expense claim EXP-188153 submitted for Meals without an attached supporting receipt.,0.707,OPEN,2022-09-21,2022-10-04
FND-004303,INV-00322,LOW,APPROVAL_LIMIT,"Approval granted by EMP-85503 who was not authorised to approve amounts above $5,000. Transaction value: $347,536.",0.522,RESOLVED,2024-11-01,2024-11-28
FND-004304,INV-00173,HIGH,VENDOR_RISK,"BLACKLISTED vendor VND-VND-04663 received payment of $127,962 via contract CON-109715 that was not updated following blacklisting.",0.767,VALIDATED,2022-07-08,
FND-004305,INV-00049,CRITICAL,EXPIRED_COMPLIANCE,Procurement team processed payment without checking compliance status. Certificate had been expired for 404 days.,0.75,VALIDATED,2024-08-06,
FND-004306,INV-00025,HIGH,MISSING_RECEIPT,Expense claim EXP-146623 submitted for Consulting without an attached supporting receipt.,0.885,RESOLVED,2023-03-05,
FND-004307,INV-00244,MEDIUM,POLICY_BREACH,"Entertainment expense of $338,898 submitted by EMP-64982 exceeds monthly policy allowance of $100,000.",0.401,OPEN,2022-11-25,2022-12-21
FND-004308,INV-00103,MEDIUM,MISSING_RECEIPT,Expense claim EXP-128411 submitted for Meals without an attached supporting receipt.,0.475,RESOLVED,2024-08-28,2024-09-13
FND-004309,INV-00286,MEDIUM,FRAUD_PATTERN,Transaction routed through 4 intermediate accounts before reaching final beneficiary. Unusual for CASH_OUT transaction type.,0.46,OPEN,2022-01-20,2022-02-04
FND-004310,INV-00218,MEDIUM,EXPIRED_COMPLIANCE,Procurement team processed payment without checking compliance status. Certificate had been expired for 540 days.,0.405,ESCALATED,2024-10-26,2024-11-18
FND-004311,INV-00373,MEDIUM,MISSING_RECEIPT,Expense claim missing receipt. Policy POL-0003 requires receipts for all claims above $50.,0.455,VALIDATED,2024-09-02,2024-09-22
FND-004312,INV-00343,MEDIUM,APPROVAL_LIMIT,"Approval granted by EMP-73271 who was not authorised to approve amounts above $25,000. Transaction value: $378,819.",0.594,VALIDATED,2024-10-12,2024-11-06
FND-004313,INV-00461,MEDIUM,FRAUD_PATTERN,Transaction routed through 3 intermediate accounts before reaching final beneficiary. Unusual for CASH_OUT transaction type.,0.685,VALIDATED,2021-06-03,2021-06-15
FND-004314,INV-00374,MEDIUM,VENDOR_RISK,"Vendor VoltEdge Solutions Inc holds CRITICAL risk rating. 2 payments totalling $3,131 processed in the audit period.",0.461,OPEN,2024-05-01,2024-05-16
FND-004315,INV-00145,MEDIUM,VENDOR_RISK,Payment issued to VND-VND-02243 rated MEDIUM risk. Active contract CON-103048 in place. Enhanced due diligence not documented.,0.661,RESOLVED,2023-03-01,2023-03-12
FND-004316,INV-00049,CRITICAL,EXPIRED_COMPLIANCE,"Payment of $218,123 released to QuantumEdge Solutions Holdings whose GDPR compliance expired 190 days before payment date.",0.965,VALIDATED,2022-05-22,
FND-004317,INV-00039,CRITICAL,POLICY_BREACH,Employee submitted Equipment claim 66% above the authorised policy limit without prior exception approval.,0.959,VALIDATED,2023-09-16,2023-10-16
FND-004318,INV-00014,HIGH,MISSING_RECEIPT,"Reimbursement of $334,511 for Training was approved despite no receipt documentation in the system.",0.74,RESOLVED,2023-06-14,2023-06-21
FND-004319,INV-00441,MEDIUM,VENDOR_RISK,"High-risk vendor HarborLight Services Ltd has no compliance record on file. Payment of $404,334 released without compliance clearance.",0.74,RESOLVED,2021-07-24,
FND-004320,INV-00432,MEDIUM,EXPIRED_COMPLIANCE,"Vendor VND-VND-02076 received payment of $102,078 on 2023-12-15. Compliance certificate expired on 2021-10-05 — 134 days prior.",0.569,RESOLVED,2024-04-03,
FND-004321,INV-00179,MEDIUM,POLICY_BREACH,Employee submitted Office Supplies claim 22% above the authorised policy limit without prior exception approval.,0.737,RESOLVED,2023-08-31,2023-09-18
FND-004322,INV-00322,LOW,VENDOR_RISK,"BLACKLISTED vendor VND-VND-02214 received payment of $235,532 via contract CON-104707 that was not updated following blacklisting.",0.537,VALIDATED,2021-11-10,2021-11-19
FND-004323,INV-00199,MEDIUM,VENDOR_RISK,Payment issued to VND-VND-03329 rated LOW risk. Active contract CON-107672 in place. Enhanced due diligence not documented.,0.569,RESOLVED,2021-11-04,2021-11-25
FND-004324,INV-00456,LOW,MISSING_RECEIPT,"Reimbursement of $10,249 for Equipment was approved despite no receipt documentation in the system.",0.288,OPEN,2021-06-01,2021-06-28
FND-004325,INV-00119,HIGH,POLICY_BREACH,"Claim EXP-138009 violates Policy POL-0014 section 4.2: Training expenditure capped at $5,000 per event.",0.8,OPEN,2023-05-31,2023-06-02
FND-004326,INV-00471,MEDIUM,VENDOR_RISK,Payment issued to VND-VND-01038 rated HIGH risk. Active contract CON-106987 in place. Enhanced due diligence not documented.,0.438,OPEN,2024-10-28,2024-11-09
FND-004327,INV-00248,LOW,EXPIRED_COMPLIANCE,"Vendor VND-VND-04638 received payment of $145,418 on 2023-09-22. Compliance certificate expired on 2020-09-06 — 266 days prior.",0.495,RESOLVED,2024-11-12,
FND-004328,INV-00459,MEDIUM,VENDOR_RISK,"High-risk vendor XcelPath Networks Group has no compliance record on file. Payment of $187,447 released without compliance clearance.",0.625,VALIDATED,2022-07-24,2022-08-01
FND-004329,INV-00343,MEDIUM,VENDOR_RISK,Payment issued to VND-VND-04119 rated LOW risk. Active contract CON-107374 in place. Enhanced due diligence not documented.,0.415,VALIDATED,2022-04-02,2022-04-23
FND-004330,INV-00337,MEDIUM,MISSING_RECEIPT,Expense claim EXP-149093 submitted for Travel without an attached supporting receipt.,0.563,RESOLVED,2023-08-12,2023-09-05
FND-004331,INV-00447,MEDIUM,APPROVAL_LIMIT,"Payment of $247,668 approved at Level 1, which has a limit of $5,000. Transaction exceeded limit by $19,046.",0.548,VALIDATED,2024-09-07,
FND-004332,INV-00292,MEDIUM,POLICY_BREACH,Employee submitted Entertainment claim 57% above the authorised policy limit without prior exception approval.,0.489,ESCALATED,2023-10-04,
FND-004333,INV-00421,MEDIUM,MISSING_RECEIPT,"Reimbursement of $467,791 for Consulting was approved despite no receipt documentation in the system.",0.491,RESOLVED,2022-08-09,2022-09-05
FND-004334,INV-00009,LOW,VENDOR_RISK,"High-risk vendor LatticeCore Partners Ltd has no compliance record on file. Payment of $312,591 released without compliance clearance.",0.278,ESCALATED,2022-05-03,2022-05-05
FND-004335,INV-00454,MEDIUM,EXPIRED_COMPLIANCE,"Payment of $197,755 released to KryptonPath Ltd LLC whose GDPR compliance expired 439 days before payment date.",0.511,VALIDATED,2023-09-12,
FND-004336,INV-00299,MEDIUM,EXPIRED_COMPLIANCE,"Payment of $339,493 released to YieldPoint Partners International whose PCI-DSS compliance expired 485 days before payment date.",0.538,VALIDATED,2022-04-02,
FND-004337,INV-00464,MEDIUM,VENDOR_RISK,"Vendor XpressCore Dynamics Inc holds CRITICAL risk rating. 6 payments totalling $9,105 processed in the audit period.",0.498,OPEN,2023-05-08,2023-06-06
FND-004338,INV-00497,MEDIUM,EXPIRED_COMPLIANCE,Procurement team processed payment without checking compliance status. Certificate had been expired for 310 days.,0.518,ESCALATED,2024-03-09,2024-03-14
FND-004339,INV-00366,LOW,EXPIRED_COMPLIANCE,Procurement team processed payment without checking compliance status. Certificate had been expired for 343 days.,0.368,RESOLVED,2022-04-29,2022-05-05
FND-004340,INV-00234,MEDIUM,MISSING_RECEIPT,Expense claim EXP-180559 submitted for Office Supplies without an attached supporting receipt.,0.538,VALIDATED,2021-11-23,
FND-004341,INV-00286,MEDIUM,APPROVAL_LIMIT,"Approval granted by EMP-91715 who was not authorised to approve amounts above $100,000. Transaction value: $272,718.",0.7,RESOLVED,2024-04-11,
FND-004342,INV-00182,CRITICAL,APPROVAL_LIMIT,"Payment of $161,693 approved at Level 2, which has a limit of $5,000. Transaction exceeded limit by $18,561.",0.97,VALIDATED,2021-06-04,2021-06-11
FND-004343,INV-00030,MEDIUM,APPROVAL_LIMIT,"Approval granted by EMP-97912 who was not authorised to approve amounts above $5,000. Transaction value: $99,421.",0.641,VALIDATED,2022-05-15,2022-05-28
FND-004344,INV-00451,MEDIUM,POLICY_BREACH,"Entertainment expense of $226,528 submitted by EMP-48562 exceeds monthly policy allowance of $25,000.",0.593,OPEN,2022-03-19,2022-03-24
FND-004345,INV-00022,MEDIUM,MISSING_RECEIPT,Expense claim EXP-160816 submitted for Travel without an attached supporting receipt.,0.708,RESOLVED,2022-06-30,2022-07-22
FND-004346,INV-00342,MEDIUM,MISSING_RECEIPT,Expense claim missing receipt. Policy POL-0017 requires receipts for all claims above $200.,0.684,OPEN,2021-11-15,
FND-004347,INV-00046,LOW,APPROVAL_LIMIT,"Payment of $227,458 approved at Level 1, which has a limit of $25,000. Transaction exceeded limit by $47,271.",0.44,RESOLVED,2023-10-20,2023-11-19
FND-004348,INV-00395,LOW,POLICY_BREACH,Employee submitted Marketing claim 33% above the authorised policy limit without prior exception approval.,0.509,OPEN,2024-07-03,2024-07-06
FND-004349,INV-00019,HIGH,MISSING_RECEIPT,Expense claim EXP-186081 submitted for Marketing without an attached supporting receipt.,0.601,ESCALATED,2024-12-04,2024-12-09
FND-004350,INV-00430,MEDIUM,POLICY_BREACH,"Expense claim of $322,913 for Training exceeds the policy maximum of $100,000. Overage: $16,147.",0.539,OPEN,2024-08-27,2024-09-13
FND-004351,INV-00308,MEDIUM,FRAUD_PATTERN,Transaction routed through 5 intermediate accounts before reaching final beneficiary. Unusual for TRANSFER transaction type.,0.677,VALIDATED,2023-12-10,2024-01-06
FND-004352,INV-00420,MEDIUM,POLICY_BREACH,"Expense claim of $429,133 for Meals exceeds the policy maximum of $500,000. Overage: $14,690.",0.73,FALSE_POSITIVE,2022-03-20,2022-03-22
FND-004353,INV-00205,MEDIUM,APPROVAL_LIMIT,"Approval granted by EMP-25011 who was not authorised to approve amounts above $100,000. Transaction value: $468,768.",0.439,VALIDATED,2024-02-01,2024-02-09
FND-004354,INV-00366,MEDIUM,EXPIRED_COMPLIANCE,"Payment of $258,894 released to Epsilon_Group Inc whose PCI-DSS compliance expired 288 days before payment date.",0.611,OPEN,2024-06-03,2024-06-10
FND-004355,INV-00331,MEDIUM,VENDOR_RISK,"High-risk vendor SilverPath Holdings has no compliance record on file. Payment of $117,028 released without compliance clearance.",0.725,VALIDATED,2023-08-06,2023-08-17
FND-004356,INV-00364,MEDIUM,APPROVAL_LIMIT,"Escalation protocol was bypassed. Transaction valued at $391,474 was approved at L2 without L3 countersignature.",0.564,RESOLVED,2024-04-22,
FND-004357,INV-00299,MEDIUM,MISSING_RECEIPT,"Reimbursement of $255,372 for Accommodation was approved despite no receipt documentation in the system.",0.505,OPEN,2023-06-11,2023-07-03
FND-004358,INV-00185,MEDIUM,MISSING_RECEIPT,Expense claim missing receipt. Policy POL-0004 requires receipts for all claims above $75.,0.591,RESOLVED,2023-03-11,2023-03-16
FND-004359,INV-00224,LOW,EXPIRED_COMPLIANCE,"Payment of $410,737 released to WaveCore Manufacturing Holdings whose PCI-DSS compliance expired 239 days before payment date.",0.278,VALIDATED,2023-06-30,2023-07-18
FND-004360,INV-00122,LOW,VENDOR_RISK,Vendor HarborLight Services Inc holds CRITICAL risk rating. 2 payments totalling $941 processed in the audit period.,0.318,OPEN,2024-02-05,2024-02-19
FND-004361,INV-00242,LOW,VENDOR_RISK,"Vendor ClearPath Logistics Inc holds CRITICAL risk rating. 2 payments totalling $14,151 processed in the audit period.",0.599,OPEN,2022-11-17,2022-12-14
FND-004362,INV-00331,MEDIUM,VENDOR_RISK,"High-risk vendor IronPoint Manufacturing Inc has no compliance record on file. Payment of $400,554 released without compliance clearance.",0.681,OPEN,2022-07-23,2022-08-06
FND-004363,INV-00353,LOW,FRAUD_PATTERN,"Split payment pattern detected: 5 transactions to same beneficiary totalling $2,954 — each below approval threshold of $5,000.",0.452,RESOLVED,2021-12-10,
FND-004364,INV-00343,MEDIUM,MISSING_RECEIPT,Expense claim missing receipt. Policy POL-0015 requires receipts for all claims above $200.,0.705,RESOLVED,2024-07-07,2024-07-25
FND-004365,INV-00473,MEDIUM,VENDOR_RISK,"Vendor DeltaPath Logistics Holdings holds CRITICAL risk rating. 8 payments totalling $10,360 processed in the audit period.",0.55,OPEN,2024-02-07,
FND-004366,INV-00106,MEDIUM,APPROVAL_LIMIT,Transaction processed with approval from an officer whose delegated authority was 67% below the required threshold.,0.473,OPEN,2024-11-13,2024-12-06
FND-004367,INV-00326,LOW,APPROVAL_LIMIT,"Escalation protocol was bypassed. Transaction valued at $120,595 was approved at L3 without L5 countersignature.",0.499,OPEN,2024-04-28,
FND-004368,INV-00031,CRITICAL,APPROVAL_LIMIT,"Payment of $405,194 approved at Level 3, which has a limit of $100,000. Transaction exceeded limit by $16,625.",0.755,RESOLVED,2023-09-12,
FND-004369,INV-00007,MEDIUM,EXPIRED_COMPLIANCE,"Payment of $335,613 released to PrimeAxis Corp Inc whose GDPR compliance expired 151 days before payment date.",0.538,OPEN,2024-03-17,
FND-004370,INV-00297,LOW,MISSING_RECEIPT,"Employee EMP-74304 submitted 8 claims totalling $11,914 without receipts in the review period.",0.389,VALIDATED,2022-08-12,
FND-004371,INV-00159,CRITICAL,POLICY_BREACH,"Expense claim of $138,929 for Entertainment exceeds the policy maximum of $5,000. Overage: $39,926.",0.99,VALIDATED,2024-11-08,
FND-004372,INV-00468,HIGH,MISSING_RECEIPT,"Employee EMP-15901 submitted 7 claims totalling $5,340 without receipts in the review period.",0.867,VALIDATED,2021-12-17,
FND-004373,INV-00134,LOW,MISSING_RECEIPT,"Employee EMP-17225 submitted 3 claims totalling $7,500 without receipts in the review period.",0.277,RESOLVED,2021-12-23,2022-01-22
FND-004374,INV-00040,MEDIUM,APPROVAL_LIMIT,"Approval granted by EMP-89748 who was not authorised to approve amounts above $500,000. Transaction value: $209,468.",0.685,VALIDATED,2023-12-12,
FND-004375,INV-00304,HIGH,MISSING_RECEIPT,"Employee EMP-16978 submitted 7 claims totalling $19,112 without receipts in the review period.",0.609,RESOLVED,2022-02-25,2022-03-25
FND-004376,INV-00221,HIGH,VENDOR_RISK,Payment issued to VND-VND-01388 rated LOW risk. Active contract CON-103355 in place. Enhanced due diligence not documented.,0.812,VALIDATED,2024-06-06,2024-06-07
FND-004377,INV-00069,MEDIUM,EXPIRED_COMPLIANCE,Compliance record CMP-103680 for vendor Delta_Logistics Ltd was in EXPIRED status at time of payment processing.,0.716,RESOLVED,2022-10-09,2022-11-03
FND-004378,INV-00145,LOW,MISSING_RECEIPT,"Reimbursement of $484,722 for Consulting was approved despite no receipt documentation in the system.",0.483,VALIDATED,2021-09-12,2021-09-22
FND-004379,INV-00443,LOW,FRAUD_PATTERN,"Round-number transaction of $26,060 processed at 03:49 — outside standard business hours. Flagged by anomaly detection.",0.453,ESCALATED,2021-11-01,2021-11-08
FND-004380,INV-00092,HIGH,POLICY_BREACH,"Entertainment expense of $410,109 submitted by EMP-32699 exceeds monthly policy allowance of $100,000.",0.693,VALIDATED,2024-01-28,2024-02-04
FND-004381,INV-00241,LOW,APPROVAL_LIMIT,Transaction processed with approval from an officer whose delegated authority was 68% below the required threshold.,0.512,RESOLVED,2024-03-07,
FND-004382,INV-00187,MEDIUM,VENDOR_RISK,"High-risk vendor XpressCore Dynamics Holdings has no compliance record on file. Payment of $231,741 released without compliance clearance.",0.638,FALSE_POSITIVE,2022-06-29,2022-07-02
FND-004383,INV-00368,MEDIUM,FRAUD_PATTERN,"Round-number transaction of $86,053 processed at 05:20 — outside standard business hours. Flagged by anomaly detection.",0.718,RESOLVED,2022-03-02,2022-03-29
FND-004384,INV-00421,LOW,FRAUD_PATTERN,Transaction routed through 8 intermediate accounts before reaching final beneficiary. Unusual for CASH_OUT transaction type.,0.403,VALIDATED,2024-02-12,2024-02-25
FND-004385,INV-00238,CRITICAL,POLICY_BREACH,Employee submitted Entertainment claim 60% above the authorised policy limit without prior exception approval.,0.8,ESCALATED,2024-05-27,2024-05-29
FND-004386,INV-00252,MEDIUM,APPROVAL_LIMIT,"Approval granted by EMP-32371 who was not authorised to approve amounts above $500,000. Transaction value: $374,409.",0.529,VALIDATED,2023-03-24,2023-04-13
FND-004387,INV-00383,CRITICAL,FRAUD_PATTERN,Employee EMP-29800 submitted 2 expense claims within 72 hours for identical amounts — potential duplicate fraud pattern.,0.854,RESOLVED,2021-08-07,2021-08-13
FND-004388,INV-00454,HIGH,VENDOR_RISK,"High-risk vendor GlobalNex Corp Ltd has no compliance record on file. Payment of $197,701 released without compliance clearance.",0.609,VALIDATED,2022-04-13,2022-05-06
FND-004389,INV-00125,MEDIUM,EXPIRED_COMPLIANCE,Compliance record CMP-105550 for vendor XpressCore Dynamics was in EXPIRED status at time of payment processing.,0.614,RESOLVED,2021-06-09,
FND-004390,INV-00442,LOW,EXPIRED_COMPLIANCE,Procurement team processed payment without checking compliance status. Certificate had been expired for 371 days.,0.286,VALIDATED,2024-04-24,2024-05-14
FND-004391,INV-00020,MEDIUM,MISSING_RECEIPT,"Employee EMP-80701 submitted 5 claims totalling $16,187 without receipts in the review period.",0.647,OPEN,2024-03-31,
FND-004392,INV-00462,LOW,APPROVAL_LIMIT,"Approval granted by EMP-96674 who was not authorised to approve amounts above $100,000. Transaction value: $348,157.",0.288,OPEN,2024-11-25,
FND-004393,INV-00367,LOW,EXPIRED_COMPLIANCE,Compliance record CMP-100727 for vendor QuantumEdge Solutions was in EXPIRED status at time of payment processing.,0.408,VALIDATED,2024-06-09,
FND-004394,INV-00341,MEDIUM,POLICY_BREACH,Employee submitted Equipment claim 69% above the authorised policy limit without prior exception approval.,0.566,OPEN,2022-07-04,2022-07-13
FND-004395,INV-00025,MEDIUM,MISSING_RECEIPT,Expense claim missing receipt. Policy POL-0002 requires receipts for all claims above $200.,0.479,VALIDATED,2023-03-01,2023-03-21
FND-004396,INV-00249,MEDIUM,MISSING_RECEIPT,"Reimbursement of $464,893 for Accommodation was approved despite no receipt documentation in the system.",0.514,VALIDATED,2022-07-27,
FND-004397,INV-00130,MEDIUM,FRAUD_PATTERN,Employee EMP-51124 submitted 7 expense claims within 72 hours for identical amounts — potential duplicate fraud pattern.,0.662,FALSE_POSITIVE,2024-05-14,2024-06-05
FND-004398,INV-00233,LOW,MISSING_RECEIPT,Expense claim missing receipt. Policy POL-0002 requires receipts for all claims above $200.,0.321,FALSE_POSITIVE,2024-05-04,
FND-004399,INV-00337,CRITICAL,MISSING_RECEIPT,Expense claim missing receipt. Policy POL-0002 requires receipts for all claims above $100.,0.761,ESCALATED,2024-06-01,2024-06-09
FND-004400,INV-00352,LOW,MISSING_RECEIPT,Expense claim EXP-122542 submitted for Travel without an attached supporting receipt.,0.464,OPEN,2024-02-07,2024-02-20
FND-004401,INV-00082,LOW,EXPIRED_COMPLIANCE,"Vendor VND-VND-00703 received payment of $11,375 on 2022-12-14. Compliance certificate expired on 2022-11-18 — 175 days prior.",0.341,OPEN,2022-11-07,2022-11-30
FND-004402,INV-00310,LOW,VENDOR_RISK,"High-risk vendor Delta_Logistics International has no compliance record on file. Payment of $206,812 released without compliance clearance.",0.357,VALIDATED,2024-04-13,2024-04-19
FND-004403,INV-00500,MEDIUM,VENDOR_RISK,"Vendor YellowBridge Partners Inc holds CRITICAL risk rating. 7 payments totalling $5,870 processed in the audit period.",0.519,VALIDATED,2024-10-13,
FND-004404,INV-00192,MEDIUM,EXPIRED_COMPLIANCE,"Payment of $107,897 released to WaveCore Manufacturing whose ISO 27001 compliance expired 357 days before payment date.",0.654,VALIDATED,2024-06-22,2024-07-16
FND-004405,INV-00168,LOW,MISSING_RECEIPT,"Reimbursement of $81,487 for Training was approved despite no receipt documentation in the system.",0.56,OPEN,2022-04-14,
FND-004406,INV-00163,MEDIUM,APPROVAL_LIMIT,"Escalation protocol was bypassed. Transaction valued at $212,173 was approved at L1 without L3 countersignature.",0.628,RESOLVED,2023-03-05,2023-03-17
FND-004407,INV-00127,MEDIUM,POLICY_BREACH,"Claim EXP-156376 violates Policy POL-0017 section 4.2: Marketing expenditure capped at $500,000 per event.",0.728,VALIDATED,2022-06-08,2022-07-02
FND-004408,INV-00225,HIGH,EXPIRED_COMPLIANCE,"Payment of $298,489 released to FlowBridge Inc International whose PCI-DSS compliance expired 266 days before payment date.",0.807,RESOLVED,2022-12-13,2022-12-25
FND-004409,INV-00193,LOW,MISSING_RECEIPT,Expense claim missing receipt. Policy POL-0020 requires receipts for all claims above $75.,0.341,VALIDATED,2022-08-25,2022-09-19
FND-004410,INV-00483,LOW,APPROVAL_LIMIT,"Payment of $225,796 approved at Level 2, which has a limit of $25,000. Transaction exceeded limit by $12,669.",0.633,VALIDATED,2021-07-01,
FND-004411,INV-00220,HIGH,VENDOR_RISK,Payment issued to VND-VND-04379 rated LOW risk. Active contract CON-106825 in place. Enhanced due diligence not documented.,0.605,FALSE_POSITIVE,2024-08-05,2024-08-14
FND-004412,INV-00354,HIGH,VENDOR_RISK,"BLACKLISTED vendor VND-VND-04173 received payment of $260,330 via contract CON-109597 that was not updated following blacklisting.",0.615,VALIDATED,2021-10-21,
FND-004413,INV-00407,MEDIUM,MISSING_RECEIPT,Expense claim missing receipt. Policy POL-0010 requires receipts for all claims above $200.,0.557,VALIDATED,2023-03-22,2023-04-11
FND-004414,INV-00092,HIGH,VENDOR_RISK,"BLACKLISTED vendor VND-VND-01745 received payment of $159,403 via contract CON-102821 that was not updated following blacklisting.",0.85,ESCALATED,2022-10-23,
FND-004415,INV-00420,MEDIUM,MISSING_RECEIPT,"Employee EMP-42566 submitted 7 claims totalling $11,615 without receipts in the review period.",0.675,VALIDATED,2022-04-18,2022-04-19
FND-004416,INV-00248,MEDIUM,VENDOR_RISK,"High-risk vendor InnoCore Dynamics Inc has no compliance record on file. Payment of $296,500 released without compliance clearance.",0.431,RESOLVED,2024-06-18,2024-07-11
FND-004417,INV-00016,LOW,VENDOR_RISK,"High-risk vendor JadeCore Solutions Holdings has no compliance record on file. Payment of $186,873 released without compliance clearance.",0.555,VALIDATED,2023-04-22,
FND-004418,INV-00061,MEDIUM,MISSING_RECEIPT,"Reimbursement of $253,738 for Meals was approved despite no receipt documentation in the system.",0.486,RESOLVED,2024-10-19,2024-11-11
FND-004419,INV-00149,MEDIUM,APPROVAL_LIMIT,"Payment of $185,840 approved at Level 2, which has a limit of $500,000. Transaction exceeded limit by $8,732.",0.731,VALIDATED,2024-11-19,2024-11-28
FND-004420,INV-00244,LOW,FRAUD_PATTERN,Employee EMP-94430 submitted 2 expense claims within 72 hours for identical amounts — potential duplicate fraud pattern.,0.641,OPEN,2022-09-30,2022-10-13
FND-004421,INV-00089,LOW,MISSING_RECEIPT,Expense claim missing receipt. Policy POL-0019 requires receipts for all claims above $100.,0.296,VALIDATED,2022-02-04,2022-02-16
FND-004422,INV-00190,LOW,APPROVAL_LIMIT,"Approval granted by EMP-86470 who was not authorised to approve amounts above $500,000. Transaction value: $93,977.",0.387,VALIDATED,2022-06-30,2022-07-23
FND-004423,INV-00415,MEDIUM,VENDOR_RISK,"High-risk vendor OpenBridge Systems Ltd has no compliance record on file. Payment of $162,785 released without compliance clearance.",0.568,FALSE_POSITIVE,2023-06-14,2023-07-14
FND-004424,INV-00083,MEDIUM,POLICY_BREACH,"Claim EXP-169583 violates Policy POL-0012 section 4.2: Marketing expenditure capped at $25,000 per event.",0.693,OPEN,2024-01-18,2024-02-12
FND-004425,INV-00317,MEDIUM,VENDOR_RISK,"BLACKLISTED vendor VND-VND-04287 received payment of $252,951 via contract CON-102206 that was not updated following blacklisting.",0.504,VALIDATED,2022-04-13,2022-05-06
FND-004426,INV-00189,MEDIUM,EXPIRED_COMPLIANCE,Procurement team processed payment without checking compliance status. Certificate had been expired for 236 days.,0.561,OPEN,2024-05-27,2024-06-20
FND-004427,INV-00470,LOW,VENDOR_RISK,"Vendor VertiLink Distributors holds CRITICAL risk rating. 6 payments totalling $10,933 processed in the audit period.",0.517,FALSE_POSITIVE,2023-07-06,2023-07-17
FND-004428,INV-00445,LOW,VENDOR_RISK,"BLACKLISTED vendor VND-VND-00093 received payment of $58,259 via contract CON-102335 that was not updated following blacklisting.",0.467,ESCALATED,2022-09-05,
FND-004429,INV-00469,MEDIUM,EXPIRED_COMPLIANCE,Compliance record CMP-101730 for vendor MeridianTech was in EXPIRED status at time of payment processing.,0.532,VALIDATED,2022-11-21,
FND-004430,INV-00429,HIGH,APPROVAL_LIMIT,Transaction processed with approval from an officer whose delegated authority was 24% below the required threshold.,0.634,VALIDATED,2024-05-15,2024-05-18
FND-004431,INV-00303,HIGH,APPROVAL_LIMIT,"Approval granted by EMP-76164 who was not authorised to approve amounts above $5,000. Transaction value: $419,705.",0.836,VALIDATED,2022-09-20,
FND-004432,INV-00132,MEDIUM,EXPIRED_COMPLIANCE,"Vendor VND-VND-02249 received payment of $183,648 on 2023-07-22. Compliance certificate expired on 2021-03-24 — 430 days prior.",0.636,RESOLVED,2021-09-19,2021-10-16
FND-004433,INV-00370,MEDIUM,EXPIRED_COMPLIANCE,"Vendor VND-VND-00247 received payment of $488,986 on 2022-01-12. Compliance certificate expired on 2020-06-30 — 146 days prior.",0.609,OPEN,2022-07-12,2022-07-14
FND-004434,INV-00317,LOW,FRAUD_PATTERN,"Split payment pattern detected: 8 transactions to same beneficiary totalling $3,321 — each below approval threshold of $100,000.",0.644,RESOLVED,2021-06-16,
FND-004435,INV-00272,MEDIUM,EXPIRED_COMPLIANCE,"Vendor VND-VND-03839 received payment of $476,669 on 2022-01-29. Compliance certificate expired on 2022-04-09 — 201 days prior.",0.626,VALIDATED,2023-05-31,2023-06-05
FND-004436,INV-00446,MEDIUM,POLICY_BREACH,Employee submitted Marketing claim 6% above the authorised policy limit without prior exception approval.,0.571,VALIDATED,2022-01-21,2022-02-19
FND-004437,INV-00251,LOW,APPROVAL_LIMIT,Transaction processed with approval from an officer whose delegated authority was 15% below the required threshold.,0.256,VALIDATED,2024-07-14,2024-08-07
FND-004438,INV-00023,HIGH,APPROVAL_LIMIT,Transaction processed with approval from an officer whose delegated authority was 34% below the required threshold.,0.78,VALIDATED,2024-02-27,2024-03-26
FND-004439,INV-00041,HIGH,FRAUD_PATTERN,"Split payment pattern detected: 6 transactions to same beneficiary totalling $18,080 — each below approval threshold of $25,000.",0.743,OPEN,2024-11-24,2024-12-13
FND-004440,INV-00100,LOW,EXPIRED_COMPLIANCE,Procurement team processed payment without checking compliance status. Certificate had been expired for 538 days.,0.385,OPEN,2023-08-28,2023-09-15
FND-004441,INV-00348,MEDIUM,EXPIRED_COMPLIANCE,"Vendor VND-VND-04002 received payment of $62,906 on 2022-07-07. Compliance certificate expired on 2020-09-24 — 216 days prior.",0.58,VALIDATED,2023-12-14,2024-01-04
FND-004442,INV-00364,LOW,POLICY_BREACH,"Entertainment expense of $202,644 submitted by EMP-50721 exceeds monthly policy allowance of $100,000.",0.462,VALIDATED,2022-12-11,2022-12-16
FND-004443,INV-00488,HIGH,VENDOR_RISK,"Vendor VertiLink Distributors LLC holds CRITICAL risk rating. 6 payments totalling $12,074 processed in the audit period.",0.847,VALIDATED,2022-03-22,2022-04-04
FND-004444,INV-00229,MEDIUM,APPROVAL_LIMIT,"Approval granted by EMP-55662 who was not authorised to approve amounts above $25,000. Transaction value: $13,459.",0.431,VALIDATED,2022-07-18,
FND-004445,INV-00101,MEDIUM,POLICY_BREACH,"Expense claim of $410,525 for Consulting exceeds the policy maximum of $25,000. Overage: $18,418.",0.588,VALIDATED,2022-05-05,2022-05-18
FND-004446,INV-00343,CRITICAL,APPROVAL_LIMIT,Transaction processed with approval from an officer whose delegated authority was 32% below the required threshold.,0.878,RESOLVED,2021-09-22,2021-09-30
FND-004447,INV-00188,LOW,POLICY_BREACH,"Expense claim of $338,701 for Entertainment exceeds the policy maximum of $500,000. Overage: $9,602.",0.388,VALIDATED,2022-02-03,2022-02-27
FND-004448,INV-00250,MEDIUM,POLICY_BREACH,"Entertainment expense of $372,881 submitted by EMP-80854 exceeds monthly policy allowance of $5,000.",0.549,ESCALATED,2024-02-26,
FND-004449,INV-00281,LOW,VENDOR_RISK,"BLACKLISTED vendor VND-VND-00626 received payment of $208,736 via contract CON-102706 that was not updated following blacklisting.",0.264,VALIDATED,2023-02-19,2023-03-15
FND-004450,INV-00146,LOW,MISSING_RECEIPT,Expense claim EXP-163784 submitted for Meals without an attached supporting receipt.,0.245,VALIDATED,2023-11-29,2023-12-10
FND-004451,INV-00175,HIGH,MISSING_RECEIPT,"Reimbursement of $211,761 for Office Supplies was approved despite no receipt documentation in the system.",0.74,ESCALATED,2021-08-01,
FND-004452,INV-00091,LOW,EXPIRED_COMPLIANCE,Compliance record CMP-100245 for vendor JetStream Analytics Holdings was in EXPIRED status at time of payment processing.,0.323,OPEN,2022-07-31,2022-08-26
FND-004453,INV-00125,MEDIUM,MISSING_RECEIPT,Expense claim EXP-160243 submitted for Equipment without an attached supporting receipt.,0.404,FALSE_POSITIVE,2024-06-13,
FND-004454,INV-00272,LOW,MISSING_RECEIPT,"Employee EMP-90404 submitted 3 claims totalling $15,204 without receipts in the review period.",0.643,RESOLVED,2021-07-26,
FND-004455,INV-00198,HIGH,MISSING_RECEIPT,Expense claim EXP-129084 submitted for Training without an attached supporting receipt.,0.687,RESOLVED,2021-08-19,2021-08-27
FND-004456,INV-00405,MEDIUM,EXPIRED_COMPLIANCE,Compliance record CMP-108001 for vendor UltraVista Technologies Group was in EXPIRED status at time of payment processing.,0.414,OPEN,2024-07-31,2024-08-21
FND-004457,INV-00165,MEDIUM,MISSING_RECEIPT,"Employee EMP-67912 submitted 2 claims totalling $13,722 without receipts in the review period.",0.738,VALIDATED,2023-07-07,
FND-004458,INV-00453,CRITICAL,APPROVAL_LIMIT,Transaction processed with approval from an officer whose delegated authority was 39% below the required threshold.,0.794,VALIDATED,2023-03-27,2023-04-03
FND-004459,INV-00463,MEDIUM,POLICY_BREACH,"Claim EXP-130896 violates Policy POL-0008 section 4.2: Training expenditure capped at $100,000 per event.",0.549,RESOLVED,2024-08-02,2024-08-07
FND-004460,INV-00466,LOW,MISSING_RECEIPT,Expense claim missing receipt. Policy POL-0007 requires receipts for all claims above $50.,0.268,OPEN,2021-09-26,2021-10-25
FND-004461,INV-00310,LOW,EXPIRED_COMPLIANCE,Procurement team processed payment without checking compliance status. Certificate had been expired for 469 days.,0.642,VALIDATED,2022-06-24,
FND-004462,INV-00433,MEDIUM,APPROVAL_LIMIT,"Escalation protocol was bypassed. Transaction valued at $405,411 was approved at L2 without L5 countersignature.",0.708,VALIDATED,2023-04-15,2023-05-10
FND-004463,INV-00212,MEDIUM,EXPIRED_COMPLIANCE,Procurement team processed payment without checking compliance status. Certificate had been expired for 18 days.,0.73,VALIDATED,2022-12-24,2022-12-28
FND-004464,INV-00315,CRITICAL,EXPIRED_COMPLIANCE,"Payment of $284,668 released to Delta_Logistics International whose PCI-DSS compliance expired 194 days before payment date.",0.91,OPEN,2023-02-09,2023-03-10
FND-004465,INV-00080,MEDIUM,POLICY_BREACH,"Expense claim of $348,859 for Accommodation exceeds the policy maximum of $500,000. Overage: $38,254.",0.559,VALIDATED,2024-10-14,2024-11-06
FND-004466,INV-00035,CRITICAL,MISSING_RECEIPT,"Employee EMP-99074 submitted 7 claims totalling $8,746 without receipts in the review period.",0.828,VALIDATED,2021-10-03,2021-10-12
FND-004467,INV-00329,LOW,VENDOR_RISK,Payment issued to VND-VND-00922 rated LOW risk. Active contract CON-101278 in place. Enhanced due diligence not documented.,0.357,VALIDATED,2021-10-21,2021-11-06
FND-004468,INV-00467,HIGH,APPROVAL_LIMIT,"Approval granted by EMP-92002 who was not authorised to approve amounts above $100,000. Transaction value: $359,956.",0.84,FALSE_POSITIVE,2022-01-04,2022-02-03
FND-004469,INV-00014,HIGH,EXPIRED_COMPLIANCE,"Vendor VND-VND-02385 received payment of $477,644 on 2023-03-15. Compliance certificate expired on 2022-03-03 — 408 days prior.",0.683,RESOLVED,2022-10-29,2022-11-24
FND-004470,INV-00259,LOW,VENDOR_RISK,"Vendor CoreVault Systems Holdings holds CRITICAL risk rating. 2 payments totalling $16,712 processed in the audit period.",0.259,RESOLVED,2023-02-14,
FND-004471,INV-00334,MEDIUM,VENDOR_RISK,"High-risk vendor SilverPath Holdings International has no compliance record on file. Payment of $170,962 released without compliance clearance.",0.508,RESOLVED,2022-03-13,
FND-004472,INV-00205,LOW,VENDOR_RISK,"Vendor TrueNorth Services Ltd holds CRITICAL risk rating. 4 payments totalling $8,969 processed in the audit period.",0.356,ESCALATED,2024-06-05,2024-06-24
FND-004473,INV-00315,MEDIUM,FRAUD_PATTERN,Employee EMP-71461 submitted 6 expense claims within 72 hours for identical amounts — potential duplicate fraud pattern.,0.699,VALIDATED,2023-07-25,
FND-004474,INV-00065,CRITICAL,POLICY_BREACH,"Entertainment expense of $437,488 submitted by EMP-38186 exceeds monthly policy allowance of $25,000.",0.815,VALIDATED,2021-11-02,2021-11-24
FND-004475,INV-00330,HIGH,APPROVAL_LIMIT,"Escalation protocol was bypassed. Transaction valued at $166,636 was approved at L2 without L3 countersignature.",0.887,RESOLVED,2023-07-14,2023-07-25
FND-004476,INV-00483,MEDIUM,EXPIRED_COMPLIANCE,"Payment of $483,740 released to BlueStar Procurement whose GDPR compliance expired 308 days before payment date.",0.423,VALIDATED,2024-09-13,2024-10-13
FND-004477,INV-00079,LOW,FRAUD_PATTERN,Employee EMP-68736 submitted 4 expense claims within 72 hours for identical amounts — potential duplicate fraud pattern.,0.4,RESOLVED,2023-06-18,2023-06-24
FND-004478,INV-00167,HIGH,APPROVAL_LIMIT,"Escalation protocol was bypassed. Transaction valued at $113,291 was approved at L1 without L4 countersignature.",0.85,VALIDATED,2024-07-09,2024-08-03
FND-004479,INV-00239,MEDIUM,APPROVAL_LIMIT,Transaction processed with approval from an officer whose delegated authority was 15% below the required threshold.,0.534,VALIDATED,2022-11-15,2022-12-12
FND-004480,INV-00295,MEDIUM,POLICY_BREACH,"Expense claim of $175,174 for Consulting exceeds the policy maximum of $500,000. Overage: $31,432.",0.623,OPEN,2021-08-31,2021-09-11
FND-004481,INV-00232,MEDIUM,POLICY_BREACH,"Expense claim of $498,811 for Travel exceeds the policy maximum of $5,000. Overage: $6,144.",0.565,ESCALATED,2022-10-07,2022-10-25
FND-004482,INV-00203,MEDIUM,POLICY_BREACH,"Entertainment expense of $33,609 submitted by EMP-78072 exceeds monthly policy allowance of $500,000.",0.484,OPEN,2024-04-07,2024-04-25
FND-004483,INV-00380,MEDIUM,POLICY_BREACH,"Entertainment expense of $421,758 submitted by EMP-65741 exceeds monthly policy allowance of $5,000.",0.614,OPEN,2023-06-13,2023-06-28
FND-004484,INV-00055,MEDIUM,VENDOR_RISK,"Vendor PrimeAxis Corp LLC holds CRITICAL risk rating. 2 payments totalling $4,913 processed in the audit period.",0.728,OPEN,2023-03-02,
FND-004485,INV-00074,LOW,POLICY_BREACH,"Claim EXP-131331 violates Policy POL-0013 section 4.2: Consulting expenditure capped at $25,000 per event.",0.257,ESCALATED,2024-10-10,
FND-004486,INV-00156,HIGH,MISSING_RECEIPT,"Reimbursement of $10,047 for Travel was approved despite no receipt documentation in the system.",0.876,RESOLVED,2022-12-25,
FND-004487,INV-00215,HIGH,POLICY_BREACH,Employee submitted Entertainment claim 63% above the authorised policy limit without prior exception approval.,0.9,VALIDATED,2024-09-24,2024-10-13
FND-004488,INV-00204,LOW,VENDOR_RISK,"Vendor FusionCore Analytics Inc holds CRITICAL risk rating. 6 payments totalling $18,162 processed in the audit period.",0.202,RESOLVED,2022-06-22,
FND-004489,INV-00405,HIGH,VENDOR_RISK,Payment issued to VND-VND-04230 rated LOW risk. Active contract CON-107669 in place. Enhanced due diligence not documented.,0.748,VALIDATED,2021-10-30,2021-11-20
FND-004490,INV-00485,CRITICAL,MISSING_RECEIPT,"Reimbursement of $499,776 for Entertainment was approved despite no receipt documentation in the system.",0.944,RESOLVED,2022-04-14,
FND-004491,INV-00295,CRITICAL,APPROVAL_LIMIT,"Payment of $387,410 approved at Level 2, which has a limit of $5,000. Transaction exceeded limit by $14,145.",0.927,OPEN,2024-11-14,2024-11-28
FND-004492,INV-00232,MEDIUM,MISSING_RECEIPT,Expense claim EXP-157437 submitted for Entertainment without an attached supporting receipt.,0.513,OPEN,2024-09-01,2024-09-19
FND-004493,INV-00299,MEDIUM,VENDOR_RISK,"BLACKLISTED vendor VND-VND-03649 received payment of $130,169 via contract CON-105589 that was not updated following blacklisting.",0.566,FALSE_POSITIVE,2022-05-24,2022-05-28
FND-004494,INV-00271,MEDIUM,VENDOR_RISK,"BLACKLISTED vendor VND-VND-03600 received payment of $11,949 via contract CON-104909 that was not updated following blacklisting.",0.636,OPEN,2022-11-12,2022-12-05
FND-004495,INV-00460,HIGH,MISSING_RECEIPT,"Reimbursement of $257,202 for Entertainment was approved despite no receipt documentation in the system.",0.809,OPEN,2023-08-23,2023-08-30
FND-004496,INV-00132,LOW,POLICY_BREACH,"Claim EXP-102227 violates Policy POL-0006 section 4.2: Training expenditure capped at $500,000 per event.",0.631,VALIDATED,2023-09-23,2023-10-01
FND-004497,INV-00466,MEDIUM,EXPIRED_COMPLIANCE,Compliance record CMP-104118 for vendor Apex Solutions Ltd was in EXPIRED status at time of payment processing.,0.696,RESOLVED,2023-09-28,2023-10-26
FND-004498,INV-00380,MEDIUM,FRAUD_PATTERN,"Round-number transaction of $428,253 processed at 05:27 — outside standard business hours. Flagged by anomaly detection.",0.685,OPEN,2021-07-09,2021-07-13
FND-004499,INV-00349,MEDIUM,FRAUD_PATTERN,Transaction routed through 8 intermediate accounts before reaching final beneficiary. Unusual for TRANSFER transaction type.,0.729,OPEN,2024-01-27,
FND-004500,INV-00472,LOW,MISSING_RECEIPT,"Reimbursement of $439,186 for Travel was approved despite no receipt documentation in the system.",0.511,OPEN,2023-08-08,2023-09-02
FND-004501,INV-00304,LOW,APPROVAL_LIMIT,"Payment of $303,822 approved at Level 1, which has a limit of $100,000. Transaction exceeded limit by $49,982.",0.53,OPEN,2021-12-30,2022-01-15
FND-004502,INV-00190,MEDIUM,MISSING_RECEIPT,Expense claim missing receipt. Policy POL-0005 requires receipts for all claims above $75.,0.626,ESCALATED,2024-01-08,
FND-004503,INV-00096,HIGH,FRAUD_PATTERN,Transaction routed through 5 intermediate accounts before reaching final beneficiary. Unusual for TRANSFER transaction type.,0.607,RESOLVED,2024-04-21,2024-05-12
FND-004504,INV-00412,LOW,MISSING_RECEIPT,Expense claim missing receipt. Policy POL-0002 requires receipts for all claims above $50.,0.331,VALIDATED,2023-09-20,2023-10-12
FND-004505,INV-00085,LOW,EXPIRED_COMPLIANCE,"Vendor VND-VND-02918 received payment of $24,660 on 2022-06-10. Compliance certificate expired on 2022-05-06 — 416 days prior.",0.419,RESOLVED,2023-03-19,2023-04-11
FND-004506,INV-00113,HIGH,APPROVAL_LIMIT,"Payment of $450,677 approved at Level 1, which has a limit of $25,000. Transaction exceeded limit by $45,349.",0.801,VALIDATED,2021-10-10,2021-10-18
FND-004507,INV-00407,MEDIUM,FRAUD_PATTERN,Employee EMP-65515 submitted 8 expense claims within 72 hours for identical amounts — potential duplicate fraud pattern.,0.745,VALIDATED,2024-08-03,
FND-004508,INV-00172,MEDIUM,MISSING_RECEIPT,Expense claim EXP-158499 submitted for Meals without an attached supporting receipt.,0.531,OPEN,2022-09-01,2022-09-07
FND-004509,INV-00042,CRITICAL,APPROVAL_LIMIT,Transaction processed with approval from an officer whose delegated authority was 45% below the required threshold.,0.803,RESOLVED,2021-09-21,
FND-004510,INV-00019,MEDIUM,APPROVAL_LIMIT,"Payment of $421,895 approved at Level 1, which has a limit of $100,000. Transaction exceeded limit by $12,994.",0.617,OPEN,2021-08-25,
FND-004511,INV-00417,MEDIUM,FRAUD_PATTERN,Employee EMP-39022 submitted 8 expense claims within 72 hours for identical amounts — potential duplicate fraud pattern.,0.692,OPEN,2023-02-07,2023-02-09
FND-004512,INV-00173,HIGH,FRAUD_PATTERN,Transaction routed through 5 intermediate accounts before reaching final beneficiary. Unusual for CASH_OUT transaction type.,0.885,VALIDATED,2023-09-10,2023-09-19
FND-004513,INV-00184,MEDIUM,POLICY_BREACH,"Entertainment expense of $136,691 submitted by EMP-47241 exceeds monthly policy allowance of $500,000.",0.411,VALIDATED,2024-02-22,
FND-004514,INV-00352,MEDIUM,EXPIRED_COMPLIANCE,"Payment of $292,416 released to Delta_Logistics whose SOC 2 compliance expired 363 days before payment date.",0.481,RESOLVED,2023-08-27,2023-09-17
FND-004515,INV-00306,MEDIUM,VENDOR_RISK,"High-risk vendor InnoCore Dynamics Group has no compliance record on file. Payment of $436,728 released without compliance clearance.",0.682,VALIDATED,2021-06-30,2021-07-16
FND-004516,INV-00097,CRITICAL,FRAUD_PATTERN,Employee EMP-37876 submitted 8 expense claims within 72 hours for identical amounts — potential duplicate fraud pattern.,0.781,VALIDATED,2023-07-23,2023-08-09
FND-004517,INV-00235,MEDIUM,EXPIRED_COMPLIANCE,Procurement team processed payment without checking compliance status. Certificate had been expired for 263 days.,0.709,VALIDATED,2024-04-06,2024-04-26
FND-004518,INV-00463,MEDIUM,APPROVAL_LIMIT,Transaction processed with approval from an officer whose delegated authority was 24% below the required threshold.,0.522,OPEN,2024-01-21,2024-02-17
FND-004519,INV-00149,LOW,EXPIRED_COMPLIANCE,Compliance record CMP-109149 for vendor HarborLight Services Holdings was in EXPIRED status at time of payment processing.,0.424,VALIDATED,2023-04-02,2023-04-20
FND-004520,INV-00080,HIGH,VENDOR_RISK,"High-risk vendor IronPoint Manufacturing Holdings has no compliance record on file. Payment of $229,594 released without compliance clearance.",0.885,OPEN,2023-06-08,2023-06-17
FND-004521,INV-00321,MEDIUM,EXPIRED_COMPLIANCE,Procurement team processed payment without checking compliance status. Certificate had been expired for 377 days.,0.474,VALIDATED,2022-08-25,
FND-004522,INV-00171,MEDIUM,APPROVAL_LIMIT,"Approval granted by EMP-46996 who was not authorised to approve amounts above $25,000. Transaction value: $220,222.",0.621,RESOLVED,2024-02-05,
FND-004523,INV-00462,MEDIUM,EXPIRED_COMPLIANCE,"Vendor VND-VND-03060 received payment of $43,791 on 2023-07-21. Compliance certificate expired on 2020-03-10 — 483 days prior.",0.522,OPEN,2024-04-15,
FND-004524,INV-00407,MEDIUM,POLICY_BREACH,Employee submitted Travel claim 71% above the authorised policy limit without prior exception approval.,0.634,OPEN,2024-09-10,2024-10-08
FND-004525,INV-00254,MEDIUM,APPROVAL_LIMIT,"Approval granted by EMP-47898 who was not authorised to approve amounts above $5,000. Transaction value: $373,364.",0.503,OPEN,2021-12-18,
FND-004526,INV-00131,HIGH,APPROVAL_LIMIT,"Payment of $136,482 approved at Level 2, which has a limit of $500,000. Transaction exceeded limit by $20,969.",0.647,RESOLVED,2022-02-05,
FND-004527,INV-00270,MEDIUM,FRAUD_PATTERN,Employee EMP-44391 submitted 8 expense claims within 72 hours for identical amounts — potential duplicate fraud pattern.,0.651,VALIDATED,2023-12-28,2024-01-04
FND-004528,INV-00006,MEDIUM,MISSING_RECEIPT,"Employee EMP-47657 submitted 4 claims totalling $5,874 without receipts in the review period.",0.598,OPEN,2023-01-14,2023-01-26
FND-004529,INV-00463,HIGH,MISSING_RECEIPT,"Employee EMP-29173 submitted 2 claims totalling $1,641 without receipts in the review period.",0.613,RESOLVED,2024-12-17,
FND-004530,INV-00264,MEDIUM,APPROVAL_LIMIT,"Approval granted by EMP-77175 who was not authorised to approve amounts above $25,000. Transaction value: $56,969.",0.41,VALIDATED,2024-08-02,2024-08-24
FND-004531,INV-00417,MEDIUM,POLICY_BREACH,"Entertainment expense of $489,245 submitted by EMP-24942 exceeds monthly policy allowance of $5,000.",0.521,RESOLVED,2021-10-13,2021-10-22
FND-004532,INV-00218,MEDIUM,VENDOR_RISK,Payment issued to VND-VND-02825 rated LOW risk. Active contract CON-104270 in place. Enhanced due diligence not documented.,0.555,OPEN,2024-05-13,2024-06-03
FND-004533,INV-00201,LOW,EXPIRED_COMPLIANCE,Procurement team processed payment without checking compliance status. Certificate had been expired for 334 days.,0.397,VALIDATED,2024-02-04,2024-02-28
FND-004534,INV-00118,MEDIUM,VENDOR_RISK,"Vendor SkyBridge Logistics Ltd holds CRITICAL risk rating. 2 payments totalling $14,444 processed in the audit period.",0.459,VALIDATED,2022-06-22,2022-07-02
FND-004535,INV-00295,LOW,VENDOR_RISK,"BLACKLISTED vendor VND-VND-00022 received payment of $443,671 via contract CON-106331 that was not updated following blacklisting.",0.589,OPEN,2024-07-16,2024-08-12
FND-004536,INV-00061,HIGH,APPROVAL_LIMIT,"Approval granted by EMP-71631 who was not authorised to approve amounts above $500,000. Transaction value: $185,846.",0.626,OPEN,2021-06-05,2021-06-19
FND-004537,INV-00364,LOW,FRAUD_PATTERN,"Round-number transaction of $62,030 processed at 00:20 — outside standard business hours. Flagged by anomaly detection.",0.27,OPEN,2023-09-06,2023-09-18
FND-004538,INV-00246,MEDIUM,MISSING_RECEIPT,"Reimbursement of $417,539 for Meals was approved despite no receipt documentation in the system.",0.558,RESOLVED,2024-05-19,
FND-004539,INV-00228,LOW,MISSING_RECEIPT,Expense claim EXP-155985 submitted for Equipment without an attached supporting receipt.,0.516,RESOLVED,2022-01-29,2022-02-22
FND-004540,INV-00243,MEDIUM,VENDOR_RISK,"BLACKLISTED vendor VND-VND-02726 received payment of $55,865 via contract CON-109784 that was not updated following blacklisting.",0.724,VALIDATED,2024-06-22,2024-07-19
FND-004541,INV-00177,CRITICAL,EXPIRED_COMPLIANCE,Compliance record CMP-108556 for vendor UltraVista Technologies Group was in EXPIRED status at time of payment processing.,0.973,ESCALATED,2022-06-06,
FND-004542,INV-00369,LOW,APPROVAL_LIMIT,"Escalation protocol was bypassed. Transaction valued at $287,252 was approved at L1 without L4 countersignature.",0.538,OPEN,2024-05-12,2024-06-10
FND-004543,INV-00446,HIGH,EXPIRED_COMPLIANCE,Procurement team processed payment without checking compliance status. Certificate had been expired for 458 days.,0.812,RESOLVED,2023-02-25,2023-03-08
FND-004544,INV-00395,MEDIUM,EXPIRED_COMPLIANCE,"Payment of $308,772 released to Gamma_Co whose ISO 27001 compliance expired 143 days before payment date.",0.682,RESOLVED,2022-08-24,
FND-004545,INV-00275,MEDIUM,POLICY_BREACH,"Entertainment expense of $399,866 submitted by EMP-27663 exceeds monthly policy allowance of $25,000.",0.65,OPEN,2021-11-08,2021-11-20
FND-004546,INV-00154,MEDIUM,MISSING_RECEIPT,"Employee EMP-10660 submitted 4 claims totalling $4,438 without receipts in the review period.",0.43,VALIDATED,2022-10-16,2022-11-11
FND-004547,INV-00120,MEDIUM,APPROVAL_LIMIT,"Escalation protocol was bypassed. Transaction valued at $31,773 was approved at L3 without L4 countersignature.",0.452,OPEN,2023-11-24,2023-12-11
FND-004548,INV-00096,MEDIUM,MISSING_RECEIPT,Expense claim missing receipt. Policy POL-0005 requires receipts for all claims above $50.,0.404,VALIDATED,2022-11-25,2022-11-28
FND-004549,INV-00077,LOW,EXPIRED_COMPLIANCE,"Payment of $21,045 released to Gamma_Co Ltd whose SOC 2 compliance expired 538 days before payment date.",0.641,VALIDATED,2023-10-01,2023-10-13
FND-004550,INV-00295,HIGH,VENDOR_RISK,"BLACKLISTED vendor VND-VND-04323 received payment of $162,852 via contract CON-109837 that was not updated following blacklisting.",0.806,OPEN,2022-09-22,
FND-004551,INV-00296,LOW,APPROVAL_LIMIT,"Payment of $150,354 approved at Level 3, which has a limit of $500,000. Transaction exceeded limit by $1,834.",0.517,VALIDATED,2022-06-24,
FND-004552,INV-00317,CRITICAL,APPROVAL_LIMIT,"Approval granted by EMP-66506 who was not authorised to approve amounts above $5,000. Transaction value: $385,897.",0.917,RESOLVED,2021-10-24,
FND-004553,INV-00436,MEDIUM,APPROVAL_LIMIT,Transaction processed with approval from an officer whose delegated authority was 71% below the required threshold.,0.614,VALIDATED,2024-09-20,2024-10-08
FND-004554,INV-00009,MEDIUM,POLICY_BREACH,"Expense claim of $20,823 for Consulting exceeds the policy maximum of $25,000. Overage: $19,699.",0.496,OPEN,2022-07-01,
FND-004555,INV-00005,HIGH,APPROVAL_LIMIT,Transaction processed with approval from an officer whose delegated authority was 9% below the required threshold.,0.891,VALIDATED,2022-11-25,2022-11-30
FND-004556,INV-00152,MEDIUM,FRAUD_PATTERN,Transaction routed through 3 intermediate accounts before reaching final beneficiary. Unusual for CASH_OUT transaction type.,0.51,OPEN,2024-08-20,
FND-004557,INV-00132,HIGH,EXPIRED_COMPLIANCE,"Vendor VND-VND-01061 received payment of $298,511 on 2022-05-14. Compliance certificate expired on 2022-04-17 — 207 days prior.",0.692,OPEN,2021-12-25,2022-01-21
FND-004558,INV-00442,LOW,FRAUD_PATTERN,"Round-number transaction of $486,003 processed at 04:19 — outside standard business hours. Flagged by anomaly detection.",0.277,RESOLVED,2024-12-22,
FND-004559,INV-00052,MEDIUM,EXPIRED_COMPLIANCE,Procurement team processed payment without checking compliance status. Certificate had been expired for 266 days.,0.581,RESOLVED,2023-12-26,
FND-004560,INV-00064,LOW,APPROVAL_LIMIT,"Escalation protocol was bypassed. Transaction valued at $115,571 was approved at L1 without L5 countersignature.",0.416,RESOLVED,2022-07-20,2022-07-30
FND-004561,INV-00087,LOW,VENDOR_RISK,"Vendor Gamma_Co International holds CRITICAL risk rating. 8 payments totalling $9,841 processed in the audit period.",0.297,ESCALATED,2023-06-26,2023-07-11
FND-004562,INV-00130,MEDIUM,MISSING_RECEIPT,Expense claim missing receipt. Policy POL-0003 requires receipts for all claims above $200.,0.665,ESCALATED,2021-07-09,2021-07-27
FND-004563,INV-00191,LOW,VENDOR_RISK,"High-risk vendor EcoVenture Supplies Group has no compliance record on file. Payment of $217,688 released without compliance clearance.",0.372,FALSE_POSITIVE,2024-02-14,2024-02-22
FND-004564,INV-00143,LOW,APPROVAL_LIMIT,"Escalation protocol was bypassed. Transaction valued at $415,684 was approved at L2 without L4 countersignature.",0.485,VALIDATED,2022-04-29,2022-05-26
FND-004565,INV-00089,LOW,APPROVAL_LIMIT,Transaction processed with approval from an officer whose delegated authority was 58% below the required threshold.,0.567,VALIDATED,2023-02-28,2023-03-16
FND-004566,INV-00128,LOW,POLICY_BREACH,"Expense claim of $240,586 for Training exceeds the policy maximum of $500,000. Overage: $31,968.",0.392,FALSE_POSITIVE,2021-07-05,2021-07-26
FND-004567,INV-00419,HIGH,MISSING_RECEIPT,Expense claim missing receipt. Policy POL-0007 requires receipts for all claims above $50.,0.681,OPEN,2023-02-17,2023-02-22
FND-004568,INV-00296,MEDIUM,EXPIRED_COMPLIANCE,Compliance record CMP-107141 for vendor TrueNorth Services was in EXPIRED status at time of payment processing.,0.653,OPEN,2024-03-03,2024-03-15
FND-004569,INV-00324,LOW,VENDOR_RISK,Payment issued to VND-VND-00303 rated LOW risk. Active contract CON-109889 in place. Enhanced due diligence not documented.,0.261,OPEN,2024-01-09,2024-01-26
FND-004570,INV-00218,LOW,MISSING_RECEIPT,Expense claim missing receipt. Policy POL-0020 requires receipts for all claims above $50.,0.335,OPEN,2023-02-28,2023-03-12
FND-004571,INV-00102,MEDIUM,MISSING_RECEIPT,Expense claim missing receipt. Policy POL-0007 requires receipts for all claims above $50.,0.458,RESOLVED,2024-10-29,2024-11-17
FND-004572,INV-00207,LOW,VENDOR_RISK,"Vendor Apex Solutions LLC holds CRITICAL risk rating. 3 payments totalling $2,186 processed in the audit period.",0.214,RESOLVED,2023-12-07,2023-12-08
FND-004573,INV-00389,CRITICAL,EXPIRED_COMPLIANCE,"Vendor VND-VND-02262 received payment of $279,175 on 2023-07-11. Compliance certificate expired on 2022-05-22 — 19 days prior.",0.951,RESOLVED,2022-06-04,2022-06-29
FND-004574,INV-00352,LOW,APPROVAL_LIMIT,Transaction processed with approval from an officer whose delegated authority was 63% below the required threshold.,0.244,RESOLVED,2024-08-05,2024-08-24
FND-004575,INV-00443,LOW,APPROVAL_LIMIT,"Approval granted by EMP-61682 who was not authorised to approve amounts above $25,000. Transaction value: $275,758.",0.241,RESOLVED,2022-09-08,2022-09-19
FND-004576,INV-00397,MEDIUM,VENDOR_RISK,Payment issued to VND-VND-04717 rated LOW risk. Active contract CON-107678 in place. Enhanced due diligence not documented.,0.453,OPEN,2024-06-08,2024-06-28
FND-004577,INV-00223,LOW,APPROVAL_LIMIT,"Approval granted by EMP-46605 who was not authorised to approve amounts above $100,000. Transaction value: $431,603.",0.379,VALIDATED,2022-02-19,2022-03-08
FND-004578,INV-00457,MEDIUM,APPROVAL_LIMIT,"Escalation protocol was bypassed. Transaction valued at $283,018 was approved at L1 without L5 countersignature.",0.66,RESOLVED,2022-06-04,2022-06-17
FND-004579,INV-00470,MEDIUM,POLICY_BREACH,"Expense claim of $325,583 for Training exceeds the policy maximum of $500,000. Overage: $28,559.",0.64,RESOLVED,2021-12-18,2021-12-22
FND-004580,INV-00309,LOW,FRAUD_PATTERN,"Round-number transaction of $243,025 processed at 03:28 — outside standard business hours. Flagged by anomaly detection.",0.321,FALSE_POSITIVE,2021-12-14,
FND-004581,INV-00399,MEDIUM,VENDOR_RISK,"Vendor PrimeAxis Corp Holdings holds CRITICAL risk rating. 8 payments totalling $7,981 processed in the audit period.",0.427,OPEN,2023-05-12,2023-05-25
FND-004582,INV-00142,LOW,MISSING_RECEIPT,Expense claim missing receipt. Policy POL-0018 requires receipts for all claims above $100.,0.384,OPEN,2024-05-05,2024-06-02
FND-004583,INV-00454,LOW,EXPIRED_COMPLIANCE,Compliance record CMP-109702 for vendor Beta_Supplies Group was in EXPIRED status at time of payment processing.,0.308,VALIDATED,2022-01-05,2022-01-23
FND-004584,INV-00218,HIGH,POLICY_BREACH,Employee submitted Software claim 34% above the authorised policy limit without prior exception approval.,0.898,RESOLVED,2024-07-27,
FND-004585,INV-00304,MEDIUM,VENDOR_RISK,Payment issued to VND-VND-02548 rated MEDIUM risk. Active contract CON-104241 in place. Enhanced due diligence not documented.,0.624,VALIDATED,2024-02-17,2024-02-29
FND-004586,INV-00298,HIGH,VENDOR_RISK,Payment issued to VND-VND-01014 rated LOW risk. Active contract CON-108670 in place. Enhanced due diligence not documented.,0.773,OPEN,2022-02-15,2022-03-10
FND-004587,INV-00099,LOW,EXPIRED_COMPLIANCE,"Payment of $388,531 released to FlowBridge Inc whose SOC 2 compliance expired 295 days before payment date.",0.347,ESCALATED,2021-09-21,2021-09-23
FND-004588,INV-00170,MEDIUM,MISSING_RECEIPT,"Employee EMP-35858 submitted 6 claims totalling $2,307 without receipts in the review period.",0.646,ESCALATED,2023-08-31,2023-09-14
FND-004589,INV-00105,MEDIUM,APPROVAL_LIMIT,"Approval granted by EMP-17332 who was not authorised to approve amounts above $25,000. Transaction value: $434,931.",0.604,RESOLVED,2022-10-06,2022-10-18
FND-004590,INV-00030,LOW,APPROVAL_LIMIT,Transaction processed with approval from an officer whose delegated authority was 39% below the required threshold.,0.575,OPEN,2022-12-16,2023-01-07
FND-004591,INV-00159,CRITICAL,VENDOR_RISK,Payment issued to VND-VND-03767 rated LOW risk. Active contract CON-101090 in place. Enhanced due diligence not documented.,0.936,OPEN,2022-07-02,2022-07-03
FND-004592,INV-00057,MEDIUM,APPROVAL_LIMIT,Transaction processed with approval from an officer whose delegated authority was 13% below the required threshold.,0.482,OPEN,2023-12-14,2023-12-26
FND-004593,INV-00187,MEDIUM,MISSING_RECEIPT,"Employee EMP-53823 submitted 8 claims totalling $3,433 without receipts in the review period.",0.401,FALSE_POSITIVE,2022-02-12,2022-03-09
FND-004594,INV-00299,MEDIUM,APPROVAL_LIMIT,"Approval granted by EMP-52897 who was not authorised to approve amounts above $100,000. Transaction value: $6,156.",0.501,ESCALATED,2021-06-22,2021-07-02
FND-004595,INV-00244,LOW,MISSING_RECEIPT,Expense claim missing receipt. Policy POL-0008 requires receipts for all claims above $200.,0.462,OPEN,2023-07-13,2023-08-07
FND-004596,INV-00036,MEDIUM,MISSING_RECEIPT,"Employee EMP-38417 submitted 2 claims totalling $15,630 without receipts in the review period.",0.546,OPEN,2022-09-18,
FND-004597,INV-00210,HIGH,VENDOR_RISK,Payment issued to VND-VND-04646 rated LOW risk. Active contract CON-102125 in place. Enhanced due diligence not documented.,0.734,OPEN,2024-10-06,
FND-004598,INV-00290,MEDIUM,EXPIRED_COMPLIANCE,Compliance record CMP-103064 for vendor TitanPath Holdings International was in EXPIRED status at time of payment processing.,0.499,FALSE_POSITIVE,2021-08-04,2021-08-07
FND-004599,INV-00277,CRITICAL,APPROVAL_LIMIT,"Approval granted by EMP-32277 who was not authorised to approve amounts above $100,000. Transaction value: $203,956.",0.874,ESCALATED,2022-09-05,
FND-004600,INV-00159,MEDIUM,EXPIRED_COMPLIANCE,"Payment of $417,466 released to FusionCore Analytics Inc whose PCI-DSS compliance expired 88 days before payment date.",0.562,OPEN,2022-08-08,
FND-004601,INV-00368,HIGH,FRAUD_PATTERN,"Split payment pattern detected: 6 transactions to same beneficiary totalling $13,316 — each below approval threshold of $500,000.",0.847,ESCALATED,2024-11-04,2024-11-22
FND-004602,INV-00458,MEDIUM,VENDOR_RISK,Payment issued to VND-VND-03660 rated HIGH risk. Active contract CON-104884 in place. Enhanced due diligence not documented.,0.65,VALIDATED,2021-08-28,2021-09-03
FND-004603,INV-00208,LOW,VENDOR_RISK,"Vendor Gamma_Co International holds CRITICAL risk rating. 8 payments totalling $9,780 processed in the audit period.",0.264,OPEN,2024-09-10,2024-09-24
FND-004604,INV-00417,MEDIUM,VENDOR_RISK,"Vendor RapidCore Consulting Holdings holds CRITICAL risk rating. 5 payments totalling $16,228 processed in the audit period.",0.606,RESOLVED,2022-08-20,2022-09-08
FND-004605,INV-00168,HIGH,EXPIRED_COMPLIANCE,"Vendor VND-VND-03746 received payment of $160,280 on 2023-01-30. Compliance certificate expired on 2022-07-28 — 19 days prior.",0.859,VALIDATED,2021-11-24,
FND-004606,INV-00010,MEDIUM,MISSING_RECEIPT,"Employee EMP-53176 submitted 8 claims totalling $7,380 without receipts in the review period.",0.627,RESOLVED,2022-09-29,
FND-004607,INV-00463,MEDIUM,POLICY_BREACH,"Entertainment expense of $379,488 submitted by EMP-34789 exceeds monthly policy allowance of $25,000.",0.526,VALIDATED,2021-06-29,
FND-004608,INV-00136,MEDIUM,MISSING_RECEIPT,"Reimbursement of $335,237 for Software was approved despite no receipt documentation in the system.",0.712,VALIDATED,2024-07-10,
FND-004609,INV-00164,MEDIUM,MISSING_RECEIPT,Expense claim EXP-156276 submitted for Meals without an attached supporting receipt.,0.579,VALIDATED,2022-06-19,2022-07-04
FND-004610,INV-00268,MEDIUM,APPROVAL_LIMIT,"Payment of $264,082 approved at Level 2, which has a limit of $25,000. Transaction exceeded limit by $25,554.",0.749,OPEN,2024-05-03,2024-05-24
FND-004611,INV-00307,MEDIUM,APPROVAL_LIMIT,"Payment of $245,593 approved at Level 2, which has a limit of $500,000. Transaction exceeded limit by $13,169.",0.607,VALIDATED,2024-05-07,
FND-004612,INV-00067,MEDIUM,VENDOR_RISK,"BLACKLISTED vendor VND-VND-03421 received payment of $248,576 via contract CON-102997 that was not updated following blacklisting.",0.568,ESCALATED,2021-11-05,2021-11-15
FND-004613,INV-00469,HIGH,EXPIRED_COMPLIANCE,Procurement team processed payment without checking compliance status. Certificate had been expired for 190 days.,0.769,RESOLVED,2024-08-01,
FND-004614,INV-00237,LOW,APPROVAL_LIMIT,Transaction processed with approval from an officer whose delegated authority was 17% below the required threshold.,0.421,OPEN,2021-12-01,2021-12-11
FND-004615,INV-00151,MEDIUM,FRAUD_PATTERN,Transaction routed through 3 intermediate accounts before reaching final beneficiary. Unusual for CASH_OUT transaction type.,0.531,OPEN,2023-01-02,2023-01-22
FND-004616,INV-00405,MEDIUM,MISSING_RECEIPT,"Reimbursement of $189,670 for Training was approved despite no receipt documentation in the system.",0.557,VALIDATED,2024-08-27,2024-09-13
FND-004617,INV-00112,MEDIUM,MISSING_RECEIPT,"Employee EMP-78939 submitted 4 claims totalling $16,252 without receipts in the review period.",0.447,OPEN,2023-03-17,
FND-004618,INV-00414,LOW,FRAUD_PATTERN,Employee EMP-59270 submitted 2 expense claims within 72 hours for identical amounts — potential duplicate fraud pattern.,0.504,ESCALATED,2024-02-11,2024-03-05
FND-004619,INV-00363,LOW,MISSING_RECEIPT,"Reimbursement of $18,799 for Accommodation was approved despite no receipt documentation in the system.",0.469,ESCALATED,2022-12-01,2022-12-23
FND-004620,INV-00157,MEDIUM,APPROVAL_LIMIT,"Escalation protocol was bypassed. Transaction valued at $144,046 was approved at L1 without L3 countersignature.",0.522,FALSE_POSITIVE,2022-01-07,2022-01-24
FND-004621,INV-00252,MEDIUM,POLICY_BREACH,"Claim EXP-162752 violates Policy POL-0014 section 4.2: Marketing expenditure capped at $5,000 per event.",0.63,OPEN,2021-09-14,2021-10-09
FND-004622,INV-00211,HIGH,POLICY_BREACH,"Claim EXP-149215 violates Policy POL-0005 section 4.2: Entertainment expenditure capped at $5,000 per event.",0.732,ESCALATED,2022-09-21,
FND-004623,INV-00195,CRITICAL,MISSING_RECEIPT,"Reimbursement of $199,413 for Equipment was approved despite no receipt documentation in the system.",0.936,RESOLVED,2024-07-06,
FND-004624,INV-00172,MEDIUM,EXPIRED_COMPLIANCE,Procurement team processed payment without checking compliance status. Certificate had been expired for 198 days.,0.716,ESCALATED,2024-11-07,2024-11-19
FND-004625,INV-00181,CRITICAL,MISSING_RECEIPT,Expense claim missing receipt. Policy POL-0005 requires receipts for all claims above $100.,0.82,VALIDATED,2024-11-04,2024-11-17
FND-004626,INV-00359,MEDIUM,MISSING_RECEIPT,"Employee EMP-95229 submitted 4 claims totalling $4,949 without receipts in the review period.",0.642,OPEN,2022-04-19,2022-05-04
FND-004627,INV-00197,LOW,MISSING_RECEIPT,"Reimbursement of $112,472 for Marketing was approved despite no receipt documentation in the system.",0.575,RESOLVED,2022-04-01,
FND-004628,INV-00143,MEDIUM,EXPIRED_COMPLIANCE,"Payment of $80,580 released to WaveCore Manufacturing Holdings whose GDPR compliance expired 453 days before payment date.",0.688,FALSE_POSITIVE,2022-11-18,
FND-004629,INV-00025,MEDIUM,VENDOR_RISK,"High-risk vendor RapidCore Consulting has no compliance record on file. Payment of $207,592 released without compliance clearance.",0.669,VALIDATED,2021-06-13,2021-06-23
FND-004630,INV-00096,MEDIUM,POLICY_BREACH,"Expense claim of $329,492 for Meals exceeds the policy maximum of $5,000. Overage: $10,077.",0.742,VALIDATED,2024-07-22,2024-08-19
FND-004631,INV-00021,LOW,VENDOR_RISK,Payment issued to VND-VND-04537 rated LOW risk. Active contract CON-103603 in place. Enhanced due diligence not documented.,0.62,RESOLVED,2023-12-18,
FND-004632,INV-00236,MEDIUM,POLICY_BREACH,"Claim EXP-143836 violates Policy POL-0010 section 4.2: Marketing expenditure capped at $100,000 per event.",0.653,FALSE_POSITIVE,2023-01-15,2023-01-29
FND-004633,INV-00307,HIGH,VENDOR_RISK,"High-risk vendor FusionCore Analytics Inc has no compliance record on file. Payment of $193,478 released without compliance clearance.",0.897,RESOLVED,2024-01-12,2024-01-17
FND-004634,INV-00031,MEDIUM,EXPIRED_COMPLIANCE,"Vendor VND-VND-04783 received payment of $35,399 on 2023-07-18. Compliance certificate expired on 2022-12-29 — 244 days prior.",0.7,OPEN,2021-12-16,2022-01-04
FND-004635,INV-00288,MEDIUM,POLICY_BREACH,"Entertainment expense of $395,012 submitted by EMP-35237 exceeds monthly policy allowance of $25,000.",0.679,RESOLVED,2021-12-14,
FND-004636,INV-00262,MEDIUM,VENDOR_RISK,"BLACKLISTED vendor VND-VND-00532 received payment of $290,912 via contract CON-100017 that was not updated following blacklisting.",0.462,VALIDATED,2023-12-12,
FND-004637,INV-00305,MEDIUM,FRAUD_PATTERN,Transaction routed through 5 intermediate accounts before reaching final beneficiary. Unusual for TRANSFER transaction type.,0.496,OPEN,2023-01-28,2023-02-25
FND-004638,INV-00023,MEDIUM,VENDOR_RISK,"Vendor EcoVenture Supplies International holds CRITICAL risk rating. 6 payments totalling $5,143 processed in the audit period.",0.643,RESOLVED,2023-07-25,
FND-004639,INV-00363,LOW,MISSING_RECEIPT,"Reimbursement of $310,861 for Software was approved despite no receipt documentation in the system.",0.423,OPEN,2023-01-13,2023-01-18
FND-004640,INV-00100,MEDIUM,POLICY_BREACH,"Claim EXP-178439 violates Policy POL-0018 section 4.2: Training expenditure capped at $500,000 per event.",0.436,OPEN,2022-01-18,2022-01-30
FND-004641,INV-00118,MEDIUM,MISSING_RECEIPT,"Employee EMP-59454 submitted 6 claims totalling $7,185 without receipts in the review period.",0.641,OPEN,2024-12-29,2025-01-14
FND-004642,INV-00149,HIGH,VENDOR_RISK,"High-risk vendor YellowBridge Partners International has no compliance record on file. Payment of $344,326 released without compliance clearance.",0.851,VALIDATED,2021-11-02,2021-11-06
FND-004643,INV-00410,HIGH,APPROVAL_LIMIT,"Payment of $222,175 approved at Level 3, which has a limit of $500,000. Transaction exceeded limit by $33,398.",0.625,VALIDATED,2024-07-20,2024-08-05
FND-004644,INV-00153,MEDIUM,MISSING_RECEIPT,"Employee EMP-66390 submitted 2 claims totalling $8,903 without receipts in the review period.",0.739,OPEN,2024-02-09,2024-02-29
FND-004645,INV-00177,LOW,MISSING_RECEIPT,"Employee EMP-90594 submitted 4 claims totalling $1,322 without receipts in the review period.",0.634,VALIDATED,2024-08-12,2024-09-05
FND-004646,INV-00150,MEDIUM,FRAUD_PATTERN,"Split payment pattern detected: 6 transactions to same beneficiary totalling $7,504 — each below approval threshold of $500,000.",0.431,VALIDATED,2023-03-04,
FND-004647,INV-00085,MEDIUM,FRAUD_PATTERN,Transaction routed through 5 intermediate accounts before reaching final beneficiary. Unusual for CASH_OUT transaction type.,0.581,RESOLVED,2022-05-18,2022-06-04
FND-004648,INV-00411,MEDIUM,APPROVAL_LIMIT,"Approval granted by EMP-15317 who was not authorised to approve amounts above $25,000. Transaction value: $295,816.",0.682,OPEN,2021-06-14,2021-07-01
FND-004649,INV-00269,HIGH,EXPIRED_COMPLIANCE,"Vendor VND-VND-03784 received payment of $160,501 on 2023-08-10. Compliance certificate expired on 2021-09-05 — 104 days prior.",0.76,RESOLVED,2022-08-24,2022-09-17
FND-004650,INV-00153,MEDIUM,MISSING_RECEIPT,"Employee EMP-80802 submitted 8 claims totalling $6,655 without receipts in the review period.",0.681,ESCALATED,2021-08-08,
FND-004651,INV-00200,HIGH,EXPIRED_COMPLIANCE,"Vendor VND-VND-04058 received payment of $43,132 on 2022-05-07. Compliance certificate expired on 2021-01-13 — 364 days prior.",0.8,RESOLVED,2023-12-26,2023-12-28
FND-004652,INV-00059,MEDIUM,EXPIRED_COMPLIANCE,"Payment of $140,785 released to IronPoint Manufacturing Ltd whose GDPR compliance expired 202 days before payment date.",0.447,VALIDATED,2024-02-04,2024-02-09
FND-004653,INV-00304,CRITICAL,EXPIRED_COMPLIANCE,"Payment of $453,092 released to OpenBridge Systems Group whose SOC 2 compliance expired 100 days before payment date.",0.974,ESCALATED,2021-07-18,2021-08-14
FND-004654,INV-00408,LOW,APPROVAL_LIMIT,Transaction processed with approval from an officer whose delegated authority was 57% below the required threshold.,0.228,OPEN,2023-05-24,
FND-004655,INV-00225,HIGH,MISSING_RECEIPT,Expense claim missing receipt. Policy POL-0020 requires receipts for all claims above $50.,0.73,RESOLVED,2022-11-22,2022-11-26
FND-004656,INV-00186,CRITICAL,APPROVAL_LIMIT,"Escalation protocol was bypassed. Transaction valued at $82,776 was approved at L1 without L4 countersignature.",0.959,VALIDATED,2023-10-22,
FND-004657,INV-00327,MEDIUM,POLICY_BREACH,"Entertainment expense of $217,495 submitted by EMP-49697 exceeds monthly policy allowance of $5,000.",0.71,ESCALATED,2023-02-04,2023-03-05
FND-004658,INV-00253,LOW,EXPIRED_COMPLIANCE,Procurement team processed payment without checking compliance status. Certificate had been expired for 252 days.,0.274,VALIDATED,2023-12-16,2023-12-29
FND-004659,INV-00465,LOW,VENDOR_RISK,"High-risk vendor OpenBridge Systems Ltd has no compliance record on file. Payment of $458,482 released without compliance clearance.",0.541,ESCALATED,2021-09-07,
FND-004660,INV-00267,HIGH,EXPIRED_COMPLIANCE,Compliance record CMP-100060 for vendor GlobalNex Corp was in EXPIRED status at time of payment processing.,0.875,RESOLVED,2023-06-23,2023-06-28
FND-004661,INV-00384,LOW,POLICY_BREACH,"Entertainment expense of $443,580 submitted by EMP-72579 exceeds monthly policy allowance of $25,000.",0.431,ESCALATED,2022-08-04,2022-08-06
FND-004662,INV-00297,CRITICAL,VENDOR_RISK,"Vendor RapidCore Consulting Holdings holds CRITICAL risk rating. 5 payments totalling $11,610 processed in the audit period.",0.904,ESCALATED,2023-09-02,
FND-004663,INV-00180,LOW,APPROVAL_LIMIT,"Payment of $290,325 approved at Level 3, which has a limit of $500,000. Transaction exceeded limit by $19,534.",0.406,VALIDATED,2023-09-27,
FND-004664,INV-00060,MEDIUM,VENDOR_RISK,"High-risk vendor GlobalNex Corp Inc has no compliance record on file. Payment of $21,997 released without compliance clearance.",0.622,ESCALATED,2022-08-15,2022-09-04
FND-004665,INV-00051,MEDIUM,APPROVAL_LIMIT,"Approval granted by EMP-84542 who was not authorised to approve amounts above $5,000. Transaction value: $85,477.",0.533,VALIDATED,2022-06-30,
FND-004666,INV-00067,MEDIUM,APPROVAL_LIMIT,"Escalation protocol was bypassed. Transaction valued at $50,114 was approved at L3 without L5 countersignature.",0.603,VALIDATED,2022-06-24,2022-06-25
FND-004667,INV-00404,MEDIUM,VENDOR_RISK,"High-risk vendor RedPoint Consulting Inc has no compliance record on file. Payment of $14,111 released without compliance clearance.",0.528,RESOLVED,2023-02-13,2023-02-15
FND-004668,INV-00118,MEDIUM,POLICY_BREACH,"Expense claim of $300,138 for Equipment exceeds the policy maximum of $25,000. Overage: $46,489.",0.487,RESOLVED,2022-12-04,2022-12-20
FND-004669,INV-00256,MEDIUM,VENDOR_RISK,"Vendor NorthBridge Supplies Inc holds CRITICAL risk rating. 5 payments totalling $1,029 processed in the audit period.",0.472,OPEN,2021-12-15,
FND-004670,INV-00113,MEDIUM,VENDOR_RISK,"BLACKLISTED vendor VND-VND-04574 received payment of $129,687 via contract CON-100423 that was not updated following blacklisting.",0.588,OPEN,2021-08-01,2021-08-23
FND-004671,INV-00012,CRITICAL,POLICY_BREACH,"Expense claim of $342,104 for Travel exceeds the policy maximum of $25,000. Overage: $5,269.",0.97,VALIDATED,2023-06-16,2023-07-02
FND-004672,INV-00388,CRITICAL,APPROVAL_LIMIT,"Approval granted by EMP-19370 who was not authorised to approve amounts above $500,000. Transaction value: $249,041.",0.777,FALSE_POSITIVE,2023-04-27,
FND-004673,INV-00422,LOW,POLICY_BREACH,"Entertainment expense of $289,052 submitted by EMP-93034 exceeds monthly policy allowance of $500,000.",0.268,OPEN,2022-02-17,2022-03-19
FND-004674,INV-00366,LOW,FRAUD_PATTERN,Employee EMP-93645 submitted 4 expense claims within 72 hours for identical amounts — potential duplicate fraud pattern.,0.574,RESOLVED,2021-06-12,
FND-004675,INV-00457,MEDIUM,APPROVAL_LIMIT,Transaction processed with approval from an officer whose delegated authority was 19% below the required threshold.,0.451,ESCALATED,2022-09-29,2022-10-29
FND-004676,INV-00073,MEDIUM,POLICY_BREACH,"Entertainment expense of $388,561 submitted by EMP-51580 exceeds monthly policy allowance of $5,000.",0.664,RESOLVED,2023-09-18,2023-10-11
FND-004677,INV-00314,LOW,POLICY_BREACH,Employee submitted Equipment claim 61% above the authorised policy limit without prior exception approval.,0.292,RESOLVED,2024-01-03,2024-01-10
FND-004678,INV-00253,LOW,MISSING_RECEIPT,"Reimbursement of $38,712 for Software was approved despite no receipt documentation in the system.",0.63,VALIDATED,2023-11-07,
FND-004679,INV-00233,HIGH,APPROVAL_LIMIT,Transaction processed with approval from an officer whose delegated authority was 40% below the required threshold.,0.611,RESOLVED,2022-02-27,
FND-004680,INV-00241,MEDIUM,APPROVAL_LIMIT,"Approval granted by EMP-15074 who was not authorised to approve amounts above $100,000. Transaction value: $125,107.",0.409,VALIDATED,2023-12-20,2024-01-01
FND-004681,INV-00427,LOW,EXPIRED_COMPLIANCE,Procurement team processed payment without checking compliance status. Certificate had been expired for 103 days.,0.497,OPEN,2022-07-11,
FND-004682,INV-00413,MEDIUM,VENDOR_RISK,"BLACKLISTED vendor VND-VND-00531 received payment of $446,755 via contract CON-107568 that was not updated following blacklisting.",0.487,VALIDATED,2021-08-14,2021-08-23
FND-004683,INV-00335,HIGH,VENDOR_RISK,Payment issued to VND-VND-01187 rated LOW risk. Active contract CON-102945 in place. Enhanced due diligence not documented.,0.835,OPEN,2023-03-30,
FND-004684,INV-00273,MEDIUM,FRAUD_PATTERN,"Round-number transaction of $415,431 processed at 03:46 — outside standard business hours. Flagged by anomaly detection.",0.461,RESOLVED,2022-08-12,
FND-004685,INV-00417,HIGH,MISSING_RECEIPT,"Employee EMP-72061 submitted 2 claims totalling $4,281 without receipts in the review period.",0.703,OPEN,2024-06-07,2024-06-28
FND-004686,INV-00297,LOW,VENDOR_RISK,"High-risk vendor MeridianTech LLC has no compliance record on file. Payment of $83,736 released without compliance clearance.",0.313,RESOLVED,2022-10-24,
FND-004687,INV-00381,HIGH,EXPIRED_COMPLIANCE,Procurement team processed payment without checking compliance status. Certificate had been expired for 420 days.,0.741,RESOLVED,2024-06-11,2024-06-28
FND-004688,INV-00009,MEDIUM,EXPIRED_COMPLIANCE,"Payment of $307,884 released to JadeCore Solutions LLC whose PCI-DSS compliance expired 488 days before payment date.",0.523,OPEN,2021-07-01,2021-07-28
FND-004689,INV-00069,MEDIUM,FRAUD_PATTERN,"Split payment pattern detected: 3 transactions to same beneficiary totalling $6,260 — each below approval threshold of $100,000.",0.438,VALIDATED,2022-04-28,2022-05-28
FND-004690,INV-00038,MEDIUM,POLICY_BREACH,Employee submitted Office Supplies claim 71% above the authorised policy limit without prior exception approval.,0.416,VALIDATED,2021-12-07,2021-12-23
FND-004691,INV-00211,LOW,APPROVAL_LIMIT,"Escalation protocol was bypassed. Transaction valued at $297,916 was approved at L1 without L4 countersignature.",0.496,VALIDATED,2023-09-04,
FND-004692,INV-00069,MEDIUM,APPROVAL_LIMIT,"Payment of $87,625 approved at Level 3, which has a limit of $5,000. Transaction exceeded limit by $18,362.",0.408,RESOLVED,2023-09-04,2023-09-23
FND-004693,INV-00422,MEDIUM,EXPIRED_COMPLIANCE,"Vendor VND-VND-00259 received payment of $368,985 on 2023-02-15. Compliance certificate expired on 2020-06-17 — 202 days prior.",0.413,OPEN,2024-10-23,
FND-004694,INV-00031,MEDIUM,EXPIRED_COMPLIANCE,"Payment of $349,920 released to Apex Solutions Holdings whose SOC 2 compliance expired 248 days before payment date.",0.742,VALIDATED,2023-08-15,
FND-004695,INV-00307,MEDIUM,APPROVAL_LIMIT,"Approval granted by EMP-58136 who was not authorised to approve amounts above $25,000. Transaction value: $93,075.",0.437,VALIDATED,2021-07-07,2021-07-28
FND-004696,INV-00065,HIGH,FRAUD_PATTERN,Transaction routed through 3 intermediate accounts before reaching final beneficiary. Unusual for TRANSFER transaction type.,0.646,OPEN,2022-10-22,2022-11-15
FND-004697,INV-00100,MEDIUM,EXPIRED_COMPLIANCE,Compliance record CMP-102742 for vendor CoreVault Systems was in EXPIRED status at time of payment processing.,0.681,OPEN,2024-01-03,2024-01-05
FND-004698,INV-00375,LOW,FRAUD_PATTERN,Employee EMP-25623 submitted 2 expense claims within 72 hours for identical amounts — potential duplicate fraud pattern.,0.364,VALIDATED,2023-04-08,2023-04-12
FND-004699,INV-00229,LOW,EXPIRED_COMPLIANCE,Procurement team processed payment without checking compliance status. Certificate had been expired for 258 days.,0.54,RESOLVED,2023-09-27,
FND-004700,INV-00166,HIGH,VENDOR_RISK,"Vendor Gamma_Co Holdings holds CRITICAL risk rating. 6 payments totalling $14,738 processed in the audit period.",0.813,RESOLVED,2024-11-24,
FND-004701,INV-00438,HIGH,MISSING_RECEIPT,Expense claim missing receipt. Policy POL-0006 requires receipts for all claims above $100.,0.769,ESCALATED,2024-08-30,2024-09-07
FND-004702,INV-00430,MEDIUM,VENDOR_RISK,"High-risk vendor ClearPath Logistics International has no compliance record on file. Payment of $462,554 released without compliance clearance.",0.535,OPEN,2022-05-01,2022-05-17
FND-004703,INV-00264,LOW,APPROVAL_LIMIT,Transaction processed with approval from an officer whose delegated authority was 28% below the required threshold.,0.423,VALIDATED,2024-06-12,2024-07-10
FND-004704,INV-00481,HIGH,VENDOR_RISK,"BLACKLISTED vendor VND-VND-04619 received payment of $420,613 via contract CON-104286 that was not updated following blacklisting.",0.616,VALIDATED,2022-04-26,
FND-004705,INV-00053,MEDIUM,POLICY_BREACH,"Entertainment expense of $326,673 submitted by EMP-71143 exceeds monthly policy allowance of $100,000.",0.632,RESOLVED,2022-04-23,
FND-004706,INV-00132,MEDIUM,VENDOR_RISK,"High-risk vendor JadeCore Solutions LLC has no compliance record on file. Payment of $315,966 released without compliance clearance.",0.647,OPEN,2021-08-17,
FND-004707,INV-00280,MEDIUM,FRAUD_PATTERN,"Round-number transaction of $448,379 processed at 02:48 — outside standard business hours. Flagged by anomaly detection.",0.745,RESOLVED,2023-12-10,
FND-004708,INV-00377,MEDIUM,VENDOR_RISK,Payment issued to VND-VND-03517 rated LOW risk. Active contract CON-105349 in place. Enhanced due diligence not documented.,0.523,RESOLVED,2021-09-03,2021-09-16
FND-004709,INV-00174,HIGH,POLICY_BREACH,"Expense claim of $74,547 for Travel exceeds the policy maximum of $500,000. Overage: $16,491.",0.663,VALIDATED,2023-05-19,2023-06-06
FND-004710,INV-00230,MEDIUM,APPROVAL_LIMIT,"Payment of $101,207 approved at Level 1, which has a limit of $25,000. Transaction exceeded limit by $45,157.",0.531,RESOLVED,2023-10-23,
FND-004711,INV-00239,LOW,EXPIRED_COMPLIANCE,"Payment of $468,861 released to XpressCore Dynamics Inc whose PCI-DSS compliance expired 485 days before payment date.",0.533,VALIDATED,2023-07-18,2023-07-23
FND-004712,INV-00497,LOW,FRAUD_PATTERN,"Split payment pattern detected: 4 transactions to same beneficiary totalling $12,145 — each below approval threshold of $25,000.",0.503,RESOLVED,2022-04-15,
FND-004713,INV-00467,LOW,EXPIRED_COMPLIANCE,Compliance record CMP-108096 for vendor FusionCore Analytics International was in EXPIRED status at time of payment processing.,0.565,VALIDATED,2024-12-09,2024-12-13
FND-004714,INV-00467,MEDIUM,MISSING_RECEIPT,"Reimbursement of $471,503 for Software was approved despite no receipt documentation in the system.",0.443,OPEN,2024-04-21,2024-05-15
FND-004715,INV-00473,MEDIUM,APPROVAL_LIMIT,"Approval granted by EMP-68666 who was not authorised to approve amounts above $25,000. Transaction value: $345,765.",0.663,RESOLVED,2022-12-14,
FND-004716,INV-00114,LOW,MISSING_RECEIPT,Expense claim EXP-127066 submitted for Software without an attached supporting receipt.,0.213,FALSE_POSITIVE,2024-08-11,2024-08-13
FND-004717,INV-00087,MEDIUM,FRAUD_PATTERN,"Split payment pattern detected: 7 transactions to same beneficiary totalling $11,772 — each below approval threshold of $5,000.",0.645,ESCALATED,2024-10-17,2024-10-20
FND-004718,INV-00057,MEDIUM,EXPIRED_COMPLIANCE,"Vendor VND-VND-03068 received payment of $433,101 on 2022-05-10. Compliance certificate expired on 2020-10-30 — 148 days prior.",0.525,RESOLVED,2023-10-19,2023-10-27
FND-004719,INV-00300,LOW,MISSING_RECEIPT,"Employee EMP-11058 submitted 2 claims totalling $11,066 without receipts in the review period.",0.411,RESOLVED,2024-09-10,2024-09-26
FND-004720,INV-00050,MEDIUM,FRAUD_PATTERN,"Round-number transaction of $132,472 processed at 00:51 — outside standard business hours. Flagged by anomaly detection.",0.602,VALIDATED,2024-04-26,2024-04-29
FND-004721,INV-00022,LOW,APPROVAL_LIMIT,"Approval granted by EMP-55752 who was not authorised to approve amounts above $500,000. Transaction value: $65,218.",0.471,VALIDATED,2024-11-26,2024-12-04
FND-004722,INV-00149,HIGH,MISSING_RECEIPT,"Reimbursement of $477,761 for Software was approved despite no receipt documentation in the system.",0.886,VALIDATED,2022-08-21,2022-08-24
FND-004723,INV-00180,CRITICAL,POLICY_BREACH,"Expense claim of $426,672 for Training exceeds the policy maximum of $500,000. Overage: $17,451.",0.944,OPEN,2023-04-03,
FND-004724,INV-00076,MEDIUM,VENDOR_RISK,Payment issued to VND-VND-03893 rated MEDIUM risk. Active contract CON-108739 in place. Enhanced due diligence not documented.,0.61,OPEN,2024-07-08,2024-07-16
FND-004725,INV-00098,MEDIUM,POLICY_BREACH,"Expense claim of $25,677 for Office Supplies exceeds the policy maximum of $25,000. Overage: $27,836.",0.556,VALIDATED,2023-04-05,
FND-004726,INV-00316,MEDIUM,MISSING_RECEIPT,Expense claim missing receipt. Policy POL-0013 requires receipts for all claims above $100.,0.473,RESOLVED,2022-12-22,2022-12-26
FND-004727,INV-00386,MEDIUM,FRAUD_PATTERN,Transaction routed through 8 intermediate accounts before reaching final beneficiary. Unusual for CASH_OUT transaction type.,0.726,OPEN,2023-10-14,2023-11-12
FND-004728,INV-00411,LOW,MISSING_RECEIPT,"Reimbursement of $164,239 for Marketing was approved despite no receipt documentation in the system.",0.272,RESOLVED,2024-05-12,
FND-004729,INV-00248,LOW,VENDOR_RISK,"BLACKLISTED vendor VND-VND-00501 received payment of $187,986 via contract CON-105665 that was not updated following blacklisting.",0.209,VALIDATED,2022-10-13,
FND-004730,INV-00153,MEDIUM,MISSING_RECEIPT,Expense claim missing receipt. Policy POL-0018 requires receipts for all claims above $50.,0.453,VALIDATED,2024-09-19,2024-10-09
FND-004731,INV-00155,MEDIUM,EXPIRED_COMPLIANCE,"Vendor VND-VND-01921 received payment of $207,920 on 2024-03-18. Compliance certificate expired on 2020-11-21 — 373 days prior.",0.695,VALIDATED,2024-10-02,
FND-004732,INV-00474,MEDIUM,POLICY_BREACH,"Entertainment expense of $275,549 submitted by EMP-16980 exceeds monthly policy allowance of $500,000.",0.576,RESOLVED,2023-10-17,2023-11-01
FND-004733,INV-00227,MEDIUM,POLICY_BREACH,"Claim EXP-166003 violates Policy POL-0007 section 4.2: Training expenditure capped at $100,000 per event.",0.468,ESCALATED,2023-02-04,2023-02-10
FND-004734,INV-00151,CRITICAL,MISSING_RECEIPT,Expense claim missing receipt. Policy POL-0015 requires receipts for all claims above $50.,0.801,RESOLVED,2024-06-03,2024-07-02
FND-004735,INV-00367,CRITICAL,POLICY_BREACH,"Entertainment expense of $388,772 submitted by EMP-43496 exceeds monthly policy allowance of $25,000.",0.985,ESCALATED,2023-01-27,2023-02-01
FND-004736,INV-00100,LOW,EXPIRED_COMPLIANCE,Compliance record CMP-107111 for vendor BlueStar Procurement Holdings was in EXPIRED status at time of payment processing.,0.255,VALIDATED,2022-08-10,
FND-004737,INV-00246,LOW,POLICY_BREACH,"Claim EXP-158957 violates Policy POL-0010 section 4.2: Travel expenditure capped at $500,000 per event.",0.292,RESOLVED,2022-09-16,2022-09-18
FND-004738,INV-00089,MEDIUM,APPROVAL_LIMIT,Transaction processed with approval from an officer whose delegated authority was 5% below the required threshold.,0.548,VALIDATED,2023-08-10,2023-08-28
FND-004739,INV-00309,MEDIUM,MISSING_RECEIPT,Expense claim missing receipt. Policy POL-0004 requires receipts for all claims above $200.,0.728,OPEN,2024-05-06,2024-06-05
FND-004740,INV-00409,HIGH,MISSING_RECEIPT,Expense claim missing receipt. Policy POL-0018 requires receipts for all claims above $75.,0.702,OPEN,2021-10-02,
FND-004741,INV-00006,LOW,APPROVAL_LIMIT,"Escalation protocol was bypassed. Transaction valued at $241,663 was approved at L2 without L3 countersignature.",0.538,OPEN,2023-02-22,2023-03-23
FND-004742,INV-00303,MEDIUM,EXPIRED_COMPLIANCE,Compliance record CMP-107850 for vendor BlueStar Procurement Group was in EXPIRED status at time of payment processing.,0.408,OPEN,2022-03-10,2022-03-15
FND-004743,INV-00489,HIGH,VENDOR_RISK,"High-risk vendor BlueStar Procurement LLC has no compliance record on file. Payment of $55,402 released without compliance clearance.",0.765,FALSE_POSITIVE,2023-02-06,2023-03-02
FND-004744,INV-00113,LOW,FRAUD_PATTERN,Transaction routed through 2 intermediate accounts before reaching final beneficiary. Unusual for TRANSFER transaction type.,0.294,VALIDATED,2021-06-16,2021-06-24
FND-004745,INV-00254,CRITICAL,POLICY_BREACH,"Expense claim of $402,990 for Entertainment exceeds the policy maximum of $25,000. Overage: $40,609.",0.876,RESOLVED,2022-06-16,
FND-004746,INV-00031,CRITICAL,FRAUD_PATTERN,"Round-number transaction of $283,401 processed at 01:16 — outside standard business hours. Flagged by anomaly detection.",0.936,RESOLVED,2023-05-28,
FND-004747,INV-00240,MEDIUM,VENDOR_RISK,Payment issued to VND-VND-00958 rated MEDIUM risk. Active contract CON-105491 in place. Enhanced due diligence not documented.,0.404,ESCALATED,2021-12-14,2021-12-17
FND-004748,INV-00177,HIGH,APPROVAL_LIMIT,"Payment of $5,247 approved at Level 3, which has a limit of $100,000. Transaction exceeded limit by $26,361.",0.875,VALIDATED,2023-03-30,
FND-004749,INV-00028,CRITICAL,EXPIRED_COMPLIANCE,"Vendor VND-VND-02303 received payment of $312,516 on 2023-01-04. Compliance certificate expired on 2021-08-08 — 141 days prior.",0.835,VALIDATED,2024-04-20,
FND-004750,INV-00156,MEDIUM,MISSING_RECEIPT,"Employee EMP-49320 submitted 8 claims totalling $19,342 without receipts in the review period.",0.59,VALIDATED,2022-12-27,2023-01-20
FND-004751,INV-00277,MEDIUM,MISSING_RECEIPT,Expense claim missing receipt. Policy POL-0006 requires receipts for all claims above $50.,0.585,VALIDATED,2024-02-05,2024-02-18
FND-004752,INV-00385,MEDIUM,FRAUD_PATTERN,"Split payment pattern detected: 4 transactions to same beneficiary totalling $6,809 — each below approval threshold of $25,000.",0.599,VALIDATED,2021-10-07,2021-10-22
FND-004753,INV-00283,MEDIUM,EXPIRED_COMPLIANCE,Compliance record CMP-109411 for vendor XpressCore Dynamics Ltd was in EXPIRED status at time of payment processing.,0.429,VALIDATED,2023-03-18,2023-04-14
FND-004754,INV-00421,LOW,APPROVAL_LIMIT,"Escalation protocol was bypassed. Transaction valued at $360,036 was approved at L3 without L5 countersignature.",0.349,FALSE_POSITIVE,2023-05-14,2023-06-09
FND-004755,INV-00480,MEDIUM,VENDOR_RISK,"High-risk vendor XcelPath Networks International has no compliance record on file. Payment of $427,679 released without compliance clearance.",0.468,FALSE_POSITIVE,2021-06-12,
FND-004756,INV-00418,LOW,APPROVAL_LIMIT,"Payment of $20,428 approved at Level 2, which has a limit of $100,000. Transaction exceeded limit by $48,867.",0.478,RESOLVED,2023-05-28,2023-06-04
FND-004757,INV-00118,LOW,VENDOR_RISK,Payment issued to VND-VND-03981 rated LOW risk. Active contract CON-100414 in place. Enhanced due diligence not documented.,0.355,VALIDATED,2023-06-30,
FND-004758,INV-00334,HIGH,POLICY_BREACH,"Expense claim of $370,817 for Office Supplies exceeds the policy maximum of $5,000. Overage: $48,823.",0.792,RESOLVED,2021-10-22,2021-11-17
FND-004759,INV-00089,MEDIUM,POLICY_BREACH,"Claim EXP-171020 violates Policy POL-0012 section 4.2: Marketing expenditure capped at $25,000 per event.",0.413,RESOLVED,2022-02-19,
FND-004760,INV-00280,LOW,APPROVAL_LIMIT,"Payment of $269,448 approved at Level 2, which has a limit of $25,000. Transaction exceeded limit by $16,718.",0.262,OPEN,2021-11-23,2021-11-24
FND-004761,INV-00155,MEDIUM,POLICY_BREACH,"Claim EXP-184810 violates Policy POL-0013 section 4.2: Meals expenditure capped at $100,000 per event.",0.556,RESOLVED,2022-09-29,2022-10-24
FND-004762,INV-00358,HIGH,VENDOR_RISK,Payment issued to VND-VND-00631 rated LOW risk. Active contract CON-108803 in place. Enhanced due diligence not documented.,0.889,OPEN,2023-06-02,
FND-004763,INV-00185,MEDIUM,APPROVAL_LIMIT,"Payment of $271,899 approved at Level 2, which has a limit of $500,000. Transaction exceeded limit by $32,971.",0.414,OPEN,2021-08-26,2021-09-05
FND-004764,INV-00348,MEDIUM,EXPIRED_COMPLIANCE,Compliance record CMP-106845 for vendor UnityCore Technologies Ltd was in EXPIRED status at time of payment processing.,0.402,OPEN,2022-01-30,
FND-004765,INV-00227,MEDIUM,MISSING_RECEIPT,"Reimbursement of $347,170 for Equipment was approved despite no receipt documentation in the system.",0.632,OPEN,2024-01-04,
FND-004766,INV-00030,HIGH,EXPIRED_COMPLIANCE,"Vendor VND-VND-03773 received payment of $51,038 on 2023-01-26. Compliance certificate expired on 2020-01-31 — 506 days prior.",0.691,VALIDATED,2024-08-07,2024-08-31
FND-004767,INV-00107,HIGH,VENDOR_RISK,"High-risk vendor VoltEdge Solutions Ltd has no compliance record on file. Payment of $154,288 released without compliance clearance.",0.855,RESOLVED,2022-04-07,2022-04-23
FND-004768,INV-00038,MEDIUM,MISSING_RECEIPT,Expense claim EXP-100784 submitted for Consulting without an attached supporting receipt.,0.473,OPEN,2024-04-12,
FND-004769,INV-00165,MEDIUM,VENDOR_RISK,"Vendor UnityCore Technologies Group holds CRITICAL risk rating. 3 payments totalling $15,056 processed in the audit period.",0.655,VALIDATED,2021-08-31,2021-09-04
FND-004770,INV-00264,CRITICAL,VENDOR_RISK,"High-risk vendor Gamma_Co Group has no compliance record on file. Payment of $347,574 released without compliance clearance.",0.873,VALIDATED,2024-12-05,
FND-004771,INV-00475,CRITICAL,POLICY_BREACH,"Claim EXP-178744 violates Policy POL-0020 section 4.2: Consulting expenditure capped at $500,000 per event.",0.91,RESOLVED,2023-11-30,2023-12-23
FND-004772,INV-00057,MEDIUM,POLICY_BREACH,"Entertainment expense of $107,475 submitted by EMP-82774 exceeds monthly policy allowance of $500,000.",0.537,OPEN,2023-04-27,2023-05-25
FND-004773,INV-00377,MEDIUM,MISSING_RECEIPT,"Employee EMP-56569 submitted 7 claims totalling $19,326 without receipts in the review period.",0.717,OPEN,2024-12-17,
FND-004774,INV-00162,MEDIUM,FRAUD_PATTERN,"Split payment pattern detected: 3 transactions to same beneficiary totalling $2,690 — each below approval threshold of $25,000.",0.627,OPEN,2022-05-13,2022-06-03
FND-004775,INV-00096,CRITICAL,EXPIRED_COMPLIANCE,Compliance record CMP-104845 for vendor LucentBridge Technologies was in EXPIRED status at time of payment processing.,0.783,OPEN,2023-02-01,
FND-004776,INV-00458,HIGH,APPROVAL_LIMIT,"Approval granted by EMP-57029 who was not authorised to approve amounts above $100,000. Transaction value: $366,497.",0.722,VALIDATED,2022-08-18,2022-08-30
FND-004777,INV-00446,MEDIUM,VENDOR_RISK,Payment issued to VND-VND-01458 rated LOW risk. Active contract CON-107156 in place. Enhanced due diligence not documented.,0.413,VALIDATED,2022-11-09,2022-11-27
FND-004778,INV-00266,MEDIUM,APPROVAL_LIMIT,"Approval granted by EMP-22577 who was not authorised to approve amounts above $25,000. Transaction value: $247,962.",0.593,ESCALATED,2023-11-26,2023-11-29
FND-004779,INV-00411,HIGH,MISSING_RECEIPT,Expense claim EXP-148526 submitted for Meals without an attached supporting receipt.,0.823,OPEN,2023-09-18,2023-09-27
FND-004780,INV-00255,MEDIUM,APPROVAL_LIMIT,"Payment of $479,277 approved at Level 1, which has a limit of $5,000. Transaction exceeded limit by $25,364.",0.43,OPEN,2024-04-04,2024-04-26
FND-004781,INV-00394,HIGH,APPROVAL_LIMIT,"Payment of $16,854 approved at Level 2, which has a limit of $25,000. Transaction exceeded limit by $7,034.",0.845,VALIDATED,2022-09-09,2022-09-14
FND-004782,INV-00382,HIGH,MISSING_RECEIPT,Expense claim EXP-148043 submitted for Travel without an attached supporting receipt.,0.803,VALIDATED,2024-11-19,2024-12-12
FND-004783,INV-00321,MEDIUM,EXPIRED_COMPLIANCE,Procurement team processed payment without checking compliance status. Certificate had been expired for 480 days.,0.743,VALIDATED,2022-12-07,2022-12-26
FND-004784,INV-00366,LOW,VENDOR_RISK,"High-risk vendor LatticeCore Partners Holdings has no compliance record on file. Payment of $419,246 released without compliance clearance.",0.458,RESOLVED,2024-07-22,
FND-004785,INV-00095,MEDIUM,APPROVAL_LIMIT,"Approval granted by EMP-77210 who was not authorised to approve amounts above $25,000. Transaction value: $265,202.",0.586,VALIDATED,2023-07-20,
FND-004786,INV-00425,HIGH,MISSING_RECEIPT,Expense claim missing receipt. Policy POL-0011 requires receipts for all claims above $200.,0.831,OPEN,2024-01-31,2024-02-10
FND-004787,INV-00101,LOW,EXPIRED_COMPLIANCE,Compliance record CMP-109107 for vendor OpenBridge Systems Group was in EXPIRED status at time of payment processing.,0.516,VALIDATED,2023-01-14,
FND-004788,INV-00450,MEDIUM,APPROVAL_LIMIT,"Escalation protocol was bypassed. Transaction valued at $324,899 was approved at L2 without L5 countersignature.",0.53,OPEN,2023-06-07,
FND-004789,INV-00183,MEDIUM,POLICY_BREACH,"Entertainment expense of $378,557 submitted by EMP-17937 exceeds monthly policy allowance of $25,000.",0.573,OPEN,2024-04-11,
FND-004790,INV-00285,MEDIUM,MISSING_RECEIPT,Expense claim missing receipt. Policy POL-0010 requires receipts for all claims above $200.,0.748,ESCALATED,2022-06-23,2022-07-21
FND-004791,INV-00436,MEDIUM,VENDOR_RISK,"Vendor MomentumCore Corp Inc holds CRITICAL risk rating. 6 payments totalling $3,479 processed in the audit period.",0.661,OPEN,2023-08-12,2023-08-27
FND-004792,INV-00500,MEDIUM,EXPIRED_COMPLIANCE,Procurement team processed payment without checking compliance status. Certificate had been expired for 274 days.,0.688,RESOLVED,2022-08-25,2022-09-08
FND-004793,INV-00399,LOW,VENDOR_RISK,"High-risk vendor Beta_Supplies Inc has no compliance record on file. Payment of $40,975 released without compliance clearance.",0.389,VALIDATED,2023-10-16,2023-11-08
FND-004794,INV-00201,MEDIUM,APPROVAL_LIMIT,"Escalation protocol was bypassed. Transaction valued at $305,710 was approved at L2 without L4 countersignature.",0.729,RESOLVED,2021-07-31,2021-08-27
FND-004795,INV-00404,LOW,EXPIRED_COMPLIANCE,"Payment of $399,521 released to GlobalNex Corp whose PCI-DSS compliance expired 21 days before payment date.",0.238,VALIDATED,2023-06-07,
FND-004796,INV-00052,MEDIUM,MISSING_RECEIPT,Expense claim missing receipt. Policy POL-0016 requires receipts for all claims above $75.,0.536,RESOLVED,2022-06-30,2022-07-07
FND-004797,INV-00192,MEDIUM,EXPIRED_COMPLIANCE,"Payment of $388,645 released to KineticBlue Ltd whose ISO 27001 compliance expired 58 days before payment date.",0.591,RESOLVED,2023-02-26,
FND-004798,INV-00075,MEDIUM,POLICY_BREACH,"Claim EXP-181906 violates Policy POL-0019 section 4.2: Travel expenditure capped at $5,000 per event.",0.615,VALIDATED,2022-07-04,
FND-004799,INV-00470,MEDIUM,EXPIRED_COMPLIANCE,Procurement team processed payment without checking compliance status. Certificate had been expired for 218 days.,0.744,VALIDATED,2022-03-27,
FND-004800,INV-00035,HIGH,APPROVAL_LIMIT,"Payment of $172,167 approved at Level 1, which has a limit of $5,000. Transaction exceeded limit by $29,945.",0.892,OPEN,2021-08-09,2021-08-12
FND-004801,INV-00071,LOW,APPROVAL_LIMIT,Transaction processed with approval from an officer whose delegated authority was 63% below the required threshold.,0.492,OPEN,2022-03-19,2022-04-11
FND-004802,INV-00025,LOW,APPROVAL_LIMIT,"Approval granted by EMP-32924 who was not authorised to approve amounts above $500,000. Transaction value: $431,221.",0.622,RESOLVED,2024-08-09,2024-08-26
FND-004803,INV-00382,MEDIUM,EXPIRED_COMPLIANCE,"Payment of $461,934 released to LatticeCore Partners Inc whose PCI-DSS compliance expired 468 days before payment date.",0.477,VALIDATED,2021-08-24,2021-09-01
FND-004804,INV-00238,CRITICAL,FRAUD_PATTERN,Employee EMP-22188 submitted 3 expense claims within 72 hours for identical amounts — potential duplicate fraud pattern.,0.848,VALIDATED,2021-11-09,2021-11-17
FND-004805,INV-00115,CRITICAL,POLICY_BREACH,Employee submitted Training claim 16% above the authorised policy limit without prior exception approval.,0.926,RESOLVED,2024-08-06,2024-08-20
FND-004806,INV-00347,MEDIUM,APPROVAL_LIMIT,"Payment of $396,828 approved at Level 2, which has a limit of $25,000. Transaction exceeded limit by $37,806.",0.501,RESOLVED,2024-07-19,2024-07-20
FND-004807,INV-00079,MEDIUM,EXPIRED_COMPLIANCE,Compliance record CMP-105453 for vendor OpenBridge Systems Group was in EXPIRED status at time of payment processing.,0.719,RESOLVED,2023-03-08,2023-04-05
FND-004808,INV-00371,LOW,VENDOR_RISK,"High-risk vendor IronPoint Manufacturing LLC has no compliance record on file. Payment of $285,187 released without compliance clearance.",0.593,VALIDATED,2022-07-09,2022-07-11
FND-004809,INV-00492,MEDIUM,APPROVAL_LIMIT,"Escalation protocol was bypassed. Transaction valued at $249,344 was approved at L3 without L3 countersignature.",0.558,OPEN,2023-08-01,
FND-004810,INV-00415,LOW,EXPIRED_COMPLIANCE,"Payment of $378,015 released to RapidCore Consulting Group whose SOC 2 compliance expired 241 days before payment date.",0.288,FALSE_POSITIVE,2022-02-13,2022-02-22
FND-004811,INV-00442,MEDIUM,APPROVAL_LIMIT,"Payment of $427,104 approved at Level 3, which has a limit of $25,000. Transaction exceeded limit by $5,053.",0.433,RESOLVED,2024-06-13,2024-07-09
FND-004812,INV-00417,LOW,POLICY_BREACH,"Entertainment expense of $438,982 submitted by EMP-37868 exceeds monthly policy allowance of $100,000.",0.382,VALIDATED,2024-04-26,2024-04-28
FND-004813,INV-00381,MEDIUM,EXPIRED_COMPLIANCE,Compliance record CMP-101333 for vendor Epsilon_Group Group was in EXPIRED status at time of payment processing.,0.683,OPEN,2022-04-03,2022-05-03
FND-004814,INV-00111,MEDIUM,MISSING_RECEIPT,"Employee EMP-48461 submitted 3 claims totalling $18,887 without receipts in the review period.",0.531,OPEN,2023-06-05,2023-06-09
FND-004815,INV-00440,HIGH,VENDOR_RISK,"High-risk vendor ClearPath Logistics Inc has no compliance record on file. Payment of $312,116 released without compliance clearance.",0.891,VALIDATED,2024-11-15,2024-12-01
FND-004816,INV-00332,MEDIUM,APPROVAL_LIMIT,"Approval granted by EMP-47626 who was not authorised to approve amounts above $5,000. Transaction value: $463,605.",0.595,OPEN,2022-10-31,2022-11-07
FND-004817,INV-00466,MEDIUM,VENDOR_RISK,"BLACKLISTED vendor VND-VND-02201 received payment of $324,240 via contract CON-108729 that was not updated following blacklisting.",0.646,ESCALATED,2024-02-13,
FND-004818,INV-00417,MEDIUM,EXPIRED_COMPLIANCE,Compliance record CMP-106525 for vendor OpenBridge Systems Ltd was in EXPIRED status at time of payment processing.,0.553,VALIDATED,2022-10-18,2022-11-17
FND-004819,INV-00312,LOW,VENDOR_RISK,"BLACKLISTED vendor VND-VND-00996 received payment of $346,904 via contract CON-107258 that was not updated following blacklisting.",0.365,RESOLVED,2023-11-29,2023-12-19
FND-004820,INV-00076,LOW,APPROVAL_LIMIT,"Escalation protocol was bypassed. Transaction valued at $387,392 was approved at L1 without L4 countersignature.",0.518,VALIDATED,2024-08-25,2024-08-26
FND-004821,INV-00273,HIGH,MISSING_RECEIPT,"Reimbursement of $291,218 for Equipment was approved despite no receipt documentation in the system.",0.81,VALIDATED,2023-09-25,2023-10-17
FND-004822,INV-00475,MEDIUM,APPROVAL_LIMIT,"Payment of $450,773 approved at Level 3, which has a limit of $500,000. Transaction exceeded limit by $29,912.",0.732,ESCALATED,2023-07-31,2023-08-08
FND-004823,INV-00033,MEDIUM,VENDOR_RISK,"BLACKLISTED vendor VND-VND-02377 received payment of $489,762 via contract CON-104368 that was not updated following blacklisting.",0.543,RESOLVED,2023-08-17,
FND-004824,INV-00059,CRITICAL,VENDOR_RISK,"BLACKLISTED vendor VND-VND-02869 received payment of $382,133 via contract CON-103487 that was not updated following blacklisting.",0.83,OPEN,2024-07-30,2024-08-12
FND-004825,INV-00257,MEDIUM,EXPIRED_COMPLIANCE,"Vendor VND-VND-00805 received payment of $189,812 on 2023-03-06. Compliance certificate expired on 2020-11-09 — 351 days prior.",0.449,VALIDATED,2021-08-04,2021-09-03
FND-004826,INV-00021,MEDIUM,APPROVAL_LIMIT,"Payment of $150,616 approved at Level 1, which has a limit of $25,000. Transaction exceeded limit by $21,174.",0.541,FALSE_POSITIVE,2024-10-17,2024-11-07
FND-004827,INV-00093,CRITICAL,EXPIRED_COMPLIANCE,"Vendor VND-VND-00076 received payment of $276,310 on 2022-06-30. Compliance certificate expired on 2021-06-08 — 482 days prior.",0.759,VALIDATED,2023-02-11,
FND-004828,INV-00131,LOW,EXPIRED_COMPLIANCE,"Vendor VND-VND-02060 received payment of $174,276 on 2022-03-31. Compliance certificate expired on 2022-08-14 — 105 days prior.",0.444,VALIDATED,2022-10-06,2022-10-15
FND-004829,INV-00128,MEDIUM,POLICY_BREACH,"Claim EXP-154395 violates Policy POL-0015 section 4.2: Software expenditure capped at $500,000 per event.",0.507,OPEN,2024-07-08,2024-07-14
FND-004830,INV-00039,MEDIUM,MISSING_RECEIPT,"Employee EMP-97382 submitted 2 claims totalling $14,489 without receipts in the review period.",0.609,ESCALATED,2022-09-09,2022-10-08
FND-004831,INV-00450,LOW,VENDOR_RISK,"BLACKLISTED vendor VND-VND-00442 received payment of $312,511 via contract CON-105955 that was not updated following blacklisting.",0.328,OPEN,2022-10-13,2022-10-17
FND-004832,INV-00265,CRITICAL,FRAUD_PATTERN,Employee EMP-35136 submitted 8 expense claims within 72 hours for identical amounts — potential duplicate fraud pattern.,0.966,ESCALATED,2022-03-09,2022-03-31
FND-004833,INV-00498,LOW,MISSING_RECEIPT,"Employee EMP-83369 submitted 2 claims totalling $6,283 without receipts in the review period.",0.366,ESCALATED,2023-07-19,2023-07-29
FND-004834,INV-00168,LOW,VENDOR_RISK,"High-risk vendor ClearPath Logistics International has no compliance record on file. Payment of $468,260 released without compliance clearance.",0.244,ESCALATED,2022-10-05,2022-10-15
FND-004835,INV-00405,LOW,FRAUD_PATTERN,"Round-number transaction of $100,887 processed at 04:27 — outside standard business hours. Flagged by anomaly detection.",0.548,RESOLVED,2024-08-12,2024-08-14
FND-004836,INV-00380,LOW,FRAUD_PATTERN,"Round-number transaction of $10,343 processed at 00:10 — outside standard business hours. Flagged by anomaly detection.",0.298,OPEN,2023-10-30,2023-11-22
FND-004837,INV-00230,MEDIUM,VENDOR_RISK,Payment issued to VND-VND-03230 rated LOW risk. Active contract CON-109412 in place. Enhanced due diligence not documented.,0.533,RESOLVED,2022-12-22,2023-01-04
FND-004838,INV-00022,CRITICAL,APPROVAL_LIMIT,Transaction processed with approval from an officer whose delegated authority was 28% below the required threshold.,0.986,OPEN,2022-09-18,2022-09-26
FND-004839,INV-00452,LOW,FRAUD_PATTERN,Employee EMP-30579 submitted 2 expense claims within 72 hours for identical amounts — potential duplicate fraud pattern.,0.455,OPEN,2022-04-15,2022-04-30
FND-004840,INV-00019,MEDIUM,FRAUD_PATTERN,"Round-number transaction of $468,788 processed at 05:04 — outside standard business hours. Flagged by anomaly detection.",0.505,VALIDATED,2024-04-29,
FND-004841,INV-00422,MEDIUM,EXPIRED_COMPLIANCE,"Vendor VND-VND-01718 received payment of $283,543 on 2022-06-01. Compliance certificate expired on 2022-05-05 — 298 days prior.",0.696,OPEN,2023-06-11,2023-07-05
FND-004842,INV-00219,HIGH,APPROVAL_LIMIT,"Escalation protocol was bypassed. Transaction valued at $155,659 was approved at L3 without L4 countersignature.",0.809,OPEN,2023-03-11,2023-03-29
FND-004843,INV-00204,MEDIUM,APPROVAL_LIMIT,"Approval granted by EMP-46478 who was not authorised to approve amounts above $5,000. Transaction value: $361,836.",0.624,OPEN,2022-08-06,
FND-004844,INV-00479,CRITICAL,APPROVAL_LIMIT,"Escalation protocol was bypassed. Transaction valued at $355,332 was approved at L2 without L5 countersignature.",0.923,OPEN,2021-10-01,2021-10-09
FND-004845,INV-00370,MEDIUM,EXPIRED_COMPLIANCE,"Vendor VND-VND-02548 received payment of $61,315 on 2024-02-12. Compliance certificate expired on 2022-01-13 — 451 days prior.",0.538,ESCALATED,2022-07-05,
FND-004846,INV-00330,HIGH,POLICY_BREACH,"Claim EXP-144816 violates Policy POL-0016 section 4.2: Accommodation expenditure capped at $25,000 per event.",0.792,RESOLVED,2023-09-01,2023-09-06
FND-004847,INV-00108,MEDIUM,APPROVAL_LIMIT,Transaction processed with approval from an officer whose delegated authority was 70% below the required threshold.,0.735,OPEN,2024-09-11,2024-09-21
FND-004848,INV-00484,LOW,EXPIRED_COMPLIANCE,"Vendor VND-VND-04816 received payment of $157,181 on 2023-02-18. Compliance certificate expired on 2022-09-24 — 455 days prior.",0.535,OPEN,2022-06-29,
FND-004849,INV-00154,LOW,POLICY_BREACH,"Entertainment expense of $276,605 submitted by EMP-40103 exceeds monthly policy allowance of $25,000.",0.425,ESCALATED,2023-01-03,2023-01-13
FND-004850,INV-00497,MEDIUM,APPROVAL_LIMIT,"Escalation protocol was bypassed. Transaction valued at $116,053 was approved at L1 without L5 countersignature.",0.518,VALIDATED,2021-09-08,2021-09-10
FND-004851,INV-00092,HIGH,POLICY_BREACH,"Expense claim of $273,719 for Accommodation exceeds the policy maximum of $500,000. Overage: $28,408.",0.666,VALIDATED,2021-09-09,
FND-004852,INV-00431,HIGH,MISSING_RECEIPT,Expense claim EXP-135184 submitted for Office Supplies without an attached supporting receipt.,0.661,FALSE_POSITIVE,2021-09-10,2021-09-16
FND-004853,INV-00216,HIGH,MISSING_RECEIPT,Expense claim missing receipt. Policy POL-0014 requires receipts for all claims above $75.,0.642,RESOLVED,2024-04-29,2024-05-17
FND-004854,INV-00294,MEDIUM,APPROVAL_LIMIT,"Escalation protocol was bypassed. Transaction valued at $218,671 was approved at L1 without L3 countersignature.",0.738,RESOLVED,2022-11-14,
FND-004855,INV-00481,MEDIUM,VENDOR_RISK,Payment issued to VND-VND-03196 rated LOW risk. Active contract CON-106696 in place. Enhanced due diligence not documented.,0.531,RESOLVED,2022-07-13,2022-07-29
FND-004856,INV-00004,LOW,FRAUD_PATTERN,"Split payment pattern detected: 3 transactions to same beneficiary totalling $2,564 — each below approval threshold of $500,000.",0.53,OPEN,2023-04-07,
FND-004857,INV-00367,MEDIUM,POLICY_BREACH,"Entertainment expense of $426,474 submitted by EMP-74267 exceeds monthly policy allowance of $25,000.",0.629,VALIDATED,2021-08-07,2021-08-23
FND-004858,INV-00435,CRITICAL,FRAUD_PATTERN,Employee EMP-25229 submitted 2 expense claims within 72 hours for identical amounts — potential duplicate fraud pattern.,0.94,ESCALATED,2023-12-26,
FND-004859,INV-00070,MEDIUM,MISSING_RECEIPT,Expense claim EXP-194711 submitted for Software without an attached supporting receipt.,0.42,OPEN,2023-12-15,
FND-004860,INV-00426,MEDIUM,VENDOR_RISK,"High-risk vendor Epsilon_Group Inc has no compliance record on file. Payment of $298,581 released without compliance clearance.",0.737,OPEN,2023-11-09,
FND-004861,INV-00123,MEDIUM,FRAUD_PATTERN,Employee EMP-35738 submitted 3 expense claims within 72 hours for identical amounts — potential duplicate fraud pattern.,0.596,OPEN,2022-01-06,2022-01-27
FND-004862,INV-00062,MEDIUM,EXPIRED_COMPLIANCE,"Payment of $254,934 released to JadeCore Solutions International whose ISO 27001 compliance expired 203 days before payment date.",0.728,VALIDATED,2022-03-03,
FND-004863,INV-00219,MEDIUM,APPROVAL_LIMIT,"Approval granted by EMP-52169 who was not authorised to approve amounts above $5,000. Transaction value: $26,112.",0.652,VALIDATED,2022-02-07,2022-02-09
FND-004864,INV-00326,MEDIUM,APPROVAL_LIMIT,"Escalation protocol was bypassed. Transaction valued at $493,800 was approved at L1 without L3 countersignature.",0.659,OPEN,2021-07-25,2021-08-15
FND-004865,INV-00141,LOW,VENDOR_RISK,"High-risk vendor XpressCore Dynamics LLC has no compliance record on file. Payment of $130,112 released without compliance clearance.",0.422,OPEN,2023-01-24,2023-02-08
FND-004866,INV-00171,LOW,VENDOR_RISK,"Vendor Beta_Supplies Ltd holds CRITICAL risk rating. 8 payments totalling $7,290 processed in the audit period.",0.496,VALIDATED,2022-06-02,
FND-004867,INV-00035,HIGH,MISSING_RECEIPT,Expense claim EXP-152825 submitted for Office Supplies without an attached supporting receipt.,0.633,RESOLVED,2024-11-06,2024-11-25
FND-004868,INV-00076,LOW,FRAUD_PATTERN,"Round-number transaction of $150,631 processed at 04:58 — outside standard business hours. Flagged by anomaly detection.",0.513,OPEN,2023-03-05,
FND-004869,INV-00248,MEDIUM,VENDOR_RISK,Payment issued to VND-VND-00696 rated MEDIUM risk. Active contract CON-108280 in place. Enhanced due diligence not documented.,0.722,VALIDATED,2022-12-08,2022-12-11
FND-004870,INV-00178,LOW,VENDOR_RISK,"Vendor ClearPath Logistics Inc holds CRITICAL risk rating. 5 payments totalling $11,884 processed in the audit period.",0.631,RESOLVED,2022-03-01,2022-03-04
FND-004871,INV-00333,LOW,APPROVAL_LIMIT,"Approval granted by EMP-40720 who was not authorised to approve amounts above $500,000. Transaction value: $387,950.",0.223,RESOLVED,2024-06-05,2024-06-18
FND-004872,INV-00114,LOW,MISSING_RECEIPT,Expense claim EXP-116433 submitted for Consulting without an attached supporting receipt.,0.423,OPEN,2021-08-24,2021-09-22
FND-004873,INV-00106,MEDIUM,EXPIRED_COMPLIANCE,Compliance record CMP-104943 for vendor UltraVista Technologies LLC was in EXPIRED status at time of payment processing.,0.614,OPEN,2024-11-13,2024-12-10
FND-004874,INV-00218,MEDIUM,APPROVAL_LIMIT,Transaction processed with approval from an officer whose delegated authority was 40% below the required threshold.,0.477,VALIDATED,2021-11-25,2021-11-27
FND-004875,INV-00340,MEDIUM,VENDOR_RISK,"Vendor EdgeWave Technologies Ltd holds CRITICAL risk rating. 5 payments totalling $13,650 processed in the audit period.",0.647,VALIDATED,2021-07-16,2021-07-22
FND-004876,INV-00031,LOW,FRAUD_PATTERN,Employee EMP-14486 submitted 6 expense claims within 72 hours for identical amounts — potential duplicate fraud pattern.,0.585,ESCALATED,2023-02-01,2023-02-06
FND-004877,INV-00497,MEDIUM,EXPIRED_COMPLIANCE,"Payment of $385,242 released to FlowBridge Inc International whose GDPR compliance expired 210 days before payment date.",0.715,VALIDATED,2022-02-01,2022-02-28
FND-004878,INV-00308,LOW,FRAUD_PATTERN,"Split payment pattern detected: 5 transactions to same beneficiary totalling $9,028 — each below approval threshold of $100,000.",0.481,VALIDATED,2023-07-15,
FND-004879,INV-00233,CRITICAL,MISSING_RECEIPT,"Employee EMP-82718 submitted 2 claims totalling $1,231 without receipts in the review period.",0.86,OPEN,2022-10-20,2022-11-09
FND-004880,INV-00252,MEDIUM,FRAUD_PATTERN,"Round-number transaction of $101,739 processed at 02:17 — outside standard business hours. Flagged by anomaly detection.",0.744,VALIDATED,2023-06-11,2023-06-17
FND-004881,INV-00022,MEDIUM,VENDOR_RISK,"BLACKLISTED vendor VND-VND-00818 received payment of $435,742 via contract CON-104750 that was not updated following blacklisting.",0.494,VALIDATED,2022-04-05,
FND-004882,INV-00131,LOW,MISSING_RECEIPT,Expense claim EXP-199005 submitted for Training without an attached supporting receipt.,0.29,VALIDATED,2023-04-20,
FND-004883,INV-00018,HIGH,APPROVAL_LIMIT,Transaction processed with approval from an officer whose delegated authority was 22% below the required threshold.,0.728,RESOLVED,2024-07-16,2024-07-20
FND-004884,INV-00221,LOW,VENDOR_RISK,"BLACKLISTED vendor VND-VND-03892 received payment of $404,058 via contract CON-102784 that was not updated following blacklisting.",0.635,VALIDATED,2024-08-14,2024-08-24
FND-004885,INV-00398,HIGH,APPROVAL_LIMIT,Transaction processed with approval from an officer whose delegated authority was 71% below the required threshold.,0.881,RESOLVED,2024-06-07,2024-07-02
FND-004886,INV-00098,LOW,VENDOR_RISK,"BLACKLISTED vendor VND-VND-04518 received payment of $33,650 via contract CON-102145 that was not updated following blacklisting.",0.299,VALIDATED,2024-02-11,2024-02-23
FND-004887,INV-00354,MEDIUM,MISSING_RECEIPT,"Reimbursement of $168,230 for Travel was approved despite no receipt documentation in the system.",0.698,VALIDATED,2021-12-10,2022-01-06
FND-004888,INV-00439,CRITICAL,EXPIRED_COMPLIANCE,Compliance record CMP-109170 for vendor UnityCore Technologies International was in EXPIRED status at time of payment processing.,0.833,OPEN,2023-05-01,2023-05-24
FND-004889,INV-00419,HIGH,POLICY_BREACH,"Expense claim of $24,098 for Software exceeds the policy maximum of $100,000. Overage: $5,656.",0.644,VALIDATED,2022-01-26,
FND-004890,INV-00500,MEDIUM,EXPIRED_COMPLIANCE,"Payment of $77,895 released to DeltaPath Logistics Inc whose GDPR compliance expired 385 days before payment date.",0.715,RESOLVED,2024-12-13,2025-01-07
FND-004891,INV-00171,MEDIUM,POLICY_BREACH,Employee submitted Office Supplies claim 69% above the authorised policy limit without prior exception approval.,0.692,RESOLVED,2024-11-27,2024-12-26
FND-004892,INV-00214,MEDIUM,APPROVAL_LIMIT,"Approval granted by EMP-14510 who was not authorised to approve amounts above $100,000. Transaction value: $73,685.",0.563,ESCALATED,2022-09-15,2022-10-07
FND-004893,INV-00092,CRITICAL,FRAUD_PATTERN,"Split payment pattern detected: 6 transactions to same beneficiary totalling $11,489 — each below approval threshold of $25,000.",0.829,RESOLVED,2024-02-05,2024-02-26
FND-004894,INV-00430,LOW,FRAUD_PATTERN,"Split payment pattern detected: 5 transactions to same beneficiary totalling $13,989 — each below approval threshold of $25,000.",0.455,VALIDATED,2024-07-15,2024-08-14
FND-004895,INV-00031,MEDIUM,APPROVAL_LIMIT,"Payment of $250,737 approved at Level 3, which has a limit of $25,000. Transaction exceeded limit by $5,263.",0.544,VALIDATED,2022-02-01,
FND-004896,INV-00110,HIGH,EXPIRED_COMPLIANCE,Procurement team processed payment without checking compliance status. Certificate had been expired for 268 days.,0.889,RESOLVED,2024-05-05,2024-05-27
FND-004897,INV-00340,HIGH,MISSING_RECEIPT,Expense claim missing receipt. Policy POL-0010 requires receipts for all claims above $100.,0.615,FALSE_POSITIVE,2023-12-16,
FND-004898,INV-00241,LOW,VENDOR_RISK,"BLACKLISTED vendor VND-VND-01625 received payment of $226,960 via contract CON-101707 that was not updated following blacklisting.",0.638,VALIDATED,2024-06-09,2024-06-21
FND-004899,INV-00400,MEDIUM,POLICY_BREACH,"Expense claim of $402,127 for Office Supplies exceeds the policy maximum of $100,000. Overage: $27,136.",0.423,VALIDATED,2023-03-06,2023-03-22
FND-004900,INV-00067,HIGH,EXPIRED_COMPLIANCE,Compliance record CMP-109649 for vendor XcelPath Networks International was in EXPIRED status at time of payment processing.,0.757,OPEN,2021-07-02,2021-07-04
FND-004901,INV-00308,HIGH,MISSING_RECEIPT,"Employee EMP-53601 submitted 4 claims totalling $11,416 without receipts in the review period.",0.729,RESOLVED,2024-02-02,2024-02-14
FND-004902,INV-00174,MEDIUM,APPROVAL_LIMIT,Transaction processed with approval from an officer whose delegated authority was 57% below the required threshold.,0.704,VALIDATED,2024-09-27,
FND-004903,INV-00313,HIGH,EXPIRED_COMPLIANCE,Procurement team processed payment without checking compliance status. Certificate had been expired for 322 days.,0.733,VALIDATED,2021-08-30,2021-09-19
FND-004904,INV-00346,MEDIUM,EXPIRED_COMPLIANCE,Compliance record CMP-107040 for vendor KryptonPath Ltd LLC was in EXPIRED status at time of payment processing.,0.696,RESOLVED,2023-11-01,
FND-004905,INV-00404,MEDIUM,MISSING_RECEIPT,Expense claim missing receipt. Policy POL-0015 requires receipts for all claims above $75.,0.409,RESOLVED,2023-03-17,2023-04-12
FND-004906,INV-00184,LOW,APPROVAL_LIMIT,"Escalation protocol was bypassed. Transaction valued at $378,094 was approved at L2 without L5 countersignature.",0.308,RESOLVED,2021-10-25,2021-11-02
FND-004907,INV-00048,HIGH,APPROVAL_LIMIT,"Escalation protocol was bypassed. Transaction valued at $153,915 was approved at L3 without L5 countersignature.",0.782,OPEN,2024-11-03,2024-12-02
FND-004908,INV-00460,CRITICAL,APPROVAL_LIMIT,Transaction processed with approval from an officer whose delegated authority was 74% below the required threshold.,0.947,RESOLVED,2022-02-04,
FND-004909,INV-00097,MEDIUM,EXPIRED_COMPLIANCE,"Vendor VND-VND-00597 received payment of $144,791 on 2022-10-15. Compliance certificate expired on 2021-12-23 — 439 days prior.",0.642,RESOLVED,2022-10-17,2022-11-08
FND-004910,INV-00140,MEDIUM,MISSING_RECEIPT,Expense claim EXP-162708 submitted for Travel without an attached supporting receipt.,0.617,OPEN,2023-02-23,2023-03-05
FND-004911,INV-00039,MEDIUM,POLICY_BREACH,"Entertainment expense of $304,946 submitted by EMP-29561 exceeds monthly policy allowance of $5,000.",0.659,VALIDATED,2024-12-20,2025-01-12
FND-004912,INV-00350,HIGH,POLICY_BREACH,Employee submitted Equipment claim 80% above the authorised policy limit without prior exception approval.,0.694,RESOLVED,2023-01-24,2023-02-15
FND-004913,INV-00194,LOW,APPROVAL_LIMIT,"Escalation protocol was bypassed. Transaction valued at $468,343 was approved at L2 without L4 countersignature.",0.562,OPEN,2022-06-18,
FND-004914,INV-00470,MEDIUM,APPROVAL_LIMIT,"Escalation protocol was bypassed. Transaction valued at $2,817 was approved at L1 without L4 countersignature.",0.428,RESOLVED,2022-01-12,2022-01-17
FND-004915,INV-00227,LOW,APPROVAL_LIMIT,"Approval granted by EMP-54891 who was not authorised to approve amounts above $100,000. Transaction value: $374,675.",0.548,VALIDATED,2024-03-01,2024-03-09
FND-004916,INV-00278,MEDIUM,APPROVAL_LIMIT,"Payment of $42,299 approved at Level 1, which has a limit of $500,000. Transaction exceeded limit by $40,706.",0.528,OPEN,2024-08-09,
FND-004917,INV-00303,HIGH,VENDOR_RISK,"Vendor NexPoint Analytics Holdings holds CRITICAL risk rating. 4 payments totalling $5,518 processed in the audit period.",0.841,RESOLVED,2022-01-02,2022-01-04
FND-004918,INV-00142,CRITICAL,POLICY_BREACH,"Expense claim of $435,268 for Office Supplies exceeds the policy maximum of $25,000. Overage: $38,486.",0.914,ESCALATED,2024-06-24,2024-07-15
FND-004919,INV-00470,MEDIUM,MISSING_RECEIPT,Expense claim missing receipt. Policy POL-0009 requires receipts for all claims above $100.,0.555,ESCALATED,2021-06-12,2021-07-11
FND-004920,INV-00025,HIGH,EXPIRED_COMPLIANCE,"Payment of $164,423 released to VoltEdge Solutions Group whose PCI-DSS compliance expired 66 days before payment date.",0.851,VALIDATED,2024-04-22,
FND-004921,INV-00438,MEDIUM,FRAUD_PATTERN,"Split payment pattern detected: 3 transactions to same beneficiary totalling $2,794 — each below approval threshold of $100,000.",0.586,RESOLVED,2024-07-15,2024-08-08
FND-004922,INV-00103,MEDIUM,APPROVAL_LIMIT,Transaction processed with approval from an officer whose delegated authority was 71% below the required threshold.,0.728,RESOLVED,2024-08-23,2024-09-09
FND-004923,INV-00406,MEDIUM,VENDOR_RISK,"High-risk vendor JadeCore Solutions Holdings has no compliance record on file. Payment of $86,087 released without compliance clearance.",0.47,VALIDATED,2022-09-20,2022-09-22
FND-004924,INV-00054,HIGH,VENDOR_RISK,"BLACKLISTED vendor VND-VND-03552 received payment of $25,525 via contract CON-109363 that was not updated following blacklisting.",0.893,VALIDATED,2022-09-29,
FND-004925,INV-00345,HIGH,APPROVAL_LIMIT,Transaction processed with approval from an officer whose delegated authority was 64% below the required threshold.,0.784,RESOLVED,2024-03-14,
FND-004926,INV-00060,LOW,VENDOR_RISK,Payment issued to VND-VND-00430 rated HIGH risk. Active contract CON-105420 in place. Enhanced due diligence not documented.,0.501,RESOLVED,2022-02-27,2022-03-09
FND-004927,INV-00162,MEDIUM,VENDOR_RISK,"High-risk vendor ClearPath Logistics International has no compliance record on file. Payment of $321,173 released without compliance clearance.",0.51,OPEN,2024-05-28,2024-06-12
FND-004928,INV-00095,MEDIUM,VENDOR_RISK,"Vendor TrueNorth Services holds CRITICAL risk rating. 8 payments totalling $17,420 processed in the audit period.",0.664,OPEN,2022-11-30,
FND-004929,INV-00206,MEDIUM,EXPIRED_COMPLIANCE,"Payment of $220,517 released to Epsilon_Group whose GDPR compliance expired 148 days before payment date.",0.55,OPEN,2021-08-23,2021-09-12
FND-004930,INV-00009,MEDIUM,APPROVAL_LIMIT,"Payment of $375,812 approved at Level 3, which has a limit of $25,000. Transaction exceeded limit by $44,316.",0.563,VALIDATED,2023-11-04,2023-12-04
FND-004931,INV-00351,MEDIUM,VENDOR_RISK,Payment issued to VND-VND-02431 rated MEDIUM risk. Active contract CON-104149 in place. Enhanced due diligence not documented.,0.522,VALIDATED,2022-06-20,
FND-004932,INV-00151,LOW,EXPIRED_COMPLIANCE,Compliance record CMP-101535 for vendor GreenBridge Consulting LLC was in EXPIRED status at time of payment processing.,0.202,RESOLVED,2024-06-16,2024-06-27
FND-004933,INV-00384,CRITICAL,MISSING_RECEIPT,Expense claim EXP-125541 submitted for Office Supplies without an attached supporting receipt.,0.751,FALSE_POSITIVE,2022-02-06,2022-02-07
FND-004934,INV-00464,MEDIUM,EXPIRED_COMPLIANCE,"Payment of $420,557 released to UnityCore Technologies Ltd whose PCI-DSS compliance expired 291 days before payment date.",0.715,VALIDATED,2023-05-06,
FND-004935,INV-00063,LOW,APPROVAL_LIMIT,Transaction processed with approval from an officer whose delegated authority was 39% below the required threshold.,0.498,VALIDATED,2022-07-08,
FND-004936,INV-00017,LOW,POLICY_BREACH,"Entertainment expense of $25,498 submitted by EMP-99783 exceeds monthly policy allowance of $5,000.",0.447,OPEN,2023-05-03,2023-05-10
FND-004937,INV-00331,MEDIUM,VENDOR_RISK,"Vendor WavePath Inc holds CRITICAL risk rating. 5 payments totalling $13,112 processed in the audit period.",0.434,VALIDATED,2022-12-18,2022-12-28
FND-004938,INV-00208,MEDIUM,EXPIRED_COMPLIANCE,Compliance record CMP-104503 for vendor GreenBridge Consulting was in EXPIRED status at time of payment processing.,0.653,RESOLVED,2024-12-20,
FND-004939,INV-00219,HIGH,FRAUD_PATTERN,Transaction routed through 3 intermediate accounts before reaching final beneficiary. Unusual for PAYMENT transaction type.,0.846,RESOLVED,2023-02-20,2023-03-07
FND-004940,INV-00483,LOW,APPROVAL_LIMIT,"Escalation protocol was bypassed. Transaction valued at $290,020 was approved at L2 without L5 countersignature.",0.313,ESCALATED,2022-10-14,2022-11-02
FND-004941,INV-00247,LOW,POLICY_BREACH,"Expense claim of $65,376 for Consulting exceeds the policy maximum of $500,000. Overage: $28,359.",0.245,VALIDATED,2023-04-29,2023-05-16
FND-004942,INV-00296,MEDIUM,MISSING_RECEIPT,"Reimbursement of $73,375 for Office Supplies was approved despite no receipt documentation in the system.",0.615,VALIDATED,2023-05-30,2023-06-07
FND-004943,INV-00285,MEDIUM,APPROVAL_LIMIT,"Approval granted by EMP-60646 who was not authorised to approve amounts above $25,000. Transaction value: $386,755.",0.468,VALIDATED,2023-12-25,2024-01-09
FND-004944,INV-00377,HIGH,VENDOR_RISK,"Vendor CoreVault Systems Inc holds CRITICAL risk rating. 3 payments totalling $18,609 processed in the audit period.",0.867,RESOLVED,2024-08-23,2024-08-28
FND-004945,INV-00138,CRITICAL,APPROVAL_LIMIT,"Approval granted by EMP-59707 who was not authorised to approve amounts above $25,000. Transaction value: $96,281.",0.759,RESOLVED,2023-06-19,2023-06-30
FND-004946,INV-00290,HIGH,APPROVAL_LIMIT,"Approval granted by EMP-15439 who was not authorised to approve amounts above $25,000. Transaction value: $433,406.",0.603,VALIDATED,2024-11-27,2024-12-05
FND-004947,INV-00040,HIGH,MISSING_RECEIPT,"Employee EMP-33117 submitted 2 claims totalling $10,362 without receipts in the review period.",0.801,RESOLVED,2023-06-17,
FND-004948,INV-00137,MEDIUM,FRAUD_PATTERN,"Split payment pattern detected: 7 transactions to same beneficiary totalling $14,761 — each below approval threshold of $5,000.",0.614,ESCALATED,2023-05-18,2023-05-26
FND-004949,INV-00124,LOW,MISSING_RECEIPT,Expense claim missing receipt. Policy POL-0014 requires receipts for all claims above $75.,0.316,ESCALATED,2021-10-28,2021-11-24
FND-004950,INV-00474,LOW,APPROVAL_LIMIT,"Approval granted by EMP-14702 who was not authorised to approve amounts above $100,000. Transaction value: $310,609.",0.561,VALIDATED,2024-07-06,2024-07-21
FND-004951,INV-00328,MEDIUM,POLICY_BREACH,"Entertainment expense of $276,210 submitted by EMP-86498 exceeds monthly policy allowance of $25,000.",0.439,OPEN,2022-11-20,
FND-004952,INV-00026,HIGH,VENDOR_RISK,"BLACKLISTED vendor VND-VND-02441 received payment of $238,720 via contract CON-103070 that was not updated following blacklisting.",0.613,VALIDATED,2023-09-08,2023-09-23
FND-004953,INV-00324,MEDIUM,APPROVAL_LIMIT,"Escalation protocol was bypassed. Transaction valued at $8,940 was approved at L2 without L5 countersignature.",0.451,VALIDATED,2022-11-24,2022-12-19
FND-004954,INV-00183,HIGH,MISSING_RECEIPT,Expense claim EXP-195710 submitted for Meals without an attached supporting receipt.,0.74,VALIDATED,2022-08-09,2022-09-07
FND-004955,INV-00260,LOW,APPROVAL_LIMIT,"Escalation protocol was bypassed. Transaction valued at $243,359 was approved at L1 without L3 countersignature.",0.392,RESOLVED,2023-02-19,2023-02-26
FND-004956,INV-00354,MEDIUM,VENDOR_RISK,Payment issued to VND-VND-02714 rated LOW risk. Active contract CON-106835 in place. Enhanced due diligence not documented.,0.707,RESOLVED,2022-10-27,2022-11-17
FND-004957,INV-00258,MEDIUM,POLICY_BREACH,Employee submitted Equipment claim 55% above the authorised policy limit without prior exception approval.,0.488,OPEN,2024-10-19,
FND-004958,INV-00169,MEDIUM,VENDOR_RISK,"Vendor FlowBridge Inc LLC holds CRITICAL risk rating. 8 payments totalling $9,661 processed in the audit period.",0.533,RESOLVED,2024-11-15,2024-12-08
FND-004959,INV-00367,HIGH,MISSING_RECEIPT,"Employee EMP-52725 submitted 7 claims totalling $5,450 without receipts in the review period.",0.618,VALIDATED,2021-07-13,2021-08-09
FND-004960,INV-00308,MEDIUM,POLICY_BREACH,"Entertainment expense of $50,553 submitted by EMP-35550 exceeds monthly policy allowance of $100,000.",0.657,OPEN,2024-05-16,
FND-004961,INV-00284,LOW,POLICY_BREACH,"Claim EXP-151368 violates Policy POL-0009 section 4.2: Accommodation expenditure capped at $5,000 per event.",0.261,OPEN,2022-07-25,
FND-004962,INV-00149,MEDIUM,POLICY_BREACH,"Entertainment expense of $235,443 submitted by EMP-24456 exceeds monthly policy allowance of $100,000.",0.735,OPEN,2023-05-16,2023-06-05
FND-004963,INV-00411,LOW,APPROVAL_LIMIT,"Payment of $59,779 approved at Level 2, which has a limit of $100,000. Transaction exceeded limit by $42,499.",0.226,VALIDATED,2024-06-26,
FND-004964,INV-00187,HIGH,VENDOR_RISK,Payment issued to VND-VND-04617 rated LOW risk. Active contract CON-100427 in place. Enhanced due diligence not documented.,0.85,OPEN,2023-12-12,2024-01-11
FND-004965,INV-00413,MEDIUM,POLICY_BREACH,"Expense claim of $320,632 for Accommodation exceeds the policy maximum of $25,000. Overage: $41,056.",0.402,VALIDATED,2022-09-18,2022-09-23
FND-004966,INV-00140,LOW,APPROVAL_LIMIT,"Escalation protocol was bypassed. Transaction valued at $485,193 was approved at L1 without L3 countersignature.",0.319,VALIDATED,2021-07-14,2021-08-12
FND-004967,INV-00377,MEDIUM,APPROVAL_LIMIT,"Payment of $385,940 approved at Level 2, which has a limit of $500,000. Transaction exceeded limit by $5,796.",0.561,VALIDATED,2023-04-04,2023-04-16
FND-004968,INV-00400,MEDIUM,POLICY_BREACH,"Expense claim of $30,178 for Travel exceeds the policy maximum of $100,000. Overage: $26,089.",0.688,FALSE_POSITIVE,2023-07-28,
FND-004969,INV-00366,MEDIUM,APPROVAL_LIMIT,"Escalation protocol was bypassed. Transaction valued at $59,744 was approved at L3 without L5 countersignature.",0.68,VALIDATED,2023-09-02,2023-09-23
FND-004970,INV-00041,MEDIUM,EXPIRED_COMPLIANCE,"Payment of $218,064 released to YieldPoint Partners Group whose PCI-DSS compliance expired 278 days before payment date.",0.661,VALIDATED,2021-07-25,2021-08-14
FND-004971,INV-00431,LOW,APPROVAL_LIMIT,Transaction processed with approval from an officer whose delegated authority was 63% below the required threshold.,0.647,RESOLVED,2023-07-04,2023-07-18
FND-004972,INV-00367,MEDIUM,FRAUD_PATTERN,"Round-number transaction of $189,562 processed at 05:07 — outside standard business hours. Flagged by anomaly detection.",0.444,OPEN,2024-12-26,
FND-004973,INV-00264,HIGH,MISSING_RECEIPT,"Reimbursement of $146,278 for Consulting was approved despite no receipt documentation in the system.",0.792,OPEN,2024-06-03,2024-07-02
FND-004974,INV-00239,MEDIUM,MISSING_RECEIPT,"Employee EMP-39738 submitted 5 claims totalling $10,500 without receipts in the review period.",0.728,OPEN,2024-04-06,2024-04-22
FND-004975,INV-00427,MEDIUM,VENDOR_RISK,Payment issued to VND-VND-04912 rated LOW risk. Active contract CON-109889 in place. Enhanced due diligence not documented.,0.715,FALSE_POSITIVE,2023-08-16,2023-08-25
FND-004976,INV-00324,MEDIUM,VENDOR_RISK,"BLACKLISTED vendor VND-VND-01115 received payment of $369,335 via contract CON-106053 that was not updated following blacklisting.",0.495,OPEN,2021-07-25,
FND-004977,INV-00290,MEDIUM,VENDOR_RISK,"Vendor FusionCore Analytics LLC holds CRITICAL risk rating. 6 payments totalling $10,707 processed in the audit period.",0.663,RESOLVED,2022-01-04,
FND-004978,INV-00049,MEDIUM,EXPIRED_COMPLIANCE,"Vendor VND-VND-03578 received payment of $284,012 on 2023-08-06. Compliance certificate expired on 2020-02-27 — 529 days prior.",0.473,ESCALATED,2022-12-16,2023-01-03
FND-004979,INV-00057,CRITICAL,EXPIRED_COMPLIANCE,"Payment of $259,196 released to BridgeTech Consulting International whose PCI-DSS compliance expired 36 days before payment date.",0.899,FALSE_POSITIVE,2023-03-26,
FND-004980,INV-00382,CRITICAL,MISSING_RECEIPT,Expense claim EXP-157281 submitted for Consulting without an attached supporting receipt.,0.986,ESCALATED,2022-04-21,2022-05-12
FND-004981,INV-00372,MEDIUM,APPROVAL_LIMIT,"Approval granted by EMP-76028 who was not authorised to approve amounts above $100,000. Transaction value: $134,102.",0.656,VALIDATED,2024-03-17,
FND-004982,INV-00419,MEDIUM,POLICY_BREACH,"Expense claim of $426,222 for Software exceeds the policy maximum of $500,000. Overage: $42,697.",0.542,ESCALATED,2024-09-29,2024-10-21
FND-004983,INV-00437,MEDIUM,MISSING_RECEIPT,"Reimbursement of $428,324 for Marketing was approved despite no receipt documentation in the system.",0.602,RESOLVED,2023-01-16,2023-01-18
FND-004984,INV-00436,MEDIUM,FRAUD_PATTERN,Transaction routed through 4 intermediate accounts before reaching final beneficiary. Unusual for CASH_OUT transaction type.,0.515,ESCALATED,2021-08-30,
FND-004985,INV-00336,MEDIUM,POLICY_BREACH,"Expense claim of $33,139 for Travel exceeds the policy maximum of $5,000. Overage: $33,119.",0.465,VALIDATED,2021-09-21,
FND-004986,INV-00337,MEDIUM,MISSING_RECEIPT,Expense claim missing receipt. Policy POL-0005 requires receipts for all claims above $100.,0.544,OPEN,2023-05-10,2023-05-28
FND-004987,INV-00031,MEDIUM,MISSING_RECEIPT,Expense claim missing receipt. Policy POL-0016 requires receipts for all claims above $50.,0.715,ESCALATED,2021-06-27,
FND-004988,INV-00300,LOW,APPROVAL_LIMIT,Transaction processed with approval from an officer whose delegated authority was 55% below the required threshold.,0.297,ESCALATED,2024-04-06,2024-05-05
FND-004989,INV-00125,MEDIUM,APPROVAL_LIMIT,"Escalation protocol was bypassed. Transaction valued at $271,222 was approved at L2 without L4 countersignature.",0.584,RESOLVED,2022-05-23,2022-06-11
FND-004990,INV-00151,MEDIUM,VENDOR_RISK,"Vendor IronPoint Manufacturing International holds CRITICAL risk rating. 5 payments totalling $16,672 processed in the audit period.",0.481,VALIDATED,2021-06-26,2021-07-25
FND-004991,INV-00205,LOW,FRAUD_PATTERN,"Split payment pattern detected: 2 transactions to same beneficiary totalling $17,424 — each below approval threshold of $25,000.",0.551,VALIDATED,2023-08-13,
FND-004992,INV-00222,LOW,EXPIRED_COMPLIANCE,"Payment of $277,712 released to BridgeTech Consulting Ltd whose GDPR compliance expired 262 days before payment date.",0.389,OPEN,2024-03-17,2024-04-11
FND-004993,INV-00484,MEDIUM,APPROVAL_LIMIT,Transaction processed with approval from an officer whose delegated authority was 56% below the required threshold.,0.562,VALIDATED,2024-05-10,
FND-004994,INV-00104,MEDIUM,MISSING_RECEIPT,"Employee EMP-63833 submitted 3 claims totalling $8,240 without receipts in the review period.",0.462,VALIDATED,2021-10-25,2021-11-10
FND-004995,INV-00387,HIGH,MISSING_RECEIPT,"Reimbursement of $261,584 for Office Supplies was approved despite no receipt documentation in the system.",0.668,VALIDATED,2022-01-04,
FND-004996,INV-00125,MEDIUM,FRAUD_PATTERN,"Split payment pattern detected: 3 transactions to same beneficiary totalling $15,237 — each below approval threshold of $500,000.",0.625,ESCALATED,2022-07-04,2022-07-08
FND-004997,INV-00400,LOW,EXPIRED_COMPLIANCE,Compliance record CMP-102593 for vendor ZenithBridge Corp International was in EXPIRED status at time of payment processing.,0.408,ESCALATED,2021-10-19,2021-10-20
FND-004998,INV-00265,MEDIUM,APPROVAL_LIMIT,"Approval granted by EMP-44744 who was not authorised to approve amounts above $25,000. Transaction value: $133,358.",0.41,RESOLVED,2022-08-17,
FND-004999,INV-00438,LOW,EXPIRED_COMPLIANCE,"Payment of $127,940 released to VoltEdge Solutions Ltd whose GDPR compliance expired 531 days before payment date.",0.432,OPEN,2022-06-09,
FND-005000,INV-00350,MEDIUM,EXPIRED_COMPLIANCE,Procurement team processed payment without checking compliance status. Certificate had been expired for 160 days.,0.452,VALIDATED,2021-10-13,2021-10-17
