contract_id,vendor_id,contract_value,currency,start_date,end_date,contract_type,status,created_by_employee_id
CON-000001,VND-03187,31728.56,EUR,2021-12-22,2023-09-04,FRAMEWORK,EXPIRED,EMP-2050
CON-000002,VND-04349,363173.42,SGD,2023-09-22,2025-06-16,TIME_AND_MATERIAL,ACTIVE,EMP-74331
CON-000003,VND-01947,951484.52,USD,2020-04-23,2021-11-22,MASTER_SERVICE,EXPIRED,EMP-4649
CON-000004,VND-01131,12787.81,EUR,2018-04-05,2021-03-25,SLA,EXPIRED,EMP-50789
CON-000005,VND-03131,33575.54,USD,2021-02-18,2022-12-23,MASTER_SERVICE,EXPIRED,EMP-49242
CON-000006,VND-04731,31072.74,CAD,2018-03-05,2019-04-08,TIME_AND_MATERIAL,EXPIRED,EMP-22346
CON-000007,VND-02101,56196.64,EUR,2023-11-05,2025-12-24,SLA,ACTIVE,EMP-73814
CON-000008,VND-01381,149687.9,USD,2021-04-02,2022-08-10,RETAINER,EXPIRED,EMP-33748
CON-000009,VND-03766,580188.59,USD,2018-07-15,2020-01-16,SLA,EXPIRED,EMP-48925
CON-000010,VND-04822,495503.31,EUR,2019-01-16,2021-08-06,FRAMEWORK,EXPIRED,EMP-4938
CON-000011,VND-02715,75105.67,EUR,2020-06-24,2021-04-29,RETAINER,EXPIRED,EMP-18287
CON-000012,VND-02096,50080.22,CAD,2023-09-23,2026-05-07,SLA,ACTIVE,EMP-599
CON-000013,VND-03391,1021950.06,GBP,2021-09-20,2023-04-12,SLA,EXPIRED,MGR-8648
CON-000014,VND-04382,13645.61,AUD,2020-01-31,2023-01-08,RETAINER,EXPIRED,EMP-38180
CON-000015,VND-04396,205856.07,USD,2019-03-30,2021-03-18,MASTER_SERVICE,EXPIRED,EMP-27741
CON-000016,VND-03579,15936.01,EUR,2023-10-08,2025-03-22,TIME_AND_MATERIAL,EXPIRED,EMP-63544
CON-000017,VND-03355,158636.6,USD,2023-07-22,2025-06-15,RETAINER,SUSPENDED,EMP-65871
CON-000018,VND-04520,105761.82,EUR,2023-05-19,2024-08-16,PURCHASE_ORDER,EXPIRED,EMP-47649
CON-000019,VND-02743,413092.4,USD,2018-11-22,2020-01-12,PURCHASE_ORDER,EXPIRED,EMP-3660
CON-000020,VND-02824,187867.99,EUR,2021-09-12,2023-11-15,RETAINER,TERMINATED,EMP-29347
CON-000021,VND-02250,8058.52,USD,2023-02-17,2024-05-25,TIME_AND_MATERIAL,EXPIRED,EMP-56437
CON-000022,VND-04314,416795.83,INR,2019-10-03,2021-06-12,FIXED_PRICE,EXPIRED,EMP-21929
CON-000023,VND-04039,10716.83,USD,2020-11-19,2022-04-25,FIXED_PRICE,EXPIRED,EMP-64204
CON-000024,VND-00590,59800.93,INR,2022-01-07,2024-09-10,SLA,EXPIRED,EMP-42419
CON-000025,VND-03304,736474.39,USD,2023-12-09,2026-02-09,FIXED_PRICE,SUSPENDED,EMP-25880
CON-000026,VND-04635,35695.57,GBP,2021-12-08,2024-06-29,PURCHASE_ORDER,EXPIRED,EMP-69710
CON-000027,VND-01571,5000.0,INR,2018-06-04,2019-02-26,SLA,EXPIRED,EMP-11329
CON-000028,VND-01272,325730.9,CAD,2021-02-24,2022-01-18,PURCHASE_ORDER,EXPIRED,EMP-26431
CON-000029,VND-01762,151898.45,INR,2019-11-17,2021-09-18,FRAMEWORK,EXPIRED,EMP-6512
CON-000030,VND-04260,1259942.65,INR,2020-11-06,2022-07-25,SLA,EXPIRED,EMP-56582
CON-000031,VND-04147,82413.33,EUR,2021-01-29,2021-08-05,MASTER_SERVICE,EXPIRED,EMP-RM562
CON-000032,VND-00042,289034.62,EUR,2021-09-28,2024-09-03,MASTER_SERVICE,EXPIRED,EMP-52506
CON-000033,VND-03270,502564.72,GBP,2023-06-14,2024-03-26,FIXED_PRICE,EXPIRED,EMP-63783
CON-000034,VND-00130,409796.92,GBP,2020-09-30,2022-11-18,FRAMEWORK,EXPIRED,EMP-43613
CON-000035,VND-03970,932039.49,EUR,2020-12-30,2023-08-02,SLA,EXPIRED,EMP-19504
CON-000036,VND-01115,19703.22,INR,2021-09-24,2024-04-28,MASTER_SERVICE,TERMINATED,EMP-10854
CON-000037,VND-04698,231642.45,GBP,2019-03-15,2021-05-16,MASTER_SERVICE,EXPIRED,EMP-9066
CON-000038,VND-03641,26948.92,USD,2019-09-21,2022-06-19,RETAINER,EXPIRED,EMP-54144
CON-000039,VND-02928,57297.47,GBP,2020-06-09,2022-06-29,FRAMEWORK,EXPIRED,EMP-11451
CON-000040,VND-02787,156602.84,USD,2021-08-03,2023-08-15,SLA,TERMINATED,EMP-53795
CON-000041,VND-03415,29921.35,USD,2020-06-10,2022-08-20,FRAMEWORK,EXPIRED,EMP-49959
CON-000042,VND-02364,5000.0,EUR,2022-06-08,2022-12-07,RETAINER,EXPIRED,EMP-61570
CON-000043,VND-02814,35080.0,GBP,2019-02-14,2021-04-25,MASTER_SERVICE,EXPIRED,EMP-62034
CON-000044,VND-00562,8669.44,USD,2021-02-09,2022-06-10,PURCHASE_ORDER,EXPIRED,EMP-54748
CON-000045,VND-01688,53803.74,EUR,2019-02-15,2020-10-26,RETAINER,EXPIRED,EMP-CORP-00188
CON-000046,VND-02004,503893.69,GBP,2021-10-09,2024-02-14,TIME_AND_MATERIAL,EXPIRED,EMP-54582
CON-000047,VND-02872,5000.0,USD,2021-07-31,2023-09-15,FIXED_PRICE,EXPIRED,EMP-64956
CON-000048,VND-02483,2832613.75,USD,2020-12-14,2023-04-07,RETAINER,EXPIRED,EMP-3410
CON-000049,VND-03539,75454.94,EUR,2023-04-13,2025-08-13,TIME_AND_MATERIAL,ACTIVE,EMP-67186
CON-000050,VND-01432,271113.8,EUR,2018-01-11,2020-11-05,PURCHASE_ORDER,EXPIRED,EMP-11557
CON-000051,VND-03318,34097.86,INR,2020-09-14,2022-01-12,RETAINER,EXPIRED,EMP-41684
CON-000052,VND-03800,528293.87,INR,2019-05-27,2020-01-14,FIXED_PRICE,EXPIRED,EMP-7073
CON-000053,VND-02067,197307.82,USD,2023-02-07,2026-01-01,FIXED_PRICE,ACTIVE,EMP-22267
CON-000054,VND-00588,19065.12,GBP,2020-12-10,2023-05-19,SLA,EXPIRED,EMP-31810
CON-000055,VND-03837,102388.28,INR,2021-10-11,2023-05-24,TIME_AND_MATERIAL,EXPIRED,EMP-27632
CON-000056,VND-03997,31750.12,GBP,2019-01-26,2020-08-30,FRAMEWORK,TERMINATED,EMP-46000
CON-000057,VND-01754,577270.01,GBP,2021-07-10,2022-06-10,TIME_AND_MATERIAL,EXPIRED,EMP-42849
CON-000058,VND-02864,154698.65,EUR,2018-03-14,2021-01-11,TIME_AND_MATERIAL,EXPIRED,EMP-70886
CON-000059,VND-04898,49919.25,GBP,2023-06-22,2024-12-23,FRAMEWORK,EXPIRED,EMP-26760
CON-000060,VND-00363,15607.96,CAD,2023-12-15,2026-08-12,PURCHASE_ORDER,ACTIVE,EMP-60610
CON-000061,VND-01585,115819.8,USD,2019-11-18,2021-01-15,FIXED_PRICE,EXPIRED,EMP-221
CON-000062,VND-03638,287047.29,GBP,2021-05-16,2021-11-30,MASTER_SERVICE,EXPIRED,EMP-27416
CON-000063,VND-00787,735866.86,USD,2023-07-12,2025-11-23,FRAMEWORK,ACTIVE,EMP-37394
CON-000064,VND-01020,9428.65,EUR,2021-12-01,2024-05-29,TIME_AND_MATERIAL,EXPIRED,EMP-54751
CON-000065,VND-01776,420981.24,GBP,2021-03-06,2022-09-18,FIXED_PRICE,EXPIRED,EMP-58593
CON-000066,VND-00209,8775.86,SGD,2022-05-10,2023-02-17,PURCHASE_ORDER,EXPIRED,EMP-15372
CON-000067,VND-00256,5904.66,GBP,2018-06-11,2021-01-22,RETAINER,EXPIRED,EMP-19551
CON-000068,VND-04693,151803.9,USD,2021-01-09,2023-02-16,SLA,EXPIRED,EMP-15627
CON-000069,VND-04334,115536.72,USD,2021-07-09,2023-12-02,FRAMEWORK,TERMINATED,EMP-29505
CON-000070,VND-02992,105990.68,GBP,2020-08-26,2023-01-03,TIME_AND_MATERIAL,EXPIRED,EMP-70023
CON-000071,VND-03647,14483.39,USD,2020-10-20,2022-04-14,FIXED_PRICE,EXPIRED,EMP-2720
CON-000072,VND-03015,1138040.32,USD,2021-12-29,2024-06-16,RETAINER,EXPIRED,EMP-9874
CON-000073,VND-03723,846485.83,USD,2019-06-29,2021-06-24,PURCHASE_ORDER,EXPIRED,EMP-27323
CON-000074,VND-01889,2458911.3,USD,2021-11-15,2024-08-30,SLA,EXPIRED,EMP-4857
CON-000075,VND-02230,5000.0,EUR,2018-07-13,2020-09-18,PURCHASE_ORDER,TERMINATED,EMP-33031
CON-000076,VND-02538,5000.0,USD,2020-07-17,2022-03-31,TIME_AND_MATERIAL,EXPIRED,EMP-443
CON-000077,VND-03931,16358.1,EUR,2022-08-23,2024-05-16,RETAINER,TERMINATED,EMP-26979
CON-000078,VND-00184,83827.85,GBP,2018-02-15,2020-06-24,PURCHASE_ORDER,EXPIRED,EMP-72107
CON-000079,VND-03580,799443.52,EUR,2022-02-03,2024-02-27,SLA,EXPIRED,EMP-67710
CON-000080,VND-01427,418074.35,AUD,2021-11-04,2022-11-04,SLA,EXPIRED,EMP-8100
CON-000081,VND-03858,882624.61,CAD,2020-12-19,2023-06-11,SLA,EXPIRED,EMP-56969
CON-000082,VND-04286,5000.0,USD,2022-10-24,2024-12-09,FIXED_PRICE,TERMINATED,EMP-32381
CON-000083,VND-01362,6033.57,GBP,2020-12-16,2023-03-17,MASTER_SERVICE,EXPIRED,EMP-54129
CON-000084,VND-00677,35494.64,USD,2023-06-27,2026-03-11,MASTER_SERVICE,ACTIVE,EMP-34126
CON-000085,VND-02508,897082.3,GBP,2021-07-28,2023-05-01,FIXED_PRICE,EXPIRED,EMP-59988
CON-000086,VND-03050,222543.71,USD,2020-05-29,2021-05-29,RETAINER,TERMINATED,EMP-71220
CON-000087,VND-00626,1255417.53,USD,2023-11-04,2024-08-09,MASTER_SERVICE,EXPIRED,EMP-62692
CON-000088,VND-01752,1279032.06,USD,2023-01-18,2024-01-25,FIXED_PRICE,EXPIRED,EMP-CORP-00334
CON-000089,VND-00475,23505.83,EUR,2019-02-15,2021-07-20,PURCHASE_ORDER,EXPIRED,EMP-39840
CON-000090,VND-02466,1631047.7,USD,2019-02-13,2021-02-11,SLA,EXPIRED,EMP-15213
CON-000091,VND-02132,5099.19,USD,2019-07-06,2020-06-19,FIXED_PRICE,EXPIRED,EMP-476
CON-000092,VND-01625,2388634.49,USD,2021-08-18,2022-11-14,PURCHASE_ORDER,TERMINATED,EMP-71934
CON-000093,VND-03629,16856.56,CAD,2020-04-28,2021-11-27,PURCHASE_ORDER,EXPIRED,EMP-53774
CON-000094,VND-03235,92855.67,INR,2023-04-04,2025-02-06,FRAMEWORK,EXPIRED,EMP-71770
CON-000095,VND-03959,9321.59,AUD,2019-03-21,2021-03-26,FIXED_PRICE,EXPIRED,EMP-70510
CON-000096,VND-04946,309396.32,INR,2018-01-11,2019-11-16,FRAMEWORK,EXPIRED,EMP-39178
CON-000097,VND-03409,193469.72,EUR,2019-01-20,2020-12-10,PURCHASE_ORDER,EXPIRED,EMP-73081
CON-000098,VND-03234,728489.5,USD,2018-07-22,2020-11-20,TIME_AND_MATERIAL,EXPIRED,EMP-16477
CON-000099,VND-00367,774816.75,USD,2019-10-25,2021-05-23,PURCHASE_ORDER,EXPIRED,EMP-43196
CON-000100,VND-03518,525397.41,USD,2021-05-07,2022-02-22,FIXED_PRICE,EXPIRED,EMP-27831
CON-000101,VND-01890,17622.96,USD,2018-03-25,2019-10-22,TIME_AND_MATERIAL,EXPIRED,EMP-28656
CON-000102,VND-04625,69332.95,INR,2023-06-16,2025-10-03,RETAINER,ACTIVE,EMP-72788
CON-000103,VND-00938,107461.8,EUR,2023-01-20,2025-06-17,RETAINER,ACTIVE,EMP-21166
CON-000104,VND-04702,45884.94,GBP,2020-02-09,2021-09-17,MASTER_SERVICE,EXPIRED,EMP-26674
CON-000105,VND-00089,56761.26,USD,2021-02-09,2022-02-03,FIXED_PRICE,EXPIRED,EMP-12090
CON-000106,VND-04902,419425.42,GBP,2022-06-19,2024-12-31,PURCHASE_ORDER,TERMINATED,EMP-65201
CON-000107,VND-00029,167194.33,EUR,2019-12-15,2020-10-05,PURCHASE_ORDER,EXPIRED,EMP-31637
CON-000108,VND-04179,30521.71,USD,2022-02-11,2024-10-29,FIXED_PRICE,EXPIRED,EMP-17989
CON-000109,VND-01631,249096.89,USD,2022-02-16,2024-02-24,SLA,EXPIRED,EMP-21579
CON-000110,VND-00678,872317.59,USD,2022-07-31,2024-02-01,MASTER_SERVICE,TERMINATED,EMP-60258
CON-000111,VND-03933,2708536.38,USD,2021-10-16,2022-12-29,FRAMEWORK,EXPIRED,EMP-61004
CON-000112,VND-00213,5893.44,USD,2018-11-30,2020-04-04,PURCHASE_ORDER,TERMINATED,EMP-10250
CON-000113,VND-04449,1128386.49,EUR,2020-02-15,2020-11-09,PURCHASE_ORDER,EXPIRED,EMP-41969
CON-000114,VND-03951,7157.62,GBP,2018-02-18,2019-03-30,TIME_AND_MATERIAL,EXPIRED,EMP-16396
CON-000115,VND-00819,408687.87,USD,2023-07-13,2024-04-01,FIXED_PRICE,EXPIRED,EMP-17108
CON-000116,VND-02830,1069613.6,USD,2023-08-12,2025-05-15,FIXED_PRICE,TERMINATED,EMP-73032
CON-000117,VND-01062,513193.6,EUR,2022-04-14,2022-10-15,FRAMEWORK,ACTIVE,EMP-20520
CON-000118,VND-01900,1215670.31,USD,2021-08-06,2022-09-03,SLA,EXPIRED,EMP-67478
CON-000119,VND-04566,24755.99,USD,2022-07-12,2024-04-20,FIXED_PRICE,EXPIRED,EMP-51800
CON-000120,VND-03177,20204.74,AUD,2020-07-08,2021-11-17,FRAMEWORK,ACTIVE,EMP-29516
CON-000121,VND-03728,5000.0,USD,2020-08-13,2023-06-21,RETAINER,EXPIRED,EMP-69379
CON-000122,VND-01865,329708.81,USD,2019-12-27,2021-03-21,PURCHASE_ORDER,EXPIRED,EMP-19783
CON-000123,VND-04095,11148.25,EUR,2021-10-25,2022-08-20,FRAMEWORK,EXPIRED,EMP-2250
CON-000124,VND-00354,660183.01,USD,2021-05-28,2023-11-11,TIME_AND_MATERIAL,EXPIRED,EMP-18791
CON-000125,VND-04436,188660.65,USD,2021-11-11,2023-06-10,MASTER_SERVICE,EXPIRED,EMP-51014
CON-000126,VND-03963,48699.91,EUR,2023-02-07,2025-04-05,MASTER_SERVICE,EXPIRED,EMP-51369
CON-000127,VND-02449,1517603.74,EUR,2023-05-10,2025-01-02,SLA,EXPIRED,EMP-61774
CON-000128,VND-04720,9672.19,GBP,2022-05-26,2023-10-02,FIXED_PRICE,EXPIRED,EMP-38531
CON-000129,VND-02797,380851.48,GBP,2019-09-06,2021-08-10,FIXED_PRICE,EXPIRED,EMP-49757
CON-000130,VND-04724,5000.0,CAD,2021-04-27,2023-03-27,PURCHASE_ORDER,TERMINATED,EMP-11128
CON-000131,VND-01665,44795.43,EUR,2018-02-12,2020-04-25,TIME_AND_MATERIAL,ACTIVE,EMP-53945
CON-000132,VND-02858,7484.85,AUD,2022-09-04,2023-03-14,RETAINER,EXPIRED,EMP-44488
CON-000133,VND-04895,6212.44,EUR,2022-07-29,2023-04-04,PURCHASE_ORDER,EXPIRED,EMP-29516
CON-000134,VND-03903,24354.76,GBP,2022-12-19,2025-12-07,MASTER_SERVICE,ACTIVE,EMP-42894
CON-000135,VND-03838,716768.65,GBP,2020-04-20,2022-05-23,MASTER_SERVICE,TERMINATED,EMP-45973
CON-000136,VND-01826,14543.16,USD,2023-04-03,2025-05-25,FIXED_PRICE,EXPIRED,EMP-15318
CON-000137,VND-00700,393037.19,EUR,2022-11-29,2025-07-13,MASTER_SERVICE,ACTIVE,EMP-20441
CON-000138,VND-04892,1541351.61,INR,2019-12-08,2020-12-13,FIXED_PRICE,EXPIRED,EMP-24606
CON-000139,VND-01376,209926.22,USD,2020-04-06,2021-03-19,FRAMEWORK,EXPIRED,EMP-27405
CON-000140,VND-01173,286519.69,AUD,2020-07-30,2021-10-11,PURCHASE_ORDER,EXPIRED,EMP-71111
CON-000141,VND-00226,17931.28,SGD,2022-03-28,2024-04-25,SLA,EXPIRED,EMP-64274
CON-000142,VND-00019,350210.07,GBP,2021-11-09,2024-03-08,FIXED_PRICE,EXPIRED,EMP-50104
CON-000143,VND-02647,507536.1,USD,2019-07-30,2021-09-30,SLA,EXPIRED,EMP-12556
CON-000144,VND-03952,21275.89,USD,2018-07-18,2019-02-16,RETAINER,TERMINATED,EMP-39225
CON-000145,VND-04351,438814.63,USD,2021-10-09,2023-01-26,SLA,EXPIRED,EMP-12090
CON-000146,VND-00874,132810.0,USD,2023-11-02,2026-07-11,MASTER_SERVICE,ACTIVE,EMP-66358
CON-000147,VND-01173,58219.93,USD,2018-01-27,2019-06-22,TIME_AND_MATERIAL,EXPIRED,EMP-8192
CON-000148,VND-02992,5000.0,EUR,2018-05-03,2020-03-04,FRAMEWORK,ACTIVE,EMP-17165
CON-000149,VND-04343,30720.32,USD,2023-01-04,2025-01-10,RETAINER,EXPIRED,MGR-3835
CON-000150,VND-04835,564452.87,USD,2019-11-23,2020-09-23,PURCHASE_ORDER,EXPIRED,EMP-12654
CON-000151,VND-00763,18192.21,INR,2021-08-28,2023-09-20,TIME_AND_MATERIAL,EXPIRED,EMP-10168
CON-000152,VND-04725,8526.04,USD,2019-06-24,2021-06-25,RETAINER,EXPIRED,EMP-49517
CON-000153,VND-04255,1018029.06,USD,2020-04-11,2023-02-01,FIXED_PRICE,EXPIRED,EMP-25264
CON-000154,VND-04649,24793.83,GBP,2022-08-02,2023-07-25,FRAMEWORK,EXPIRED,EMP-1396
CON-000155,VND-02538,728172.78,EUR,2019-04-16,2020-12-23,FRAMEWORK,EXPIRED,EMP-68443
CON-000156,VND-04561,40854.9,USD,2018-01-28,2019-11-21,TIME_AND_MATERIAL,EXPIRED,EMP-RM812
CON-000157,VND-04318,65517.85,USD,2021-07-02,2022-12-10,FIXED_PRICE,EXPIRED,EMP-164
CON-000158,VND-01305,78118.01,GBP,2018-01-15,2018-10-06,RETAINER,EXPIRED,EMP-3731
CON-000159,VND-02225,516170.0,USD,2022-06-20,2023-09-25,MASTER_SERVICE,EXPIRED,EMP-37113
CON-000160,VND-02205,649699.0,CAD,2022-08-28,2023-07-08,FIXED_PRICE,EXPIRED,EMP-69694
CON-000161,VND-00801,436384.89,USD,2019-12-02,2021-07-19,FRAMEWORK,EXPIRED,EMP-39731
CON-000162,VND-01400,36389.05,EUR,2018-07-28,2019-09-16,SLA,EXPIRED,EMP-2789
CON-000163,VND-02799,5000.0,EUR,2020-02-12,2021-03-04,FRAMEWORK,ACTIVE,EMP-RM412
CON-000164,VND-01162,58935.04,USD,2020-06-04,2022-01-12,PURCHASE_ORDER,EXPIRED,EMP-37628
CON-000165,VND-00721,12739.43,USD,2020-11-29,2022-05-06,SLA,EXPIRED,EMP-CORP-00383
CON-000166,VND-03288,1135004.74,AUD,2018-11-06,2020-02-03,FIXED_PRICE,EXPIRED,EMP-59929
CON-000167,VND-00817,100460.51,EUR,2023-03-01,2023-09-04,TIME_AND_MATERIAL,EXPIRED,EMP-21231
CON-000168,VND-03542,42466.78,USD,2023-06-03,2025-10-15,FIXED_PRICE,ACTIVE,EMP-8033
CON-000169,VND-04682,164353.76,USD,2018-07-09,2019-05-07,PURCHASE_ORDER,EXPIRED,EMP-29296
CON-000170,VND-01952,8359.0,EUR,2019-09-04,2021-10-01,PURCHASE_ORDER,EXPIRED,EMP-37144
CON-000171,VND-01620,5000.0,USD,2023-05-07,2025-06-24,SLA,ACTIVE,EMP-24037
CON-000172,VND-04388,1138618.37,INR,2022-03-04,2023-07-27,RETAINER,EXPIRED,EMP-68533
CON-000173,VND-03635,6091.05,USD,2021-03-02,2023-05-06,MASTER_SERVICE,EXPIRED,EMP-1076
CON-000174,VND-03765,23197.99,EUR,2019-03-30,2021-12-14,FRAMEWORK,TERMINATED,EMP-42226
CON-000175,VND-03832,257241.2,INR,2020-09-02,2022-10-18,SLA,EXPIRED,EMP-51234
CON-000176,VND-00654,196925.29,EUR,2020-08-31,2023-02-06,TIME_AND_MATERIAL,EXPIRED,EMP-3024
CON-000177,VND-03683,29683.67,USD,2022-11-14,2025-05-07,PURCHASE_ORDER,EXPIRED,EMP-RM1431
CON-000178,VND-01567,241306.48,INR,2021-06-06,2022-06-23,RETAINER,EXPIRED,EMP-22717
CON-000179,VND-03789,234454.71,EUR,2023-07-23,2024-07-05,TIME_AND_MATERIAL,TERMINATED,EMP-42191
CON-000180,VND-00904,19974.88,SGD,2022-07-22,2025-02-26,FRAMEWORK,EXPIRED,EMP-42486
CON-000181,VND-00353,47946.15,USD,2019-10-04,2021-12-20,SLA,EXPIRED,EMP-36127
CON-000182,VND-04375,9413.88,GBP,2018-03-18,2020-07-01,RETAINER,EXPIRED,EMP-21002
CON-000183,VND-00415,6209.49,USD,2018-05-06,2020-11-09,RETAINER,EXPIRED,EMP-1583
CON-000184,VND-03433,119003.46,USD,2021-12-22,2023-10-27,RETAINER,EXPIRED,EMP-RM1077
CON-000185,VND-03322,5000.0,USD,2019-07-21,2020-05-24,FIXED_PRICE,EXPIRED,EMP-22602
CON-000186,VND-03380,655539.56,INR,2020-08-03,2021-03-25,SLA,EXPIRED,EMP-17573
CON-000187,VND-00481,393008.67,CAD,2021-09-22,2022-08-19,MASTER_SERVICE,EXPIRED,EMP-15090
CON-000188,VND-03770,389830.63,USD,2020-01-17,2021-08-24,PURCHASE_ORDER,EXPIRED,EMP-10391
CON-000189,VND-03450,5993.9,USD,2018-02-22,2021-02-05,TIME_AND_MATERIAL,EXPIRED,EMP-41444
CON-000190,VND-01825,16169.8,USD,2021-09-13,2023-11-27,PURCHASE_ORDER,EXPIRED,EMP-7552
CON-000191,VND-01341,5901.48,INR,2020-09-19,2023-07-20,PURCHASE_ORDER,EXPIRED,EMP-32936
CON-000192,VND-03419,19547.09,GBP,2022-08-29,2025-02-04,RETAINER,EXPIRED,EMP-59574
CON-000193,VND-02042,168922.95,AUD,2018-03-23,2020-12-05,SLA,EXPIRED,EMP-CORP-00569
CON-000194,VND-02468,13299.45,USD,2020-08-25,2022-04-09,FIXED_PRICE,EXPIRED,EMP-60103
CON-000195,VND-04958,88803.9,GBP,2018-03-07,2020-04-13,TIME_AND_MATERIAL,ACTIVE,EMP-3381
CON-000196,VND-02463,267387.47,USD,2023-01-31,2024-09-18,SLA,TERMINATED,EMP-56020
CON-000197,VND-01194,154771.92,USD,2023-08-24,2025-07-04,FIXED_PRICE,ACTIVE,EMP-RM1031
CON-000198,VND-02129,53958.48,USD,2018-08-04,2021-01-31,RETAINER,EXPIRED,EMP-43757
CON-000199,VND-03282,279258.85,AUD,2023-07-12,2025-09-12,TIME_AND_MATERIAL,ACTIVE,EMP-26808
CON-000200,VND-03547,11144607.81,INR,2022-01-29,2024-11-04,FIXED_PRICE,TERMINATED,EMP-47720
CON-000201,VND-01610,1584020.62,USD,2020-08-04,2023-01-01,FRAMEWORK,EXPIRED,EMP-12918
CON-000202,VND-01737,8857.14,EUR,2020-01-21,2022-10-07,RETAINER,EXPIRED,EMP-14094
CON-000203,VND-04571,18821.13,USD,2020-06-30,2021-12-04,RETAINER,EXPIRED,EMP-40973
CON-000204,VND-01814,58561.04,SGD,2018-03-22,2020-01-23,PURCHASE_ORDER,EXPIRED,EMP-23182
CON-000205,VND-01706,7019031.77,USD,2020-01-11,2021-03-01,MASTER_SERVICE,EXPIRED,EMP-12662
CON-000206,VND-02402,5000.0,USD,2023-05-03,2024-07-15,SLA,EXPIRED,EMP-13818
CON-000207,VND-03758,16598.94,GBP,2018-08-14,2019-10-15,PURCHASE_ORDER,EXPIRED,EMP-60745
CON-000208,VND-00395,5000.0,EUR,2020-10-15,2023-08-02,PURCHASE_ORDER,EXPIRED,EMP-52332
CON-000209,VND-00736,225492.42,USD,2021-12-31,2023-05-27,FRAMEWORK,EXPIRED,EMP-46478
CON-000210,VND-00429,105529.28,USD,2019-09-15,2020-08-15,FRAMEWORK,TERMINATED,EMP-52270
CON-000211,VND-03222,49704.47,USD,2018-10-19,2019-07-06,FRAMEWORK,EXPIRED,EMP-72310
CON-000212,VND-01079,1282234.7,CAD,2020-08-10,2022-07-13,FRAMEWORK,EXPIRED,EMP-48975
CON-000213,VND-04235,8832.77,USD,2019-01-09,2021-11-18,MASTER_SERVICE,ACTIVE,EMP-216
CON-000214,VND-02862,37155.99,CAD,2020-07-03,2023-01-15,RETAINER,EXPIRED,EMP-35906
CON-000215,VND-00561,70006.67,GBP,2023-04-11,2024-01-28,TIME_AND_MATERIAL,EXPIRED,EMP-9370
CON-000216,VND-04065,38297.0,INR,2022-05-26,2024-02-07,MASTER_SERVICE,EXPIRED,EMP-6764
CON-000217,VND-01077,5922.47,CAD,2022-08-05,2023-10-10,FRAMEWORK,EXPIRED,EMP-40383
CON-000218,VND-03363,91564.23,AUD,2018-11-01,2021-03-17,PURCHASE_ORDER,EXPIRED,EMP-CORP-00256
CON-000219,VND-03544,6316.85,GBP,2021-07-18,2022-05-28,PURCHASE_ORDER,EXPIRED,EMP-58220
CON-000220,VND-00600,137819.56,INR,2018-06-20,2019-10-09,FRAMEWORK,EXPIRED,EMP-15381
CON-000221,VND-03158,677184.01,USD,2022-01-08,2024-05-20,TIME_AND_MATERIAL,EXPIRED,EMP-3053
CON-000222,VND-02508,48615.57,USD,2020-06-02,2022-11-08,PURCHASE_ORDER,EXPIRED,EMP-CORP-00306
CON-000223,VND-04857,61941.55,AUD,2019-03-24,2019-11-04,MASTER_SERVICE,EXPIRED,EMP-66288
CON-000224,VND-00787,16777.97,EUR,2018-07-25,2021-02-09,SLA,EXPIRED,EMP-22616
CON-000225,VND-04103,20202.77,INR,2019-02-07,2021-02-06,TIME_AND_MATERIAL,EXPIRED,EMP-56292
CON-000226,VND-00939,2515018.41,EUR,2020-09-22,2022-10-10,FIXED_PRICE,EXPIRED,EMP-29422
CON-000227,VND-04389,20058.57,INR,2021-12-14,2022-09-10,RETAINER,EXPIRED,EMP-53854
CON-000228,VND-00375,27278.99,CAD,2018-05-25,2020-09-27,FRAMEWORK,EXPIRED,EMP-54859
CON-000229,VND-04562,46117.22,EUR,2019-10-19,2021-05-10,TIME_AND_MATERIAL,EXPIRED,EMP-RM086
CON-000230,VND-01279,348011.48,USD,2023-06-23,2024-05-28,RETAINER,EXPIRED,EMP-RM805
CON-000231,VND-02379,55847.66,USD,2019-09-25,2021-12-30,FIXED_PRICE,EXPIRED,EMP-19937
CON-000232,VND-00146,113478.84,EUR,2023-10-14,2024-11-25,FIXED_PRICE,EXPIRED,EMP-28466
CON-000233,VND-01819,434027.69,EUR,2022-06-28,2024-09-03,MASTER_SERVICE,TERMINATED,EMP-49902
CON-000234,VND-04667,607191.87,EUR,2019-02-27,2021-06-12,FRAMEWORK,ACTIVE,EMP-11431
CON-000235,VND-01675,5000.0,EUR,2023-03-06,2026-03-03,FIXED_PRICE,ACTIVE,EMP-10168
CON-000236,VND-00290,8035.1,USD,2022-04-02,2024-03-21,FIXED_PRICE,EXPIRED,EMP-18001
CON-000237,VND-04598,5000.0,GBP,2023-07-06,2026-07-04,FRAMEWORK,ACTIVE,EMP-2857
CON-000238,VND-00373,138150.51,CAD,2022-02-05,2024-11-21,FRAMEWORK,ACTIVE,EMP-50181
CON-000239,VND-00733,5000.0,USD,2018-07-19,2020-10-16,TIME_AND_MATERIAL,EXPIRED,EMP-41039
CON-000240,VND-00266,1303087.94,CAD,2021-12-02,2023-11-23,PURCHASE_ORDER,EXPIRED,EMP-39407
CON-000241,VND-01753,49245.35,SGD,2023-04-08,2025-09-24,PURCHASE_ORDER,ACTIVE,EMP-19848
CON-000242,VND-01639,376306.64,USD,2022-03-31,2024-02-16,MASTER_SERVICE,EXPIRED,EMP-18044
CON-000243,VND-03406,410926.21,USD,2022-03-01,2023-06-13,MASTER_SERVICE,EXPIRED,EMP-41735
CON-000244,VND-01177,249483.22,USD,2018-08-24,2019-07-11,FRAMEWORK,ACTIVE,EMP-52124
CON-000245,VND-02632,16664.82,CAD,2018-08-25,2020-02-06,MASTER_SERVICE,ACTIVE,EMP-29898
CON-000246,VND-00299,739123.84,USD,2020-05-05,2022-06-05,RETAINER,EXPIRED,EMP-46110
CON-000247,VND-04264,18029.72,USD,2023-05-14,2024-03-27,TIME_AND_MATERIAL,EXPIRED,EMP-55562
CON-000248,VND-01657,172942.31,USD,2021-03-01,2022-05-09,SLA,EXPIRED,EMP-70722
CON-000249,VND-00246,284843.11,INR,2018-11-22,2020-03-14,TIME_AND_MATERIAL,EXPIRED,EMP-10222
CON-000250,VND-01852,1399132.38,EUR,2023-07-08,2025-12-12,MASTER_SERVICE,ACTIVE,EMP-42521
CON-000251,VND-04640,697358.12,USD,2022-08-18,2024-01-01,RETAINER,EXPIRED,EMP-32075
CON-000252,VND-04195,10495.45,GBP,2023-07-27,2026-01-01,TIME_AND_MATERIAL,ACTIVE,EMP-12168
CON-000253,VND-01285,347521.99,USD,2021-10-11,2022-09-14,PURCHASE_ORDER,EXPIRED,EMP-30785
CON-000254,VND-00035,5000.0,USD,2019-06-06,2020-08-14,PURCHASE_ORDER,EXPIRED,EMP-353
CON-000255,VND-03050,40762.88,USD,2023-04-02,2025-01-03,FIXED_PRICE,ACTIVE,EMP-6821
CON-000256,VND-02945,31394.59,USD,2022-02-20,2024-02-01,MASTER_SERVICE,EXPIRED,EMP-68243
CON-000257,VND-04232,472873.85,USD,2019-11-11,2022-07-08,SLA,TERMINATED,EMP-59166
CON-000258,VND-00569,150083.13,USD,2022-07-07,2024-03-19,FIXED_PRICE,EXPIRED,EMP-30263
CON-000259,VND-01782,29824.08,EUR,2019-06-05,2021-04-14,TIME_AND_MATERIAL,EXPIRED,EMP-36637
CON-000260,VND-00276,6861.55,EUR,2022-04-13,2025-01-05,TIME_AND_MATERIAL,EXPIRED,EMP-25888
CON-000261,VND-03203,3631210.32,USD,2021-08-15,2024-06-09,TIME_AND_MATERIAL,TERMINATED,EMP-50824
CON-000262,VND-02482,7012.48,USD,2018-03-02,2019-01-24,PURCHASE_ORDER,ACTIVE,EMP-49307
CON-000263,VND-02057,891513.81,USD,2022-05-29,2023-06-08,TIME_AND_MATERIAL,EXPIRED,EMP-55638
CON-000264,VND-03785,7110.76,EUR,2021-05-14,2022-11-20,MASTER_SERVICE,TERMINATED,EMP-28089
CON-000265,VND-00259,754049.96,USD,2019-09-17,2021-04-08,RETAINER,EXPIRED,EMP-3755
CON-000266,VND-00996,274708.27,USD,2020-10-15,2023-02-27,TIME_AND_MATERIAL,EXPIRED,EMP-31347
CON-000267,VND-02161,36819.6,USD,2019-01-14,2021-12-23,FIXED_PRICE,TERMINATED,EMP-49475
CON-000268,VND-04753,728200.08,USD,2019-05-28,2021-12-14,SLA,TERMINATED,EMP-67148
CON-000269,VND-02489,49678.56,USD,2023-06-15,2025-02-03,RETAINER,EXPIRED,EMP-18287
CON-000270,VND-00520,133298.79,EUR,2020-06-21,2021-09-12,MASTER_SERVICE,EXPIRED,EMP-22255
CON-000271,VND-00850,194940.18,SGD,2019-03-01,2020-07-12,MASTER_SERVICE,ACTIVE,EMP-68328
CON-000272,VND-01897,227759.51,USD,2021-07-13,2023-10-22,PURCHASE_ORDER,TERMINATED,EMP-54529
CON-000273,VND-02555,17121.12,USD,2018-06-07,2020-05-01,FIXED_PRICE,EXPIRED,EMP-61430
CON-000274,VND-03166,29970.83,USD,2019-02-14,2020-06-11,FIXED_PRICE,EXPIRED,EMP-37085
CON-000275,VND-00567,918779.33,USD,2020-03-21,2021-01-02,MASTER_SERVICE,TERMINATED,EMP-50071
CON-000276,VND-02579,1188716.71,INR,2019-05-28,2022-01-14,FIXED_PRICE,EXPIRED,EMP-59427
CON-000277,VND-02202,1785718.15,GBP,2018-08-12,2020-05-18,SLA,EXPIRED,EMP-RM066
CON-000278,VND-02176,26835.31,INR,2023-11-22,2025-08-23,FRAMEWORK,SUSPENDED,EMP-50032
CON-000279,VND-00873,10333.85,USD,2020-07-25,2022-02-27,RETAINER,ACTIVE,EMP-73740
CON-000280,VND-01523,221423.15,USD,2022-07-15,2023-11-14,SLA,TERMINATED,MGR-6.0
CON-000281,VND-01375,5000.0,EUR,2023-01-21,2024-07-13,FIXED_PRICE,EXPIRED,EMP-20518
CON-000282,VND-00373,624307.26,USD,2023-06-26,2025-02-01,FRAMEWORK,EXPIRED,EMP-4738
CON-000283,VND-00220,66440.69,USD,2022-07-22,2024-11-07,TIME_AND_MATERIAL,EXPIRED,EMP-66660
CON-000284,VND-02639,640272.03,USD,2022-06-11,2023-01-15,PURCHASE_ORDER,EXPIRED,EMP-2455
CON-000285,VND-03612,48423.23,GBP,2023-11-05,2025-06-16,FRAMEWORK,ACTIVE,EMP-29063
CON-000286,VND-04784,216707.16,GBP,2023-10-27,2025-12-20,SLA,ACTIVE,EMP-22638
CON-000287,VND-00100,515606.44,GBP,2020-10-06,2022-05-24,RETAINER,EXPIRED,EMP-8801
CON-000288,VND-03839,749965.07,INR,2018-10-22,2020-07-18,MASTER_SERVICE,ACTIVE,EMP-21778
CON-000289,VND-03937,151367.92,GBP,2021-06-23,2023-08-21,FRAMEWORK,EXPIRED,EMP-34036
CON-000290,VND-04324,938253.45,USD,2019-03-30,2022-03-20,MASTER_SERVICE,EXPIRED,EMP-14795
CON-000291,VND-00300,301445.43,USD,2018-04-07,2019-03-27,FRAMEWORK,EXPIRED,EMP-55290
CON-000292,VND-02922,18519.96,USD,2022-09-29,2024-06-28,FRAMEWORK,EXPIRED,EMP-59354
CON-000293,VND-04626,46194.67,USD,2022-07-26,2025-01-09,RETAINER,EXPIRED,EMP-29347
CON-000294,VND-04650,783089.39,GBP,2023-05-21,2026-01-19,MASTER_SERVICE,ACTIVE,EMP-42292
CON-000295,VND-01998,6183.93,USD,2018-08-15,2019-12-26,MASTER_SERVICE,EXPIRED,EMP-38506
CON-000296,VND-03152,13832.37,AUD,2022-07-14,2024-01-01,RETAINER,EXPIRED,EMP-56665
CON-000297,VND-03913,7095.71,USD,2023-02-13,2024-04-09,RETAINER,EXPIRED,EMP-29635
CON-000298,VND-03503,8245510.55,USD,2019-09-26,2020-12-28,RETAINER,EXPIRED,EMP-22297
CON-000299,VND-04589,56934.68,INR,2021-11-30,2024-10-11,SLA,TERMINATED,EMP-35514
CON-000300,VND-01257,18651.46,USD,2023-05-17,2025-09-17,SLA,ACTIVE,EMP-18431
CON-000301,VND-00641,10376.98,INR,2021-01-25,2023-03-06,PURCHASE_ORDER,EXPIRED,EMP-7552
CON-000302,VND-03200,125978.08,USD,2018-05-17,2020-01-27,FIXED_PRICE,EXPIRED,EMP-27609
CON-000303,VND-03914,5000.0,AUD,2020-07-26,2023-05-16,SLA,EXPIRED,EMP-9512
CON-000304,VND-00995,185655.9,EUR,2019-07-13,2020-12-21,FIXED_PRICE,EXPIRED,EMP-24658
CON-000305,VND-01540,188298.36,EUR,2020-12-13,2022-07-18,FRAMEWORK,EXPIRED,EMP-37325
CON-000306,VND-04883,662592.05,INR,2018-03-05,2018-12-14,FIXED_PRICE,EXPIRED,EMP-36284
CON-000307,VND-02685,698204.06,USD,2023-06-14,2023-12-16,FRAMEWORK,EXPIRED,EMP-44001
CON-000308,VND-01084,644265.91,USD,2019-02-10,2021-08-19,FIXED_PRICE,EXPIRED,EMP-52879
CON-000309,VND-02967,51189.35,USD,2019-06-01,2021-08-07,FRAMEWORK,EXPIRED,EMP-28466
CON-000310,VND-01423,1094886.11,SGD,2018-08-08,2019-02-11,FIXED_PRICE,EXPIRED,EMP-56272
CON-000311,VND-00454,39913.91,GBP,2021-08-31,2023-05-07,MASTER_SERVICE,EXPIRED,EMP-73863
CON-000312,VND-01578,31096.01,INR,2020-11-22,2023-08-05,TIME_AND_MATERIAL,EXPIRED,EMP-46421
CON-000313,VND-04213,26583.7,EUR,2019-07-25,2020-04-19,MASTER_SERVICE,EXPIRED,EMP-60637
CON-000314,VND-01147,29921.48,EUR,2020-03-02,2022-02-23,RETAINER,EXPIRED,EMP-48671
CON-000315,VND-00420,7842.44,USD,2022-07-17,2024-05-16,SLA,EXPIRED,EMP-19581
CON-000316,VND-00503,191305.15,INR,2020-12-10,2022-12-01,FRAMEWORK,EXPIRED,EMP-CORP-00049
CON-000317,VND-02008,67278.22,AUD,2022-08-18,2025-07-09,RETAINER,ACTIVE,EMP-23605
CON-000318,VND-03433,346533.26,EUR,2019-07-22,2020-05-26,MASTER_SERVICE,EXPIRED,EMP-42368
CON-000319,VND-01116,115317.88,USD,2018-03-27,2019-11-17,PURCHASE_ORDER,EXPIRED,EMP-51926
CON-000320,VND-00996,268025.78,USD,2022-04-24,2022-12-24,FIXED_PRICE,EXPIRED,EMP-32168
CON-000321,VND-01275,287470.51,INR,2022-08-21,2023-11-12,PURCHASE_ORDER,EXPIRED,EMP-22598
CON-000322,VND-01956,37648.22,USD,2023-09-07,2024-09-14,FIXED_PRICE,EXPIRED,EMP-24715
CON-000323,VND-03391,21703.58,USD,2023-03-10,2024-11-23,SLA,TERMINATED,EMP-68229
CON-000324,VND-04731,91046.27,USD,2018-10-05,2021-04-02,RETAINER,EXPIRED,EMP-21709
CON-000325,VND-01147,58617.51,GBP,2023-12-26,2024-11-22,SLA,EXPIRED,EMP-13665
CON-000326,VND-00834,417125.67,INR,2022-04-08,2025-04-01,PURCHASE_ORDER,EXPIRED,EMP-70125
CON-000327,VND-04651,8928.14,CAD,2019-11-09,2020-11-13,FRAMEWORK,TERMINATED,EMP-4106
CON-000328,VND-02108,3578810.24,CAD,2021-05-19,2023-10-16,FRAMEWORK,EXPIRED,EMP-53907
CON-000329,VND-03517,5000.0,USD,2022-11-17,2024-10-16,SLA,ACTIVE,EMP-CORP-00558
CON-000330,VND-02533,237267.27,AUD,2020-06-30,2021-08-10,SLA,EXPIRED,EMP-27928
CON-000331,VND-04258,741999.3,USD,2021-08-05,2023-08-30,MASTER_SERVICE,EXPIRED,EMP-62299
CON-000332,VND-02849,3976079.08,CAD,2018-08-17,2021-04-12,TIME_AND_MATERIAL,EXPIRED,EMP-59692
CON-000333,VND-03945,5794.64,USD,2023-05-16,2025-07-28,TIME_AND_MATERIAL,SUSPENDED,EMP-25989
CON-000334,VND-01245,1929451.5,GBP,2020-12-27,2022-07-29,MASTER_SERVICE,EXPIRED,EMP-40418
CON-000335,VND-01463,5655.69,USD,2022-06-14,2024-01-19,RETAINER,EXPIRED,EMP-72203
CON-000336,VND-04168,21786.36,USD,2018-10-24,2020-10-21,FRAMEWORK,EXPIRED,EMP-37380
CON-000337,VND-04829,940944.9,USD,2023-06-29,2025-04-18,TIME_AND_MATERIAL,EXPIRED,EMP-43883
CON-000338,VND-04929,787044.83,USD,2022-01-10,2023-11-21,SLA,EXPIRED,EMP-52132
CON-000339,VND-04623,873991.93,USD,2019-08-22,2020-11-04,RETAINER,EXPIRED,EMP-29916
CON-000340,VND-00528,444679.22,AUD,2020-06-06,2022-01-07,FIXED_PRICE,EXPIRED,EMP-39668
CON-000341,VND-04323,272357.83,USD,2019-08-31,2021-02-24,FIXED_PRICE,EXPIRED,EMP-CORP-00535
CON-000342,VND-00848,58528.85,USD,2022-02-03,2024-02-21,PURCHASE_ORDER,TERMINATED,EMP-43725
CON-000343,VND-00251,10989.29,USD,2018-03-01,2020-03-06,SLA,EXPIRED,EMP-RM1296
CON-000344,VND-04163,81796.58,EUR,2019-08-22,2021-10-01,RETAINER,EXPIRED,EMP-56070
CON-000345,VND-01142,107914.22,USD,2023-03-26,2024-05-07,TIME_AND_MATERIAL,TERMINATED,EMP-5655
CON-000346,VND-00323,17864.22,USD,2023-11-07,2025-10-24,FIXED_PRICE,ACTIVE,EMP-64430
CON-000347,VND-03497,762562.75,USD,2021-04-05,2023-04-12,FRAMEWORK,EXPIRED,EMP-18462
CON-000348,VND-00054,6516.61,EUR,2023-01-14,2025-11-24,MASTER_SERVICE,ACTIVE,EMP-CORP-00558
CON-000349,VND-02076,97100.13,SGD,2018-10-12,2020-06-30,SLA,EXPIRED,EMP-9925
CON-000350,VND-03522,239096.18,AUD,2020-05-07,2022-08-09,SLA,EXPIRED,EMP-25931
CON-000351,VND-02681,150763.18,USD,2021-09-21,2022-06-21,FRAMEWORK,EXPIRED,EMP-14049
CON-000352,VND-00266,336960.97,AUD,2019-04-16,2021-07-07,TIME_AND_MATERIAL,EXPIRED,EMP-22006
CON-000353,VND-01056,18510.73,USD,2022-10-25,2025-10-07,PURCHASE_ORDER,ACTIVE,EMP-59027
CON-000354,VND-03428,12866.91,CAD,2023-01-25,2023-12-08,MASTER_SERVICE,EXPIRED,EMP-37265
CON-000355,VND-04334,73879.56,INR,2018-01-12,2020-07-02,PURCHASE_ORDER,EXPIRED,EMP-33104
CON-000356,VND-02250,1166974.69,CAD,2023-02-15,2024-07-17,PURCHASE_ORDER,EXPIRED,EMP-44499
CON-000357,VND-04696,146414.38,USD,2018-05-04,2021-04-03,PURCHASE_ORDER,TERMINATED,EMP-39829
CON-000358,VND-01016,79240.23,USD,2022-10-13,2024-12-27,FIXED_PRICE,EXPIRED,EMP-2507
CON-000359,VND-02038,431826.94,USD,2018-01-06,2019-03-22,PURCHASE_ORDER,TERMINATED,EMP-RM1015
CON-000360,VND-03192,5594.44,SGD,2022-11-21,2024-06-23,MASTER_SERVICE,EXPIRED,EMP-57031
CON-000361,VND-04478,10977.82,USD,2021-04-03,2023-12-16,FRAMEWORK,EXPIRED,EMP-28346
CON-000362,VND-00779,27914.54,EUR,2022-07-26,2023-11-24,FIXED_PRICE,TERMINATED,EMP-27861
CON-000363,VND-00030,17433.22,USD,2019-06-15,2020-10-09,TIME_AND_MATERIAL,EXPIRED,EMP-69621
CON-000364,VND-04996,202665.6,AUD,2022-07-29,2024-10-16,SLA,EXPIRED,EMP-24283
CON-000365,VND-01599,6869.79,SGD,2021-09-13,2024-07-15,MASTER_SERVICE,EXPIRED,EMP-32720
CON-000366,VND-02004,107787.54,USD,2019-10-29,2020-09-09,RETAINER,ACTIVE,EMP-53651
CON-000367,VND-04123,2071641.78,USD,2020-03-01,2021-12-07,SLA,EXPIRED,EMP-50079
CON-000368,VND-02221,373156.89,USD,2018-08-23,2021-02-04,RETAINER,EXPIRED,EMP-65311
CON-000369,VND-02785,432706.54,USD,2020-03-23,2022-05-22,RETAINER,EXPIRED,EMP-48734
CON-000370,VND-02701,680803.17,USD,2019-10-14,2022-07-26,SLA,EXPIRED,EMP-1281
CON-000371,VND-03793,107397.16,USD,2019-12-27,2021-08-09,FIXED_PRICE,EXPIRED,EMP-18512
CON-000372,VND-04355,6142.5,EUR,2018-03-18,2019-05-15,TIME_AND_MATERIAL,TERMINATED,EMP-50660
CON-000373,VND-04158,51112.47,USD,2023-04-13,2024-02-07,MASTER_SERVICE,EXPIRED,EMP-5604
CON-000374,VND-01459,207971.98,INR,2020-06-20,2021-12-28,TIME_AND_MATERIAL,EXPIRED,EMP-14527
CON-000375,VND-02986,36417.16,GBP,2020-01-12,2020-08-25,TIME_AND_MATERIAL,EXPIRED,EMP-CORP-00382
CON-000376,VND-03629,5000.0,USD,2022-12-28,2024-11-14,FRAMEWORK,ACTIVE,EMP-46833
CON-000377,VND-01544,156719.2,CAD,2023-01-14,2025-03-10,SLA,EXPIRED,EMP-26021
CON-000378,VND-02715,17596.83,USD,2022-08-14,2023-07-06,FIXED_PRICE,EXPIRED,EMP-46251
CON-000379,VND-03188,214469.35,CAD,2021-12-31,2023-12-24,MASTER_SERVICE,TERMINATED,EMP-CORP-00223
CON-000380,VND-00894,242124.36,AUD,2019-11-19,2020-11-18,FRAMEWORK,EXPIRED,EMP-56637
CON-000381,VND-04274,97588.36,GBP,2022-03-20,2022-11-17,TIME_AND_MATERIAL,EXPIRED,EMP-38072
CON-000382,VND-03545,201320.07,INR,2018-10-16,2019-08-25,RETAINER,EXPIRED,EMP-61184
CON-000383,VND-01862,5684.22,CAD,2023-07-24,2024-11-02,MASTER_SERVICE,EXPIRED,EMP-CORP-00403
CON-000384,VND-02019,1081275.98,GBP,2023-05-17,2025-06-26,RETAINER,ACTIVE,EMP-14237
CON-000385,VND-00862,5000.0,USD,2021-09-06,2024-02-15,RETAINER,EXPIRED,EMP-16973
CON-000386,VND-04267,9673.22,USD,2023-06-13,2026-01-14,RETAINER,ACTIVE,EMP-73841
CON-000387,VND-04206,1025494.03,CAD,2023-09-29,2025-05-07,FRAMEWORK,EXPIRED,EMP-21365
CON-000388,VND-01924,8695.57,USD,2023-03-30,2024-11-04,TIME_AND_MATERIAL,EXPIRED,EMP-16737
CON-000389,VND-00034,5000.0,AUD,2020-08-29,2022-07-18,FIXED_PRICE,EXPIRED,EMP-14995
CON-000390,VND-02435,13445.6,USD,2021-02-07,2022-06-22,SLA,TERMINATED,EMP-35298
CON-000391,VND-02271,106173.88,CAD,2018-06-27,2020-03-30,MASTER_SERVICE,TERMINATED,EMP-RM532
CON-000392,VND-03491,11662.22,USD,2022-04-29,2024-08-11,PURCHASE_ORDER,EXPIRED,EMP-23737
CON-000393,VND-03703,5000.0,USD,2021-12-23,2024-01-23,SLA,EXPIRED,EMP-4484
CON-000394,VND-02793,39681.01,INR,2023-10-13,2024-11-10,TIME_AND_MATERIAL,EXPIRED,EMP-22638
CON-000395,VND-04651,70453.15,GBP,2018-08-10,2020-05-24,RETAINER,EXPIRED,EMP-67931
CON-000396,VND-02981,6218526.48,USD,2021-07-11,2023-04-13,TIME_AND_MATERIAL,EXPIRED,EMP-57157
CON-000397,VND-03414,1371021.72,USD,2018-10-23,2020-05-12,RETAINER,EXPIRED,EMP-19360
CON-000398,VND-00320,35014.49,SGD,2020-05-12,2021-01-05,FIXED_PRICE,EXPIRED,EMP-53426
CON-000399,VND-03818,724772.45,USD,2022-05-08,2023-02-08,FIXED_PRICE,EXPIRED,EMP-59122
CON-000400,VND-00210,24393.37,USD,2018-01-11,2019-11-25,RETAINER,EXPIRED,EMP-3974
CON-000401,VND-01218,142537.73,USD,2020-03-19,2022-09-17,PURCHASE_ORDER,EXPIRED,EMP-68541
CON-000402,VND-01550,1072119.01,AUD,2021-10-24,2022-09-02,FIXED_PRICE,EXPIRED,EMP-30924
CON-000403,VND-01535,977851.06,USD,2018-12-23,2021-08-12,PURCHASE_ORDER,EXPIRED,EMP-60620
CON-000404,VND-01603,22626.07,USD,2023-02-22,2024-04-20,PURCHASE_ORDER,EXPIRED,EMP-50420
CON-000405,VND-02333,131170.01,USD,2023-01-20,2023-12-25,TIME_AND_MATERIAL,EXPIRED,EMP-57693
CON-000406,VND-01049,276606.66,USD,2021-01-02,2022-11-06,PURCHASE_ORDER,EXPIRED,EMP-17005
CON-000407,VND-00274,59623.12,USD,2020-09-22,2023-03-18,TIME_AND_MATERIAL,EXPIRED,EMP-70899
CON-000408,VND-01219,137579.43,GBP,2018-06-17,2020-02-07,MASTER_SERVICE,EXPIRED,EMP-51811
CON-000409,VND-02533,142653.23,USD,2022-01-16,2024-02-12,FRAMEWORK,EXPIRED,EMP-38717
CON-000410,VND-01312,5000.0,EUR,2020-10-18,2023-02-23,MASTER_SERVICE,ACTIVE,EMP-47171
CON-000411,VND-00117,6951.23,USD,2022-09-11,2024-02-05,SLA,EXPIRED,EMP-29108
CON-000412,VND-01384,69406.93,USD,2019-09-05,2021-09-08,SLA,EXPIRED,EMP-55459
CON-000413,VND-02988,203938.06,SGD,2021-04-27,2022-08-10,FIXED_PRICE,EXPIRED,EMP-18329
CON-000414,VND-00036,30394.43,USD,2022-02-28,2023-09-09,FRAMEWORK,TERMINATED,EMP-57431
CON-000415,VND-00419,787404.54,EUR,2022-07-29,2023-08-30,PURCHASE_ORDER,EXPIRED,EMP-RM1258
CON-000416,VND-03992,40811.12,GBP,2021-06-30,2024-03-18,SLA,EXPIRED,EMP-65293
CON-000417,VND-01571,356832.81,EUR,2018-09-10,2019-12-03,TIME_AND_MATERIAL,EXPIRED,EMP-21128
CON-000418,VND-01458,815747.29,GBP,2020-09-27,2022-05-09,RETAINER,EXPIRED,EMP-58817
CON-000419,VND-04611,526576.51,GBP,2020-01-23,2022-06-23,MASTER_SERVICE,EXPIRED,EMP-30832
CON-000420,VND-02763,151265.43,GBP,2018-04-06,2019-11-17,RETAINER,EXPIRED,EMP-72633
CON-000421,VND-03787,45979.27,USD,2018-10-02,2020-03-13,MASTER_SERVICE,EXPIRED,EMP-48565
CON-000422,VND-04785,688393.77,INR,2020-05-05,2021-07-17,SLA,EXPIRED,EMP-40657
CON-000423,VND-03897,12645.88,SGD,2019-04-15,2020-11-06,PURCHASE_ORDER,EXPIRED,EMP-53854
CON-000424,VND-01947,545219.15,AUD,2020-08-05,2022-09-26,SLA,TERMINATED,EMP-CORP-00359
CON-000425,VND-04885,1043133.37,USD,2022-03-28,2024-12-03,PURCHASE_ORDER,EXPIRED,EMP-41322
CON-000426,VND-01838,25965.08,USD,2023-05-22,2024-02-13,MASTER_SERVICE,TERMINATED,EMP-22640
CON-000427,VND-04582,5000.0,USD,2019-08-19,2021-07-22,PURCHASE_ORDER,EXPIRED,EMP-42894
CON-000428,VND-03720,9870.1,AUD,2018-08-10,2019-12-26,SLA,EXPIRED,EMP-6034
CON-000429,VND-04436,28014.55,USD,2022-12-28,2025-09-11,TIME_AND_MATERIAL,ACTIVE,EMP-14920
CON-000430,VND-03279,9908.67,USD,2019-09-10,2020-08-17,PURCHASE_ORDER,EXPIRED,EMP-22991
CON-000431,VND-01372,583650.98,EUR,2018-08-06,2019-11-27,FIXED_PRICE,EXPIRED,EMP-25346
CON-000432,VND-04749,7642.5,EUR,2019-07-17,2022-02-09,FRAMEWORK,EXPIRED,EMP-57433
CON-000433,VND-03416,712112.31,GBP,2018-03-21,2020-07-10,SLA,TERMINATED,EMP-70174
CON-000434,VND-01275,5000.0,USD,2020-11-18,2023-08-31,RETAINER,EXPIRED,EMP-50356
CON-000435,VND-03712,56749.05,USD,2023-03-23,2025-08-30,TIME_AND_MATERIAL,ACTIVE,EMP-73124
CON-000436,VND-00116,1963677.8,USD,2018-01-15,2020-10-20,FIXED_PRICE,EXPIRED,EMP-1250
CON-000437,VND-03921,114629.02,USD,2023-02-20,2025-10-21,FIXED_PRICE,DRAFT,EMP-778
CON-000438,VND-04211,5506.93,USD,2023-02-02,2024-01-04,TIME_AND_MATERIAL,EXPIRED,EMP-17222
CON-000439,VND-04905,2780632.24,AUD,2023-10-01,2026-06-22,PURCHASE_ORDER,ACTIVE,EMP-49649
CON-000440,VND-03094,213511.77,USD,2019-05-05,2021-01-22,FRAMEWORK,EXPIRED,EMP-28272
CON-000441,VND-04227,43319.34,EUR,2018-05-17,2019-10-21,FIXED_PRICE,EXPIRED,EMP-54604
CON-000442,VND-00087,14602.94,GBP,2020-04-04,2020-12-16,SLA,ACTIVE,EMP-45690
CON-000443,VND-02504,131150.09,USD,2022-02-15,2024-05-26,FIXED_PRICE,EXPIRED,EMP-71726
CON-000444,VND-01010,475845.65,SGD,2020-12-11,2021-10-23,PURCHASE_ORDER,EXPIRED,EMP-7947
CON-000445,VND-02213,16791.6,INR,2022-06-22,2025-03-08,MASTER_SERVICE,EXPIRED,EMP-59780
CON-000446,VND-04558,5826.58,EUR,2020-12-07,2022-12-26,RETAINER,EXPIRED,EMP-43894
CON-000447,VND-00010,5194882.65,GBP,2023-10-09,2026-06-13,RETAINER,ACTIVE,EMP-70339
CON-000448,VND-01398,555425.93,EUR,2023-05-19,2025-03-07,MASTER_SERVICE,EXPIRED,EMP-54063
CON-000449,VND-02337,6616.93,GBP,2021-03-13,2022-04-28,MASTER_SERVICE,ACTIVE,EMP-59721
CON-000450,VND-03627,17780.94,GBP,2022-04-03,2024-01-06,TIME_AND_MATERIAL,EXPIRED,EMP-62851
CON-000451,VND-00682,6745.17,USD,2018-08-08,2020-01-05,RETAINER,EXPIRED,EMP-48926
CON-000452,VND-00420,141146.01,USD,2023-04-05,2023-11-23,RETAINER,EXPIRED,EMP-36723
CON-000453,VND-01447,5000.0,EUR,2022-03-05,2022-10-20,MASTER_SERVICE,EXPIRED,EMP-68964
CON-000454,VND-01340,468002.25,USD,2020-07-29,2023-01-15,RETAINER,EXPIRED,EMP-32217
CON-000455,VND-01411,309247.25,USD,2023-04-12,2024-10-16,TIME_AND_MATERIAL,EXPIRED,EMP-31555
CON-000456,VND-03775,447803.37,INR,2021-09-29,2024-01-12,RETAINER,EXPIRED,EMP-4938
CON-000457,VND-03698,28360.25,GBP,2021-06-20,2022-09-03,RETAINER,EXPIRED,EMP-26227
CON-000458,VND-02113,5857.92,USD,2019-11-10,2020-07-04,RETAINER,EXPIRED,EMP-4261
CON-000459,VND-01731,515423.86,USD,2021-04-09,2021-11-15,FIXED_PRICE,EXPIRED,EMP-RM421
CON-000460,VND-01538,1591327.35,GBP,2023-02-22,2025-10-28,PURCHASE_ORDER,ACTIVE,EMP-48750
CON-000461,VND-03240,201835.43,CAD,2023-01-07,2024-07-28,RETAINER,EXPIRED,EMP-19393
CON-000462,VND-00040,623550.33,USD,2023-12-12,2025-05-02,SLA,EXPIRED,EMP-38697
CON-000463,VND-04905,61688.08,EUR,2018-07-10,2021-04-04,RETAINER,EXPIRED,EMP-54486
CON-000464,VND-04171,87017.88,USD,2021-01-31,2022-05-05,MASTER_SERVICE,EXPIRED,EMP-51177
CON-000465,VND-02765,195267.58,GBP,2022-06-30,2023-06-20,TIME_AND_MATERIAL,EXPIRED,EMP-69793
CON-000466,VND-02093,11347.81,USD,2021-09-16,2022-04-11,FRAMEWORK,EXPIRED,EMP-47633
CON-000467,VND-01497,238521.38,AUD,2022-03-12,2024-10-30,FRAMEWORK,EXPIRED,EMP-43564
CON-000468,VND-04843,16326.58,GBP,2019-02-03,2019-11-29,MASTER_SERVICE,ACTIVE,EMP-68708
CON-000469,VND-00581,453916.08,EUR,2020-10-22,2022-06-14,TIME_AND_MATERIAL,TERMINATED,EMP-31546
CON-000470,VND-02634,59945.91,GBP,2020-06-29,2023-04-13,TIME_AND_MATERIAL,EXPIRED,EMP-22340
CON-000471,VND-00965,49066.03,INR,2020-05-08,2020-12-27,TIME_AND_MATERIAL,EXPIRED,EMP-CORP-00077
CON-000472,VND-02253,1451502.14,USD,2023-12-19,2024-06-24,RETAINER,EXPIRED,MGR-3796
CON-000473,VND-03430,216750.18,USD,2019-09-27,2021-03-14,FRAMEWORK,TERMINATED,EMP-14911
CON-000474,VND-02744,290138.45,EUR,2021-09-21,2023-01-17,SLA,EXPIRED,EMP-62973
CON-000475,VND-03968,466410.12,EUR,2019-02-22,2021-08-25,SLA,ACTIVE,EMP-4030
CON-000476,VND-02093,84719.52,EUR,2021-02-21,2022-11-20,TIME_AND_MATERIAL,EXPIRED,EMP-22590
CON-000477,VND-02031,812931.18,USD,2019-03-01,2021-01-02,FIXED_PRICE,TERMINATED,EMP-RM883
CON-000478,VND-00661,5000.0,USD,2022-10-27,2023-07-14,FRAMEWORK,EXPIRED,EMP-36820
CON-000479,VND-02224,237152.08,GBP,2019-08-14,2021-11-07,FRAMEWORK,EXPIRED,EMP-61524
CON-000480,VND-04125,19657.92,USD,2023-02-07,2025-03-31,TIME_AND_MATERIAL,EXPIRED,EMP-12011
CON-000481,VND-02402,5000.0,USD,2021-09-11,2023-08-17,FRAMEWORK,EXPIRED,EMP-1076
CON-000482,VND-01931,1543106.95,AUD,2018-01-18,2018-11-12,FRAMEWORK,TERMINATED,EMP-26200
CON-000483,VND-04762,5163.85,INR,2020-05-22,2022-01-17,RETAINER,TERMINATED,EMP-21709
CON-000484,VND-03564,594695.18,USD,2023-02-02,2024-07-06,PURCHASE_ORDER,EXPIRED,EMP-39285
CON-000485,VND-02058,27592.89,EUR,2020-10-17,2022-09-25,FIXED_PRICE,EXPIRED,EMP-66655
CON-000486,VND-02346,36274.34,GBP,2021-04-21,2023-02-20,SLA,EXPIRED,EMP-11958
CON-000487,VND-00974,27305.95,SGD,2022-01-15,2023-09-06,MASTER_SERVICE,EXPIRED,EMP-12870
CON-000488,VND-01967,5000.0,INR,2018-09-12,2021-06-18,SLA,EXPIRED,EMP-7474
CON-000489,VND-02068,20195.09,USD,2018-05-04,2021-04-05,TIME_AND_MATERIAL,EXPIRED,EMP-68622
CON-000490,VND-01076,37760.31,USD,2019-06-19,2021-03-20,RETAINER,EXPIRED,EMP-25719
CON-000491,VND-01747,330860.79,USD,2022-12-08,2025-04-27,SLA,TERMINATED,EMP-35547
CON-000492,VND-04399,9522.14,GBP,2019-10-26,2021-02-08,FIXED_PRICE,TERMINATED,EMP-RM434
CON-000493,VND-01541,21488.04,USD,2018-09-14,2021-06-08,SLA,EXPIRED,EMP-52344
CON-000494,VND-04454,10178.81,EUR,2018-02-28,2020-01-12,RETAINER,EXPIRED,EMP-32533
CON-000495,VND-00390,432856.45,INR,2022-09-01,2023-05-18,FIXED_PRICE,TERMINATED,EMP-23799
CON-000496,VND-04184,5540.51,AUD,2023-10-05,2025-05-17,FRAMEWORK,EXPIRED,EMP-8201
CON-000497,VND-02429,141089.74,USD,2023-11-12,2024-06-08,MASTER_SERVICE,TERMINATED,EMP-65754
CON-000498,VND-02774,9452.35,GBP,2018-11-08,2019-10-29,PURCHASE_ORDER,EXPIRED,EMP-RM1352
CON-000499,VND-03546,1336632.47,INR,2018-06-19,2019-11-04,TIME_AND_MATERIAL,EXPIRED,EMP-45905
CON-000500,VND-04963,365332.98,USD,2021-06-24,2022-06-18,TIME_AND_MATERIAL,TERMINATED,EMP-52447
CON-000501,VND-03679,57870.17,SGD,2021-09-06,2022-08-09,MASTER_SERVICE,EXPIRED,EMP-23961
CON-000502,VND-01373,62001.52,USD,2023-03-01,2023-11-29,SLA,EXPIRED,EMP-28093
CON-000503,VND-01306,54698.77,USD,2020-05-01,2023-04-04,MASTER_SERVICE,EXPIRED,EMP-16485
CON-000504,VND-01039,257000.72,GBP,2022-12-18,2025-11-25,SLA,ACTIVE,EMP-CORP-00581
CON-000505,VND-04437,102442.45,USD,2021-10-16,2022-10-21,RETAINER,EXPIRED,EMP-1250
CON-000506,VND-01993,1112300.83,USD,2018-01-26,2019-12-24,PURCHASE_ORDER,EXPIRED,EMP-40515
CON-000507,VND-02201,96841.78,USD,2018-11-24,2021-06-22,FIXED_PRICE,EXPIRED,EMP-28943
CON-000508,VND-01818,14995.05,AUD,2021-11-22,2024-08-30,FRAMEWORK,EXPIRED,EMP-71767
CON-000509,VND-03017,927597.0,GBP,2020-09-21,2022-03-05,FIXED_PRICE,EXPIRED,EMP-37589
CON-000510,VND-04094,226165.01,GBP,2018-05-30,2019-01-22,RETAINER,EXPIRED,EMP-38106
CON-000511,VND-04785,109984.94,CAD,2020-06-13,2021-02-10,FIXED_PRICE,EXPIRED,EMP-59356
CON-000512,VND-01037,1324899.91,USD,2021-11-11,2024-08-22,PURCHASE_ORDER,EXPIRED,EMP-63991
CON-000513,VND-01338,31180.5,USD,2020-11-08,2021-06-18,SLA,ACTIVE,EMP-43751
CON-000514,VND-02767,26165.31,EUR,2022-08-09,2024-07-22,FRAMEWORK,EXPIRED,EMP-1997
CON-000515,VND-03686,12926.96,EUR,2018-06-08,2019-10-01,FIXED_PRICE,EXPIRED,EMP-17807
CON-000516,VND-00567,46511.48,GBP,2022-09-22,2025-01-01,FRAMEWORK,EXPIRED,EMP-1863
CON-000517,VND-01908,22550.99,INR,2022-05-21,2025-03-27,TIME_AND_MATERIAL,TERMINATED,EMP-20179
CON-000518,VND-00084,1089870.42,EUR,2021-02-14,2023-01-22,FRAMEWORK,TERMINATED,EMP-64084
CON-000519,VND-01870,226818.07,USD,2020-02-07,2022-08-03,PURCHASE_ORDER,TERMINATED,EMP-52265
CON-000520,VND-04460,966996.36,USD,2021-09-14,2023-03-08,TIME_AND_MATERIAL,TERMINATED,EMP-41181
CON-000521,VND-00087,5000.0,USD,2022-09-30,2025-09-26,RETAINER,ACTIVE,EMP-21971
CON-000522,VND-04774,5000.0,USD,2021-02-16,2022-01-25,SLA,EXPIRED,EMP-69296
CON-000523,VND-04548,249256.5,USD,2021-08-16,2022-09-11,TIME_AND_MATERIAL,EXPIRED,EMP-40886
CON-000524,VND-02007,183953.76,EUR,2023-09-27,2024-04-23,TIME_AND_MATERIAL,EXPIRED,EMP-65752
CON-000525,VND-00747,6221.73,EUR,2022-03-20,2023-02-10,SLA,EXPIRED,EMP-67608
CON-000526,VND-00437,187331.87,GBP,2018-11-07,2019-06-14,FRAMEWORK,EXPIRED,EMP-6885
CON-000527,VND-01790,538088.4,GBP,2023-02-16,2024-05-27,PURCHASE_ORDER,EXPIRED,EMP-50753
CON-000528,VND-00174,5859.16,USD,2023-01-17,2024-11-29,PURCHASE_ORDER,EXPIRED,EMP-5145
CON-000529,VND-03121,35657.51,SGD,2022-11-03,2025-03-07,FRAMEWORK,EXPIRED,EMP-1502
CON-000530,VND-02424,424164.99,GBP,2023-07-20,2024-12-29,FRAMEWORK,EXPIRED,EMP-20436
CON-000531,VND-00209,164797.66,EUR,2021-08-20,2023-12-12,FRAMEWORK,EXPIRED,EMP-66358
CON-000532,VND-00680,7160.38,USD,2019-04-15,2020-08-14,FIXED_PRICE,TERMINATED,EMP-49368
CON-000533,VND-04581,51021.11,USD,2021-11-14,2022-10-24,PURCHASE_ORDER,EXPIRED,EMP-43950
CON-000534,VND-00506,223945.91,GBP,2023-12-10,2026-03-29,FIXED_PRICE,ACTIVE,EMP-21723
CON-000535,VND-02567,801701.17,GBP,2018-10-02,2020-12-14,MASTER_SERVICE,EXPIRED,EMP-69531
CON-000536,VND-04026,139656.05,SGD,2021-04-26,2022-09-15,FRAMEWORK,TERMINATED,EMP-53625
CON-000537,VND-01111,534196.98,USD,2022-04-29,2024-12-17,FIXED_PRICE,EXPIRED,EMP-59845
CON-000538,VND-04202,1862895.95,SGD,2019-08-03,2020-12-02,RETAINER,EXPIRED,EMP-9333
CON-000539,VND-01983,163061.17,USD,2019-01-11,2021-09-21,PURCHASE_ORDER,ACTIVE,EMP-27139
CON-000540,VND-01417,25646.29,EUR,2020-03-31,2022-11-27,TIME_AND_MATERIAL,EXPIRED,EMP-9229
CON-000541,VND-02053,17653.14,GBP,2019-12-23,2022-09-14,MASTER_SERVICE,TERMINATED,EMP-1490
CON-000542,VND-01350,5000.0,USD,2023-05-13,2025-06-16,FRAMEWORK,ACTIVE,EMP-42319
CON-000543,VND-03920,5000.0,USD,2020-11-01,2021-07-29,TIME_AND_MATERIAL,TERMINATED,EMP-40517
CON-000544,VND-02662,384638.64,USD,2022-07-24,2023-01-28,FRAMEWORK,TERMINATED,EMP-48786
CON-000545,VND-01671,1095635.56,EUR,2021-05-24,2023-12-18,SLA,ACTIVE,EMP-19023
CON-000546,VND-03006,179190.49,GBP,2018-10-09,2019-10-30,FIXED_PRICE,EXPIRED,EMP-71178
CON-000547,VND-01441,580538.38,USD,2022-10-18,2024-10-26,FIXED_PRICE,EXPIRED,EMP-28534
CON-000548,VND-01053,114093.57,SGD,2019-04-23,2020-03-22,MASTER_SERVICE,EXPIRED,EMP-65871
CON-000549,VND-01670,5000.0,EUR,2018-12-09,2020-01-22,TIME_AND_MATERIAL,EXPIRED,EMP-56761
CON-000550,VND-00282,15638.08,AUD,2023-11-24,2026-01-28,PURCHASE_ORDER,ACTIVE,EMP-16170
CON-000551,VND-00576,5000.0,USD,2022-04-05,2024-08-25,TIME_AND_MATERIAL,TERMINATED,EMP-17857
CON-000552,VND-00959,3035411.2,USD,2019-03-18,2021-08-06,SLA,EXPIRED,EMP-5321
CON-000553,VND-00575,499333.27,USD,2020-06-07,2021-06-18,RETAINER,ACTIVE,EMP-65080
CON-000554,VND-03624,155803.92,EUR,2020-08-14,2023-03-30,PURCHASE_ORDER,TERMINATED,EMP-8324
CON-000555,VND-00442,336479.84,SGD,2018-10-11,2020-08-16,FRAMEWORK,TERMINATED,EMP-61711
CON-000556,VND-04489,260886.0,USD,2019-01-13,2021-04-05,TIME_AND_MATERIAL,EXPIRED,EMP-16909
CON-000557,VND-00293,143489.9,USD,2018-05-04,2019-02-22,FRAMEWORK,EXPIRED,EMP-51430
CON-000558,VND-02040,587953.66,USD,2020-12-15,2023-02-09,FRAMEWORK,EXPIRED,EMP-32997
CON-000559,VND-02098,306329.23,GBP,2023-04-29,2025-12-22,TIME_AND_MATERIAL,ACTIVE,MGR-5449
CON-000560,VND-02841,40278.73,USD,2019-09-21,2021-03-20,SLA,EXPIRED,EMP-47878
CON-000561,VND-00617,26464.26,USD,2022-03-26,2024-11-04,SLA,EXPIRED,EMP-9850
CON-000562,VND-04076,9147.43,USD,2023-08-26,2026-03-08,RETAINER,ACTIVE,EMP-23849
CON-000563,VND-03601,683761.23,CAD,2018-05-07,2019-05-14,SLA,EXPIRED,EMP-38724
CON-000564,VND-01686,74385.84,INR,2022-10-05,2024-05-15,MASTER_SERVICE,EXPIRED,EMP-59961
CON-000565,VND-04977,3011120.93,SGD,2022-07-08,2024-09-06,FRAMEWORK,ACTIVE,EMP-23787
CON-000566,VND-04953,723176.47,USD,2019-07-15,2022-03-05,PURCHASE_ORDER,EXPIRED,EMP-32603
CON-000567,VND-04040,651542.91,EUR,2021-07-27,2023-07-12,MASTER_SERVICE,EXPIRED,EMP-56333
CON-000568,VND-00539,39568.21,USD,2018-07-18,2020-08-08,FRAMEWORK,EXPIRED,EMP-61023
CON-000569,VND-01766,28115.08,CAD,2018-05-06,2021-01-28,SLA,EXPIRED,EMP-53511
CON-000570,VND-04022,379855.1,USD,2021-03-14,2024-02-29,FRAMEWORK,EXPIRED,EMP-17195
CON-000571,VND-01402,63534.07,EUR,2023-04-02,2024-09-06,PURCHASE_ORDER,EXPIRED,EMP-71011
CON-000572,VND-01528,987320.99,SGD,2023-11-19,2026-10-05,PURCHASE_ORDER,SUSPENDED,EMP-6238
CON-000573,VND-03063,32364.6,USD,2021-10-15,2024-05-12,TIME_AND_MATERIAL,EXPIRED,EMP-14127
CON-000574,VND-00937,133746.03,EUR,2022-09-20,2025-05-27,TIME_AND_MATERIAL,EXPIRED,EMP-36734
CON-000575,VND-01353,5452.75,EUR,2020-08-21,2022-05-01,SLA,EXPIRED,EMP-RM1256
CON-000576,VND-04007,342229.63,USD,2022-06-12,2025-05-26,PURCHASE_ORDER,EXPIRED,EMP-23506
CON-000577,VND-04358,1085577.22,GBP,2018-05-14,2019-08-01,MASTER_SERVICE,EXPIRED,EMP-66228
CON-000578,VND-04251,10204162.91,AUD,2022-08-20,2024-04-22,FRAMEWORK,EXPIRED,EMP-3960
CON-000579,VND-03929,242332.67,USD,2020-12-24,2021-09-30,RETAINER,EXPIRED,EMP-27419
CON-000580,VND-00317,721785.09,EUR,2020-07-22,2021-05-06,FIXED_PRICE,EXPIRED,EMP-52833
CON-000581,VND-03624,39730.58,USD,2022-06-25,2023-01-29,FIXED_PRICE,EXPIRED,EMP-36498
CON-000582,VND-04202,2237579.35,GBP,2019-03-31,2021-11-02,MASTER_SERVICE,EXPIRED,EMP-23761
CON-000583,VND-03600,34026.0,USD,2019-04-07,2021-09-26,PURCHASE_ORDER,EXPIRED,EMP-62010
CON-000584,VND-00596,17240.3,USD,2022-04-11,2023-02-06,FIXED_PRICE,EXPIRED,EMP-29999
CON-000585,VND-03073,65200.79,USD,2019-01-01,2020-12-09,MASTER_SERVICE,EXPIRED,EMP-33226
CON-000586,VND-02800,1457850.58,AUD,2021-01-09,2022-07-31,FRAMEWORK,TERMINATED,EMP-34142
CON-000587,VND-03263,14734.75,EUR,2020-10-07,2022-04-28,TIME_AND_MATERIAL,EXPIRED,EMP-CORP-00580
CON-000588,VND-03704,5000.0,INR,2020-12-29,2023-10-01,MASTER_SERVICE,EXPIRED,EMP-7852
CON-000589,VND-02579,314203.69,USD,2021-10-16,2024-08-28,FRAMEWORK,EXPIRED,EMP-RM315
CON-000590,VND-00073,9596.94,INR,2018-01-29,2020-12-15,PURCHASE_ORDER,EXPIRED,EMP-8196
CON-000591,VND-01128,15093.82,GBP,2023-07-27,2026-03-27,PURCHASE_ORDER,ACTIVE,EMP-10076
CON-000592,VND-04810,5000.0,CAD,2020-12-29,2023-05-31,FIXED_PRICE,EXPIRED,EMP-38357
CON-000593,VND-01702,34733.1,EUR,2023-12-13,2025-02-02,FIXED_PRICE,EXPIRED,EMP-40136
CON-000594,VND-02662,1874006.95,USD,2023-01-22,2023-08-11,SLA,EXPIRED,EMP-886
CON-000595,VND-04953,6158.07,EUR,2018-12-15,2020-08-02,TIME_AND_MATERIAL,TERMINATED,EMP-5238
CON-000596,VND-00930,425977.0,USD,2020-02-14,2021-10-07,MASTER_SERVICE,EXPIRED,EMP-50601
CON-000597,VND-02254,6578.91,GBP,2023-12-02,2026-03-04,SLA,ACTIVE,EMP-44647
CON-000598,VND-00278,5000.0,AUD,2022-09-17,2023-09-08,MASTER_SERVICE,TERMINATED,EMP-41616
CON-000599,VND-04722,490202.78,USD,2019-05-24,2020-09-27,FRAMEWORK,EXPIRED,EMP-70288
CON-000600,VND-02336,200138.73,AUD,2022-05-05,2024-01-13,TIME_AND_MATERIAL,EXPIRED,EMP-9874
CON-000601,VND-03900,5000.0,EUR,2021-12-19,2024-10-29,SLA,EXPIRED,EMP-4039
CON-000602,VND-00064,31830.24,INR,2019-04-05,2020-11-29,MASTER_SERVICE,EXPIRED,EMP-37189
CON-000603,VND-03661,64589.3,SGD,2021-01-14,2022-05-22,PURCHASE_ORDER,EXPIRED,EMP-66730
CON-000604,VND-02613,33683.96,AUD,2020-01-25,2021-03-19,TIME_AND_MATERIAL,EXPIRED,EMP-23849
CON-000605,VND-01744,55370.68,INR,2020-07-22,2023-05-11,TIME_AND_MATERIAL,EXPIRED,EMP-62648
CON-000606,VND-03985,961785.54,USD,2019-01-09,2021-06-10,RETAINER,TERMINATED,EMP-4374
CON-000607,VND-03646,1024908.09,USD,2023-03-21,2025-04-08,MASTER_SERVICE,EXPIRED,EMP-RM159
CON-000608,VND-02768,19455.24,CAD,2022-07-18,2023-03-31,FIXED_PRICE,EXPIRED,EMP-50983
CON-000609,VND-04639,48942.25,INR,2021-02-28,2021-11-27,FRAMEWORK,TERMINATED,EMP-31347
CON-000610,VND-02009,223083.1,USD,2021-12-07,2024-08-05,FRAMEWORK,ACTIVE,EMP-49746
CON-000611,VND-01748,51107.03,GBP,2019-11-24,2022-04-12,FIXED_PRICE,EXPIRED,EMP-21049
CON-000612,VND-04030,497547.63,USD,2019-05-26,2021-09-27,TIME_AND_MATERIAL,TERMINATED,EMP-CORP-00223
CON-000613,VND-03100,10794.69,EUR,2023-02-13,2025-08-09,FRAMEWORK,ACTIVE,EMP-64204
CON-000614,VND-04591,173835.09,USD,2018-09-23,2021-07-24,PURCHASE_ORDER,ACTIVE,EMP-5921
CON-000615,VND-04275,49522.73,AUD,2021-02-11,2021-10-23,SLA,TERMINATED,EMP-26498
CON-000616,VND-04726,10473.19,USD,2019-04-21,2020-12-17,MASTER_SERVICE,EXPIRED,EMP-12133
CON-000617,VND-02086,1563186.8,USD,2018-12-01,2019-09-12,FIXED_PRICE,TERMINATED,EMP-25790
CON-000618,VND-04724,20885.77,EUR,2022-01-27,2024-10-22,FIXED_PRICE,EXPIRED,EMP-61662
CON-000619,VND-01744,543570.55,USD,2023-10-16,2025-10-24,RETAINER,ACTIVE,EMP-25840
CON-000620,VND-04072,38293.06,GBP,2023-06-01,2024-09-22,RETAINER,TERMINATED,EMP-1674
CON-000621,VND-00039,53247.73,USD,2023-04-05,2025-04-27,MASTER_SERVICE,EXPIRED,EMP-74436
CON-000622,VND-01985,5000.0,USD,2021-10-01,2022-07-05,PURCHASE_ORDER,EXPIRED,EMP-17329
CON-000623,VND-04511,396157.7,INR,2019-11-11,2021-06-28,PURCHASE_ORDER,ACTIVE,EMP-26211
CON-000624,VND-03352,40654.97,GBP,2022-07-21,2024-03-13,RETAINER,EXPIRED,EMP-56430
CON-000625,VND-01666,19903.02,USD,2020-05-30,2023-03-24,TIME_AND_MATERIAL,ACTIVE,EMP-1468
CON-000626,VND-03358,350414.46,CAD,2022-07-07,2025-02-17,FRAMEWORK,EXPIRED,EMP-65901
CON-000627,VND-00010,19664.18,CAD,2018-02-26,2019-03-06,SLA,EXPIRED,EMP-54372
CON-000628,VND-04864,9825.26,CAD,2018-03-28,2019-12-25,SLA,EXPIRED,EMP-6389
CON-000629,VND-00498,945034.13,CAD,2023-09-29,2026-05-05,TIME_AND_MATERIAL,SUSPENDED,EMP-14420
CON-000630,VND-04752,496422.72,EUR,2019-11-04,2020-06-08,PURCHASE_ORDER,TERMINATED,EMP-38531
CON-000631,VND-04218,9656.47,EUR,2021-01-23,2022-12-20,PURCHASE_ORDER,EXPIRED,EMP-38654
CON-000632,VND-02495,19613.42,GBP,2022-12-09,2025-11-08,TIME_AND_MATERIAL,ACTIVE,EMP-6868
CON-000633,VND-02848,212137.77,GBP,2023-04-29,2026-01-20,MASTER_SERVICE,ACTIVE,EMP-59964
CON-000634,VND-02595,23042.31,USD,2019-06-30,2021-03-08,FIXED_PRICE,EXPIRED,EMP-CORP-00303
CON-000635,VND-04900,5000.0,EUR,2019-10-19,2021-09-12,TIME_AND_MATERIAL,ACTIVE,EMP-45856
CON-000636,VND-03905,6144.01,USD,2021-12-04,2022-06-05,TIME_AND_MATERIAL,TERMINATED,EMP-55552
CON-000637,VND-02735,5000.0,GBP,2019-06-27,2022-02-03,SLA,EXPIRED,EMP-16204
CON-000638,VND-01850,1166051.04,USD,2020-06-06,2021-04-10,MASTER_SERVICE,EXPIRED,EMP-35444
CON-000639,VND-01408,244910.8,GBP,2022-12-21,2024-02-02,FRAMEWORK,EXPIRED,EMP-68624
CON-000640,VND-02113,3389256.51,EUR,2018-06-10,2020-12-26,SLA,EXPIRED,EMP-30611
CON-000641,VND-02809,524830.74,USD,2019-09-01,2020-12-02,PURCHASE_ORDER,EXPIRED,EMP-22233
CON-000642,VND-01026,49427.77,USD,2020-03-30,2022-02-01,FRAMEWORK,EXPIRED,EMP-52022
CON-000643,VND-02935,484527.88,USD,2020-05-09,2021-12-19,SLA,EXPIRED,EMP-53866
CON-000644,VND-01591,67239.94,USD,2023-07-11,2025-03-26,PURCHASE_ORDER,ACTIVE,EMP-31768
CON-000645,VND-04365,5000.0,GBP,2022-06-28,2023-06-06,FRAMEWORK,EXPIRED,EMP-67000
CON-000646,VND-01146,8350.14,USD,2020-06-16,2022-05-06,SLA,EXPIRED,EMP-49271
CON-000647,VND-00836,293765.01,USD,2020-08-12,2023-05-18,MASTER_SERVICE,EXPIRED,EMP-26211
CON-000648,VND-04451,7856.03,USD,2021-07-02,2022-05-23,RETAINER,EXPIRED,EMP-67317
CON-000649,VND-03652,361913.33,SGD,2020-12-30,2022-01-16,MASTER_SERVICE,TERMINATED,EMP-30443
CON-000650,VND-01015,125493.9,CAD,2023-10-09,2024-11-07,RETAINER,EXPIRED,EMP-6549
CON-000651,VND-00676,46640.28,USD,2022-01-14,2024-05-04,PURCHASE_ORDER,EXPIRED,EMP-40424
CON-000652,VND-03808,37287.58,INR,2022-12-07,2023-09-16,PURCHASE_ORDER,TERMINATED,EMP-59384
CON-000653,VND-03045,87124.9,EUR,2019-04-11,2021-02-07,SLA,EXPIRED,EMP-53545
CON-000654,VND-00136,7756.37,USD,2022-05-01,2023-08-26,RETAINER,EXPIRED,EMP-37115
CON-000655,VND-01181,138968.75,GBP,2022-02-14,2023-12-27,MASTER_SERVICE,EXPIRED,EMP-15066
CON-000656,VND-01289,21859.53,GBP,2021-03-31,2021-10-27,FIXED_PRICE,EXPIRED,EMP-32914
CON-000657,VND-01624,23733.33,AUD,2022-10-22,2024-10-05,RETAINER,EXPIRED,EMP-25356
CON-000658,VND-01088,66752.57,GBP,2020-05-24,2022-09-01,TIME_AND_MATERIAL,EXPIRED,EMP-74160
CON-000659,VND-04975,7601.42,USD,2023-10-23,2026-09-20,FIXED_PRICE,ACTIVE,EMP-28791
CON-000660,VND-01950,33660.3,USD,2019-01-23,2021-03-21,PURCHASE_ORDER,EXPIRED,EMP-12063
CON-000661,VND-02973,15940.37,USD,2018-11-27,2021-04-22,SLA,EXPIRED,EMP-58597
CON-000662,VND-03246,5000.0,INR,2022-11-15,2025-10-27,FIXED_PRICE,ACTIVE,EMP-37345
CON-000663,VND-00302,52439.84,USD,2023-02-18,2024-04-01,FIXED_PRICE,EXPIRED,EMP-2927
CON-000664,VND-02440,5000.0,AUD,2023-12-19,2025-08-28,SLA,ACTIVE,EMP-27758
CON-000665,VND-00730,62548.49,EUR,2018-01-04,2019-02-24,RETAINER,EXPIRED,EMP-69938
CON-000666,VND-03123,472781.51,USD,2019-09-18,2020-06-29,PURCHASE_ORDER,EXPIRED,EMP-72833
CON-000667,VND-03619,96526.91,INR,2020-04-23,2022-05-29,FRAMEWORK,EXPIRED,EMP-27192
CON-000668,VND-02107,198113.02,USD,2021-10-11,2023-12-10,TIME_AND_MATERIAL,EXPIRED,EMP-62818
CON-000669,VND-02625,13307.66,USD,2021-03-17,2022-11-11,SLA,EXPIRED,EMP-54333
CON-000670,VND-00611,156145.31,AUD,2018-08-27,2020-08-01,FIXED_PRICE,EXPIRED,EMP-12189
CON-000671,VND-00746,572631.17,GBP,2019-08-23,2022-03-13,MASTER_SERVICE,EXPIRED,EMP-63588
CON-000672,VND-03081,51689.4,USD,2019-11-19,2021-05-11,PURCHASE_ORDER,EXPIRED,EMP-36920
CON-000673,VND-01523,246575.25,USD,2020-04-17,2021-08-01,PURCHASE_ORDER,EXPIRED,EMP-1541
CON-000674,VND-04903,301812.77,USD,2022-10-12,2025-02-21,MASTER_SERVICE,EXPIRED,EMP-71662
CON-000675,VND-00274,331898.45,CAD,2018-02-12,2019-06-16,TIME_AND_MATERIAL,EXPIRED,EMP-61757
CON-000676,VND-03624,30609.94,CAD,2019-09-24,2021-05-19,PURCHASE_ORDER,TERMINATED,EMP-57116
CON-000677,VND-04569,767981.3,INR,2020-03-20,2022-07-28,TIME_AND_MATERIAL,EXPIRED,EMP-27567
CON-000678,VND-02289,715035.77,SGD,2023-06-07,2025-02-17,MASTER_SERVICE,EXPIRED,EMP-65246
CON-000679,VND-00191,32738.97,INR,2020-03-21,2022-02-06,TIME_AND_MATERIAL,EXPIRED,EMP-1114
CON-000680,VND-04582,54570.97,AUD,2018-03-01,2019-06-16,MASTER_SERVICE,EXPIRED,EMP-28066
CON-000681,VND-02228,20295.3,USD,2022-11-19,2024-12-26,FIXED_PRICE,EXPIRED,EMP-16763
CON-000682,VND-01916,663561.48,USD,2022-12-10,2025-08-02,TIME_AND_MATERIAL,ACTIVE,EMP-46524
CON-000683,VND-04106,19577.69,EUR,2018-05-03,2020-09-04,TIME_AND_MATERIAL,EXPIRED,EMP-60987
CON-000684,VND-01568,121644.38,CAD,2021-05-25,2023-12-18,FIXED_PRICE,EXPIRED,EMP-64080
CON-000685,VND-04422,378089.02,USD,2020-08-26,2022-05-23,TIME_AND_MATERIAL,TERMINATED,EMP-3903
CON-000686,VND-04967,275627.59,GBP,2022-07-10,2024-06-09,SLA,EXPIRED,EMP-24205
CON-000687,VND-01293,32521.03,INR,2021-08-17,2022-04-13,RETAINER,EXPIRED,EMP-44935
CON-000688,VND-04848,200289.55,USD,2022-05-17,2023-08-27,SLA,EXPIRED,EMP-33715
CON-000689,VND-02173,1005212.8,GBP,2021-05-06,2024-01-04,PURCHASE_ORDER,EXPIRED,EMP-7366
CON-000690,VND-04874,5000.0,GBP,2019-12-26,2020-10-15,FRAMEWORK,EXPIRED,EMP-44330
CON-000691,VND-00264,13239.99,USD,2020-08-21,2022-07-18,SLA,EXPIRED,EMP-RM106
CON-000692,VND-01717,5936.02,USD,2021-06-25,2023-02-24,FRAMEWORK,EXPIRED,EMP-52210
CON-000693,VND-04813,91438.53,GBP,2018-08-29,2019-09-30,SLA,EXPIRED,EMP-46872
CON-000694,VND-03526,47458.66,USD,2019-05-17,2021-09-15,RETAINER,EXPIRED,EMP-599
CON-000695,VND-01454,23119.59,SGD,2021-10-16,2022-05-29,MASTER_SERVICE,EXPIRED,EMP-RM553
CON-000696,VND-03319,237692.79,AUD,2021-07-06,2022-12-27,RETAINER,EXPIRED,EMP-23036
CON-000697,VND-00575,8281.92,EUR,2018-07-01,2019-02-09,RETAINER,EXPIRED,EMP-55131
CON-000698,VND-04934,14192.97,AUD,2020-05-30,2021-07-05,PURCHASE_ORDER,TERMINATED,EMP-56194
CON-000699,VND-03286,203442.47,CAD,2019-02-16,2021-11-26,MASTER_SERVICE,EXPIRED,EMP-23631
CON-000700,VND-00213,36842.09,USD,2021-10-19,2024-06-29,PURCHASE_ORDER,EXPIRED,EMP-50783
CON-000701,VND-00868,12975.68,USD,2018-10-08,2019-10-11,MASTER_SERVICE,TERMINATED,EMP-50511
CON-000702,VND-04440,12039.79,INR,2022-03-16,2024-04-06,MASTER_SERVICE,EXPIRED,EMP-50613
CON-000703,VND-02419,1675858.7,USD,2019-04-20,2020-04-28,TIME_AND_MATERIAL,EXPIRED,EMP-32540
CON-000704,VND-02919,335141.97,USD,2019-05-10,2021-06-17,FRAMEWORK,TERMINATED,EMP-14212
CON-000705,VND-04722,123025.49,USD,2023-12-21,2025-09-09,FIXED_PRICE,ACTIVE,EMP-14559
CON-000706,VND-03957,1755382.3,USD,2018-02-16,2020-06-02,MASTER_SERVICE,TERMINATED,EMP-6477
CON-000707,VND-01335,12856.13,INR,2022-02-06,2022-08-22,SLA,TERMINATED,EMP-48338
CON-000708,VND-03462,70938.73,CAD,2019-09-22,2021-11-15,MASTER_SERVICE,TERMINATED,EMP-22006
CON-000709,VND-01596,81642.19,USD,2021-12-16,2022-11-28,FRAMEWORK,EXPIRED,EMP-49378
CON-000710,VND-00428,842568.46,EUR,2020-05-23,2022-03-23,SLA,EXPIRED,EMP-57365
CON-000711,VND-02976,574119.31,USD,2021-11-29,2023-06-26,TIME_AND_MATERIAL,EXPIRED,EMP-36026
CON-000712,VND-03184,19483.44,GBP,2019-03-12,2019-11-16,FIXED_PRICE,TERMINATED,EMP-38293
CON-000713,VND-01076,17606.54,INR,2018-05-15,2020-09-06,RETAINER,EXPIRED,EMP-9369
CON-000714,VND-03036,239005.18,USD,2022-10-25,2024-03-13,MASTER_SERVICE,EXPIRED,EMP-49728
CON-000715,VND-04542,53062.44,SGD,2018-07-16,2021-05-12,FIXED_PRICE,EXPIRED,EMP-4579
CON-000716,VND-01080,256163.51,USD,2020-07-31,2023-07-11,SLA,TERMINATED,EMP-33605
CON-000717,VND-00486,14468.67,EUR,2021-08-22,2023-02-18,PURCHASE_ORDER,EXPIRED,EMP-73814
CON-000718,VND-01112,574619.19,INR,2022-10-24,2025-07-06,MASTER_SERVICE,ACTIVE,EMP-48563
CON-000719,VND-02793,57907.87,USD,2022-10-30,2024-11-16,TIME_AND_MATERIAL,EXPIRED,EMP-9532
CON-000720,VND-00166,289394.72,USD,2022-05-04,2024-08-09,TIME_AND_MATERIAL,EXPIRED,EMP-52447
CON-000721,VND-02361,1173946.49,USD,2018-05-07,2019-10-21,FRAMEWORK,EXPIRED,EMP-CORP-00521
CON-000722,VND-03459,147220.48,SGD,2023-10-27,2024-08-27,MASTER_SERVICE,EXPIRED,EMP-RM1195
CON-000723,VND-04562,7211.24,USD,2018-02-24,2019-05-09,SLA,EXPIRED,EMP-53599
CON-000724,VND-04433,1160192.72,USD,2018-11-05,2021-04-11,RETAINER,TERMINATED,EMP-73780
CON-000725,VND-04521,115503.11,EUR,2020-08-25,2021-11-27,SLA,EXPIRED,EMP-23245
CON-000726,VND-02887,16847.41,EUR,2022-07-13,2023-01-20,MASTER_SERVICE,TERMINATED,EMP-47616
CON-000727,VND-00285,266352.64,GBP,2019-06-24,2021-11-28,FIXED_PRICE,EXPIRED,EMP-69046
CON-000728,VND-04868,20807.99,EUR,2020-06-21,2022-11-18,TIME_AND_MATERIAL,EXPIRED,EMP-61299
CON-000729,VND-00333,22121.27,USD,2020-11-22,2021-10-13,FIXED_PRICE,EXPIRED,EMP-44461
CON-000730,VND-00132,126794.38,GBP,2022-01-10,2023-10-17,FRAMEWORK,ACTIVE,EMP-44592
CON-000731,VND-01468,208838.85,GBP,2020-02-20,2022-07-09,FRAMEWORK,EXPIRED,EMP-56295
CON-000732,VND-03200,5000.0,USD,2018-12-17,2021-11-30,TIME_AND_MATERIAL,EXPIRED,EMP-71826
CON-000733,VND-03201,30946.07,USD,2021-03-16,2023-02-01,SLA,ACTIVE,EMP-32238
CON-000734,VND-03846,526319.32,USD,2022-03-18,2025-03-13,FRAMEWORK,EXPIRED,EMP-62366
CON-000735,VND-03174,121902.34,USD,2023-01-01,2024-07-31,PURCHASE_ORDER,EXPIRED,EMP-39223
CON-000736,VND-04425,1600040.04,USD,2022-11-19,2023-05-26,FIXED_PRICE,EXPIRED,EMP-54814
CON-000737,VND-02213,10797.61,EUR,2022-06-27,2025-06-08,SLA,SUSPENDED,EMP-19191
CON-000738,VND-00377,230413.65,SGD,2022-06-10,2023-12-20,MASTER_SERVICE,TERMINATED,EMP-7336
CON-000739,VND-02420,13904.56,USD,2019-10-10,2020-06-10,MASTER_SERVICE,TERMINATED,EMP-27128
CON-000740,VND-01690,65277.48,USD,2019-08-28,2021-01-19,MASTER_SERVICE,EXPIRED,EMP-58210
CON-000741,VND-01241,211889.6,INR,2022-05-18,2025-03-14,FRAMEWORK,EXPIRED,EMP-52549
CON-000742,VND-02531,6839.6,USD,2022-05-19,2025-05-02,TIME_AND_MATERIAL,EXPIRED,EMP-57379
CON-000743,VND-02782,685931.03,USD,2019-09-08,2020-03-14,SLA,TERMINATED,EMP-44277
CON-000744,VND-01632,22751.14,GBP,2018-12-26,2020-01-02,SLA,EXPIRED,EMP-71345
CON-000745,VND-00137,784499.38,AUD,2020-07-30,2021-11-17,FRAMEWORK,EXPIRED,EMP-66626
CON-000746,VND-01013,94175.8,USD,2018-12-15,2021-12-03,MASTER_SERVICE,TERMINATED,EMP-39456
CON-000747,VND-01854,1852849.85,USD,2019-03-23,2021-12-08,RETAINER,TERMINATED,EMP-308
CON-000748,VND-02303,942066.96,EUR,2018-05-07,2021-02-06,SLA,TERMINATED,EMP-70269
CON-000749,VND-01823,680629.71,INR,2020-03-17,2022-08-11,FRAMEWORK,EXPIRED,EMP-47230
CON-000750,VND-04457,1724158.81,GBP,2021-05-29,2022-01-10,PURCHASE_ORDER,EXPIRED,EMP-11890
CON-000751,VND-04350,7294.44,SGD,2020-07-23,2021-04-23,PURCHASE_ORDER,EXPIRED,EMP-13170
CON-000752,VND-04236,887021.41,GBP,2023-08-20,2024-06-06,MASTER_SERVICE,ACTIVE,EMP-28543
CON-000753,VND-01234,2471319.61,EUR,2021-06-26,2022-06-07,SLA,EXPIRED,EMP-73481
CON-000754,VND-03566,60731.1,USD,2020-06-08,2022-10-31,SLA,EXPIRED,EMP-8606
CON-000755,VND-02842,473787.68,EUR,2019-06-07,2021-02-03,SLA,EXPIRED,EMP-14787
CON-000756,VND-04368,46197.1,USD,2020-03-11,2022-10-13,PURCHASE_ORDER,EXPIRED,EMP-21033
CON-000757,VND-02577,304435.05,USD,2021-04-25,2023-11-26,FRAMEWORK,EXPIRED,EMP-1677
CON-000758,VND-00957,241440.5,USD,2023-03-24,2025-03-12,MASTER_SERVICE,EXPIRED,EMP-45210
CON-000759,VND-02713,5000.0,USD,2020-10-19,2021-12-30,MASTER_SERVICE,EXPIRED,EMP-48797
CON-000760,VND-04185,982697.85,GBP,2019-10-13,2020-04-17,FIXED_PRICE,EXPIRED,EMP-51285
CON-000761,VND-03111,21000.61,USD,2018-07-01,2020-06-25,FIXED_PRICE,EXPIRED,EMP-71091
CON-000762,VND-02630,126907.97,INR,2023-08-13,2025-05-11,RETAINER,EXPIRED,MGR-8161
CON-000763,VND-03872,36257.1,EUR,2020-04-30,2021-01-08,FRAMEWORK,TERMINATED,EMP-37800
CON-000764,VND-02949,23155.68,GBP,2020-02-16,2020-11-27,TIME_AND_MATERIAL,EXPIRED,EMP-10607
CON-000765,VND-01052,1379501.5,USD,2018-05-22,2020-03-24,MASTER_SERVICE,EXPIRED,EMP-18037
CON-000766,VND-02158,5858122.27,USD,2018-01-16,2020-04-25,PURCHASE_ORDER,EXPIRED,EMP-21709
CON-000767,VND-02273,1569399.89,USD,2021-12-27,2022-11-17,FRAMEWORK,TERMINATED,EMP-834
CON-000768,VND-02888,440210.85,INR,2023-03-05,2024-07-16,RETAINER,EXPIRED,EMP-27087
CON-000769,VND-03923,581290.08,USD,2019-05-17,2021-10-12,MASTER_SERVICE,EXPIRED,EMP-46833
CON-000770,VND-04757,467764.0,USD,2019-11-06,2022-01-31,FIXED_PRICE,EXPIRED,EMP-25324
CON-000771,VND-00207,5000.0,USD,2018-07-07,2021-02-05,SLA,EXPIRED,EMP-64969
CON-000772,VND-02471,24765.85,EUR,2023-07-26,2025-01-29,TIME_AND_MATERIAL,EXPIRED,EMP-13146
CON-000773,VND-03387,1943135.12,EUR,2018-10-09,2021-04-27,RETAINER,EXPIRED,EMP-35081
CON-000774,VND-03306,389512.82,INR,2019-06-20,2020-04-13,MASTER_SERVICE,EXPIRED,EMP-117
CON-000775,VND-02091,168483.53,EUR,2023-02-13,2024-11-01,PURCHASE_ORDER,EXPIRED,EMP-60030
CON-000776,VND-02364,5000.0,USD,2018-07-04,2019-08-03,TIME_AND_MATERIAL,EXPIRED,EMP-46375
CON-000777,VND-04933,5000.0,USD,2020-12-17,2023-01-06,FRAMEWORK,TERMINATED,EMP-593
CON-000778,VND-03691,24991.11,USD,2019-04-27,2020-09-07,PURCHASE_ORDER,TERMINATED,EMP-43952
CON-000779,VND-03247,13714.03,USD,2023-03-13,2024-07-22,TIME_AND_MATERIAL,EXPIRED,EMP-5839
CON-000780,VND-00053,368627.53,GBP,2018-03-15,2019-04-25,FIXED_PRICE,EXPIRED,EMP-CORP-00302
CON-000781,VND-00103,80992.75,USD,2023-01-15,2024-08-03,MASTER_SERVICE,EXPIRED,EMP-43420
CON-000782,VND-00985,5623.87,EUR,2020-01-12,2022-09-24,SLA,EXPIRED,EMP-62188
CON-000783,VND-01742,532694.44,EUR,2023-08-25,2025-04-21,SLA,EXPIRED,EMP-50700
CON-000784,VND-02143,15593.32,INR,2022-12-09,2023-10-21,SLA,EXPIRED,EMP-51306
CON-000785,VND-01688,72169.82,GBP,2018-02-15,2019-06-16,PURCHASE_ORDER,EXPIRED,EMP-21844
CON-000786,VND-04669,1879628.37,USD,2018-05-31,2020-01-12,PURCHASE_ORDER,ACTIVE,EMP-25469
CON-000787,VND-04449,299507.44,USD,2020-08-06,2021-05-09,FRAMEWORK,EXPIRED,EMP-41902
CON-000788,VND-02786,954322.32,EUR,2021-02-09,2023-03-23,TIME_AND_MATERIAL,EXPIRED,EMP-67496
CON-000789,VND-02534,9510.2,USD,2022-11-09,2024-05-01,SLA,ACTIVE,EMP-70216
CON-000790,VND-00239,116909.55,EUR,2022-05-12,2024-12-14,SLA,EXPIRED,EMP-40747
CON-000791,VND-00156,310630.04,USD,2020-07-12,2023-03-27,FRAMEWORK,EXPIRED,EMP-13011
CON-000792,VND-00682,384885.97,AUD,2022-08-10,2025-02-19,RETAINER,EXPIRED,EMP-68788
CON-000793,VND-04526,59084.8,USD,2022-03-05,2024-04-09,SLA,EXPIRED,EMP-6302
CON-000794,VND-04094,21441.36,SGD,2020-03-19,2020-12-30,TIME_AND_MATERIAL,TERMINATED,EMP-40126
CON-000795,VND-03227,68717.92,EUR,2023-07-27,2024-07-22,FRAMEWORK,EXPIRED,EMP-2973
CON-000796,VND-03902,305065.47,USD,2022-02-08,2024-03-10,FIXED_PRICE,EXPIRED,EMP-69253
CON-000797,VND-01710,642251.6,EUR,2021-06-18,2022-03-16,SLA,ACTIVE,EMP-41414
CON-000798,VND-02835,103783.93,GBP,2018-04-07,2020-04-16,PURCHASE_ORDER,EXPIRED,EMP-72474
CON-000799,VND-04026,12812.61,GBP,2019-06-18,2020-06-28,SLA,EXPIRED,EMP-56523
CON-000800,VND-00942,5935.52,USD,2018-04-23,2018-11-22,FRAMEWORK,EXPIRED,EMP-46862
CON-000801,VND-02739,264361.32,GBP,2023-11-24,2024-05-22,FRAMEWORK,EXPIRED,EMP-15439
CON-000802,VND-02058,149790.45,USD,2019-10-03,2022-05-16,FIXED_PRICE,ACTIVE,EMP-16138
CON-000803,VND-00713,206680.52,GBP,2023-11-19,2025-06-24,MASTER_SERVICE,SUSPENDED,EMP-36124
CON-000804,VND-04962,11000386.29,EUR,2021-07-01,2024-05-05,MASTER_SERVICE,TERMINATED,EMP-55961
CON-000805,VND-00734,933761.34,GBP,2023-05-26,2024-07-08,FRAMEWORK,TERMINATED,EMP-23878
CON-000806,VND-04689,148128.35,EUR,2023-03-07,2025-07-16,FIXED_PRICE,ACTIVE,EMP-22137
CON-000807,VND-03231,721988.01,GBP,2018-07-04,2021-03-30,MASTER_SERVICE,EXPIRED,EMP-32305
CON-000808,VND-02504,73949.78,EUR,2019-12-12,2020-08-06,PURCHASE_ORDER,EXPIRED,EMP-18529
CON-000809,VND-03595,13602.88,GBP,2020-12-29,2022-07-03,PURCHASE_ORDER,EXPIRED,EMP-31865
CON-000810,VND-02965,10799.31,GBP,2022-12-24,2025-03-15,RETAINER,EXPIRED,EMP-30967
CON-000811,VND-00059,388672.65,GBP,2019-04-19,2021-09-12,MASTER_SERVICE,EXPIRED,EMP-71011
CON-000812,VND-04089,74086.13,GBP,2020-01-20,2022-08-04,PURCHASE_ORDER,EXPIRED,EMP-12050
CON-000813,VND-04162,1446309.85,SGD,2022-07-23,2024-06-22,FRAMEWORK,EXPIRED,EMP-34222
CON-000814,VND-04509,926218.39,EUR,2018-09-15,2019-04-18,FIXED_PRICE,EXPIRED,EMP-22890
CON-000815,VND-01643,1761119.65,USD,2023-08-14,2025-03-03,FRAMEWORK,EXPIRED,EMP-19925
CON-000816,VND-01742,359621.84,USD,2020-03-07,2023-01-26,RETAINER,EXPIRED,EMP-55848
CON-000817,VND-01379,5000.0,CAD,2020-04-02,2021-03-01,FIXED_PRICE,TERMINATED,EMP-42824
CON-000818,VND-02873,45539.9,EUR,2022-06-01,2025-03-04,TIME_AND_MATERIAL,EXPIRED,EMP-48680
CON-000819,VND-03641,39081.59,USD,2022-05-06,2023-12-01,RETAINER,TERMINATED,EMP-23307
CON-000820,VND-03626,5000.0,USD,2018-11-17,2020-05-07,RETAINER,EXPIRED,EMP-42849
CON-000821,VND-03632,55081.03,USD,2021-08-02,2023-11-23,FRAMEWORK,EXPIRED,EMP-35494
CON-000822,VND-02987,5000.0,AUD,2022-12-19,2024-11-05,PURCHASE_ORDER,EXPIRED,EMP-9341
CON-000823,VND-02236,17381.31,INR,2023-11-18,2026-01-31,RETAINER,ACTIVE,EMP-8982
CON-000824,VND-02120,5000.0,EUR,2018-04-21,2019-06-17,FRAMEWORK,TERMINATED,EMP-21704
CON-000825,VND-00267,5000.0,USD,2023-05-29,2025-05-15,SLA,EXPIRED,EMP-1049
CON-000826,VND-04372,62241.44,USD,2022-07-09,2024-08-21,FRAMEWORK,EXPIRED,EMP-67491
CON-000827,VND-03335,69513.53,CAD,2022-04-05,2023-08-08,TIME_AND_MATERIAL,EXPIRED,EMP-45677
CON-000828,VND-00240,5000.0,USD,2020-06-25,2022-04-05,FIXED_PRICE,ACTIVE,EMP-73552
CON-000829,VND-02882,550765.68,USD,2022-05-02,2023-06-09,MASTER_SERVICE,ACTIVE,EMP-48557
CON-000830,VND-02575,10121.24,EUR,2018-07-07,2021-04-03,MASTER_SERVICE,EXPIRED,EMP-14940
CON-000831,VND-01888,64832.15,USD,2023-12-24,2025-09-26,SLA,ACTIVE,EMP-RM791
CON-000832,VND-03233,696009.08,GBP,2021-02-25,2023-06-18,FIXED_PRICE,EXPIRED,EMP-7459
CON-000833,VND-00306,1412301.31,USD,2020-06-13,2023-04-30,PURCHASE_ORDER,EXPIRED,EMP-34126
CON-000834,VND-04673,44162.04,AUD,2023-04-28,2024-07-21,TIME_AND_MATERIAL,EXPIRED,EMP-49809
CON-000835,VND-04716,380458.59,EUR,2018-10-13,2019-06-04,FRAMEWORK,EXPIRED,EMP-37195
CON-000836,VND-03574,116155.63,USD,2023-06-02,2026-03-01,MASTER_SERVICE,ACTIVE,EMP-45616
CON-000837,VND-00942,3369266.54,EUR,2021-05-09,2023-04-19,FIXED_PRICE,TERMINATED,EMP-58232
CON-000838,VND-03845,358367.29,GBP,2023-10-25,2024-11-09,PURCHASE_ORDER,TERMINATED,EMP-53626
CON-000839,VND-00715,29461.4,USD,2020-10-27,2021-12-01,FRAMEWORK,EXPIRED,EMP-72416
CON-000840,VND-03876,27029.74,SGD,2020-05-11,2023-04-01,TIME_AND_MATERIAL,TERMINATED,EMP-64848
CON-000841,VND-01503,1090192.01,EUR,2018-05-10,2019-05-15,FIXED_PRICE,EXPIRED,EMP-11499
CON-000842,VND-03854,940355.31,SGD,2022-11-08,2025-06-19,FRAMEWORK,ACTIVE,EMP-51295
CON-000843,VND-04439,66251.32,USD,2019-05-06,2020-04-13,RETAINER,EXPIRED,EMP-15215
CON-000844,VND-01790,20271.72,INR,2019-03-26,2020-01-30,TIME_AND_MATERIAL,EXPIRED,EMP-34933
CON-000845,VND-04819,389203.64,USD,2021-05-03,2023-09-18,TIME_AND_MATERIAL,EXPIRED,EMP-7909
CON-000846,VND-04082,193131.06,CAD,2023-08-13,2025-05-10,FIXED_PRICE,TERMINATED,EMP-66560
CON-000847,VND-00096,211038.72,INR,2018-09-28,2021-05-11,FIXED_PRICE,TERMINATED,EMP-62957
CON-000848,VND-02977,849482.31,GBP,2018-05-03,2021-02-14,MASTER_SERVICE,EXPIRED,EMP-157
CON-000849,VND-04324,28765.48,USD,2021-05-19,2023-02-09,PURCHASE_ORDER,EXPIRED,EMP-65942
CON-000850,VND-01868,32099.78,USD,2023-10-21,2026-08-27,FRAMEWORK,ACTIVE,EMP-18548
CON-000851,VND-02333,141205.23,EUR,2018-01-30,2021-01-02,RETAINER,EXPIRED,EMP-29571
CON-000852,VND-01514,5000.0,EUR,2018-08-25,2020-11-11,TIME_AND_MATERIAL,EXPIRED,EMP-18239
CON-000853,VND-04146,691942.05,GBP,2022-05-17,2025-02-12,PURCHASE_ORDER,EXPIRED,EMP-46191
CON-000854,VND-04035,612703.63,USD,2023-10-28,2025-03-24,RETAINER,EXPIRED,EMP-48535
CON-000855,VND-02189,226075.38,INR,2021-07-16,2024-02-11,MASTER_SERVICE,EXPIRED,EMP-27737
CON-000856,VND-00276,5000.0,USD,2022-03-03,2023-11-19,FIXED_PRICE,EXPIRED,EMP-2643
CON-000857,VND-03468,7559.36,USD,2018-08-10,2019-06-13,TIME_AND_MATERIAL,EXPIRED,EMP-32091
CON-000858,VND-04973,256048.78,USD,2022-07-06,2024-01-27,TIME_AND_MATERIAL,EXPIRED,EMP-9149
CON-000859,VND-02015,524954.5,USD,2022-06-25,2023-12-18,FRAMEWORK,EXPIRED,EMP-44231
CON-000860,VND-03606,11460.72,USD,2019-04-26,2022-01-22,TIME_AND_MATERIAL,TERMINATED,EMP-8370
CON-000861,VND-03793,119266.22,INR,2019-11-01,2020-05-25,PURCHASE_ORDER,TERMINATED,EMP-66096
CON-000862,VND-02927,408428.72,USD,2019-01-18,2021-02-07,PURCHASE_ORDER,EXPIRED,EMP-34237
CON-000863,VND-01049,74490.67,CAD,2018-11-18,2021-03-27,PURCHASE_ORDER,EXPIRED,MGR-8115
CON-000864,VND-03150,773331.17,SGD,2019-06-02,2022-03-05,TIME_AND_MATERIAL,EXPIRED,EMP-37894
CON-000865,VND-00267,28641.52,USD,2020-08-30,2021-04-24,TIME_AND_MATERIAL,EXPIRED,EMP-3455
CON-000866,VND-03673,5000.0,GBP,2023-10-16,2025-04-15,PURCHASE_ORDER,TERMINATED,EMP-61188
CON-000867,VND-01676,133544.46,INR,2023-11-23,2026-06-26,TIME_AND_MATERIAL,ACTIVE,EMP-58799
CON-000868,VND-02683,175581.54,USD,2023-11-26,2026-09-20,PURCHASE_ORDER,ACTIVE,EMP-66503
CON-000869,VND-03982,17272.32,USD,2020-02-09,2022-09-29,PURCHASE_ORDER,EXPIRED,EMP-31265
CON-000870,VND-04808,771910.13,INR,2019-02-08,2021-01-04,FRAMEWORK,TERMINATED,EMP-51455
CON-000871,VND-03826,15931.47,USD,2022-09-12,2025-05-11,RETAINER,EXPIRED,EMP-66626
CON-000872,VND-02773,5000.0,GBP,2018-06-18,2019-08-21,TIME_AND_MATERIAL,EXPIRED,EMP-RM970
CON-000873,VND-02690,396739.49,SGD,2021-05-27,2022-08-18,SLA,EXPIRED,EMP-22431
CON-000874,VND-02774,28869.47,AUD,2021-04-19,2023-03-24,MASTER_SERVICE,EXPIRED,EMP-26784
CON-000875,VND-02666,14967.69,GBP,2018-05-05,2020-04-06,RETAINER,EXPIRED,EMP-2909
CON-000876,VND-02380,5000.0,INR,2020-08-30,2022-02-01,MASTER_SERVICE,TERMINATED,EMP-33946
CON-000877,VND-02959,218711.64,GBP,2021-12-14,2024-02-17,FRAMEWORK,EXPIRED,EMP-32572
CON-000878,VND-02725,62490.91,INR,2023-09-24,2024-06-09,TIME_AND_MATERIAL,EXPIRED,EMP-14031
CON-000879,VND-01250,30655.84,INR,2022-12-02,2025-08-02,FIXED_PRICE,ACTIVE,EMP-3316
CON-000880,VND-04069,78608.94,AUD,2021-01-17,2022-08-01,FIXED_PRICE,EXPIRED,EMP-44296
CON-000881,VND-00963,184028.26,USD,2020-06-07,2022-05-14,PURCHASE_ORDER,TERMINATED,EMP-62411
CON-000882,VND-03953,123903.98,USD,2023-04-09,2025-06-27,TIME_AND_MATERIAL,ACTIVE,EMP-RM155
CON-000883,VND-02984,82099.25,GBP,2021-03-10,2023-03-20,TIME_AND_MATERIAL,EXPIRED,EMP-31392
CON-000884,VND-02173,62318.05,USD,2019-03-09,2020-11-24,RETAINER,EXPIRED,EMP-13442
CON-000885,VND-03456,45411.51,USD,2023-06-25,2024-04-20,RETAINER,EXPIRED,EMP-45680
CON-000886,VND-00245,771165.92,GBP,2023-01-19,2024-10-01,PURCHASE_ORDER,EXPIRED,EMP-RM179
CON-000887,VND-02467,1864073.59,GBP,2019-09-27,2022-05-28,MASTER_SERVICE,EXPIRED,EMP-786
CON-000888,VND-02953,6698.53,USD,2018-09-15,2019-12-28,PURCHASE_ORDER,TERMINATED,EMP-56486
CON-000889,VND-02264,2094342.42,GBP,2023-07-27,2025-11-05,MASTER_SERVICE,ACTIVE,EMP-27578
CON-000890,VND-02756,191545.11,GBP,2020-09-12,2023-05-29,TIME_AND_MATERIAL,EXPIRED,EMP-1997
CON-000891,VND-03565,22828.05,USD,2020-02-07,2020-12-08,SLA,EXPIRED,EMP-14956
CON-000892,VND-03056,1354763.62,EUR,2023-06-05,2025-11-17,SLA,ACTIVE,EMP-39931
CON-000893,VND-00443,125583.98,USD,2021-12-29,2024-08-11,TIME_AND_MATERIAL,ACTIVE,EMP-16584
CON-000894,VND-00246,87749.9,EUR,2022-09-06,2025-04-20,TIME_AND_MATERIAL,EXPIRED,EMP-72999
CON-000895,VND-00728,21892.62,USD,2021-09-12,2024-02-05,FRAMEWORK,EXPIRED,EMP-21686
CON-000896,VND-04744,10302.93,CAD,2020-08-06,2021-09-18,FIXED_PRICE,EXPIRED,EMP-71964
CON-000897,VND-01988,75531.27,EUR,2018-10-08,2021-02-18,SLA,EXPIRED,EMP-62247
CON-000898,VND-04147,3010632.89,GBP,2021-12-05,2024-03-25,TIME_AND_MATERIAL,ACTIVE,EMP-72681
CON-000899,VND-03046,5089.57,USD,2020-03-17,2022-05-17,SLA,EXPIRED,EMP-38788
CON-000900,VND-00359,339780.25,SGD,2022-07-21,2023-11-04,PURCHASE_ORDER,EXPIRED,EMP-3577
CON-000901,VND-01945,58395.61,USD,2020-06-08,2022-07-12,RETAINER,EXPIRED,EMP-6036
CON-000902,VND-00020,63332.75,INR,2020-08-25,2022-08-31,RETAINER,EXPIRED,EMP-26655
CON-000903,VND-00515,206281.18,EUR,2023-12-21,2026-03-09,TIME_AND_MATERIAL,ACTIVE,EMP-3485
CON-000904,VND-00814,6772241.58,USD,2022-08-16,2025-04-13,SLA,EXPIRED,EMP-69071
CON-000905,VND-00065,475767.15,USD,2020-08-10,2021-12-09,TIME_AND_MATERIAL,EXPIRED,EMP-58807
CON-000906,VND-03316,43192.6,USD,2021-04-11,2023-02-12,FIXED_PRICE,EXPIRED,EMP-58715
CON-000907,VND-02252,890670.76,CAD,2018-05-03,2019-07-20,SLA,EXPIRED,EMP-72623
CON-000908,VND-04055,6354.98,EUR,2022-11-14,2024-07-02,TIME_AND_MATERIAL,EXPIRED,EMP-RM951
CON-000909,VND-00762,33938.39,EUR,2023-04-28,2025-01-21,RETAINER,EXPIRED,EMP-46669
CON-000910,VND-01383,947909.94,GBP,2022-05-09,2024-04-27,FRAMEWORK,EXPIRED,EMP-9726
CON-000911,VND-04996,194667.57,GBP,2021-10-03,2022-12-12,PURCHASE_ORDER,EXPIRED,EMP-3408
CON-000912,VND-02548,22729.58,INR,2019-08-14,2020-08-28,RETAINER,EXPIRED,EMP-CORP-00405
CON-000913,VND-03104,332994.02,USD,2018-02-15,2020-12-28,SLA,EXPIRED,EMP-CORP-00284
CON-000914,VND-04827,840456.69,USD,2022-05-19,2024-01-17,FIXED_PRICE,TERMINATED,EMP-RM1082
CON-000915,VND-04406,29549.94,INR,2019-07-24,2021-09-01,PURCHASE_ORDER,EXPIRED,EMP-69240
CON-000916,VND-01118,576475.16,USD,2022-04-21,2024-05-13,FRAMEWORK,EXPIRED,EMP-45451
CON-000917,VND-03832,137256.69,GBP,2020-08-01,2022-06-09,PURCHASE_ORDER,EXPIRED,MGR-2496
CON-000918,VND-00527,9817.65,USD,2023-10-10,2025-06-04,PURCHASE_ORDER,ACTIVE,EMP-27279
CON-000919,VND-04062,40186.22,EUR,2020-09-28,2021-05-18,TIME_AND_MATERIAL,EXPIRED,EMP-41793
CON-000920,VND-03155,230965.49,GBP,2021-08-26,2024-01-14,RETAINER,EXPIRED,EMP-7762
CON-000921,VND-04116,43593.95,GBP,2018-01-09,2018-09-01,FIXED_PRICE,EXPIRED,EMP-37881
CON-000922,VND-03924,1204393.69,USD,2022-10-05,2023-12-26,RETAINER,TERMINATED,EMP-63311
CON-000923,VND-03394,26042.46,GBP,2019-11-10,2021-08-29,PURCHASE_ORDER,EXPIRED,EMP-17236
CON-000924,VND-02910,383234.62,USD,2020-10-26,2023-07-21,PURCHASE_ORDER,EXPIRED,EMP-71033
CON-000925,VND-00720,288779.57,GBP,2023-09-21,2025-06-03,RETAINER,ACTIVE,EMP-16395
CON-000926,VND-01125,5082.38,EUR,2020-10-19,2022-03-16,MASTER_SERVICE,EXPIRED,EMP-59384
CON-000927,VND-02848,5000.0,USD,2018-03-30,2020-12-27,RETAINER,EXPIRED,EMP-35794
CON-000928,VND-01834,131371.69,USD,2021-08-01,2022-03-19,FRAMEWORK,EXPIRED,EMP-38563
CON-000929,VND-01523,1119241.73,AUD,2023-08-13,2026-07-16,RETAINER,ACTIVE,EMP-45348
CON-000930,VND-01678,18545.15,USD,2023-06-30,2025-11-13,PURCHASE_ORDER,ACTIVE,EMP-34071
CON-000931,VND-01698,6833.79,INR,2019-01-28,2019-07-28,PURCHASE_ORDER,TERMINATED,EMP-68057
CON-000932,VND-00635,5000.0,USD,2023-07-05,2024-02-14,RETAINER,EXPIRED,EMP-52052
CON-000933,VND-04332,196410.01,EUR,2021-12-02,2023-09-13,FRAMEWORK,EXPIRED,EMP-51843
CON-000934,VND-03330,5000.0,USD,2018-03-27,2019-08-30,FRAMEWORK,EXPIRED,EMP-39398
CON-000935,VND-03517,670669.31,USD,2019-04-09,2022-01-04,MASTER_SERVICE,EXPIRED,EMP-CORP-00264
CON-000936,VND-00367,974760.58,USD,2018-01-26,2020-04-27,FRAMEWORK,EXPIRED,EMP-70023
CON-000937,VND-01810,5000.0,USD,2022-10-20,2023-07-05,MASTER_SERVICE,EXPIRED,EMP-19983
CON-000938,VND-03289,5623.64,USD,2023-02-10,2024-05-29,TIME_AND_MATERIAL,TERMINATED,EMP-30722
CON-000939,VND-02315,22577.78,INR,2020-09-06,2023-07-07,FIXED_PRICE,EXPIRED,EMP-17331
CON-000940,VND-01035,48244.38,GBP,2021-03-01,2022-05-09,FIXED_PRICE,EXPIRED,EMP-10509
CON-000941,VND-02879,9861.06,GBP,2018-06-27,2019-06-21,FIXED_PRICE,EXPIRED,EMP-62134
CON-000942,VND-02784,13591.02,USD,2018-04-01,2019-11-30,TIME_AND_MATERIAL,EXPIRED,EMP-CORP-00083
CON-000943,VND-02772,8017651.96,GBP,2022-09-21,2024-06-29,PURCHASE_ORDER,TERMINATED,EMP-39972
CON-000944,VND-03876,7564.46,USD,2018-08-24,2019-07-17,RETAINER,EXPIRED,EMP-63641
CON-000945,VND-02919,130434.78,USD,2022-11-24,2024-12-06,RETAINER,EXPIRED,EMP-23987
CON-000946,VND-03788,48300.51,GBP,2018-10-18,2019-10-15,MASTER_SERVICE,EXPIRED,EMP-57379
CON-000947,VND-04906,144510.66,USD,2020-01-09,2021-03-10,PURCHASE_ORDER,EXPIRED,EMP-37800
CON-000948,VND-01896,6062399.75,USD,2022-02-26,2023-05-31,MASTER_SERVICE,EXPIRED,EMP-47191
CON-000949,VND-03430,16694.12,USD,2023-04-22,2026-02-02,FRAMEWORK,ACTIVE,EMP-40161
CON-000950,VND-01191,104389.79,USD,2019-03-20,2021-09-08,SLA,EXPIRED,EMP-58704
CON-000951,VND-03244,29756.5,SGD,2020-12-21,2022-08-15,RETAINER,EXPIRED,EMP-48443
CON-000952,VND-02711,5528.32,USD,2019-03-29,2021-05-04,RETAINER,EXPIRED,EMP-37499
CON-000953,VND-00531,826529.45,USD,2021-06-02,2023-06-09,FRAMEWORK,EXPIRED,EMP-43776
CON-000954,VND-04971,5000.0,USD,2020-02-19,2021-06-04,PURCHASE_ORDER,EXPIRED,EMP-26641
CON-000955,VND-03414,5000.0,SGD,2020-09-02,2021-03-07,PURCHASE_ORDER,EXPIRED,EMP-27667
CON-000956,VND-02480,482342.34,USD,2023-03-22,2025-09-04,PURCHASE_ORDER,ACTIVE,EMP-46546
CON-000957,VND-00980,13405.3,INR,2020-12-15,2022-02-06,FIXED_PRICE,EXPIRED,EMP-27796
CON-000958,VND-01202,13292.76,USD,2023-03-10,2023-09-16,MASTER_SERVICE,EXPIRED,EMP-41493
CON-000959,VND-00912,632044.04,EUR,2020-01-24,2021-07-06,SLA,TERMINATED,EMP-19944
CON-000960,VND-01835,941341.17,GBP,2020-05-19,2022-08-19,SLA,EXPIRED,EMP-27470
CON-000961,VND-04417,8287.08,GBP,2022-04-09,2024-03-30,FRAMEWORK,EXPIRED,EMP-68541
CON-000962,VND-00302,1995605.94,USD,2019-01-22,2020-12-07,FRAMEWORK,EXPIRED,EMP-33797
CON-000963,VND-00251,17372.09,USD,2018-10-11,2019-06-06,SLA,EXPIRED,EMP-60896
CON-000964,VND-03101,1059351.04,USD,2020-02-14,2021-04-22,TIME_AND_MATERIAL,EXPIRED,EMP-21934
CON-000965,VND-03079,28533.84,AUD,2023-08-09,2024-03-04,FRAMEWORK,EXPIRED,EMP-50462
CON-000966,VND-02458,357171.12,GBP,2022-04-29,2023-10-19,MASTER_SERVICE,TERMINATED,EMP-9473
CON-000967,VND-01223,67186.74,USD,2021-09-30,2023-11-03,RETAINER,TERMINATED,EMP-5913
CON-000968,VND-04076,1116782.13,USD,2022-04-15,2025-03-15,SLA,EXPIRED,EMP-12272
CON-000969,VND-00102,152086.98,GBP,2021-08-05,2023-04-12,FIXED_PRICE,TERMINATED,EMP-CORP-00482
CON-000970,VND-00907,12834.75,INR,2019-10-18,2021-06-09,TIME_AND_MATERIAL,EXPIRED,EMP-63746
CON-000971,VND-03138,1689772.99,AUD,2018-09-23,2019-07-24,SLA,EXPIRED,EMP-37929
CON-000972,VND-00963,902087.08,INR,2020-06-21,2022-03-09,MASTER_SERVICE,EXPIRED,EMP-18546
CON-000973,VND-02281,463187.28,USD,2018-01-15,2020-10-25,SLA,EXPIRED,EMP-71316
CON-000974,VND-01609,656525.17,USD,2023-08-09,2026-01-11,PURCHASE_ORDER,ACTIVE,EMP-12041
CON-000975,VND-04292,613804.7,USD,2023-03-20,2026-01-06,FIXED_PRICE,ACTIVE,EMP-60589
CON-000976,VND-02274,5000.0,USD,2023-03-17,2024-01-28,RETAINER,EXPIRED,EMP-63992
CON-000977,VND-04614,2023300.61,USD,2022-10-15,2025-02-04,FRAMEWORK,EXPIRED,EMP-63547
CON-000978,VND-03556,13230.44,GBP,2023-07-04,2025-04-04,MASTER_SERVICE,EXPIRED,EMP-68691
CON-000979,VND-03198,112348.79,USD,2019-04-05,2021-05-31,RETAINER,EXPIRED,EMP-18756
CON-000980,VND-01677,29115.49,AUD,2022-07-02,2023-08-31,FRAMEWORK,EXPIRED,EMP-21631
CON-000981,VND-03765,5399.09,GBP,2021-03-02,2023-09-16,SLA,EXPIRED,EMP-29623
CON-000982,VND-00368,32841.21,AUD,2023-07-25,2025-01-20,MASTER_SERVICE,EXPIRED,EMP-48925
CON-000983,VND-04301,20545.72,AUD,2023-04-21,2024-04-28,FIXED_PRICE,EXPIRED,EMP-12011
CON-000984,VND-00926,225999.26,EUR,2023-07-28,2024-10-18,FIXED_PRICE,TERMINATED,EMP-22603
CON-000985,VND-03696,129260.1,SGD,2020-09-04,2022-03-20,TIME_AND_MATERIAL,EXPIRED,EMP-23986
CON-000986,VND-02729,27892.34,EUR,2021-06-11,2022-07-17,RETAINER,EXPIRED,EMP-51163
CON-000987,VND-04836,16498.28,INR,2019-05-24,2020-05-19,FIXED_PRICE,EXPIRED,EMP-13998
CON-000988,VND-01640,19765.86,USD,2022-04-06,2025-04-03,MASTER_SERVICE,EXPIRED,EMP-37933
CON-000989,VND-03126,614975.56,EUR,2023-07-04,2024-04-23,SLA,EXPIRED,EMP-26184
CON-000990,VND-01550,5246.55,USD,2022-02-22,2023-04-22,PURCHASE_ORDER,EXPIRED,EMP-57509
CON-000991,VND-04548,329366.52,EUR,2020-06-06,2021-01-12,FIXED_PRICE,EXPIRED,EMP-54167
CON-000992,VND-03912,261219.21,SGD,2020-08-08,2021-10-03,FRAMEWORK,EXPIRED,EMP-71391
CON-000993,VND-01407,42294.2,USD,2019-07-11,2021-09-10,MASTER_SERVICE,EXPIRED,EMP-13510
CON-000994,VND-03933,11085.33,SGD,2019-05-23,2020-03-14,TIME_AND_MATERIAL,EXPIRED,EMP-19752
CON-000995,VND-04828,568711.09,USD,2021-04-04,2023-11-03,PURCHASE_ORDER,EXPIRED,EMP-67655
CON-000996,VND-01045,6959.29,USD,2020-06-24,2021-03-15,PURCHASE_ORDER,EXPIRED,EMP-61988
CON-000997,VND-00067,257398.58,GBP,2020-09-27,2022-10-28,SLA,EXPIRED,EMP-66006
CON-000998,VND-00455,31980.69,CAD,2021-08-26,2023-06-30,FRAMEWORK,EXPIRED,EMP-61847
CON-000999,VND-04609,23164.45,USD,2023-02-22,2024-06-23,MASTER_SERVICE,TERMINATED,EMP-2468
CON-001000,VND-02473,27559.8,USD,2021-07-31,2022-08-26,RETAINER,EXPIRED,EMP-74149
CON-001001,VND-02707,20419.29,USD,2021-12-11,2022-07-11,FIXED_PRICE,EXPIRED,EMP-52876
CON-001002,VND-00411,8014.34,INR,2021-01-17,2022-12-25,TIME_AND_MATERIAL,EXPIRED,EMP-54606
CON-001003,VND-03057,73800.19,USD,2021-12-14,2023-08-13,FIXED_PRICE,EXPIRED,EMP-40030
CON-001004,VND-04724,7034917.31,USD,2022-07-25,2024-07-22,MASTER_SERVICE,TERMINATED,EMP-52403
CON-001005,VND-04267,5647.61,USD,2021-07-15,2022-12-09,TIME_AND_MATERIAL,EXPIRED,EMP-CORP-00313
CON-001006,VND-04745,67890.85,USD,2021-01-21,2022-04-18,RETAINER,EXPIRED,EMP-43228
CON-001007,VND-02457,1241722.32,USD,2023-06-17,2026-02-19,PURCHASE_ORDER,ACTIVE,EMP-73106
CON-001008,VND-02858,103803.77,USD,2019-09-08,2020-07-01,FRAMEWORK,EXPIRED,EMP-35258
CON-001009,VND-04137,65772.38,USD,2022-08-30,2024-11-12,TIME_AND_MATERIAL,EXPIRED,EMP-6478
CON-001010,VND-01275,74405.17,EUR,2020-10-02,2022-04-13,SLA,ACTIVE,EMP-52245
CON-001011,VND-02513,1534235.33,AUD,2023-08-22,2026-08-15,SLA,ACTIVE,EMP-9187
CON-001012,VND-04092,5000.0,USD,2020-02-12,2021-06-12,MASTER_SERVICE,EXPIRED,EMP-65381
CON-001013,VND-03376,5397.11,USD,2019-10-23,2021-05-18,FRAMEWORK,TERMINATED,EMP-61447
CON-001014,VND-02326,98012.02,USD,2019-10-29,2020-04-29,FIXED_PRICE,ACTIVE,EMP-23245
CON-001015,VND-02054,113342.67,EUR,2022-05-14,2024-08-08,SLA,EXPIRED,EMP-30126
CON-001016,VND-02331,444181.55,SGD,2023-07-01,2026-05-02,MASTER_SERVICE,ACTIVE,EMP-26337
CON-001017,VND-02418,27212.92,USD,2021-02-05,2022-09-02,PURCHASE_ORDER,EXPIRED,EMP-44972
CON-001018,VND-02124,36424.29,EUR,2018-07-23,2021-01-26,FIXED_PRICE,EXPIRED,EMP-73951
CON-001019,VND-04305,102764.07,USD,2018-11-12,2019-07-02,SLA,ACTIVE,EMP-41348
CON-001020,VND-03205,83475.78,AUD,2021-10-13,2022-08-25,PURCHASE_ORDER,EXPIRED,EMP-57221
CON-001021,VND-01453,706858.02,GBP,2019-11-30,2020-11-13,MASTER_SERVICE,EXPIRED,EMP-285
CON-001022,VND-00552,25631.6,SGD,2023-10-09,2024-05-18,FIXED_PRICE,EXPIRED,EMP-1339
CON-001023,VND-00704,6653.3,GBP,2021-10-07,2023-01-06,TIME_AND_MATERIAL,EXPIRED,EMP-67043
CON-001024,VND-03212,55094.41,USD,2018-02-20,2019-01-09,FRAMEWORK,ACTIVE,EMP-56009
CON-001025,VND-02694,184501.72,SGD,2021-08-01,2023-08-16,FIXED_PRICE,EXPIRED,EMP-51163
CON-001026,VND-03058,774001.9,USD,2023-04-24,2025-05-04,RETAINER,EXPIRED,EMP-71603
CON-001027,VND-02491,5000.0,INR,2020-01-01,2020-12-20,TIME_AND_MATERIAL,EXPIRED,EMP-55610
CON-001028,VND-00841,544182.26,EUR,2021-03-05,2022-02-11,RETAINER,TERMINATED,EMP-66096
CON-001029,VND-00925,59176.41,GBP,2019-03-28,2020-07-11,FRAMEWORK,EXPIRED,EMP-17379
CON-001030,VND-03251,303689.28,USD,2020-02-16,2022-03-31,TIME_AND_MATERIAL,TERMINATED,EMP-CORP-00526
CON-001031,VND-01261,11780.72,GBP,2019-05-10,2022-03-03,MASTER_SERVICE,EXPIRED,EMP-28351
CON-001032,VND-02474,246701.16,SGD,2019-09-16,2020-05-05,MASTER_SERVICE,EXPIRED,EMP-52285
CON-001033,VND-02517,60988.51,INR,2023-08-24,2025-07-29,FIXED_PRICE,ACTIVE,EMP-27928
CON-001034,VND-02436,95222.84,USD,2018-10-31,2021-04-05,TIME_AND_MATERIAL,EXPIRED,EMP-41666
CON-001035,VND-02026,1885377.9,USD,2022-04-29,2024-02-06,RETAINER,EXPIRED,EMP-10189
CON-001036,VND-03411,22571.18,USD,2021-01-23,2023-07-02,FRAMEWORK,EXPIRED,EMP-46820
CON-001037,VND-01225,5000.0,USD,2019-04-11,2021-05-03,RETAINER,TERMINATED,EMP-19896
CON-001038,VND-00505,24054.82,EUR,2021-07-12,2024-06-29,TIME_AND_MATERIAL,EXPIRED,EMP-RM066
CON-001039,VND-01400,36589.24,AUD,2021-04-02,2022-04-04,PURCHASE_ORDER,TERMINATED,EMP-CORP-00040
CON-001040,VND-01028,32800.07,INR,2020-10-28,2022-06-04,PURCHASE_ORDER,EXPIRED,EMP-RM195
CON-001041,VND-01989,830329.78,USD,2019-10-10,2020-04-17,SLA,EXPIRED,EMP-25617
CON-001042,VND-01981,230526.23,GBP,2022-10-03,2024-06-25,TIME_AND_MATERIAL,TERMINATED,EMP-14835
CON-001043,VND-00243,46436.39,INR,2019-07-06,2021-09-26,FRAMEWORK,EXPIRED,EMP-22860
CON-001044,VND-04834,699796.07,EUR,2023-07-15,2025-10-27,SLA,ACTIVE,EMP-53919
CON-001045,VND-02478,5698182.21,INR,2023-08-07,2025-06-15,MASTER_SERVICE,ACTIVE,EMP-42319
CON-001046,VND-02770,1056903.18,SGD,2021-04-11,2024-02-18,PURCHASE_ORDER,EXPIRED,EMP-3513
CON-001047,VND-00294,161268.78,AUD,2022-02-26,2025-01-15,SLA,EXPIRED,EMP-33562
CON-001048,VND-04040,1036318.07,USD,2021-03-07,2023-11-29,PURCHASE_ORDER,ACTIVE,EMP-57767
CON-001049,VND-01498,125358.85,INR,2021-11-19,2023-03-10,FIXED_PRICE,EXPIRED,EMP-27175
CON-001050,VND-01699,364457.14,EUR,2019-12-30,2021-11-06,TIME_AND_MATERIAL,EXPIRED,EMP-11472
CON-001051,VND-04514,222209.47,USD,2020-01-29,2021-03-08,FRAMEWORK,EXPIRED,EMP-59553
CON-001052,VND-04189,733997.22,USD,2020-02-21,2021-09-13,TIME_AND_MATERIAL,ACTIVE,EMP-47548
CON-001053,VND-03764,182978.34,USD,2022-10-13,2024-09-20,TIME_AND_MATERIAL,TERMINATED,EMP-42924
CON-001054,VND-01480,245586.15,USD,2020-08-09,2022-01-31,RETAINER,EXPIRED,EMP-51839
CON-001055,VND-04269,397794.53,SGD,2022-02-13,2024-03-26,TIME_AND_MATERIAL,TERMINATED,EMP-66626
CON-001056,VND-04740,27890.12,USD,2020-02-06,2022-06-25,TIME_AND_MATERIAL,EXPIRED,EMP-9251
CON-001057,VND-03831,309959.91,EUR,2018-08-22,2020-02-07,RETAINER,EXPIRED,EMP-9172
CON-001058,VND-03928,7319.14,EUR,2018-01-26,2020-08-03,FRAMEWORK,TERMINATED,EMP-42846
CON-001059,VND-02315,754071.8,GBP,2022-06-25,2023-07-12,RETAINER,EXPIRED,EMP-33618
CON-001060,VND-03397,39822.87,EUR,2018-10-17,2019-12-14,PURCHASE_ORDER,EXPIRED,EMP-45200
CON-001061,VND-02937,6150.71,USD,2020-11-19,2022-12-04,MASTER_SERVICE,EXPIRED,EMP-25959
CON-001062,VND-03038,5000.0,AUD,2021-09-25,2023-03-03,TIME_AND_MATERIAL,TERMINATED,EMP-22659
CON-001063,VND-00284,12040.64,GBP,2021-09-03,2023-11-19,RETAINER,EXPIRED,EMP-55568
CON-001064,VND-01706,966629.67,USD,2021-12-22,2022-10-10,RETAINER,EXPIRED,EMP-16110
CON-001065,VND-04888,503646.78,USD,2023-08-02,2024-12-10,FIXED_PRICE,EXPIRED,EMP-28804
CON-001066,VND-03293,207181.55,AUD,2021-12-27,2024-07-15,SLA,TERMINATED,EMP-CORP-00152
CON-001067,VND-00250,12532.41,USD,2018-09-23,2020-08-06,FRAMEWORK,TERMINATED,EMP-47255
CON-001068,VND-01944,74062.78,GBP,2019-07-05,2021-03-05,FRAMEWORK,EXPIRED,EMP-23202
CON-001069,VND-00324,25628.23,INR,2020-03-24,2023-03-13,RETAINER,EXPIRED,EMP-33774
CON-001070,VND-04465,1046176.36,INR,2019-07-28,2021-07-05,MASTER_SERVICE,EXPIRED,EMP-8998
CON-001071,VND-04672,1167456.39,AUD,2020-07-31,2022-01-23,SLA,EXPIRED,EMP-48884
CON-001072,VND-02623,29160.1,EUR,2019-05-07,2020-01-14,PURCHASE_ORDER,EXPIRED,EMP-1868
CON-001073,VND-03467,9444.37,INR,2023-08-02,2026-07-29,PURCHASE_ORDER,ACTIVE,EMP-60450
CON-001074,VND-01687,71141.41,USD,2019-03-07,2019-09-19,PURCHASE_ORDER,EXPIRED,EMP-2715
CON-001075,VND-00442,11867.66,USD,2022-11-05,2025-05-22,SLA,EXPIRED,EMP-RM947
CON-001076,VND-00216,95077.62,USD,2020-08-20,2023-05-30,MASTER_SERVICE,EXPIRED,EMP-52390
CON-001077,VND-03421,5000.0,USD,2022-03-05,2024-09-02,FRAMEWORK,EXPIRED,EMP-29272
CON-001078,VND-00555,5000.0,USD,2019-09-19,2021-01-22,TIME_AND_MATERIAL,EXPIRED,EMP-52740
CON-001079,VND-03668,214035.16,INR,2019-07-06,2021-06-15,MASTER_SERVICE,EXPIRED,EMP-17529
CON-001080,VND-04507,25101.51,CAD,2023-12-23,2025-09-19,FIXED_PRICE,ACTIVE,EMP-46629
CON-001081,VND-00527,16151299.56,USD,2023-05-13,2026-04-09,FRAMEWORK,ACTIVE,EMP-5704
CON-001082,VND-02295,5010.83,USD,2021-06-29,2023-11-06,PURCHASE_ORDER,EXPIRED,EMP-64201
CON-001083,VND-02503,464398.75,USD,2019-03-04,2019-10-14,PURCHASE_ORDER,EXPIRED,EMP-38259
CON-001084,VND-02411,5000.0,USD,2022-06-07,2022-12-05,SLA,EXPIRED,EMP-CORP-00449
CON-001085,VND-01000,393406.6,USD,2021-10-09,2023-04-17,PURCHASE_ORDER,EXPIRED,EMP-RM327
CON-001086,VND-01091,286914.28,SGD,2023-04-19,2025-12-02,MASTER_SERVICE,ACTIVE,EMP-10391
CON-001087,VND-01901,371140.92,USD,2022-01-03,2023-09-08,TIME_AND_MATERIAL,ACTIVE,EMP-65011
CON-001088,VND-00698,95517.79,CAD,2022-03-28,2024-12-15,FIXED_PRICE,EXPIRED,EMP-1561
CON-001089,VND-04582,20080.98,EUR,2023-07-28,2026-01-25,TIME_AND_MATERIAL,ACTIVE,EMP-26358
CON-001090,VND-03470,675282.76,GBP,2022-11-29,2024-06-10,FIXED_PRICE,EXPIRED,EMP-11384
CON-001091,VND-00627,37979.63,USD,2020-05-22,2022-08-01,PURCHASE_ORDER,EXPIRED,EMP-35153
CON-001092,VND-03740,5000.0,USD,2019-10-21,2020-05-30,RETAINER,EXPIRED,EMP-CORP-00582
CON-001093,VND-02960,639822.49,USD,2020-11-01,2022-03-22,MASTER_SERVICE,EXPIRED,EMP-52880
CON-001094,VND-03738,620836.46,EUR,2020-07-03,2021-10-13,SLA,EXPIRED,EMP-61226
CON-001095,VND-04742,48795.35,INR,2022-07-08,2025-03-11,RETAINER,EXPIRED,EMP-52827
CON-001096,VND-00877,465328.94,EUR,2023-06-08,2026-03-08,FRAMEWORK,ACTIVE,EMP-39146
CON-001097,VND-00869,15228.59,GBP,2021-08-25,2022-10-23,SLA,EXPIRED,EMP-15758
CON-001098,VND-02285,183664.46,GBP,2021-06-06,2023-08-10,SLA,EXPIRED,EMP-28058
CON-001099,VND-00665,124331.63,USD,2021-07-19,2022-09-29,RETAINER,EXPIRED,EMP-60377
CON-001100,VND-03445,60809.5,USD,2018-02-04,2018-12-24,FIXED_PRICE,EXPIRED,EMP-27333
CON-001101,VND-02910,13380.84,GBP,2023-02-22,2025-03-15,PURCHASE_ORDER,EXPIRED,EMP-51657
CON-001102,VND-02853,27029.16,CAD,2021-10-10,2024-05-20,RETAINER,EXPIRED,EMP-40727
CON-001103,VND-00296,53307.18,SGD,2023-10-16,2026-04-08,FIXED_PRICE,ACTIVE,EMP-48242
CON-001104,VND-04124,1322690.0,INR,2023-11-23,2025-11-22,SLA,ACTIVE,EMP-50657
CON-001105,VND-01110,1004744.87,CAD,2019-03-10,2021-10-25,SLA,EXPIRED,EMP-21866
CON-001106,VND-01146,11839.34,EUR,2018-02-07,2019-05-16,RETAINER,EXPIRED,EMP-62832
CON-001107,VND-00558,303580.58,SGD,2019-12-13,2021-04-08,MASTER_SERVICE,EXPIRED,EMP-16634
CON-001108,VND-04029,320401.41,SGD,2018-03-05,2021-03-02,TIME_AND_MATERIAL,EXPIRED,EMP-60577
CON-001109,VND-02545,86777.99,USD,2022-10-18,2024-06-07,TIME_AND_MATERIAL,EXPIRED,EMP-69389
CON-001110,VND-01221,5000.0,USD,2019-06-01,2022-01-24,FIXED_PRICE,TERMINATED,EMP-RM166
CON-001111,VND-02120,20196.38,EUR,2022-08-25,2024-06-16,TIME_AND_MATERIAL,TERMINATED,EMP-5907
CON-001112,VND-03795,41965.67,SGD,2018-02-26,2019-04-18,FIXED_PRICE,EXPIRED,EMP-12783
CON-001113,VND-02337,52417.02,USD,2021-04-18,2022-06-01,RETAINER,EXPIRED,EMP-66847
CON-001114,VND-02523,1428800.47,EUR,2022-03-21,2024-07-23,SLA,EXPIRED,EMP-33338
CON-001115,VND-02101,12932.69,USD,2018-09-03,2021-04-12,TIME_AND_MATERIAL,EXPIRED,EMP-61535
CON-001116,VND-04206,30612.7,INR,2023-03-16,2024-12-07,MASTER_SERVICE,TERMINATED,EMP-26559
CON-001117,VND-04698,1193370.93,USD,2020-12-05,2022-07-21,PURCHASE_ORDER,EXPIRED,EMP-64923
CON-001118,VND-02315,8354.25,USD,2023-12-01,2024-09-30,SLA,TERMINATED,EMP-17883
CON-001119,VND-00764,32682.07,USD,2022-10-11,2025-06-03,TIME_AND_MATERIAL,ACTIVE,EMP-29804
CON-001120,VND-02166,93628.36,USD,2022-04-02,2025-01-11,FRAMEWORK,EXPIRED,EMP-10109
CON-001121,VND-03799,23648.46,USD,2018-11-27,2021-09-08,FRAMEWORK,EXPIRED,EMP-52697
CON-001122,VND-03771,7639.89,SGD,2020-03-21,2022-10-03,FRAMEWORK,EXPIRED,EMP-RM1252
CON-001123,VND-03843,601337.84,USD,2018-04-27,2021-02-02,FRAMEWORK,EXPIRED,EMP-22100
CON-001124,VND-03113,75992.14,USD,2021-07-15,2022-04-14,PURCHASE_ORDER,EXPIRED,EMP-11186
CON-001125,VND-00599,205997.17,USD,2021-10-10,2022-12-28,SLA,EXPIRED,EMP-64981
CON-001126,VND-01127,24715.58,INR,2022-04-03,2022-10-11,MASTER_SERVICE,EXPIRED,EMP-12392
CON-001127,VND-04777,12742.32,USD,2018-08-05,2021-04-13,PURCHASE_ORDER,TERMINATED,EMP-28408
CON-001128,VND-02534,13620.04,INR,2019-11-03,2022-02-22,FRAMEWORK,EXPIRED,EMP-11978
CON-001129,VND-02002,9675.56,USD,2022-02-06,2024-11-17,RETAINER,EXPIRED,EMP-72949
CON-001130,VND-03477,715666.34,SGD,2019-05-22,2022-03-19,MASTER_SERVICE,ACTIVE,EMP-49558
CON-001131,VND-04677,43347.18,EUR,2021-06-28,2022-09-27,RETAINER,EXPIRED,EMP-43859
CON-001132,VND-02255,142237.14,EUR,2021-09-11,2023-01-26,SLA,EXPIRED,EMP-50794
CON-001133,VND-01264,1282462.72,EUR,2023-12-11,2024-10-16,FIXED_PRICE,EXPIRED,EMP-51025
CON-001134,VND-00873,6200.23,USD,2021-06-27,2022-01-25,FRAMEWORK,EXPIRED,EMP-25719
CON-001135,VND-04548,14206.04,SGD,2020-07-31,2023-05-22,FRAMEWORK,EXPIRED,EMP-12890
CON-001136,VND-02731,870512.8,USD,2019-12-04,2021-11-03,RETAINER,EXPIRED,EMP-38149
CON-001137,VND-00374,21879.52,GBP,2023-07-30,2026-01-28,SLA,ACTIVE,EMP-64660
CON-001138,VND-01736,126137.8,GBP,2020-11-27,2023-08-11,FRAMEWORK,EXPIRED,EMP-27251
CON-001139,VND-01482,180651.08,EUR,2023-04-23,2025-03-07,FRAMEWORK,EXPIRED,EMP-52608
CON-001140,VND-03200,16221.01,USD,2020-10-01,2021-05-03,FRAMEWORK,EXPIRED,EMP-44859
CON-001141,VND-03562,134601.07,GBP,2022-05-03,2024-06-02,MASTER_SERVICE,EXPIRED,EMP-18176
CON-001142,VND-02439,314455.33,GBP,2022-11-15,2023-09-19,TIME_AND_MATERIAL,EXPIRED,EMP-38599
CON-001143,VND-01704,10683.15,GBP,2023-03-10,2025-05-05,FIXED_PRICE,TERMINATED,EMP-46354
CON-001144,VND-02378,579644.03,USD,2022-04-05,2022-10-23,RETAINER,EXPIRED,EMP-51480
CON-001145,VND-00200,24220.36,AUD,2019-10-06,2022-08-31,FIXED_PRICE,TERMINATED,EMP-49696
CON-001146,VND-01623,267465.7,INR,2022-11-18,2023-06-30,TIME_AND_MATERIAL,EXPIRED,EMP-48945
CON-001147,VND-01824,71504.59,USD,2020-11-01,2022-08-22,PURCHASE_ORDER,EXPIRED,EMP-20139
CON-001148,VND-02954,23967.95,CAD,2019-03-03,2021-08-22,RETAINER,EXPIRED,EMP-70680
CON-001149,VND-00466,9769.9,USD,2019-06-24,2021-01-04,PURCHASE_ORDER,TERMINATED,EMP-48926
CON-001150,VND-02020,8131.17,GBP,2023-09-14,2025-09-06,RETAINER,ACTIVE,EMP-22131
CON-001151,VND-04562,896718.46,EUR,2022-01-04,2022-12-09,TIME_AND_MATERIAL,EXPIRED,EMP-55767
CON-001152,VND-04846,297343.32,INR,2022-08-24,2025-03-04,FRAMEWORK,TERMINATED,EMP-65688
CON-001153,VND-02903,13039.32,USD,2021-12-21,2024-10-28,RETAINER,EXPIRED,EMP-53472
CON-001154,VND-03676,241983.53,SGD,2020-03-01,2022-09-10,RETAINER,EXPIRED,EMP-53155
CON-001155,VND-01178,14390.27,USD,2019-03-13,2021-03-03,FIXED_PRICE,TERMINATED,EMP-11022
CON-001156,VND-01323,5523.07,GBP,2020-05-04,2021-12-08,PURCHASE_ORDER,TERMINATED,EMP-58306
CON-001157,VND-00839,29998.15,USD,2022-08-01,2025-05-12,FIXED_PRICE,EXPIRED,EMP-26387
CON-001158,VND-02279,304893.67,EUR,2022-05-15,2023-10-21,RETAINER,EXPIRED,EMP-32697
CON-001159,VND-03095,702317.32,USD,2023-08-30,2024-05-17,PURCHASE_ORDER,ACTIVE,EMP-26652
CON-001160,VND-01113,400528.77,CAD,2019-06-22,2021-06-15,RETAINER,EXPIRED,EMP-8963
CON-001161,VND-02392,475955.08,AUD,2021-10-18,2023-12-08,RETAINER,EXPIRED,EMP-61691
CON-001162,VND-01105,353372.23,INR,2022-09-17,2024-07-30,FIXED_PRICE,EXPIRED,EMP-13258
CON-001163,VND-01722,36756.27,GBP,2020-12-21,2022-01-27,FRAMEWORK,EXPIRED,EMP-61003
CON-001164,VND-01586,143257.06,GBP,2019-06-30,2021-12-28,RETAINER,ACTIVE,EMP-67710
CON-001165,VND-04739,2456640.6,USD,2018-11-23,2021-09-12,PURCHASE_ORDER,EXPIRED,EMP-25937
CON-001166,VND-03108,1171306.29,INR,2023-06-29,2025-03-21,MASTER_SERVICE,EXPIRED,EMP-40517
CON-001167,VND-02060,106806.18,USD,2023-11-08,2025-06-04,RETAINER,ACTIVE,EMP-28543
CON-001168,VND-01775,255805.27,USD,2023-07-28,2024-04-02,SLA,EXPIRED,EMP-50496
CON-001169,VND-00216,271344.36,EUR,2020-01-14,2020-07-16,FRAMEWORK,EXPIRED,EMP-72200
CON-001170,VND-03713,55000.87,EUR,2018-05-05,2020-09-12,PURCHASE_ORDER,ACTIVE,EMP-54664
CON-001171,VND-01717,609728.62,USD,2020-08-12,2022-06-01,SLA,TERMINATED,EMP-52130
CON-001172,VND-01067,59548.63,AUD,2023-05-06,2024-05-17,TIME_AND_MATERIAL,EXPIRED,EMP-33726
CON-001173,VND-02551,6481.21,SGD,2021-10-24,2022-06-13,TIME_AND_MATERIAL,EXPIRED,EMP-55980
CON-001174,VND-03057,194131.34,USD,2018-04-20,2020-04-07,TIME_AND_MATERIAL,EXPIRED,EMP-CORP-00346
CON-001175,VND-04977,216452.66,EUR,2023-04-18,2024-03-17,MASTER_SERVICE,EXPIRED,EMP-29143
CON-001176,VND-00700,105603.36,USD,2019-10-04,2022-05-12,SLA,EXPIRED,EMP-1085
CON-001177,VND-01475,32615.8,USD,2021-08-17,2023-09-19,PURCHASE_ORDER,EXPIRED,EMP-39567
CON-001178,VND-00618,32870.6,EUR,2021-09-04,2024-06-10,SLA,EXPIRED,EMP-52294
CON-001179,VND-03806,11437.29,USD,2019-04-16,2021-01-26,FRAMEWORK,EXPIRED,EMP-17035
CON-001180,VND-01371,5689.78,GBP,2018-02-26,2020-12-10,PURCHASE_ORDER,EXPIRED,EMP-20496
CON-001181,VND-00025,19400.07,USD,2021-03-05,2021-11-08,TIME_AND_MATERIAL,EXPIRED,EMP-45103
CON-001182,VND-01811,34172.02,INR,2018-07-12,2020-04-06,MASTER_SERVICE,EXPIRED,EMP-RM920
CON-001183,VND-02864,114183.98,INR,2023-06-08,2024-11-01,TIME_AND_MATERIAL,EXPIRED,EMP-CORP-00228
CON-001184,VND-02776,8361.21,USD,2019-02-02,2020-06-06,TIME_AND_MATERIAL,EXPIRED,EMP-45319
CON-001185,VND-02033,1119729.65,USD,2022-08-16,2024-11-09,FIXED_PRICE,EXPIRED,EMP-60340
CON-001186,VND-04110,320286.07,USD,2021-10-21,2022-08-03,FIXED_PRICE,EXPIRED,EMP-37411
CON-001187,VND-02527,203634.83,USD,2020-07-14,2022-11-07,SLA,EXPIRED,EMP-22059
CON-001188,VND-02124,324555.76,USD,2019-08-22,2020-06-05,FIXED_PRICE,EXPIRED,EMP-60145
CON-001189,VND-04955,816650.84,AUD,2020-04-04,2023-02-26,SLA,EXPIRED,EMP-59224
CON-001190,VND-03094,5000.0,SGD,2020-11-16,2021-06-18,FIXED_PRICE,TERMINATED,EMP-CORP-00509
CON-001191,VND-03437,5000.0,EUR,2023-09-24,2026-04-14,TIME_AND_MATERIAL,SUSPENDED,EMP-64201
CON-001192,VND-02578,77094.69,GBP,2021-01-13,2023-04-08,FIXED_PRICE,EXPIRED,EMP-41274
CON-001193,VND-03578,18328.91,INR,2019-09-12,2021-05-23,FIXED_PRICE,EXPIRED,EMP-25441
CON-001194,VND-01935,529255.59,EUR,2023-01-18,2025-01-17,RETAINER,EXPIRED,EMP-13940
CON-001195,VND-00430,139609.3,GBP,2019-10-18,2021-01-25,MASTER_SERVICE,TERMINATED,EMP-RM1224
CON-001196,VND-02179,408187.33,GBP,2023-11-07,2024-10-02,FRAMEWORK,EXPIRED,EMP-19118
CON-001197,VND-04478,8103.08,INR,2021-01-12,2022-10-04,MASTER_SERVICE,EXPIRED,EMP-54477
CON-001198,VND-01646,36490.06,GBP,2021-11-12,2022-07-19,FIXED_PRICE,TERMINATED,EMP-23259
CON-001199,VND-04751,16120.59,CAD,2022-11-05,2025-04-16,PURCHASE_ORDER,EXPIRED,EMP-7160
CON-001200,VND-01807,774600.44,USD,2019-10-14,2021-08-04,RETAINER,ACTIVE,EMP-61452
CON-001201,VND-01155,227753.45,USD,2022-05-14,2025-05-10,FRAMEWORK,EXPIRED,EMP-54261
CON-001202,VND-02042,51134.31,EUR,2018-04-21,2020-05-05,MASTER_SERVICE,EXPIRED,EMP-74368
CON-001203,VND-02859,450095.35,USD,2019-04-17,2020-10-24,SLA,EXPIRED,EMP-56978
CON-001204,VND-03182,11814.87,USD,2018-03-22,2018-09-25,FIXED_PRICE,EXPIRED,EMP-60684
CON-001205,VND-04024,49913.1,USD,2020-05-21,2022-01-08,SLA,EXPIRED,EMP-40411
CON-001206,VND-01657,757833.36,GBP,2018-10-27,2021-08-12,FRAMEWORK,EXPIRED,EMP-57155
CON-001207,VND-02772,557337.44,USD,2020-02-14,2020-12-18,RETAINER,EXPIRED,EMP-791
CON-001208,VND-04933,770728.59,AUD,2022-12-23,2025-11-23,SLA,ACTIVE,EMP-21522
CON-001209,VND-04083,9354.6,USD,2018-06-28,2020-03-05,SLA,EXPIRED,EMP-25509
CON-001210,VND-02278,224729.57,USD,2020-09-08,2021-11-15,SLA,EXPIRED,EMP-26021
CON-001211,VND-04844,58229.74,EUR,2023-06-23,2024-10-31,MASTER_SERVICE,EXPIRED,EMP-63329
CON-001212,VND-03586,1120776.6,USD,2022-04-12,2023-06-10,MASTER_SERVICE,EXPIRED,EMP-67430
CON-001213,VND-00650,478203.83,AUD,2023-05-12,2025-11-01,FRAMEWORK,ACTIVE,EMP-17350
CON-001214,VND-02663,3118699.11,USD,2022-03-15,2025-01-11,FRAMEWORK,EXPIRED,EMP-50296
CON-001215,VND-02380,207121.88,GBP,2023-08-08,2024-12-14,SLA,EXPIRED,EMP-46048
CON-001216,VND-01916,463962.32,EUR,2018-09-18,2019-11-28,RETAINER,EXPIRED,EMP-51321
CON-001217,VND-03852,65667.11,USD,2022-09-10,2023-10-07,PURCHASE_ORDER,EXPIRED,EMP-62225
CON-001218,VND-01320,15575.66,USD,2020-04-19,2022-10-16,PURCHASE_ORDER,TERMINATED,EMP-35172
CON-001219,VND-01005,7875.24,USD,2018-04-08,2018-10-19,FRAMEWORK,TERMINATED,EMP-CORP-00422
CON-001220,VND-00056,10837.9,GBP,2021-01-23,2022-12-27,FRAMEWORK,EXPIRED,EMP-22619
CON-001221,VND-03957,1025191.87,INR,2022-01-28,2024-11-22,MASTER_SERVICE,EXPIRED,EMP-50428
CON-001222,VND-03112,2517792.6,EUR,2018-01-29,2019-05-27,FIXED_PRICE,EXPIRED,EMP-42463
CON-001223,VND-00693,812260.9,INR,2022-07-05,2024-12-03,MASTER_SERVICE,EXPIRED,EMP-41798
CON-001224,VND-03283,8868.58,AUD,2023-01-18,2025-08-24,FIXED_PRICE,SUSPENDED,EMP-67844
CON-001225,VND-03548,12711.13,EUR,2022-06-30,2025-05-26,FIXED_PRICE,ACTIVE,EMP-22128
CON-001226,VND-02891,37307.27,USD,2018-02-04,2019-12-28,PURCHASE_ORDER,TERMINATED,EMP-18873
CON-001227,VND-04802,5000.0,EUR,2021-06-27,2022-11-26,FIXED_PRICE,TERMINATED,EMP-65928
CON-001228,VND-02980,165792.08,USD,2021-03-23,2023-04-28,MASTER_SERVICE,EXPIRED,EMP-71682
CON-001229,VND-04861,153525.99,AUD,2023-08-16,2025-06-25,TIME_AND_MATERIAL,ACTIVE,EMP-23215
CON-001230,VND-02260,4700513.2,GBP,2019-11-14,2020-05-17,PURCHASE_ORDER,EXPIRED,EMP-63883
CON-001231,VND-00333,5000.0,INR,2019-11-29,2022-01-26,FIXED_PRICE,EXPIRED,EMP-39253
CON-001232,VND-04311,52497.42,USD,2021-02-02,2021-09-05,FIXED_PRICE,TERMINATED,EMP-53306
CON-001233,VND-03399,149374.93,USD,2022-11-04,2023-11-26,SLA,EXPIRED,EMP-50332
CON-001234,VND-02025,217262.27,USD,2020-03-05,2020-12-01,MASTER_SERVICE,EXPIRED,EMP-55746
CON-001235,VND-01981,9519.02,USD,2018-03-23,2018-12-08,SLA,EXPIRED,EMP-63861
CON-001236,VND-00176,616866.66,EUR,2021-12-19,2023-03-01,FIXED_PRICE,EXPIRED,EMP-2797
CON-001237,VND-02620,22621.28,USD,2019-07-01,2021-12-10,FRAMEWORK,EXPIRED,EMP-31257
CON-001238,VND-02815,365483.74,USD,2021-02-06,2022-02-18,MASTER_SERVICE,EXPIRED,EMP-27587
CON-001239,VND-03726,13527.2,EUR,2023-11-14,2024-12-14,RETAINER,TERMINATED,EMP-71418
CON-001240,VND-01637,109940.76,USD,2023-08-17,2025-05-25,RETAINER,EXPIRED,EMP-RM1431
CON-001241,VND-02860,5000.0,EUR,2022-10-04,2024-12-24,FIXED_PRICE,TERMINATED,EMP-51995
CON-001242,VND-04712,5000.0,USD,2022-11-27,2025-04-05,FRAMEWORK,EXPIRED,EMP-2031
CON-001243,VND-02679,103451.95,USD,2022-05-05,2022-12-18,RETAINER,EXPIRED,EMP-39730
CON-001244,VND-03541,694090.94,EUR,2020-12-16,2023-11-12,PURCHASE_ORDER,EXPIRED,EMP-5811
CON-001245,VND-03449,188675.53,USD,2019-11-20,2022-01-14,RETAINER,TERMINATED,EMP-57425
CON-001246,VND-01126,25528.33,GBP,2023-11-22,2026-10-17,FIXED_PRICE,ACTIVE,EMP-234
CON-001247,VND-01567,1565934.72,USD,2023-05-26,2025-06-22,FIXED_PRICE,ACTIVE,EMP-31988
CON-001248,VND-00033,8992.18,USD,2023-07-19,2026-04-26,PURCHASE_ORDER,ACTIVE,EMP-33326
CON-001249,VND-01043,24822.62,USD,2018-02-06,2019-02-13,SLA,EXPIRED,EMP-10614
CON-001250,VND-01054,10318.39,GBP,2022-02-05,2024-05-17,MASTER_SERVICE,EXPIRED,EMP-47125
CON-001251,VND-03136,1472699.11,USD,2021-06-02,2024-03-13,PURCHASE_ORDER,EXPIRED,EMP-39069
CON-001252,VND-00293,967568.71,INR,2022-05-20,2023-10-26,MASTER_SERVICE,EXPIRED,EMP-RM326
CON-001253,VND-01738,6864.41,GBP,2021-12-16,2022-07-21,RETAINER,EXPIRED,EMP-20436
CON-001254,VND-01051,793985.87,USD,2020-09-12,2023-01-29,FRAMEWORK,ACTIVE,EMP-29442
CON-001255,VND-00440,14864.69,USD,2023-07-19,2024-12-01,RETAINER,TERMINATED,EMP-69240
CON-001256,VND-00537,241495.75,EUR,2021-01-25,2024-01-25,RETAINER,EXPIRED,EMP-18754
CON-001257,VND-02438,18612.91,USD,2021-11-20,2022-07-08,PURCHASE_ORDER,EXPIRED,EMP-CORP-00145
CON-001258,VND-02022,5000.0,INR,2023-10-13,2024-06-04,PURCHASE_ORDER,EXPIRED,EMP-57691
CON-001259,VND-03815,320693.74,USD,2019-07-27,2020-10-20,MASTER_SERVICE,EXPIRED,EMP-4293
CON-001260,VND-00198,61410.87,USD,2018-02-19,2019-12-10,TIME_AND_MATERIAL,EXPIRED,EMP-25518
CON-001261,VND-02692,911001.46,INR,2020-09-16,2021-07-25,RETAINER,EXPIRED,EMP-36374
CON-001262,VND-01808,26717.75,GBP,2022-11-22,2024-05-18,FIXED_PRICE,EXPIRED,EMP-39429
CON-001263,VND-01043,597854.91,EUR,2022-01-02,2023-10-31,FIXED_PRICE,EXPIRED,EMP-50076
CON-001264,VND-00875,640273.74,USD,2023-04-02,2024-01-06,FRAMEWORK,EXPIRED,EMP-61224
CON-001265,VND-02782,5000.0,INR,2020-10-08,2022-11-21,RETAINER,EXPIRED,EMP-1067
CON-001266,VND-02182,7418.62,USD,2023-03-11,2025-08-31,PURCHASE_ORDER,ACTIVE,EMP-70986
CON-001267,VND-00483,561377.34,INR,2019-02-07,2020-03-05,RETAINER,TERMINATED,EMP-45301
CON-001268,VND-02045,5000.0,INR,2018-07-27,2020-04-14,TIME_AND_MATERIAL,EXPIRED,EMP-41155
CON-001269,VND-02708,287713.1,USD,2020-01-12,2023-01-09,TIME_AND_MATERIAL,EXPIRED,EMP-73630
CON-001270,VND-04629,1426512.34,GBP,2019-06-24,2021-08-29,MASTER_SERVICE,TERMINATED,EMP-68399
CON-001271,VND-00917,25425.76,EUR,2019-03-26,2020-02-20,RETAINER,EXPIRED,EMP-61023
CON-001272,VND-02971,22854.32,USD,2023-03-08,2025-07-18,FRAMEWORK,SUSPENDED,EMP-69641
CON-001273,VND-00734,5000.0,INR,2020-02-05,2021-01-31,FIXED_PRICE,TERMINATED,EMP-RM596
CON-001274,VND-02665,5000.0,USD,2018-12-30,2019-08-13,TIME_AND_MATERIAL,EXPIRED,EMP-18427
CON-001275,VND-03227,5000.0,CAD,2020-06-02,2022-01-04,FRAMEWORK,EXPIRED,EMP-13054
CON-001276,VND-04616,63985.82,INR,2022-09-10,2024-10-31,SLA,EXPIRED,EMP-29896
CON-001277,VND-00462,25330688.42,AUD,2019-09-08,2020-08-22,FIXED_PRICE,ACTIVE,EMP-30155
CON-001278,VND-04098,244260.42,EUR,2021-07-31,2022-07-06,PURCHASE_ORDER,EXPIRED,EMP-24503
CON-001279,VND-03654,1374473.86,USD,2021-08-02,2023-12-14,TIME_AND_MATERIAL,EXPIRED,EMP-63891
CON-001280,VND-04428,9426.38,USD,2022-03-05,2023-04-12,SLA,EXPIRED,EMP-48247
CON-001281,VND-03466,125382.29,EUR,2019-07-30,2021-01-10,PURCHASE_ORDER,TERMINATED,EMP-43674
CON-001282,VND-03654,181591.49,USD,2021-03-07,2022-10-20,FRAMEWORK,EXPIRED,EMP-34958
CON-001283,VND-04529,1105935.81,GBP,2021-06-19,2023-04-03,RETAINER,EXPIRED,EMP-18173
CON-001284,VND-01775,514775.17,EUR,2020-01-23,2022-07-19,PURCHASE_ORDER,EXPIRED,EMP-62957
CON-001285,VND-02336,40582.1,USD,2018-09-24,2020-02-28,SLA,EXPIRED,EMP-40418
CON-001286,VND-00992,44930.81,EUR,2021-07-04,2023-05-21,FIXED_PRICE,ACTIVE,EMP-61988
CON-001287,VND-03002,375786.63,GBP,2023-08-09,2025-03-16,MASTER_SERVICE,EXPIRED,EMP-48953
CON-001288,VND-04751,36666.22,CAD,2021-09-02,2024-05-17,FIXED_PRICE,EXPIRED,EMP-25459
CON-001289,VND-01874,66140.52,GBP,2020-06-15,2022-03-15,RETAINER,EXPIRED,EMP-43597
CON-001290,VND-02229,39323.8,USD,2020-11-15,2023-02-25,TIME_AND_MATERIAL,EXPIRED,MGR-9921
CON-001291,VND-01048,6326.51,INR,2019-01-15,2021-08-01,FRAMEWORK,EXPIRED,EMP-CORP-00483
CON-001292,VND-03017,14263.42,GBP,2020-03-21,2021-12-25,SLA,EXPIRED,EMP-63433
CON-001293,VND-00370,5000.0,USD,2018-10-15,2020-01-29,FRAMEWORK,EXPIRED,EMP-18966
CON-001294,VND-01515,40935.81,USD,2023-04-17,2023-11-30,TIME_AND_MATERIAL,EXPIRED,EMP-34032
CON-001295,VND-01466,5000.0,INR,2019-08-08,2020-06-07,TIME_AND_MATERIAL,EXPIRED,EMP-9171
CON-001296,VND-01218,18112.82,USD,2020-02-19,2022-04-29,FRAMEWORK,EXPIRED,EMP-39116
CON-001297,VND-00713,279993.42,USD,2021-06-05,2023-07-06,RETAINER,EXPIRED,EMP-37075
CON-001298,VND-03776,784007.98,USD,2022-11-07,2025-03-29,SLA,EXPIRED,EMP-61055
CON-001299,VND-04944,75639.06,CAD,2023-04-01,2025-04-01,MASTER_SERVICE,EXPIRED,EMP-51806
CON-001300,VND-04087,14628.96,EUR,2023-02-19,2025-07-21,FIXED_PRICE,ACTIVE,EMP-20327
CON-001301,VND-01277,311108.12,USD,2021-05-27,2023-01-05,FRAMEWORK,EXPIRED,EMP-67862
CON-001302,VND-04604,4370885.15,INR,2022-11-03,2025-04-01,PURCHASE_ORDER,EXPIRED,EMP-26185
CON-001303,VND-02534,59705.57,AUD,2023-10-23,2025-06-12,PURCHASE_ORDER,ACTIVE,EMP-56766
CON-001304,VND-00135,50440.8,GBP,2021-09-01,2023-02-06,TIME_AND_MATERIAL,EXPIRED,EMP-52585
CON-001305,VND-01354,7368.67,USD,2023-05-07,2026-01-22,TIME_AND_MATERIAL,ACTIVE,EMP-426
CON-001306,VND-01170,122554.56,USD,2023-01-09,2025-07-29,FRAMEWORK,ACTIVE,EMP-34389
CON-001307,VND-03383,215021.65,GBP,2019-11-10,2021-09-04,TIME_AND_MATERIAL,EXPIRED,EMP-21929
CON-001308,VND-01449,21427.34,GBP,2020-09-13,2021-11-26,PURCHASE_ORDER,TERMINATED,EMP-42289
CON-001309,VND-03259,1691605.0,AUD,2018-07-08,2019-12-31,MASTER_SERVICE,ACTIVE,EMP-68222
CON-001310,VND-03165,36118.02,EUR,2018-07-17,2020-02-04,MASTER_SERVICE,EXPIRED,EMP-10121
CON-001311,VND-03164,11380.03,USD,2023-10-31,2026-04-10,SLA,ACTIVE,EMP-4367
CON-001312,VND-02227,88571.48,GBP,2020-11-09,2023-11-04,FRAMEWORK,EXPIRED,EMP-67656
CON-001313,VND-00684,151420.76,USD,2022-10-16,2025-01-09,TIME_AND_MATERIAL,EXPIRED,EMP-44496
CON-001314,VND-02456,27738.67,USD,2018-07-12,2021-05-27,FRAMEWORK,EXPIRED,EMP-42194
CON-001315,VND-04461,576298.67,EUR,2018-04-24,2019-02-22,PURCHASE_ORDER,EXPIRED,EMP-3672
CON-001316,VND-03448,5000.0,EUR,2018-10-07,2021-07-06,TIME_AND_MATERIAL,TERMINATED,EMP-67093
CON-001317,VND-04046,33312.79,USD,2020-10-11,2023-01-15,TIME_AND_MATERIAL,EXPIRED,EMP-66189
CON-001318,VND-01293,7334.49,USD,2018-04-24,2019-01-07,PURCHASE_ORDER,EXPIRED,EMP-59109
CON-001319,VND-00255,5000.0,USD,2019-09-20,2020-11-19,MASTER_SERVICE,EXPIRED,EMP-35465
CON-001320,VND-01597,73335.56,USD,2022-06-06,2024-09-15,PURCHASE_ORDER,EXPIRED,EMP-53676
CON-001321,VND-00040,6074.75,USD,2019-12-28,2020-09-14,TIME_AND_MATERIAL,EXPIRED,EMP-663
CON-001322,VND-04500,16056.26,INR,2022-10-13,2024-08-18,TIME_AND_MATERIAL,TERMINATED,EMP-52087
CON-001323,VND-02849,312101.37,EUR,2018-03-16,2021-01-27,TIME_AND_MATERIAL,EXPIRED,EMP-25635
CON-001324,VND-02624,75142.81,INR,2018-02-26,2018-09-01,FIXED_PRICE,EXPIRED,EMP-9766
CON-001325,VND-00649,41668.52,CAD,2022-03-21,2025-02-22,FIXED_PRICE,ACTIVE,EMP-6211
CON-001326,VND-01427,499123.56,CAD,2021-06-19,2023-06-11,FRAMEWORK,ACTIVE,EMP-66004
CON-001327,VND-03941,48539.68,GBP,2022-03-07,2022-11-16,MASTER_SERVICE,EXPIRED,EMP-72825
CON-001328,VND-00945,198229.7,GBP,2023-03-21,2025-06-19,MASTER_SERVICE,ACTIVE,EMP-49094
CON-001329,VND-00089,541106.51,USD,2023-05-31,2024-04-19,PURCHASE_ORDER,EXPIRED,EMP-CORP-00400
CON-001330,VND-00437,18973.29,EUR,2020-08-30,2022-12-30,MASTER_SERVICE,EXPIRED,EMP-6656
CON-001331,VND-01656,79445.95,SGD,2019-04-13,2020-04-10,FRAMEWORK,EXPIRED,EMP-21877
CON-001332,VND-00104,222498.46,USD,2022-03-15,2025-02-08,MASTER_SERVICE,EXPIRED,EMP-65125
CON-001333,VND-00624,6679733.49,AUD,2020-08-14,2021-07-02,TIME_AND_MATERIAL,EXPIRED,EMP-61065
CON-001334,VND-03694,41019.07,USD,2019-10-19,2021-04-20,FIXED_PRICE,TERMINATED,EMP-59933
CON-001335,VND-01805,8636.75,USD,2019-02-09,2020-10-28,MASTER_SERVICE,EXPIRED,EMP-CORP-00463
CON-001336,VND-04335,391848.98,USD,2020-05-31,2021-05-17,RETAINER,EXPIRED,EMP-10871
CON-001337,VND-00684,663124.49,AUD,2023-01-01,2024-11-28,FIXED_PRICE,TERMINATED,EMP-34431
CON-001338,VND-04400,5000.0,USD,2019-07-10,2021-09-09,FIXED_PRICE,EXPIRED,EMP-57433
CON-001339,VND-04155,179539.47,USD,2020-11-16,2023-06-26,FIXED_PRICE,EXPIRED,EMP-14022
CON-001340,VND-01402,39079.12,USD,2021-05-09,2022-01-29,MASTER_SERVICE,TERMINATED,EMP-57873
CON-001341,VND-00190,476860.44,USD,2018-02-18,2019-08-21,FRAMEWORK,EXPIRED,EMP-6541
CON-001342,VND-00609,101889.84,EUR,2021-11-04,2022-05-31,MASTER_SERVICE,EXPIRED,EMP-33199
CON-001343,VND-02126,157385.86,GBP,2021-08-03,2022-07-16,TIME_AND_MATERIAL,EXPIRED,EMP-64251
CON-001344,VND-00511,383682.82,USD,2023-07-27,2025-06-22,PURCHASE_ORDER,ACTIVE,EMP-26358
CON-001345,VND-00057,1204753.51,USD,2020-07-19,2021-02-08,TIME_AND_MATERIAL,EXPIRED,EMP-23024
CON-001346,VND-02784,403432.8,EUR,2020-08-09,2021-12-31,TIME_AND_MATERIAL,TERMINATED,EMP-27618
CON-001347,VND-01339,102611.02,AUD,2019-11-16,2021-08-22,FIXED_PRICE,ACTIVE,EMP-54469
CON-001348,VND-01127,30581.31,USD,2020-02-07,2022-03-06,TIME_AND_MATERIAL,TERMINATED,EMP-72324
CON-001349,VND-01069,5719.58,USD,2022-01-18,2022-11-04,MASTER_SERVICE,EXPIRED,EMP-9875
CON-001350,VND-00227,18441.4,INR,2020-03-11,2023-01-25,FIXED_PRICE,EXPIRED,EMP-2551
CON-001351,VND-00324,192794.5,USD,2018-05-01,2019-04-29,FRAMEWORK,EXPIRED,EMP-15136
CON-001352,VND-03843,159695.02,GBP,2021-01-23,2023-12-15,RETAINER,TERMINATED,EMP-57394
CON-001353,VND-00402,2946614.07,EUR,2022-05-29,2023-08-30,RETAINER,TERMINATED,EMP-74438
CON-001354,VND-03569,206395.54,USD,2022-07-20,2023-08-03,TIME_AND_MATERIAL,EXPIRED,EMP-70158
CON-001355,VND-03669,202196.93,USD,2018-04-14,2019-08-22,RETAINER,EXPIRED,EMP-5766
CON-001356,VND-04444,12656.66,CAD,2023-11-05,2024-09-03,RETAINER,TERMINATED,EMP-29317
CON-001357,VND-02248,627502.31,GBP,2021-10-05,2024-03-18,SLA,EXPIRED,EMP-50957
CON-001358,VND-03597,854974.63,GBP,2018-10-19,2020-12-05,FIXED_PRICE,EXPIRED,EMP-45595
CON-001359,VND-00238,5526299.77,GBP,2023-06-06,2024-01-11,MASTER_SERVICE,EXPIRED,EMP-71185
CON-001360,VND-02511,310905.23,USD,2018-11-04,2020-09-08,FRAMEWORK,EXPIRED,EMP-53234
CON-001361,VND-01250,5000.0,USD,2020-04-22,2022-05-10,RETAINER,EXPIRED,EMP-35237
CON-001362,VND-02502,136368.41,USD,2023-08-30,2026-08-08,FIXED_PRICE,ACTIVE,EMP-62606
CON-001363,VND-01554,4405881.97,INR,2019-09-02,2020-04-29,RETAINER,EXPIRED,EMP-10270
CON-001364,VND-01496,50279.74,GBP,2021-01-01,2022-12-18,TIME_AND_MATERIAL,EXPIRED,EMP-58855
CON-001365,VND-04113,5000.0,USD,2019-12-17,2021-09-26,FIXED_PRICE,EXPIRED,EMP-38085
CON-001366,VND-02781,63390.75,USD,2023-04-20,2026-04-17,RETAINER,ACTIVE,EMP-35718
CON-001367,VND-01989,51533.56,EUR,2023-08-23,2025-04-04,TIME_AND_MATERIAL,EXPIRED,EMP-51995
CON-001368,VND-02526,155631.64,USD,2022-04-23,2023-08-09,SLA,EXPIRED,EMP-10485
CON-001369,VND-04797,664435.32,USD,2020-08-10,2021-12-29,TIME_AND_MATERIAL,EXPIRED,EMP-51612
CON-001370,VND-01965,5000.0,GBP,2018-11-14,2020-11-29,TIME_AND_MATERIAL,EXPIRED,EMP-CORP-00282
CON-001371,VND-01361,5000.0,USD,2019-09-30,2021-07-25,SLA,ACTIVE,EMP-43113
CON-001372,VND-02554,75636.02,GBP,2022-05-19,2024-08-21,MASTER_SERVICE,TERMINATED,EMP-20444
CON-001373,VND-01593,8237.31,USD,2021-01-11,2023-09-16,PURCHASE_ORDER,EXPIRED,EMP-40384
CON-001374,VND-03068,39391.64,GBP,2020-03-14,2021-05-29,FIXED_PRICE,ACTIVE,EMP-856
CON-001375,VND-01735,4596098.39,USD,2019-12-03,2022-08-27,FIXED_PRICE,EXPIRED,EMP-18022
CON-001376,VND-01598,35329.36,AUD,2023-02-25,2023-09-25,FRAMEWORK,EXPIRED,EMP-62198
CON-001377,VND-00961,8942.11,USD,2021-06-09,2022-07-02,RETAINER,EXPIRED,EMP-74193
CON-001378,VND-00635,58728.14,EUR,2023-03-29,2024-09-06,MASTER_SERVICE,EXPIRED,EMP-26475
CON-001379,VND-02724,491455.67,EUR,2021-03-29,2022-03-14,FIXED_PRICE,EXPIRED,EMP-48507
CON-001380,VND-02452,8173.97,USD,2021-05-14,2022-12-02,PURCHASE_ORDER,EXPIRED,EMP-16902
CON-001381,VND-01323,1727668.76,INR,2019-04-01,2020-01-31,TIME_AND_MATERIAL,EXPIRED,EMP-41919
CON-001382,VND-01423,176886.62,GBP,2022-05-06,2023-08-24,FRAMEWORK,EXPIRED,EMP-61049
CON-001383,VND-01422,706149.99,INR,2022-12-12,2025-06-24,FRAMEWORK,ACTIVE,EMP-13007
CON-001384,VND-04328,1123596.74,USD,2022-03-15,2024-11-02,FIXED_PRICE,TERMINATED,EMP-53957
CON-001385,VND-00018,45079.95,EUR,2023-03-19,2024-08-03,MASTER_SERVICE,EXPIRED,EMP-15010
CON-001386,VND-01805,1870368.16,USD,2021-02-12,2022-12-15,SLA,EXPIRED,EMP-56272
CON-001387,VND-02783,42458.09,USD,2019-12-04,2021-02-22,FIXED_PRICE,EXPIRED,EMP-12464
CON-001388,VND-04122,31329.9,CAD,2019-07-29,2020-10-08,MASTER_SERVICE,EXPIRED,EMP-38700
CON-001389,VND-03920,357092.41,USD,2022-04-22,2023-04-09,TIME_AND_MATERIAL,EXPIRED,EMP-1721
CON-001390,VND-02201,376961.28,GBP,2022-08-30,2023-03-11,RETAINER,EXPIRED,EMP-10981
CON-001391,VND-00936,211031.03,USD,2018-04-19,2019-11-06,RETAINER,EXPIRED,EMP-22659
CON-001392,VND-03653,3996962.14,EUR,2019-02-24,2022-02-10,FRAMEWORK,EXPIRED,EMP-14710
CON-001393,VND-04023,19247.43,GBP,2018-06-01,2019-12-28,TIME_AND_MATERIAL,EXPIRED,EMP-61537
CON-001394,VND-00685,25462.72,USD,2018-02-06,2018-11-17,FRAMEWORK,EXPIRED,EMP-25199
CON-001395,VND-01565,159635.09,USD,2022-08-29,2023-04-11,MASTER_SERVICE,EXPIRED,EMP-4039
CON-001396,VND-03938,12532.64,INR,2022-08-30,2025-05-14,PURCHASE_ORDER,TERMINATED,EMP-2844
CON-001397,VND-01095,5615.58,CAD,2019-12-09,2020-08-06,MASTER_SERVICE,TERMINATED,EMP-53117
CON-001398,VND-04490,16952.16,CAD,2019-08-01,2021-02-11,FRAMEWORK,EXPIRED,EMP-19727
CON-001399,VND-03119,57102.58,INR,2023-01-29,2024-12-26,TIME_AND_MATERIAL,EXPIRED,EMP-60037
CON-001400,VND-00553,347708.69,USD,2018-12-14,2020-03-22,FRAMEWORK,EXPIRED,EMP-22755
CON-001401,VND-03897,191835.17,USD,2023-06-24,2024-06-11,PURCHASE_ORDER,TERMINATED,EMP-24022
CON-001402,VND-02900,321369.73,AUD,2022-02-17,2023-02-05,TIME_AND_MATERIAL,TERMINATED,EMP-38437
CON-001403,VND-04907,1118303.59,USD,2021-01-24,2022-11-02,RETAINER,EXPIRED,EMP-32848
CON-001404,VND-04013,16197.25,EUR,2023-08-26,2024-08-14,RETAINER,EXPIRED,EMP-73367
CON-001405,VND-03915,18627.99,GBP,2023-04-06,2025-08-08,TIME_AND_MATERIAL,ACTIVE,EMP-23917
CON-001406,VND-03634,15291.86,GBP,2018-03-06,2019-12-26,FIXED_PRICE,EXPIRED,EMP-38739
CON-001407,VND-04806,9778170.32,CAD,2021-01-21,2023-08-06,PURCHASE_ORDER,EXPIRED,EMP-RM124
CON-001408,VND-02300,48417.36,AUD,2020-07-30,2022-09-01,SLA,EXPIRED,EMP-8315
CON-001409,VND-00209,381998.3,INR,2019-07-01,2021-06-23,SLA,EXPIRED,EMP-16194
CON-001410,VND-03139,92970.27,SGD,2018-03-03,2021-01-21,FIXED_PRICE,EXPIRED,EMP-7132
CON-001411,VND-03834,3794504.29,USD,2018-03-12,2020-01-18,FIXED_PRICE,EXPIRED,EMP-23360
CON-001412,VND-00467,464004.09,GBP,2023-08-12,2024-12-01,MASTER_SERVICE,EXPIRED,EMP-13174
CON-001413,VND-02547,7860.45,USD,2021-03-16,2021-12-27,SLA,TERMINATED,EMP-43228
CON-001414,VND-02829,10807.92,INR,2021-04-16,2021-12-14,TIME_AND_MATERIAL,ACTIVE,EMP-48622
CON-001415,VND-01919,22751.44,INR,2022-07-19,2024-02-01,FRAMEWORK,EXPIRED,EMP-11957
CON-001416,VND-02001,57863.88,GBP,2023-01-31,2025-09-19,FIXED_PRICE,ACTIVE,MGR-2413
CON-001417,VND-03419,5000.0,EUR,2022-01-24,2024-09-22,RETAINER,EXPIRED,EMP-26575
CON-001418,VND-02065,905097.22,USD,2021-12-15,2024-06-26,TIME_AND_MATERIAL,EXPIRED,EMP-37327
CON-001419,VND-01398,11303.41,USD,2021-04-04,2022-12-04,FRAMEWORK,EXPIRED,EMP-3392
CON-001420,VND-00675,5193.26,EUR,2023-07-08,2026-04-07,RETAINER,ACTIVE,EMP-39569
CON-001421,VND-04825,282556.53,USD,2019-12-19,2022-03-14,SLA,EXPIRED,EMP-74099
CON-001422,VND-01328,1879835.17,INR,2022-06-16,2024-05-04,PURCHASE_ORDER,TERMINATED,EMP-12942
CON-001423,VND-00433,14033.7,USD,2018-09-04,2021-06-19,PURCHASE_ORDER,EXPIRED,EMP-67944
CON-001424,VND-03586,19441.37,AUD,2018-08-30,2020-09-21,MASTER_SERVICE,EXPIRED,EMP-CORP-00432
CON-001425,VND-00673,12005.78,USD,2021-03-04,2022-01-24,PURCHASE_ORDER,EXPIRED,EMP-RM407
CON-001426,VND-01814,620638.06,EUR,2021-10-27,2022-07-04,SLA,EXPIRED,EMP-11451
CON-001427,VND-03073,188751.85,USD,2020-10-11,2022-03-16,RETAINER,EXPIRED,EMP-13468
CON-001428,VND-01072,24572.33,GBP,2022-11-15,2025-06-17,RETAINER,ACTIVE,EMP-15739
CON-001429,VND-01153,629290.34,USD,2022-06-18,2025-03-03,MASTER_SERVICE,EXPIRED,EMP-61729
CON-001430,VND-00565,7591.22,USD,2023-08-03,2025-07-21,TIME_AND_MATERIAL,ACTIVE,EMP-70403
CON-001431,VND-03133,26489.0,USD,2020-02-12,2022-06-15,FRAMEWORK,EXPIRED,EMP-37062
CON-001432,VND-00541,66808.56,USD,2018-12-15,2021-09-13,FIXED_PRICE,EXPIRED,EMP-64394
CON-001433,VND-01896,5948.92,INR,2023-08-29,2026-06-08,MASTER_SERVICE,ACTIVE,EMP-10382
CON-001434,VND-02469,7136.76,SGD,2022-09-15,2025-01-10,PURCHASE_ORDER,EXPIRED,EMP-39694
CON-001435,VND-00131,407326.45,USD,2020-03-26,2020-12-20,RETAINER,TERMINATED,EMP-6372
CON-001436,VND-01298,20426.55,AUD,2018-10-01,2019-05-01,RETAINER,TERMINATED,EMP-45209
CON-001437,VND-03385,11384.42,USD,2023-02-18,2025-10-26,FIXED_PRICE,ACTIVE,EMP-5781
CON-001438,VND-03737,670067.24,USD,2021-06-28,2022-12-25,FIXED_PRICE,EXPIRED,EMP-23959
CON-001439,VND-02050,411048.92,USD,2019-03-30,2021-06-15,TIME_AND_MATERIAL,TERMINATED,EMP-56637
CON-001440,VND-02935,347253.45,USD,2019-03-31,2020-01-15,SLA,EXPIRED,EMP-27577
CON-001441,VND-04704,1595683.14,AUD,2022-03-02,2023-03-27,FRAMEWORK,EXPIRED,EMP-50999
CON-001442,VND-01109,249593.37,GBP,2020-10-18,2021-10-26,PURCHASE_ORDER,TERMINATED,EMP-15877
CON-001443,VND-00573,10467.45,USD,2023-11-01,2025-03-17,FRAMEWORK,EXPIRED,EMP-2394
CON-001444,VND-01174,939431.34,USD,2020-10-22,2021-05-07,FIXED_PRICE,TERMINATED,EMP-62877
CON-001445,VND-03159,5000.0,CAD,2021-02-26,2023-08-29,FIXED_PRICE,EXPIRED,EMP-37881
CON-001446,VND-02433,695681.15,USD,2023-09-08,2025-07-07,FRAMEWORK,ACTIVE,EMP-35298
CON-001447,VND-04608,357761.6,GBP,2020-11-10,2023-03-16,PURCHASE_ORDER,EXPIRED,EMP-74149
CON-001448,VND-02042,460660.42,EUR,2019-12-15,2022-01-30,MASTER_SERVICE,EXPIRED,EMP-17258
CON-001449,VND-01384,11788.44,EUR,2019-11-19,2022-03-30,FRAMEWORK,EXPIRED,EMP-41837
CON-001450,VND-01690,7152.27,EUR,2023-03-08,2025-10-29,FIXED_PRICE,ACTIVE,EMP-71103
CON-001451,VND-02167,12449.65,USD,2018-12-13,2021-02-05,TIME_AND_MATERIAL,TERMINATED,EMP-25300
CON-001452,VND-04943,47888.8,USD,2018-12-05,2020-06-30,FRAMEWORK,EXPIRED,EMP-47706
CON-001453,VND-04784,8506.7,USD,2021-07-08,2024-05-09,FRAMEWORK,EXPIRED,EMP-CORP-00588
CON-001454,VND-03544,252912.45,USD,2021-08-09,2022-07-02,FRAMEWORK,EXPIRED,EMP-56456
CON-001455,VND-00595,203565.77,GBP,2019-11-27,2021-03-31,FRAMEWORK,ACTIVE,EMP-52210
CON-001456,VND-04060,70523.78,EUR,2022-02-05,2023-07-08,TIME_AND_MATERIAL,TERMINATED,EMP-11090
CON-001457,VND-04817,5000.0,SGD,2023-06-23,2025-08-24,FIXED_PRICE,ACTIVE,EMP-6915
CON-001458,VND-02468,2672332.05,GBP,2023-01-24,2023-09-05,FIXED_PRICE,EXPIRED,EMP-44460
CON-001459,VND-04015,6971283.39,USD,2021-11-08,2022-06-21,PURCHASE_ORDER,TERMINATED,EMP-30180
CON-001460,VND-02537,375263.88,EUR,2018-11-11,2020-08-24,RETAINER,EXPIRED,EMP-2790
CON-001461,VND-01977,13083.87,USD,2022-10-01,2023-05-12,FRAMEWORK,EXPIRED,EMP-13054
CON-001462,VND-02442,18187.14,GBP,2023-06-20,2025-08-09,MASTER_SERVICE,ACTIVE,EMP-49599
CON-001463,VND-02198,170812.31,INR,2023-05-26,2024-10-18,FRAMEWORK,EXPIRED,EMP-72633
CON-001464,VND-01468,223825.66,CAD,2023-08-22,2026-02-15,RETAINER,ACTIVE,EMP-RM029
CON-001465,VND-04601,58579.49,GBP,2022-06-25,2024-05-06,SLA,EXPIRED,EMP-18245
CON-001466,VND-00428,83679.15,CAD,2022-05-22,2024-05-04,FIXED_PRICE,EXPIRED,EMP-RM1432
CON-001467,VND-03835,33408.39,GBP,2021-08-24,2023-02-28,MASTER_SERVICE,EXPIRED,EMP-73876
CON-001468,VND-03397,5260006.3,GBP,2021-05-20,2021-12-30,TIME_AND_MATERIAL,EXPIRED,EMP-71259
CON-001469,VND-02056,197071.43,SGD,2018-02-27,2019-08-10,FIXED_PRICE,EXPIRED,EMP-44624
CON-001470,VND-03386,431960.32,USD,2018-10-21,2019-11-29,MASTER_SERVICE,EXPIRED,EMP-24624
CON-001471,VND-01079,56855.62,GBP,2022-03-02,2022-11-13,FRAMEWORK,EXPIRED,EMP-31978
CON-001472,VND-00552,18766.91,EUR,2019-06-11,2020-02-29,TIME_AND_MATERIAL,EXPIRED,EMP-17258
CON-001473,VND-03695,14436.09,EUR,2021-07-01,2023-07-22,SLA,EXPIRED,EMP-5034
CON-001474,VND-03983,260413.32,INR,2021-05-30,2023-05-18,TIME_AND_MATERIAL,EXPIRED,EMP-61296
CON-001475,VND-04969,483517.17,USD,2020-03-22,2020-12-14,FIXED_PRICE,TERMINATED,EMP-35373
CON-001476,VND-01328,19498.94,USD,2018-07-28,2019-10-17,FIXED_PRICE,EXPIRED,EMP-8059
CON-001477,VND-02848,303982.95,USD,2018-11-18,2020-07-22,SLA,EXPIRED,EMP-42265
CON-001478,VND-03955,1239156.94,EUR,2022-07-19,2024-09-06,FRAMEWORK,EXPIRED,EMP-59247
CON-001479,VND-03199,44904.83,GBP,2019-03-19,2021-10-25,PURCHASE_ORDER,EXPIRED,EMP-4553
CON-001480,VND-01997,5000.0,GBP,2018-03-11,2021-01-10,FIXED_PRICE,EXPIRED,EMP-49003
CON-001481,VND-00037,5538.94,GBP,2019-09-07,2020-08-29,FIXED_PRICE,EXPIRED,EMP-10887
CON-001482,VND-03854,10110.02,USD,2021-12-16,2023-10-29,PURCHASE_ORDER,EXPIRED,EMP-22980
CON-001483,VND-04981,14976.6,AUD,2021-06-21,2024-03-16,TIME_AND_MATERIAL,EXPIRED,EMP-6477
CON-001484,VND-00290,61433.94,USD,2019-10-15,2021-08-05,PURCHASE_ORDER,EXPIRED,EMP-30360
CON-001485,VND-04291,414406.85,CAD,2022-12-26,2024-04-30,PURCHASE_ORDER,ACTIVE,EMP-28637
CON-001486,VND-02662,11111.71,EUR,2020-07-28,2023-04-09,PURCHASE_ORDER,EXPIRED,EMP-60258
CON-001487,VND-04218,401766.01,USD,2019-09-12,2020-03-23,RETAINER,TERMINATED,EMP-18831
CON-001488,VND-03517,741266.06,INR,2021-09-11,2023-08-09,SLA,EXPIRED,EMP-74320
CON-001489,VND-00550,239627.11,AUD,2021-10-03,2022-10-22,TIME_AND_MATERIAL,ACTIVE,EMP-2478
CON-001490,VND-00844,39959.72,USD,2019-11-02,2021-09-26,MASTER_SERVICE,EXPIRED,EMP-69687
CON-001491,VND-01713,21547.66,USD,2022-05-22,2024-01-26,RETAINER,EXPIRED,EMP-25955
CON-001492,VND-03934,11716.2,EUR,2023-09-09,2024-05-21,PURCHASE_ORDER,EXPIRED,EMP-71749
CON-001493,VND-04223,145721.1,INR,2021-10-09,2022-04-17,FRAMEWORK,ACTIVE,EMP-19026
CON-001494,VND-00404,9347.15,USD,2019-12-10,2022-04-21,RETAINER,EXPIRED,EMP-28507
CON-001495,VND-04019,52344.45,INR,2020-06-14,2021-11-29,FRAMEWORK,EXPIRED,EMP-39840
CON-001496,VND-01646,61239.47,SGD,2020-10-24,2023-05-19,PURCHASE_ORDER,TERMINATED,EMP-72903
CON-001497,VND-02704,16187.41,AUD,2023-01-24,2025-11-19,FIXED_PRICE,ACTIVE,EMP-31178
CON-001498,VND-02045,371125.43,USD,2022-02-21,2023-10-06,MASTER_SERVICE,EXPIRED,EMP-7146
CON-001499,VND-01031,121728.63,USD,2022-06-19,2023-11-18,RETAINER,TERMINATED,EMP-50750
CON-001500,VND-04439,2443643.56,EUR,2018-10-23,2020-09-14,TIME_AND_MATERIAL,EXPIRED,EMP-63200
CON-001501,VND-01950,68873.88,USD,2023-08-22,2024-08-09,TIME_AND_MATERIAL,TERMINATED,EMP-CORP-00299
CON-001502,VND-00990,11503.76,USD,2023-03-28,2024-12-19,FRAMEWORK,EXPIRED,EMP-48052
CON-001503,VND-03277,840832.87,USD,2018-12-14,2020-08-03,RETAINER,EXPIRED,EMP-8797
CON-001504,VND-04163,3529937.6,EUR,2019-07-03,2021-12-19,PURCHASE_ORDER,EXPIRED,EMP-51619
CON-001505,VND-02686,29014.84,USD,2021-01-06,2023-06-30,RETAINER,EXPIRED,EMP-33838
CON-001506,VND-04610,20243.57,AUD,2020-12-15,2023-01-28,FRAMEWORK,EXPIRED,EMP-RM895
CON-001507,VND-02621,1235261.61,USD,2023-05-22,2026-03-20,FIXED_PRICE,ACTIVE,EMP-71682
CON-001508,VND-01948,33962.3,AUD,2022-11-25,2024-05-09,TIME_AND_MATERIAL,EXPIRED,EMP-19889
CON-001509,VND-04773,96723.73,CAD,2019-01-06,2021-06-18,SLA,EXPIRED,EMP-60377
CON-001510,VND-03634,27875.44,CAD,2020-02-08,2020-12-29,TIME_AND_MATERIAL,EXPIRED,EMP-72919
CON-001511,VND-04843,103764.03,CAD,2020-02-11,2021-09-05,SLA,TERMINATED,EMP-939
CON-001512,VND-02333,164033.52,EUR,2019-09-24,2022-01-03,MASTER_SERVICE,EXPIRED,EMP-26227
CON-001513,VND-02681,5000.0,USD,2020-07-30,2022-03-21,RETAINER,EXPIRED,EMP-8894
CON-001514,VND-03591,484677.88,INR,2018-01-03,2020-05-16,PURCHASE_ORDER,TERMINATED,EMP-53545
CON-001515,VND-01759,10028.25,INR,2019-02-15,2019-10-21,TIME_AND_MATERIAL,EXPIRED,EMP-56464
CON-001516,VND-03498,34683.68,USD,2023-05-07,2025-01-14,FIXED_PRICE,EXPIRED,EMP-37014
CON-001517,VND-03636,8675.31,GBP,2021-04-24,2023-12-22,PURCHASE_ORDER,EXPIRED,EMP-43446
CON-001518,VND-03445,19743.68,USD,2018-01-04,2019-10-17,FIXED_PRICE,EXPIRED,EMP-55949
CON-001519,VND-03323,1213057.64,INR,2021-08-28,2023-07-11,RETAINER,TERMINATED,EMP-16042
CON-001520,VND-03343,8186.2,USD,2023-05-14,2023-12-14,FIXED_PRICE,EXPIRED,EMP-18462
CON-001521,VND-04924,5000.0,CAD,2018-11-07,2020-06-10,PURCHASE_ORDER,EXPIRED,EMP-13694
CON-001522,VND-02800,1034461.06,AUD,2022-10-10,2025-10-09,FRAMEWORK,ACTIVE,EMP-45928
CON-001523,VND-00411,874213.29,USD,2021-12-20,2023-11-29,SLA,EXPIRED,EMP-26895
CON-001524,VND-01318,68459.17,GBP,2020-05-19,2021-02-19,FRAMEWORK,EXPIRED,EMP-7486
CON-001525,VND-03438,1573279.02,SGD,2021-07-19,2022-10-20,PURCHASE_ORDER,EXPIRED,EMP-5654
CON-001526,VND-00268,114257.47,CAD,2021-09-04,2023-08-13,TIME_AND_MATERIAL,EXPIRED,EMP-36647
CON-001527,VND-02408,207363.06,USD,2019-05-16,2022-03-12,FIXED_PRICE,EXPIRED,EMP-68165
CON-001528,VND-00210,1799551.28,EUR,2018-08-16,2021-08-10,MASTER_SERVICE,EXPIRED,EMP-22615
CON-001529,VND-02624,302999.05,USD,2022-05-27,2024-02-17,FRAMEWORK,EXPIRED,EMP-59917
CON-001530,VND-04065,695091.78,INR,2020-09-26,2023-08-06,FRAMEWORK,EXPIRED,EMP-65937
CON-001531,VND-00266,5000.0,EUR,2021-02-05,2021-11-19,TIME_AND_MATERIAL,EXPIRED,EMP-20853
CON-001532,VND-03097,26101.6,USD,2018-10-05,2020-09-20,FIXED_PRICE,EXPIRED,EMP-59166
CON-001533,VND-02407,22410.67,USD,2020-11-02,2023-03-02,PURCHASE_ORDER,EXPIRED,EMP-69381
CON-001534,VND-00849,5000.0,EUR,2018-06-21,2019-07-07,MASTER_SERVICE,EXPIRED,EMP-29524
CON-001535,VND-02407,14534.84,INR,2021-03-03,2021-11-02,PURCHASE_ORDER,EXPIRED,EMP-48376
CON-001536,VND-04831,3536664.28,AUD,2020-07-23,2023-03-08,MASTER_SERVICE,EXPIRED,EMP-44375
CON-001537,VND-03668,5000.0,GBP,2022-09-12,2024-07-02,RETAINER,EXPIRED,EMP-40876
CON-001538,VND-01355,1425447.77,USD,2023-11-15,2025-12-25,SLA,ACTIVE,EMP-51667
CON-001539,VND-02538,68444.5,USD,2020-05-20,2022-06-16,MASTER_SERVICE,ACTIVE,EMP-51444
CON-001540,VND-04373,30990.63,EUR,2021-03-20,2022-07-10,FIXED_PRICE,EXPIRED,EMP-58795
CON-001541,VND-00819,2192146.24,SGD,2020-03-16,2021-11-03,TIME_AND_MATERIAL,EXPIRED,EMP-6327
CON-001542,VND-01676,261175.22,USD,2023-01-08,2025-06-28,RETAINER,ACTIVE,EMP-13807
CON-001543,VND-04177,12745.19,USD,2018-01-19,2019-11-13,PURCHASE_ORDER,TERMINATED,EMP-32533
CON-001544,VND-04514,6980.03,EUR,2019-04-26,2020-06-06,FRAMEWORK,TERMINATED,EMP-21866
CON-001545,VND-04173,532215.55,EUR,2018-08-20,2020-01-31,FIXED_PRICE,EXPIRED,EMP-24219
CON-001546,VND-00586,1084082.84,EUR,2019-07-14,2021-12-31,TIME_AND_MATERIAL,TERMINATED,EMP-27576
CON-001547,VND-04971,2467361.63,GBP,2018-05-17,2021-04-26,PURCHASE_ORDER,TERMINATED,EMP-43950
CON-001548,VND-02619,5000.0,USD,2022-11-29,2024-02-28,SLA,EXPIRED,EMP-49300
CON-001549,VND-00106,262092.53,USD,2022-09-07,2023-03-19,PURCHASE_ORDER,EXPIRED,EMP-3643
CON-001550,VND-04872,81330.72,GBP,2019-11-27,2021-02-21,SLA,EXPIRED,EMP-3785
CON-001551,VND-02652,1993804.47,GBP,2023-03-22,2023-11-22,FRAMEWORK,EXPIRED,EMP-55593
CON-001552,VND-03905,645706.42,GBP,2022-01-28,2022-11-01,FRAMEWORK,EXPIRED,EMP-14677
CON-001553,VND-02920,40501.04,SGD,2019-12-29,2021-06-24,SLA,EXPIRED,EMP-23899
CON-001554,VND-04246,608973.13,EUR,2019-08-22,2022-07-13,TIME_AND_MATERIAL,EXPIRED,EMP-28966
CON-001555,VND-00398,11914.38,USD,2019-04-06,2022-01-15,RETAINER,TERMINATED,EMP-39898
CON-001556,VND-02578,96059.13,USD,2022-11-08,2024-09-05,RETAINER,EXPIRED,EMP-10691
CON-001557,VND-00611,20524.66,INR,2023-02-27,2024-11-06,FRAMEWORK,EXPIRED,EMP-27218
CON-001558,VND-03017,22672.65,INR,2022-08-22,2025-03-27,MASTER_SERVICE,ACTIVE,EMP-51551
CON-001559,VND-04462,8363.98,USD,2023-08-27,2026-03-16,PURCHASE_ORDER,ACTIVE,EMP-62727
CON-001560,VND-02124,381105.79,EUR,2021-08-18,2024-02-03,FIXED_PRICE,EXPIRED,EMP-48247
CON-001561,VND-03509,456654.42,GBP,2020-10-15,2023-01-13,MASTER_SERVICE,EXPIRED,EMP-35470
CON-001562,VND-01661,23096.0,USD,2020-09-14,2023-08-04,RETAINER,EXPIRED,EMP-25840
CON-001563,VND-02463,340048.85,USD,2022-01-12,2022-11-29,TIME_AND_MATERIAL,EXPIRED,EMP-19084
CON-001564,VND-00632,1365184.99,USD,2021-10-13,2024-04-19,FRAMEWORK,EXPIRED,EMP-8750
CON-001565,VND-03297,46131.97,SGD,2018-01-31,2020-11-19,PURCHASE_ORDER,TERMINATED,EMP-10887
CON-001566,VND-01191,86401.19,CAD,2018-12-30,2020-07-18,FIXED_PRICE,EXPIRED,EMP-36553
CON-001567,VND-01317,24473.31,EUR,2023-09-26,2025-12-31,RETAINER,SUSPENDED,EMP-16016
CON-001568,VND-03424,225459.98,USD,2020-01-07,2023-01-04,RETAINER,EXPIRED,EMP-RM812
CON-001569,VND-04559,316105.63,GBP,2021-02-17,2022-12-09,FRAMEWORK,EXPIRED,EMP-58223
CON-001570,VND-04314,1715914.4,USD,2020-02-15,2020-12-16,MASTER_SERVICE,EXPIRED,EMP-14868
CON-001571,VND-00740,414335.9,CAD,2019-12-21,2022-06-06,SLA,EXPIRED,EMP-10469
CON-001572,VND-03210,1800718.6,EUR,2021-11-28,2023-01-28,PURCHASE_ORDER,EXPIRED,EMP-30787
CON-001573,VND-02954,8558.85,USD,2021-10-31,2023-05-10,FRAMEWORK,TERMINATED,EMP-21124
CON-001574,VND-02608,75365.89,CAD,2023-12-11,2026-12-04,TIME_AND_MATERIAL,ACTIVE,EMP-58447
CON-001575,VND-00030,24478.22,EUR,2020-08-09,2022-01-26,MASTER_SERVICE,EXPIRED,EMP-RM1446
CON-001576,VND-01235,279983.66,USD,2023-04-29,2024-05-08,FIXED_PRICE,EXPIRED,EMP-42445
CON-001577,VND-02527,8014.43,EUR,2022-04-07,2023-10-07,FIXED_PRICE,EXPIRED,EMP-16019
CON-001578,VND-03578,5000.0,USD,2019-07-25,2020-04-24,RETAINER,EXPIRED,EMP-46469
CON-001579,VND-04297,7872.43,GBP,2019-12-09,2022-10-24,FIXED_PRICE,TERMINATED,EMP-57226
CON-001580,VND-02394,366884.6,EUR,2020-05-11,2021-09-08,RETAINER,EXPIRED,EMP-2633
CON-001581,VND-01433,12018.81,USD,2018-03-25,2020-05-03,PURCHASE_ORDER,EXPIRED,EMP-47880
CON-001582,VND-04266,35512.28,GBP,2021-03-31,2022-11-05,TIME_AND_MATERIAL,TERMINATED,EMP-30567
CON-001583,VND-01715,16033.34,GBP,2022-06-13,2023-07-05,MASTER_SERVICE,TERMINATED,EMP-43446
CON-001584,VND-00344,15177.22,EUR,2023-04-06,2024-03-12,MASTER_SERVICE,ACTIVE,EMP-74478
CON-001585,VND-00117,5000.0,EUR,2020-04-29,2022-10-13,PURCHASE_ORDER,EXPIRED,EMP-63846
CON-001586,VND-02327,616701.59,USD,2023-08-09,2024-11-19,SLA,EXPIRED,EMP-6640
CON-001587,VND-02082,41095.42,USD,2020-06-30,2023-05-25,SLA,EXPIRED,EMP-50043
CON-001588,VND-00803,781904.54,EUR,2022-08-15,2023-10-09,FIXED_PRICE,EXPIRED,EMP-64859
CON-001589,VND-02246,134228.37,INR,2021-07-27,2022-12-02,FRAMEWORK,EXPIRED,EMP-24210
CON-001590,VND-02714,354998.24,CAD,2022-03-30,2023-02-28,FIXED_PRICE,EXPIRED,EMP-73254
CON-001591,VND-00853,342475.79,GBP,2018-01-08,2019-12-12,RETAINER,EXPIRED,EMP-12799
CON-001592,VND-03397,51617.54,USD,2018-06-29,2021-01-21,RETAINER,EXPIRED,EMP-12385
CON-001593,VND-02427,9806.26,USD,2018-03-14,2020-06-23,FIXED_PRICE,EXPIRED,EMP-5840
CON-001594,VND-04188,26253.73,USD,2019-03-10,2021-12-26,SLA,TERMINATED,EMP-11590
CON-001595,VND-02273,173017.3,USD,2018-04-08,2019-12-05,MASTER_SERVICE,EXPIRED,EMP-8579
CON-001596,VND-02617,4234027.38,USD,2020-06-23,2023-05-07,FIXED_PRICE,TERMINATED,EMP-RM1224
CON-001597,VND-00459,303719.69,EUR,2019-12-29,2022-05-26,SLA,TERMINATED,EMP-67838
CON-001598,VND-01598,466017.42,USD,2020-12-25,2023-07-23,FRAMEWORK,TERMINATED,EMP-19289
CON-001599,VND-00555,21356.09,GBP,2018-03-04,2020-08-03,RETAINER,EXPIRED,EMP-32857
CON-001600,VND-00197,5000.0,CAD,2020-09-25,2023-01-30,PURCHASE_ORDER,ACTIVE,EMP-7847
CON-001601,VND-00250,180002.33,USD,2022-10-10,2024-06-25,SLA,EXPIRED,EMP-69133
CON-001602,VND-01822,13939.79,GBP,2020-03-26,2022-11-25,RETAINER,EXPIRED,EMP-32969
CON-001603,VND-04710,36344.37,EUR,2021-07-21,2023-01-17,SLA,TERMINATED,EMP-992
CON-001604,VND-04526,61408.08,USD,2019-11-11,2021-03-04,RETAINER,EXPIRED,EMP-CORP-00582
CON-001605,VND-01474,18258.7,INR,2018-10-23,2020-04-20,TIME_AND_MATERIAL,EXPIRED,EMP-8374
CON-001606,VND-02902,50255.16,USD,2019-03-30,2022-02-07,PURCHASE_ORDER,EXPIRED,EMP-41005
CON-001607,VND-01294,385372.11,CAD,2022-10-28,2023-10-13,FIXED_PRICE,EXPIRED,EMP-65942
CON-001608,VND-00468,15381.06,USD,2020-07-22,2023-01-17,FIXED_PRICE,EXPIRED,EMP-60115
CON-001609,VND-01898,16754.7,GBP,2021-04-24,2022-06-22,TIME_AND_MATERIAL,TERMINATED,EMP-42934
CON-001610,VND-00376,52441.34,USD,2019-11-21,2021-09-29,RETAINER,EXPIRED,EMP-15779
CON-001611,VND-04597,18471.0,EUR,2023-09-03,2024-12-14,PURCHASE_ORDER,EXPIRED,EMP-64556
CON-001612,VND-03220,13040.85,AUD,2020-11-18,2021-12-18,FRAMEWORK,EXPIRED,EMP-31666
CON-001613,VND-04606,36933.65,EUR,2021-12-30,2024-07-22,SLA,EXPIRED,EMP-27861
CON-001614,VND-03366,2210294.77,USD,2020-11-09,2023-08-26,RETAINER,EXPIRED,EMP-67873
CON-001615,VND-04840,20697.45,CAD,2018-07-11,2020-06-17,RETAINER,EXPIRED,EMP-62806
CON-001616,VND-02232,2668127.0,USD,2023-09-25,2026-08-15,RETAINER,ACTIVE,EMP-46065
CON-001617,VND-02581,25073.82,INR,2019-05-29,2020-06-28,MASTER_SERVICE,EXPIRED,EMP-61385
CON-001618,VND-00426,345918.0,EUR,2020-11-02,2022-02-20,FIXED_PRICE,EXPIRED,EMP-35259
CON-001619,VND-00879,272874.33,USD,2018-10-21,2020-08-13,RETAINER,TERMINATED,EMP-12611
CON-001620,VND-01642,6446.52,SGD,2020-11-15,2022-05-14,RETAINER,EXPIRED,EMP-14969
CON-001621,VND-02270,462237.08,EUR,2022-06-11,2023-11-10,TIME_AND_MATERIAL,EXPIRED,EMP-18429
CON-001622,VND-02407,30858.28,GBP,2021-02-13,2023-04-17,SLA,EXPIRED,EMP-52764
CON-001623,VND-01107,7096.32,USD,2022-06-01,2023-12-20,PURCHASE_ORDER,EXPIRED,EMP-CORP-00039
CON-001624,VND-00849,21705.37,EUR,2018-01-28,2020-02-18,PURCHASE_ORDER,EXPIRED,EMP-RM106
CON-001625,VND-04868,448861.57,EUR,2023-08-15,2025-11-26,PURCHASE_ORDER,ACTIVE,EMP-45268
CON-001626,VND-04798,744416.54,USD,2021-03-01,2021-09-01,RETAINER,EXPIRED,EMP-63897
CON-001627,VND-03295,48040.14,GBP,2019-07-15,2021-02-19,MASTER_SERVICE,EXPIRED,EMP-41787
CON-001628,VND-03060,493405.31,USD,2022-10-30,2024-06-29,PURCHASE_ORDER,TERMINATED,EMP-48850
CON-001629,VND-00809,457258.52,USD,2020-03-15,2021-10-25,FIXED_PRICE,EXPIRED,EMP-22717
CON-001630,VND-02144,343788.53,USD,2018-10-02,2019-12-10,SLA,EXPIRED,EMP-28191
CON-001631,VND-04996,633356.13,INR,2023-10-12,2024-11-30,SLA,EXPIRED,EMP-62884
CON-001632,VND-02932,2665786.7,USD,2022-02-10,2022-12-25,PURCHASE_ORDER,TERMINATED,EMP-50444
CON-001633,VND-04276,5000.0,USD,2021-11-17,2022-11-24,RETAINER,TERMINATED,EMP-37070
CON-001634,VND-02378,10604.39,EUR,2018-05-04,2019-02-03,RETAINER,EXPIRED,EMP-30636
CON-001635,VND-02496,49407.44,GBP,2021-09-09,2022-12-11,FIXED_PRICE,EXPIRED,EMP-67628
CON-001636,VND-00303,23848.12,INR,2018-06-13,2020-07-21,FRAMEWORK,EXPIRED,EMP-13762
CON-001637,VND-02540,5000.0,USD,2022-05-14,2025-04-08,FRAMEWORK,EXPIRED,EMP-24851
CON-001638,VND-04994,11564.82,USD,2019-01-21,2021-09-25,FIXED_PRICE,EXPIRED,EMP-CORP-00043
CON-001639,VND-02811,927292.52,USD,2020-04-22,2021-12-04,FIXED_PRICE,TERMINATED,EMP-19045
CON-001640,VND-00420,21369.93,USD,2018-03-24,2019-07-17,TIME_AND_MATERIAL,EXPIRED,EMP-13336
CON-001641,VND-03517,8200.26,USD,2021-02-12,2024-02-08,TIME_AND_MATERIAL,EXPIRED,EMP-44277
CON-001642,VND-04120,17364.74,EUR,2023-09-05,2025-06-13,RETAINER,ACTIVE,EMP-34582
CON-001643,VND-04819,11142.78,USD,2022-05-05,2023-09-24,MASTER_SERVICE,EXPIRED,EMP-64006
CON-001644,VND-02525,5000.0,GBP,2018-10-15,2019-08-12,SLA,EXPIRED,EMP-CORP-00557
CON-001645,VND-04555,228131.55,GBP,2022-09-15,2024-06-16,RETAINER,EXPIRED,EMP-37236
CON-001646,VND-02685,155273.43,USD,2023-05-09,2025-10-15,SLA,ACTIVE,EMP-46633
CON-001647,VND-04808,5000.0,INR,2019-04-27,2020-04-11,SLA,EXPIRED,EMP-CORP-00046
CON-001648,VND-04375,375450.18,USD,2022-02-12,2024-06-05,TIME_AND_MATERIAL,EXPIRED,EMP-18546
CON-001649,VND-03313,66887.81,CAD,2023-12-11,2025-04-03,MASTER_SERVICE,EXPIRED,EMP-63588
CON-001650,VND-02743,22077.64,USD,2020-03-02,2021-12-18,FRAMEWORK,EXPIRED,EMP-38646
CON-001651,VND-03734,654216.75,EUR,2020-04-12,2021-02-12,FIXED_PRICE,EXPIRED,EMP-20863
CON-001652,VND-00179,31970.93,EUR,2019-05-20,2021-02-03,FIXED_PRICE,TERMINATED,EMP-62806
CON-001653,VND-00783,11997.52,USD,2021-06-05,2021-12-04,FRAMEWORK,EXPIRED,EMP-74090
CON-001654,VND-03642,1815680.24,USD,2022-08-08,2023-03-22,FRAMEWORK,EXPIRED,EMP-17400
CON-001655,VND-03464,72621.61,EUR,2018-06-15,2020-03-11,FRAMEWORK,EXPIRED,EMP-22472
CON-001656,VND-03368,710458.69,CAD,2019-10-23,2020-10-17,TIME_AND_MATERIAL,EXPIRED,EMP-6338
CON-001657,VND-02503,43779.07,AUD,2023-02-01,2024-02-27,PURCHASE_ORDER,EXPIRED,EMP-8051
CON-001658,VND-03977,14808.3,INR,2019-09-04,2022-08-03,TIME_AND_MATERIAL,EXPIRED,EMP-53597
CON-001659,VND-03936,70397.7,USD,2020-03-09,2022-12-15,RETAINER,EXPIRED,EMP-20727
CON-001660,VND-03649,14622.57,SGD,2022-02-09,2024-01-10,RETAINER,EXPIRED,EMP-20662
CON-001661,VND-01994,68265.72,USD,2023-06-07,2024-02-10,RETAINER,TERMINATED,EMP-73584
CON-001662,VND-04809,29670.75,SGD,2019-08-09,2021-02-02,RETAINER,EXPIRED,EMP-71316
CON-001663,VND-04060,315291.09,CAD,2019-05-09,2021-05-29,FIXED_PRICE,EXPIRED,EMP-3410
CON-001664,VND-00876,1176201.09,USD,2021-03-31,2022-05-14,FIXED_PRICE,EXPIRED,EMP-65369
CON-001665,VND-03089,11422.87,GBP,2018-08-30,2019-04-14,SLA,EXPIRED,EMP-37845
CON-001666,VND-03251,5000.0,GBP,2023-07-18,2025-05-04,SLA,EXPIRED,EMP-18563
CON-001667,VND-00906,6566.66,USD,2023-01-09,2025-02-16,PURCHASE_ORDER,EXPIRED,EMP-21210
CON-001668,VND-03597,648165.83,USD,2020-05-22,2022-12-17,FIXED_PRICE,EXPIRED,EMP-7460
CON-001669,VND-03757,25639.2,USD,2018-04-07,2020-09-07,PURCHASE_ORDER,EXPIRED,EMP-65722
CON-001670,VND-03991,38701.23,GBP,2022-07-26,2024-05-08,RETAINER,TERMINATED,EMP-47834
CON-001671,VND-00284,10424.15,USD,2021-11-25,2023-04-08,PURCHASE_ORDER,EXPIRED,EMP-56020
CON-001672,VND-04707,2640205.71,USD,2021-07-28,2023-06-30,MASTER_SERVICE,EXPIRED,EMP-55010
CON-001673,VND-02749,566897.95,USD,2018-08-10,2021-05-31,FIXED_PRICE,TERMINATED,EMP-27572
CON-001674,VND-00368,2776678.75,USD,2020-04-16,2022-01-02,RETAINER,EXPIRED,EMP-40604
CON-001675,VND-02875,938423.22,SGD,2020-01-27,2021-08-31,MASTER_SERVICE,EXPIRED,EMP-13303
CON-001676,VND-03861,40737.08,AUD,2019-01-19,2021-12-19,PURCHASE_ORDER,EXPIRED,EMP-39000
CON-001677,VND-03539,20269.55,USD,2022-12-04,2024-08-20,FIXED_PRICE,EXPIRED,EMP-16508
CON-001678,VND-01920,82492.15,SGD,2020-01-03,2021-04-11,RETAINER,ACTIVE,EMP-17926
CON-001679,VND-03375,5051.07,CAD,2021-02-10,2022-03-23,TIME_AND_MATERIAL,EXPIRED,EMP-18396
CON-001680,VND-03559,272675.21,USD,2023-03-26,2025-04-07,MASTER_SERVICE,EXPIRED,EMP-48786
CON-001681,VND-04255,33575.95,CAD,2021-09-25,2023-06-30,MASTER_SERVICE,EXPIRED,EMP-32957
CON-001682,VND-03634,35503.35,GBP,2022-04-26,2023-08-22,SLA,TERMINATED,EMP-44017
CON-001683,VND-00903,32451.67,SGD,2019-05-04,2019-11-30,FRAMEWORK,ACTIVE,EMP-5695
CON-001684,VND-02994,2219149.79,USD,2018-02-04,2019-08-10,FIXED_PRICE,EXPIRED,EMP-66349
CON-001685,VND-04605,653947.51,USD,2023-12-18,2025-11-01,FIXED_PRICE,ACTIVE,EMP-32864
CON-001686,VND-01565,401009.58,GBP,2022-11-13,2025-03-13,FRAMEWORK,TERMINATED,EMP-46080
CON-001687,VND-04889,466904.27,INR,2022-06-23,2023-08-29,PURCHASE_ORDER,EXPIRED,EMP-28346
CON-001688,VND-01533,581795.34,CAD,2021-11-17,2022-07-19,FRAMEWORK,EXPIRED,EMP-66178
CON-001689,VND-03660,717185.5,USD,2022-01-27,2022-10-11,RETAINER,EXPIRED,EMP-70392
CON-001690,VND-04817,5000.0,USD,2020-06-11,2021-02-14,FRAMEWORK,EXPIRED,EMP-7494
CON-001691,VND-02058,988388.35,EUR,2021-10-01,2023-09-23,SLA,EXPIRED,EMP-34064
CON-001692,VND-03467,113806.98,GBP,2019-10-16,2020-08-05,RETAINER,EXPIRED,EMP-27192
CON-001693,VND-02272,5000.0,CAD,2022-03-23,2022-12-06,RETAINER,TERMINATED,EMP-21517
CON-001694,VND-02748,472000.63,CAD,2019-09-12,2022-06-19,PURCHASE_ORDER,TERMINATED,EMP-69839
CON-001695,VND-03684,1029222.72,EUR,2023-09-21,2024-06-24,MASTER_SERVICE,EXPIRED,EMP-54248
CON-001696,VND-00886,2069122.0,CAD,2022-12-19,2023-08-30,PURCHASE_ORDER,EXPIRED,EMP-CORP-00165
CON-001697,VND-04552,280683.54,EUR,2020-10-25,2021-12-31,TIME_AND_MATERIAL,EXPIRED,EMP-CORP-00070
CON-001698,VND-00979,37611.29,USD,2019-07-11,2022-07-10,SLA,EXPIRED,EMP-CORP-00006
CON-001699,VND-00068,30989.03,INR,2018-02-28,2020-02-11,RETAINER,EXPIRED,EMP-41902
CON-001700,VND-04981,39275.88,USD,2018-02-18,2019-07-20,SLA,TERMINATED,EMP-37900
CON-001701,VND-04477,645488.4,USD,2021-01-01,2021-07-16,MASTER_SERVICE,EXPIRED,EMP-71990
CON-001702,VND-00274,53313.34,AUD,2019-04-06,2021-09-13,TIME_AND_MATERIAL,EXPIRED,EMP-27407
CON-001703,VND-01814,1328956.42,INR,2023-10-24,2026-04-28,FRAMEWORK,ACTIVE,EMP-30072
CON-001704,VND-00312,31361.12,GBP,2020-01-26,2020-11-09,RETAINER,ACTIVE,EMP-CORP-00468
CON-001705,VND-03399,5000.0,USD,2021-05-27,2023-01-25,TIME_AND_MATERIAL,EXPIRED,EMP-CORP-00389
CON-001706,VND-01317,5000.0,EUR,2022-10-28,2024-07-27,FRAMEWORK,EXPIRED,EMP-3263
CON-001707,VND-00941,54795.49,USD,2021-11-21,2023-12-20,PURCHASE_ORDER,EXPIRED,EMP-24606
CON-001708,VND-03745,1329299.21,EUR,2020-12-31,2023-03-27,SLA,EXPIRED,EMP-2707
CON-001709,VND-02630,197098.05,USD,2018-11-03,2021-09-15,TIME_AND_MATERIAL,EXPIRED,EMP-11597
CON-001710,VND-00004,6606927.53,GBP,2020-07-06,2021-03-23,PURCHASE_ORDER,EXPIRED,EMP-53579
CON-001711,VND-03419,2611172.45,GBP,2021-12-20,2023-11-07,RETAINER,TERMINATED,EMP-66260
CON-001712,VND-02904,318771.83,INR,2023-09-30,2026-01-03,FIXED_PRICE,ACTIVE,EMP-52859
CON-001713,VND-02830,2190183.88,USD,2018-08-23,2019-12-26,SLA,EXPIRED,EMP-14938
CON-001714,VND-00823,199240.93,USD,2021-01-13,2022-07-07,FIXED_PRICE,EXPIRED,EMP-27026
CON-001715,VND-01557,12698.12,USD,2019-06-18,2022-02-09,SLA,EXPIRED,EMP-39191
CON-001716,VND-02222,15670.54,USD,2023-06-27,2025-01-21,RETAINER,TERMINATED,EMP-58622
CON-001717,VND-01783,173444.96,USD,2022-01-31,2024-11-10,RETAINER,EXPIRED,EMP-7245
CON-001718,VND-02627,6292.48,EUR,2022-06-14,2023-04-11,TIME_AND_MATERIAL,EXPIRED,MGR-15.0
CON-001719,VND-01640,796417.05,GBP,2020-10-02,2022-02-13,TIME_AND_MATERIAL,EXPIRED,EMP-6573
CON-001720,VND-02223,567139.51,EUR,2021-02-17,2023-12-24,RETAINER,EXPIRED,EMP-27884
CON-001721,VND-02891,30898.83,GBP,2023-09-20,2024-07-23,TIME_AND_MATERIAL,EXPIRED,EMP-26279
CON-001722,VND-03055,362630.21,USD,2020-03-14,2021-03-11,FIXED_PRICE,TERMINATED,EMP-55804
CON-001723,VND-03756,18680.01,USD,2019-10-31,2020-09-17,FIXED_PRICE,EXPIRED,EMP-46272
CON-001724,VND-03851,31898.02,AUD,2020-08-02,2021-10-16,FRAMEWORK,EXPIRED,EMP-23134
CON-001725,VND-02822,156218.15,USD,2023-04-11,2026-02-09,FRAMEWORK,ACTIVE,EMP-36608
CON-001726,VND-01100,82598.59,GBP,2018-03-14,2018-12-09,TIME_AND_MATERIAL,EXPIRED,EMP-45236
CON-001727,VND-01065,83222.45,INR,2021-04-28,2022-10-31,TIME_AND_MATERIAL,EXPIRED,EMP-23850
CON-001728,VND-04681,13559.45,USD,2020-12-31,2022-10-07,FRAMEWORK,EXPIRED,EMP-37866
CON-001729,VND-00783,328289.51,USD,2021-02-28,2023-08-10,SLA,EXPIRED,EMP-70014
CON-001730,VND-01953,1631287.59,GBP,2019-05-22,2022-03-13,RETAINER,TERMINATED,EMP-46694
CON-001731,VND-04695,5000.0,EUR,2018-07-24,2021-07-17,RETAINER,EXPIRED,EMP-54344
CON-001732,VND-03950,140097.35,INR,2019-07-11,2022-02-14,RETAINER,TERMINATED,EMP-52544
CON-001733,VND-00504,554880.81,EUR,2018-01-07,2020-01-21,FRAMEWORK,EXPIRED,EMP-66777
CON-001734,VND-01421,5000.0,AUD,2018-03-15,2020-11-30,FIXED_PRICE,EXPIRED,EMP-56023
CON-001735,VND-03897,418130.69,USD,2021-11-17,2024-03-05,SLA,TERMINATED,EMP-57595
CON-001736,VND-01092,5000.0,USD,2020-05-17,2022-07-11,FRAMEWORK,EXPIRED,EMP-55817
CON-001737,VND-01050,18461.75,USD,2023-07-11,2025-05-09,FRAMEWORK,EXPIRED,EMP-36581
CON-001738,VND-02967,287662.96,EUR,2021-10-20,2022-06-06,FIXED_PRICE,EXPIRED,EMP-21015
CON-001739,VND-02821,812584.09,GBP,2019-01-17,2019-10-26,PURCHASE_ORDER,EXPIRED,EMP-8021
CON-001740,VND-00286,40331.87,AUD,2022-03-31,2023-04-09,PURCHASE_ORDER,EXPIRED,EMP-64848
CON-001741,VND-04377,24947.36,CAD,2023-09-02,2026-08-11,FIXED_PRICE,ACTIVE,EMP-49431
CON-001742,VND-02338,23754.78,USD,2021-09-18,2024-02-19,FIXED_PRICE,TERMINATED,EMP-64236
CON-001743,VND-03019,445251.89,USD,2023-08-23,2026-05-09,RETAINER,ACTIVE,EMP-17232
CON-001744,VND-03141,7469.56,USD,2020-09-28,2023-02-23,TIME_AND_MATERIAL,EXPIRED,EMP-23761
CON-001745,VND-00448,15389.44,EUR,2021-07-23,2022-12-02,PURCHASE_ORDER,TERMINATED,EMP-RM421
CON-001746,VND-04851,93448.69,SGD,2022-08-13,2025-03-14,FRAMEWORK,EXPIRED,EMP-61748
CON-001747,VND-00560,28306.08,USD,2023-10-18,2026-06-30,TIME_AND_MATERIAL,ACTIVE,EMP-8416
CON-001748,VND-04704,13699.64,USD,2021-04-05,2023-12-09,FRAMEWORK,ACTIVE,EMP-2465
CON-001749,VND-00530,138183.52,USD,2021-10-05,2024-05-08,MASTER_SERVICE,EXPIRED,EMP-56268
CON-001750,VND-00424,8337.1,USD,2021-02-24,2022-12-07,MASTER_SERVICE,EXPIRED,EMP-RM957
CON-001751,VND-03286,109691.05,USD,2020-03-16,2022-02-11,RETAINER,EXPIRED,EMP-2276
CON-001752,VND-04610,1777158.39,EUR,2023-07-15,2025-12-06,TIME_AND_MATERIAL,ACTIVE,EMP-36026
CON-001753,VND-01260,10505.2,USD,2019-07-08,2020-01-24,SLA,EXPIRED,EMP-33296
CON-001754,VND-00248,30387.02,INR,2020-11-12,2021-11-09,MASTER_SERVICE,EXPIRED,EMP-1925
CON-001755,VND-00473,211076.94,USD,2020-01-17,2021-06-07,FIXED_PRICE,EXPIRED,EMP-RM441
CON-001756,VND-00883,503547.09,SGD,2018-06-25,2020-07-22,FRAMEWORK,EXPIRED,EMP-74457
CON-001757,VND-00115,47334.88,EUR,2023-09-26,2024-04-01,RETAINER,EXPIRED,EMP-53282
CON-001758,VND-03963,635232.87,USD,2021-01-22,2021-12-28,PURCHASE_ORDER,EXPIRED,EMP-19940
CON-001759,VND-04827,8769.18,EUR,2022-10-01,2024-03-21,FIXED_PRICE,EXPIRED,EMP-26498
CON-001760,VND-01626,1135057.49,USD,2018-07-03,2019-12-18,SLA,EXPIRED,EMP-CORP-00091
CON-001761,VND-02719,62884.93,CAD,2020-01-08,2022-05-05,MASTER_SERVICE,TERMINATED,EMP-46645
CON-001762,VND-01926,1159555.44,EUR,2020-08-08,2022-04-22,FRAMEWORK,EXPIRED,EMP-68930
CON-001763,VND-03640,71521.94,EUR,2020-10-23,2023-04-30,PURCHASE_ORDER,EXPIRED,EMP-71884
CON-001764,VND-03950,1019467.99,INR,2018-07-16,2019-08-11,FRAMEWORK,EXPIRED,EMP-63636
CON-001765,VND-03585,5000.0,INR,2019-01-13,2020-03-30,TIME_AND_MATERIAL,TERMINATED,EMP-11851
CON-001766,VND-01494,66153.27,INR,2023-09-20,2024-04-17,SLA,EXPIRED,EMP-46141
CON-001767,VND-00289,43769.21,INR,2020-12-18,2022-07-24,FIXED_PRICE,EXPIRED,EMP-8928
CON-001768,VND-04076,95915.69,GBP,2021-01-23,2022-11-19,SLA,TERMINATED,EMP-5505
CON-001769,VND-00981,5000.0,EUR,2019-11-29,2021-03-19,SLA,EXPIRED,EMP-19360
CON-001770,VND-02007,7005.69,EUR,2018-07-26,2019-09-02,SLA,EXPIRED,EMP-57561
CON-001771,VND-03046,260527.01,EUR,2019-08-15,2022-08-03,RETAINER,EXPIRED,EMP-7354
CON-001772,VND-01695,23736.57,INR,2018-02-13,2019-12-10,FRAMEWORK,EXPIRED,EMP-23901
CON-001773,VND-04090,11121.13,GBP,2023-11-11,2026-04-14,PURCHASE_ORDER,ACTIVE,EMP-31020
CON-001774,VND-02196,52012.23,SGD,2022-08-28,2025-04-01,RETAINER,TERMINATED,EMP-28856
CON-001775,VND-03104,734990.54,INR,2020-12-02,2023-02-14,MASTER_SERVICE,EXPIRED,EMP-38785
CON-001776,VND-03317,18860.93,USD,2020-08-26,2021-06-11,RETAINER,EXPIRED,EMP-63752
CON-001777,VND-03232,5000.0,EUR,2021-05-06,2022-07-21,RETAINER,TERMINATED,EMP-6211
CON-001778,VND-02609,13271.11,USD,2021-10-11,2023-05-16,MASTER_SERVICE,EXPIRED,EMP-3731
CON-001779,VND-03227,11663.91,GBP,2022-05-17,2023-04-10,PURCHASE_ORDER,EXPIRED,EMP-61710
CON-001780,VND-00633,24845.66,USD,2020-11-26,2021-07-21,FIXED_PRICE,EXPIRED,EMP-37697
CON-001781,VND-02462,183120.89,CAD,2023-08-16,2024-06-01,SLA,EXPIRED,EMP-15689
CON-001782,VND-01601,2077320.4,INR,2023-05-06,2025-12-07,SLA,ACTIVE,EMP-36094
CON-001783,VND-03405,1691407.07,USD,2019-10-18,2021-08-22,FRAMEWORK,TERMINATED,EMP-59541
CON-001784,VND-04758,826099.43,GBP,2022-05-27,2024-02-17,RETAINER,EXPIRED,EMP-8422
CON-001785,VND-02443,5000.0,INR,2018-06-01,2020-03-27,TIME_AND_MATERIAL,EXPIRED,EMP-69605
CON-001786,VND-03148,8385.55,USD,2019-01-29,2020-06-25,TIME_AND_MATERIAL,EXPIRED,EMP-35216
CON-001787,VND-00407,37009.42,USD,2019-06-06,2021-07-12,RETAINER,EXPIRED,EMP-33562
CON-001788,VND-01055,382652.07,USD,2023-09-18,2025-10-22,FIXED_PRICE,ACTIVE,EMP-29993
CON-001789,VND-01283,37563.17,USD,2020-10-19,2022-07-05,MASTER_SERVICE,TERMINATED,EMP-59935
CON-001790,VND-02947,816380.0,EUR,2023-05-29,2024-02-18,FIXED_PRICE,EXPIRED,EMP-CORP-00207
CON-001791,VND-02179,5000.0,CAD,2022-03-14,2022-11-13,PURCHASE_ORDER,EXPIRED,EMP-73506
CON-001792,VND-00697,34521.47,INR,2022-11-20,2025-03-31,FIXED_PRICE,EXPIRED,EMP-49902
CON-001793,VND-01283,980485.55,USD,2020-06-20,2022-11-26,PURCHASE_ORDER,TERMINATED,EMP-11978
CON-001794,VND-04558,5000.0,SGD,2018-04-16,2021-03-21,FIXED_PRICE,EXPIRED,EMP-28798
CON-001795,VND-01240,569100.5,USD,2019-08-29,2021-09-07,SLA,EXPIRED,EMP-40624
CON-001796,VND-01930,1252177.97,USD,2019-08-12,2021-08-17,FRAMEWORK,EXPIRED,EMP-34064
CON-001797,VND-03069,16844.58,USD,2020-03-05,2021-08-26,RETAINER,EXPIRED,EMP-23919
CON-001798,VND-03969,359446.94,USD,2022-08-09,2024-07-27,PURCHASE_ORDER,TERMINATED,EMP-51390
CON-001799,VND-03379,13484.73,USD,2022-01-14,2023-06-06,FRAMEWORK,EXPIRED,EMP-28992
CON-001800,VND-00842,1156477.26,EUR,2018-02-10,2018-12-12,SLA,TERMINATED,EMP-10787
CON-001801,VND-04476,17733.25,CAD,2023-05-21,2024-10-05,MASTER_SERVICE,EXPIRED,EMP-17198
CON-001802,VND-00210,944375.15,USD,2021-10-18,2023-10-23,RETAINER,EXPIRED,EMP-52833
CON-001803,VND-00892,152492.76,USD,2022-09-19,2024-07-28,MASTER_SERVICE,TERMINATED,EMP-59271
CON-001804,VND-04093,10562.7,GBP,2018-11-22,2021-01-12,FIXED_PRICE,EXPIRED,EMP-28177
CON-001805,VND-03088,7613.09,USD,2022-04-23,2025-01-01,PURCHASE_ORDER,EXPIRED,EMP-70006
CON-001806,VND-01797,486607.28,GBP,2021-05-15,2024-02-25,PURCHASE_ORDER,EXPIRED,EMP-25628
CON-001807,VND-01875,90933.26,USD,2023-05-19,2025-06-28,PURCHASE_ORDER,ACTIVE,EMP-49224
CON-001808,VND-04113,179553.02,USD,2018-11-01,2020-04-17,MASTER_SERVICE,EXPIRED,EMP-59914
CON-001809,VND-04501,11551.8,USD,2023-08-05,2024-10-08,RETAINER,EXPIRED,EMP-71884
CON-001810,VND-00945,21216.04,EUR,2021-04-01,2021-10-06,TIME_AND_MATERIAL,EXPIRED,EMP-CORP-00481
CON-001811,VND-01070,21573.89,EUR,2022-09-03,2023-03-29,SLA,TERMINATED,EMP-65758
CON-001812,VND-03499,31460.91,USD,2018-11-08,2020-02-07,PURCHASE_ORDER,EXPIRED,EMP-65269
CON-001813,VND-03357,932225.18,EUR,2018-03-07,2020-04-10,FIXED_PRICE,EXPIRED,EMP-RM927
CON-001814,VND-00941,5000.0,GBP,2019-01-17,2020-10-07,TIME_AND_MATERIAL,EXPIRED,EMP-29406
CON-001815,VND-03571,23871.9,EUR,2020-04-19,2022-07-06,FRAMEWORK,EXPIRED,EMP-34375
CON-001816,VND-03690,2994150.45,INR,2021-05-11,2023-04-09,SLA,EXPIRED,EMP-7461
CON-001817,VND-02968,50219.3,USD,2019-04-23,2020-06-26,FIXED_PRICE,EXPIRED,EMP-24891
CON-001818,VND-02150,58056.25,USD,2022-05-18,2023-01-19,FRAMEWORK,EXPIRED,EMP-22678
CON-001819,VND-01484,47209.65,GBP,2023-05-16,2024-07-25,FRAMEWORK,EXPIRED,EMP-57703
CON-001820,VND-01293,5000.0,GBP,2019-08-04,2020-09-14,MASTER_SERVICE,EXPIRED,EMP-16956
CON-001821,VND-03142,621100.14,CAD,2018-10-25,2021-07-05,SLA,EXPIRED,EMP-1704
CON-001822,VND-04611,8017.91,USD,2023-10-28,2025-08-18,SLA,ACTIVE,EMP-59199
CON-001823,VND-01040,5646.88,USD,2020-02-07,2022-11-16,RETAINER,EXPIRED,EMP-36778
CON-001824,VND-02652,5000.0,USD,2018-02-20,2019-07-12,TIME_AND_MATERIAL,EXPIRED,EMP-53267
CON-001825,VND-03112,428864.8,EUR,2022-02-01,2023-05-18,FRAMEWORK,EXPIRED,EMP-10925
CON-001826,VND-01836,80422.81,USD,2021-05-25,2022-05-29,FRAMEWORK,EXPIRED,EMP-41813
CON-001827,VND-01104,5000.0,USD,2020-08-17,2021-10-23,PURCHASE_ORDER,TERMINATED,EMP-10018
CON-001828,VND-01940,419072.89,INR,2022-03-04,2025-02-14,PURCHASE_ORDER,TERMINATED,EMP-24272
CON-001829,VND-03870,5000.0,USD,2018-03-24,2020-04-26,FRAMEWORK,TERMINATED,EMP-14373
CON-001830,VND-00984,505729.12,USD,2022-07-11,2023-01-07,TIME_AND_MATERIAL,EXPIRED,EMP-36154
CON-001831,VND-03856,30990.13,GBP,2019-08-23,2022-04-25,TIME_AND_MATERIAL,EXPIRED,EMP-70156
CON-001832,VND-03481,52131.01,INR,2018-07-14,2020-09-03,PURCHASE_ORDER,EXPIRED,EMP-39620
CON-001833,VND-04223,27032.66,EUR,2020-10-09,2023-09-12,RETAINER,EXPIRED,EMP-2633
CON-001834,VND-04093,1031975.37,CAD,2023-08-05,2025-06-30,RETAINER,SUSPENDED,EMP-59403
CON-001835,VND-00453,168242.34,AUD,2021-04-12,2022-07-20,RETAINER,EXPIRED,EMP-4855
CON-001836,VND-01151,8884490.1,SGD,2022-06-26,2023-06-01,TIME_AND_MATERIAL,TERMINATED,EMP-14956
CON-001837,VND-00670,13379.48,GBP,2022-12-14,2025-02-27,MASTER_SERVICE,EXPIRED,EMP-778
CON-001838,VND-02914,122302.5,USD,2023-01-12,2024-12-21,PURCHASE_ORDER,EXPIRED,EMP-69014
CON-001839,VND-02725,4656521.48,USD,2021-05-31,2023-10-14,TIME_AND_MATERIAL,EXPIRED,EMP-3335
CON-001840,VND-00555,15074.36,USD,2022-12-16,2024-05-06,FIXED_PRICE,EXPIRED,EMP-50332
CON-001841,VND-02278,16561.83,GBP,2021-07-17,2023-08-02,SLA,TERMINATED,EMP-29015
CON-001842,VND-00281,5000.0,CAD,2023-08-14,2024-12-17,TIME_AND_MATERIAL,EXPIRED,EMP-64549
CON-001843,VND-01643,25233.7,INR,2018-01-10,2019-07-17,RETAINER,EXPIRED,EMP-RM1195
CON-001844,VND-03910,15685.34,USD,2022-11-27,2024-11-10,PURCHASE_ORDER,EXPIRED,EMP-20097
CON-001845,VND-03715,5000.0,GBP,2018-04-09,2019-09-28,RETAINER,EXPIRED,EMP-815
CON-001846,VND-04965,188836.38,USD,2023-01-11,2024-01-12,FIXED_PRICE,EXPIRED,EMP-395
CON-001847,VND-03180,656662.86,EUR,2020-09-19,2022-10-05,TIME_AND_MATERIAL,EXPIRED,EMP-RM822
CON-001848,VND-04266,519551.3,USD,2020-07-08,2022-04-09,FRAMEWORK,TERMINATED,EMP-33688
CON-001849,VND-02366,380316.52,USD,2019-11-30,2021-04-10,RETAINER,EXPIRED,EMP-18546
CON-001850,VND-00021,31058.29,GBP,2022-10-12,2025-03-15,SLA,EXPIRED,EMP-64790
CON-001851,VND-04348,8705.18,USD,2018-05-17,2020-01-04,PURCHASE_ORDER,EXPIRED,EMP-54372
CON-001852,VND-03483,598950.41,GBP,2023-10-15,2024-08-16,SLA,EXPIRED,EMP-61803
CON-001853,VND-03487,2665137.95,USD,2022-08-22,2023-04-06,FRAMEWORK,EXPIRED,EMP-RM790
CON-001854,VND-04622,9620.32,USD,2023-01-13,2025-09-22,FRAMEWORK,SUSPENDED,EMP-20057
CON-001855,VND-00824,698247.69,EUR,2018-01-13,2019-06-03,SLA,EXPIRED,EMP-12788
CON-001856,VND-01072,681457.8,INR,2018-02-18,2019-06-13,FRAMEWORK,EXPIRED,EMP-67063
CON-001857,VND-04114,214523.76,EUR,2018-09-22,2019-04-16,TIME_AND_MATERIAL,TERMINATED,EMP-28368
CON-001858,VND-03667,1512294.14,EUR,2020-05-15,2021-10-27,PURCHASE_ORDER,EXPIRED,EMP-49983
CON-001859,VND-01221,5000.0,USD,2023-11-27,2024-06-15,MASTER_SERVICE,TERMINATED,EMP-57933
CON-001860,VND-00702,14317.78,EUR,2018-08-31,2021-05-15,FRAMEWORK,TERMINATED,EMP-15850
CON-001861,VND-02005,239146.96,CAD,2022-07-22,2024-02-10,MASTER_SERVICE,EXPIRED,EMP-23368
CON-001862,VND-00939,18860.09,USD,2021-11-07,2024-02-15,MASTER_SERVICE,EXPIRED,EMP-8878
CON-001863,VND-01893,612250.28,USD,2021-03-11,2021-09-24,RETAINER,EXPIRED,EMP-50159
CON-001864,VND-00345,158432.02,EUR,2021-07-01,2022-12-06,MASTER_SERVICE,EXPIRED,EMP-CORP-00438
CON-001865,VND-04811,39152.94,INR,2019-06-17,2021-09-15,PURCHASE_ORDER,EXPIRED,EMP-16147
CON-001866,VND-00305,61012.27,USD,2022-04-24,2023-09-03,RETAINER,EXPIRED,EMP-63468
CON-001867,VND-03581,97634.21,USD,2021-11-27,2024-06-20,RETAINER,TERMINATED,EMP-9025
CON-001868,VND-01846,2269394.52,USD,2022-06-01,2023-07-02,SLA,EXPIRED,EMP-55638
CON-001869,VND-01350,431225.15,EUR,2022-01-26,2023-06-23,FRAMEWORK,TERMINATED,EMP-64630
CON-001870,VND-00315,44663.56,INR,2020-06-23,2021-08-18,TIME_AND_MATERIAL,EXPIRED,EMP-48052
CON-001871,VND-01508,196382.04,AUD,2021-01-19,2023-05-11,FRAMEWORK,EXPIRED,EMP-56713
CON-001872,VND-03334,887814.41,USD,2020-10-11,2023-02-25,FIXED_PRICE,EXPIRED,EMP-29966
CON-001873,VND-02925,5074760.16,CAD,2018-03-16,2019-06-18,PURCHASE_ORDER,TERMINATED,EMP-51766
CON-001874,VND-04455,18823.13,USD,2022-09-05,2024-07-23,SLA,TERMINATED,EMP-46100
CON-001875,VND-00084,72428.75,EUR,2022-03-23,2023-01-09,RETAINER,EXPIRED,EMP-44231
CON-001876,VND-03669,1253998.69,USD,2018-10-29,2020-09-17,PURCHASE_ORDER,ACTIVE,EMP-29664
CON-001877,VND-03261,191023.02,INR,2023-12-25,2026-01-17,FIXED_PRICE,ACTIVE,EMP-57620
CON-001878,VND-04470,193690.83,GBP,2022-04-05,2024-06-10,FRAMEWORK,EXPIRED,EMP-41586
CON-001879,VND-00448,397819.05,USD,2022-04-10,2023-06-22,MASTER_SERVICE,TERMINATED,EMP-4374
CON-001880,VND-03029,259731.32,USD,2020-08-06,2021-05-27,FIXED_PRICE,EXPIRED,EMP-43167
CON-001881,VND-01043,8952.27,CAD,2022-07-07,2024-09-01,FIXED_PRICE,EXPIRED,EMP-62415
CON-001882,VND-04785,421175.55,EUR,2023-08-03,2026-04-19,FRAMEWORK,ACTIVE,EMP-74088
CON-001883,VND-02295,5000.0,INR,2018-06-02,2020-06-19,FRAMEWORK,EXPIRED,EMP-2445
CON-001884,VND-03698,896394.45,CAD,2023-03-25,2024-05-15,MASTER_SERVICE,EXPIRED,EMP-65269
CON-001885,VND-04064,1272929.8,USD,2022-10-04,2023-05-09,MASTER_SERVICE,EXPIRED,EMP-47302
CON-001886,VND-02069,341099.73,CAD,2018-12-25,2020-08-23,FIXED_PRICE,TERMINATED,EMP-15559
CON-001887,VND-00859,27073.08,AUD,2020-01-30,2021-10-11,FRAMEWORK,ACTIVE,EMP-13407
CON-001888,VND-01176,547552.16,USD,2022-08-24,2025-03-17,TIME_AND_MATERIAL,EXPIRED,EMP-RM1167
CON-001889,VND-00708,41037.82,EUR,2019-04-15,2022-02-13,RETAINER,EXPIRED,EMP-RM459
CON-001890,VND-00365,50060.23,USD,2023-09-04,2025-07-11,FRAMEWORK,ACTIVE,EMP-49341
CON-001891,VND-04486,17697.06,AUD,2020-02-27,2021-11-22,SLA,EXPIRED,EMP-66429
CON-001892,VND-01350,21967.63,USD,2019-12-13,2022-09-24,FRAMEWORK,EXPIRED,EMP-72788
CON-001893,VND-00992,162166.18,USD,2022-11-24,2024-02-14,FRAMEWORK,TERMINATED,EMP-7067
CON-001894,VND-03567,41570.08,GBP,2019-05-23,2020-05-31,RETAINER,EXPIRED,EMP-64292
CON-001895,VND-02798,132796.69,AUD,2018-12-20,2021-01-08,FIXED_PRICE,TERMINATED,EMP-38660
CON-001896,VND-01249,16113.42,USD,2018-12-28,2020-01-24,SLA,TERMINATED,EMP-50606
CON-001897,VND-00594,857855.6,INR,2018-02-06,2020-03-16,SLA,EXPIRED,EMP-12318
CON-001898,VND-02966,15608.62,EUR,2019-08-03,2022-07-05,SLA,EXPIRED,EMP-44079
CON-001899,VND-04124,306496.52,USD,2018-09-10,2020-08-12,RETAINER,EXPIRED,EMP-20962
CON-001900,VND-00109,179837.13,USD,2019-10-03,2021-07-26,FIXED_PRICE,EXPIRED,EMP-66146
CON-001901,VND-00268,952431.61,AUD,2020-01-26,2022-05-27,RETAINER,EXPIRED,EMP-46546
CON-001902,VND-02034,232202.61,GBP,2022-07-24,2024-05-15,PURCHASE_ORDER,EXPIRED,EMP-11957
CON-001903,VND-01028,16663.62,USD,2023-01-06,2025-07-12,FIXED_PRICE,ACTIVE,EMP-9781
CON-001904,VND-04151,11314.56,CAD,2023-09-15,2026-08-10,SLA,ACTIVE,EMP-73472
CON-001905,VND-03153,5000.0,SGD,2023-01-03,2025-04-17,TIME_AND_MATERIAL,EXPIRED,EMP-8063
CON-001906,VND-01238,1212262.44,USD,2021-03-31,2022-06-28,TIME_AND_MATERIAL,EXPIRED,EMP-61200
CON-001907,VND-03417,77220.1,GBP,2021-11-20,2024-03-01,FIXED_PRICE,EXPIRED,EMP-48598
CON-001908,VND-04134,667997.23,GBP,2018-01-19,2020-06-20,FRAMEWORK,EXPIRED,EMP-12050
CON-001909,VND-04108,94714.4,USD,2020-02-04,2020-09-03,PURCHASE_ORDER,EXPIRED,EMP-72571
CON-001910,VND-03963,7020.5,EUR,2018-03-02,2019-08-13,FIXED_PRICE,EXPIRED,EMP-57235
CON-001911,VND-04375,11468.3,EUR,2020-02-15,2021-03-05,PURCHASE_ORDER,EXPIRED,EMP-59325
CON-001912,VND-00129,283565.76,USD,2022-06-19,2024-02-01,MASTER_SERVICE,TERMINATED,EMP-13494
CON-001913,VND-03469,7709.86,EUR,2018-08-27,2021-07-31,PURCHASE_ORDER,EXPIRED,EMP-64201
CON-001914,VND-02994,259884.7,EUR,2018-10-22,2019-08-10,PURCHASE_ORDER,EXPIRED,EMP-44245
CON-001915,VND-03966,486765.76,USD,2019-01-22,2020-07-23,TIME_AND_MATERIAL,EXPIRED,EMP-57901
CON-001916,VND-04750,163985.7,EUR,2018-12-12,2019-07-02,SLA,EXPIRED,EMP-70842
CON-001917,VND-03443,5333.11,GBP,2020-01-22,2021-03-18,SLA,EXPIRED,EMP-18598
CON-001918,VND-00311,785596.39,EUR,2022-08-08,2024-12-03,PURCHASE_ORDER,EXPIRED,EMP-23256
CON-001919,VND-04958,112577.57,GBP,2019-08-16,2021-01-21,PURCHASE_ORDER,EXPIRED,EMP-48044
CON-001920,VND-00814,125896.11,USD,2020-09-29,2022-03-08,SLA,EXPIRED,EMP-63027
CON-001921,VND-04337,2273655.44,EUR,2018-05-16,2019-01-30,FRAMEWORK,EXPIRED,EMP-19944
CON-001922,VND-04067,29992.49,USD,2018-03-14,2019-10-19,RETAINER,EXPIRED,EMP-52937
CON-001923,VND-00305,1445949.56,EUR,2023-05-11,2025-08-25,TIME_AND_MATERIAL,ACTIVE,EMP-CORP-00262
CON-001924,VND-03242,347992.41,USD,2022-03-13,2022-10-29,FIXED_PRICE,EXPIRED,EMP-29055
CON-001925,VND-03206,522875.9,EUR,2019-11-03,2020-08-25,TIME_AND_MATERIAL,EXPIRED,EMP-CORP-00299
CON-001926,VND-01606,1185488.38,CAD,2023-11-23,2026-04-23,MASTER_SERVICE,ACTIVE,EMP-46626
CON-001927,VND-01620,36673.17,USD,2018-03-15,2019-03-29,TIME_AND_MATERIAL,EXPIRED,EMP-24064
CON-001928,VND-00427,85758.12,INR,2022-05-22,2023-05-18,FRAMEWORK,EXPIRED,EMP-51977
CON-001929,VND-01453,61074.28,INR,2021-03-11,2023-01-24,RETAINER,TERMINATED,EMP-49498
CON-001930,VND-04288,75149.03,USD,2023-12-29,2026-11-06,RETAINER,ACTIVE,EMP-54340
CON-001931,VND-03784,1722444.65,INR,2023-12-23,2024-10-18,PURCHASE_ORDER,TERMINATED,EMP-7366
CON-001932,VND-01698,5000.0,USD,2019-07-08,2021-08-14,PURCHASE_ORDER,EXPIRED,EMP-51159
CON-001933,VND-00305,29912.17,SGD,2021-04-30,2023-06-25,MASTER_SERVICE,EXPIRED,EMP-46534
CON-001934,VND-02423,8790.11,GBP,2022-02-15,2023-06-08,FIXED_PRICE,EXPIRED,EMP-71860
CON-001935,VND-02551,6814.66,EUR,2021-01-03,2022-10-10,FRAMEWORK,EXPIRED,EMP-15507
CON-001936,VND-01423,2261066.97,EUR,2021-01-09,2023-08-18,RETAINER,EXPIRED,EMP-20259
CON-001937,VND-01984,4633117.91,USD,2021-12-06,2023-06-07,FIXED_PRICE,EXPIRED,EMP-63060
CON-001938,VND-02295,125092.04,USD,2021-10-09,2023-10-16,SLA,EXPIRED,EMP-20036
CON-001939,VND-04095,10764.7,USD,2023-03-19,2023-10-17,RETAINER,EXPIRED,EMP-22048
CON-001940,VND-03636,80631.33,CAD,2019-08-17,2020-05-20,SLA,EXPIRED,EMP-17730
CON-001941,VND-02971,513580.67,CAD,2023-08-12,2024-02-10,TIME_AND_MATERIAL,EXPIRED,EMP-17309
CON-001942,VND-03071,607582.66,USD,2022-09-19,2024-11-01,RETAINER,EXPIRED,EMP-25762
CON-001943,VND-02560,1956912.57,USD,2018-05-07,2019-02-03,FIXED_PRICE,EXPIRED,EMP-36060
CON-001944,VND-01521,222576.35,USD,2022-11-16,2023-11-01,MASTER_SERVICE,TERMINATED,EMP-17221
CON-001945,VND-04646,1049985.89,GBP,2018-11-13,2020-06-12,PURCHASE_ORDER,EXPIRED,EMP-41830
CON-001946,VND-01858,10843.61,USD,2019-04-25,2020-11-13,PURCHASE_ORDER,EXPIRED,EMP-72994
CON-001947,VND-01559,39899.61,INR,2018-02-01,2018-10-04,MASTER_SERVICE,EXPIRED,EMP-36819
CON-001948,VND-04769,1442265.85,CAD,2021-07-20,2023-05-07,FRAMEWORK,EXPIRED,MGR-nan
CON-001949,VND-00903,519803.25,USD,2022-01-22,2022-08-19,TIME_AND_MATERIAL,EXPIRED,EMP-59840
CON-001950,VND-02726,23376.97,GBP,2022-12-12,2025-09-04,FIXED_PRICE,ACTIVE,EMP-CORP-00152
CON-001951,VND-01851,5000.0,USD,2022-02-20,2022-11-16,FRAMEWORK,EXPIRED,EMP-27037
CON-001952,VND-02161,154042.08,EUR,2020-09-09,2023-01-04,MASTER_SERVICE,EXPIRED,EMP-56847
CON-001953,VND-03084,479767.7,USD,2019-02-05,2019-09-28,FIXED_PRICE,EXPIRED,EMP-17911
CON-001954,VND-01381,6640.21,USD,2019-11-18,2020-11-29,FRAMEWORK,EXPIRED,EMP-433
CON-001955,VND-00665,5000.0,USD,2021-05-17,2023-06-29,RETAINER,EXPIRED,EMP-17467
CON-001956,VND-01570,5126.35,EUR,2019-06-11,2021-12-07,PURCHASE_ORDER,EXPIRED,EMP-14007
CON-001957,VND-02850,5000.0,INR,2022-06-01,2023-04-01,PURCHASE_ORDER,EXPIRED,EMP-65171
CON-001958,VND-04294,43608.7,USD,2019-04-18,2020-11-28,TIME_AND_MATERIAL,EXPIRED,EMP-17910
CON-001959,VND-03911,21920.23,USD,2021-07-23,2024-06-23,MASTER_SERVICE,EXPIRED,EMP-37504
CON-001960,VND-02156,14447.06,USD,2019-10-06,2021-01-27,MASTER_SERVICE,EXPIRED,EMP-58313
CON-001961,VND-03412,16358.83,USD,2020-06-07,2021-02-18,FIXED_PRICE,TERMINATED,EMP-56965
CON-001962,VND-03850,7704.08,GBP,2020-12-16,2021-09-16,SLA,TERMINATED,EMP-46410
CON-001963,VND-04892,361428.69,AUD,2021-06-24,2022-11-11,FRAMEWORK,EXPIRED,EMP-52774
CON-001964,VND-00041,172957.63,EUR,2020-11-07,2021-05-13,PURCHASE_ORDER,EXPIRED,EMP-38627
CON-001965,VND-03304,23535.48,USD,2023-03-06,2023-10-01,MASTER_SERVICE,EXPIRED,EMP-15635
CON-001966,VND-00849,1583302.75,SGD,2019-05-30,2021-03-02,RETAINER,EXPIRED,EMP-2174
CON-001967,VND-04280,5000.0,EUR,2018-12-26,2020-10-01,RETAINER,TERMINATED,EMP-63200
CON-001968,VND-04810,52737.51,EUR,2022-01-04,2024-11-07,FIXED_PRICE,EXPIRED,EMP-67204
CON-001969,VND-00523,2393063.0,AUD,2021-07-23,2022-11-12,RETAINER,EXPIRED,EMP-RM1035
CON-001970,VND-03586,20791.84,USD,2019-09-01,2022-07-19,TIME_AND_MATERIAL,EXPIRED,EMP-8259
CON-001971,VND-02222,52673.67,USD,2019-12-08,2021-04-11,SLA,EXPIRED,EMP-13074
CON-001972,VND-02077,331114.16,USD,2021-07-22,2024-07-04,FIXED_PRICE,EXPIRED,EMP-16317
CON-001973,VND-02251,5000.0,INR,2023-12-04,2024-10-28,SLA,ACTIVE,EMP-33120
CON-001974,VND-03486,5000.0,USD,2019-06-02,2021-12-28,FRAMEWORK,EXPIRED,EMP-RM1127
CON-001975,VND-03280,531134.93,USD,2020-07-07,2022-06-17,MASTER_SERVICE,TERMINATED,EMP-22719
CON-001976,VND-02769,422952.09,USD,2019-09-02,2020-10-29,TIME_AND_MATERIAL,EXPIRED,EMP-56944
CON-001977,VND-01204,202369.3,USD,2023-07-22,2024-11-06,MASTER_SERVICE,EXPIRED,EMP-CORP-00102
CON-001978,VND-03549,80628.74,CAD,2021-01-12,2023-02-25,SLA,EXPIRED,EMP-60051
CON-001979,VND-02651,12250.76,INR,2021-03-25,2022-01-04,RETAINER,TERMINATED,EMP-52548
CON-001980,VND-00854,273717.29,INR,2021-04-05,2023-07-20,PURCHASE_ORDER,TERMINATED,EMP-25679
CON-001981,VND-00862,890189.17,INR,2018-02-18,2020-01-07,SLA,TERMINATED,EMP-41520
CON-001982,VND-03962,326280.71,CAD,2022-10-21,2024-11-29,TIME_AND_MATERIAL,EXPIRED,EMP-CORP-00481
CON-001983,VND-03079,811038.67,USD,2019-04-02,2021-04-21,MASTER_SERVICE,EXPIRED,EMP-CORP-00299
CON-001984,VND-00873,159517.15,EUR,2021-08-14,2023-11-21,RETAINER,EXPIRED,EMP-13194
CON-001985,VND-02511,15939.09,INR,2023-08-04,2024-10-03,SLA,EXPIRED,EMP-42439
CON-001986,VND-04987,118465.3,SGD,2020-10-15,2022-06-29,FIXED_PRICE,EXPIRED,EMP-42204
CON-001987,VND-03495,809379.78,USD,2022-01-15,2022-12-20,TIME_AND_MATERIAL,EXPIRED,EMP-66700
CON-001988,VND-03963,177006.56,USD,2021-08-02,2022-03-19,SLA,EXPIRED,EMP-46191
CON-001989,VND-03882,187472.09,EUR,2018-12-05,2021-07-07,MASTER_SERVICE,EXPIRED,EMP-45668
CON-001990,VND-04689,490511.5,USD,2023-01-08,2024-04-07,RETAINER,EXPIRED,EMP-74130
CON-001991,VND-04626,1599614.98,INR,2021-09-03,2024-03-12,MASTER_SERVICE,TERMINATED,EMP-65327
CON-001992,VND-02869,5661.14,GBP,2019-09-20,2021-08-14,FIXED_PRICE,EXPIRED,EMP-24686
CON-001993,VND-03263,68961.29,INR,2018-07-23,2020-02-29,TIME_AND_MATERIAL,EXPIRED,EMP-49098
CON-001994,VND-01409,28703.15,USD,2018-11-12,2020-07-20,FRAMEWORK,EXPIRED,EMP-26551
CON-001995,VND-02207,21864.78,USD,2022-04-11,2023-04-07,MASTER_SERVICE,EXPIRED,EMP-19045
CON-001996,VND-04183,1837065.03,USD,2018-08-09,2020-03-14,TIME_AND_MATERIAL,EXPIRED,EMP-57311
CON-001997,VND-00965,38988.92,USD,2021-09-22,2023-11-28,FIXED_PRICE,EXPIRED,EMP-56766
CON-001998,VND-01978,290560.18,USD,2020-01-30,2021-06-30,MASTER_SERVICE,EXPIRED,EMP-158
CON-001999,VND-01755,48580.48,SGD,2021-11-10,2024-06-21,TIME_AND_MATERIAL,EXPIRED,EMP-67928
CON-002000,VND-03773,27986.9,EUR,2019-04-21,2020-07-11,RETAINER,EXPIRED,EMP-38742
CON-002001,VND-04052,5000.0,USD,2019-08-13,2020-09-02,PURCHASE_ORDER,EXPIRED,EMP-6999
CON-002002,VND-01474,623777.73,INR,2019-02-19,2021-07-10,SLA,EXPIRED,EMP-47672
CON-002003,VND-02070,1512347.28,USD,2018-05-23,2020-02-11,PURCHASE_ORDER,TERMINATED,EMP-RM124
CON-002004,VND-03028,5000.0,USD,2023-09-13,2025-06-20,RETAINER,ACTIVE,EMP-66228
CON-002005,VND-02805,386207.66,USD,2021-09-10,2023-10-10,MASTER_SERVICE,ACTIVE,EMP-53003
CON-002006,VND-00018,5000.0,EUR,2022-01-31,2023-08-01,SLA,EXPIRED,EMP-3574
CON-002007,VND-04050,777989.38,USD,2020-07-05,2022-02-09,TIME_AND_MATERIAL,EXPIRED,EMP-CORP-00283
CON-002008,VND-03772,39659.38,USD,2021-11-27,2023-09-02,TIME_AND_MATERIAL,EXPIRED,EMP-52473
CON-002009,VND-03460,5000.0,USD,2018-10-20,2019-08-26,RETAINER,EXPIRED,EMP-60307
CON-002010,VND-00836,283045.67,EUR,2018-10-29,2019-12-28,RETAINER,EXPIRED,EMP-5440
CON-002011,VND-02689,18881.01,GBP,2022-03-08,2024-10-26,PURCHASE_ORDER,EXPIRED,EMP-57879
CON-002012,VND-04725,90221.4,USD,2023-11-22,2026-09-19,FRAMEWORK,ACTIVE,EMP-45347
CON-002013,VND-01730,25223.24,EUR,2019-06-01,2020-05-31,PURCHASE_ORDER,EXPIRED,EMP-14931
CON-002014,VND-03966,1210522.97,USD,2020-10-18,2022-10-04,SLA,TERMINATED,EMP-57703
CON-002015,VND-04715,88499.83,USD,2020-04-28,2022-06-15,FRAMEWORK,EXPIRED,EMP-60466
CON-002016,VND-04316,2030314.85,USD,2022-12-06,2024-11-16,FRAMEWORK,EXPIRED,EMP-4832
CON-002017,VND-00915,254592.99,INR,2020-02-01,2020-12-20,FIXED_PRICE,EXPIRED,EMP-27667
CON-002018,VND-04883,28042.87,GBP,2023-01-03,2023-09-09,PURCHASE_ORDER,EXPIRED,EMP-RM543
CON-002019,VND-04452,15448.03,EUR,2021-01-10,2023-07-10,FRAMEWORK,EXPIRED,EMP-69531
CON-002020,VND-00026,20375.53,EUR,2022-12-25,2025-04-06,PURCHASE_ORDER,EXPIRED,EMP-21330
CON-002021,VND-01011,10650.08,EUR,2020-07-03,2023-03-22,MASTER_SERVICE,EXPIRED,EMP-27189
CON-002022,VND-02184,501933.4,GBP,2019-11-24,2021-03-31,FIXED_PRICE,EXPIRED,EMP-74442
CON-002023,VND-04000,216587.59,INR,2018-03-05,2019-07-26,MASTER_SERVICE,TERMINATED,EMP-49704
CON-002024,VND-04160,322765.97,SGD,2019-06-18,2022-05-07,TIME_AND_MATERIAL,EXPIRED,EMP-66340
CON-002025,VND-01019,1222443.25,INR,2023-09-25,2024-04-20,SLA,TERMINATED,EMP-33332
CON-002026,VND-01904,7374337.99,USD,2021-08-11,2022-04-07,TIME_AND_MATERIAL,EXPIRED,EMP-43533
CON-002027,VND-04032,630330.13,GBP,2019-11-11,2021-04-22,FIXED_PRICE,EXPIRED,EMP-43297
CON-002028,VND-00575,26918.09,USD,2022-10-12,2025-06-06,FRAMEWORK,ACTIVE,EMP-55712
CON-002029,VND-00273,44165.96,USD,2018-03-08,2019-09-29,FIXED_PRICE,EXPIRED,EMP-7461
CON-002030,VND-03290,10160.22,AUD,2020-08-12,2021-05-11,PURCHASE_ORDER,EXPIRED,EMP-69180
CON-002031,VND-03529,9861.19,CAD,2019-01-18,2019-10-31,RETAINER,EXPIRED,EMP-RM272
CON-002032,VND-01805,11998.35,USD,2020-09-30,2022-08-12,MASTER_SERVICE,EXPIRED,EMP-37953
CON-002033,VND-00468,561144.56,CAD,2023-06-21,2025-05-05,PURCHASE_ORDER,ACTIVE,EMP-48867
CON-002034,VND-01761,396094.81,USD,2020-05-15,2020-12-09,FIXED_PRICE,TERMINATED,EMP-36686
CON-002035,VND-00417,991274.52,USD,2021-03-20,2022-09-30,MASTER_SERVICE,EXPIRED,EMP-CORP-00481
CON-002036,VND-03205,35640.97,GBP,2021-01-12,2022-10-13,PURCHASE_ORDER,EXPIRED,EMP-5887
CON-002037,VND-04579,5000.0,USD,2023-05-13,2024-07-15,FRAMEWORK,TERMINATED,EMP-46544
CON-002038,VND-03479,445377.38,GBP,2019-07-05,2021-08-12,FRAMEWORK,EXPIRED,EMP-1248
CON-002039,VND-03614,132710.14,CAD,2019-05-06,2020-03-13,TIME_AND_MATERIAL,EXPIRED,EMP-13828
CON-002040,VND-00281,267635.79,USD,2021-11-16,2023-09-15,TIME_AND_MATERIAL,EXPIRED,EMP-34266
CON-002041,VND-01919,295549.76,INR,2021-08-07,2022-02-14,FRAMEWORK,EXPIRED,EMP-54421
CON-002042,VND-03395,323062.63,CAD,2020-12-13,2022-03-22,TIME_AND_MATERIAL,EXPIRED,EMP-37417
CON-002043,VND-04413,1159523.74,USD,2018-11-22,2021-09-11,SLA,EXPIRED,EMP-56570
CON-002044,VND-02578,5061.87,SGD,2018-08-16,2020-11-24,FRAMEWORK,EXPIRED,EMP-40700
CON-002045,VND-02670,59965.23,USD,2023-06-07,2026-02-27,FIXED_PRICE,ACTIVE,EMP-67310
CON-002046,VND-00959,216670.89,SGD,2022-06-01,2024-09-19,RETAINER,EXPIRED,EMP-55971
CON-002047,VND-01989,823047.9,USD,2018-04-09,2018-12-18,MASTER_SERVICE,EXPIRED,EMP-17884
CON-002048,VND-02484,5000.0,INR,2018-05-17,2019-11-05,SLA,EXPIRED,EMP-39955
CON-002049,VND-03922,705020.88,GBP,2018-10-23,2021-08-31,MASTER_SERVICE,EXPIRED,EMP-CORP-00516
CON-002050,VND-02535,1496237.02,USD,2020-11-20,2021-05-24,TIME_AND_MATERIAL,EXPIRED,EMP-64790
CON-002051,VND-00185,79057.96,GBP,2022-08-16,2023-10-30,FRAMEWORK,EXPIRED,EMP-69988
CON-002052,VND-04329,582856.47,USD,2020-05-14,2021-09-08,SLA,EXPIRED,EMP-42304
CON-002053,VND-01396,16301.98,INR,2022-07-23,2023-02-07,FRAMEWORK,TERMINATED,EMP-70563
CON-002054,VND-01164,5000.0,USD,2021-03-01,2022-10-07,SLA,EXPIRED,EMP-40545
CON-002055,VND-00682,50048.84,USD,2023-12-13,2024-07-20,PURCHASE_ORDER,EXPIRED,EMP-52056
CON-002056,VND-04155,79018.62,GBP,2019-11-30,2022-04-11,MASTER_SERVICE,EXPIRED,EMP-66182
CON-002057,VND-01450,419506.14,USD,2022-03-08,2022-11-04,RETAINER,EXPIRED,EMP-47762
CON-002058,VND-04929,92921.14,USD,2021-06-16,2022-08-16,MASTER_SERVICE,TERMINATED,EMP-8800
CON-002059,VND-04074,578553.0,CAD,2018-10-19,2021-01-23,FRAMEWORK,EXPIRED,EMP-59026
CON-002060,VND-03173,377147.44,CAD,2019-02-20,2021-05-20,PURCHASE_ORDER,ACTIVE,EMP-61131
CON-002061,VND-01281,461343.96,USD,2020-10-10,2021-08-10,RETAINER,EXPIRED,EMP-10780
CON-002062,VND-02968,28367.83,USD,2022-03-20,2022-12-27,FRAMEWORK,EXPIRED,EMP-53435
CON-002063,VND-03111,30926.81,INR,2022-09-14,2023-12-27,TIME_AND_MATERIAL,TERMINATED,EMP-47646
CON-002064,VND-01475,3649807.71,EUR,2021-06-16,2022-03-09,FRAMEWORK,EXPIRED,EMP-23061
CON-002065,VND-00552,182540.07,INR,2018-12-27,2021-11-17,SLA,EXPIRED,EMP-52841
CON-002066,VND-01041,640197.61,CAD,2021-02-16,2023-10-09,FRAMEWORK,EXPIRED,EMP-54252
CON-002067,VND-04738,5355.16,EUR,2021-08-22,2023-09-29,FIXED_PRICE,TERMINATED,EMP-33646
CON-002068,VND-04713,5000.0,USD,2018-03-23,2021-03-17,FRAMEWORK,EXPIRED,EMP-40727
CON-002069,VND-04460,880772.82,INR,2022-07-18,2023-09-11,FRAMEWORK,EXPIRED,EMP-71954
CON-002070,VND-02370,5034.2,CAD,2023-08-23,2025-07-09,TIME_AND_MATERIAL,ACTIVE,EMP-15760
CON-002071,VND-01999,2267470.12,USD,2022-06-16,2024-10-25,FIXED_PRICE,TERMINATED,EMP-7839
CON-002072,VND-04688,5959.05,USD,2020-04-22,2022-01-25,FIXED_PRICE,EXPIRED,EMP-CORP-00435
CON-002073,VND-02873,37000.5,EUR,2019-02-13,2022-01-03,MASTER_SERVICE,EXPIRED,EMP-18795
CON-002074,VND-04683,13979.49,SGD,2021-06-09,2023-03-03,FIXED_PRICE,EXPIRED,EMP-54
CON-002075,VND-03280,941098.1,USD,2018-08-23,2021-01-27,SLA,EXPIRED,EMP-51036
CON-002076,VND-02989,608809.96,USD,2022-04-08,2025-02-09,PURCHASE_ORDER,EXPIRED,EMP-21973
CON-002077,VND-00928,34853.54,EUR,2022-11-18,2025-10-18,FIXED_PRICE,ACTIVE,EMP-69878
CON-002078,VND-02909,5000.0,INR,2023-01-07,2024-05-27,FIXED_PRICE,EXPIRED,EMP-7154
CON-002079,VND-03573,247985.67,EUR,2020-05-20,2023-02-09,RETAINER,EXPIRED,EMP-CORP-00587
CON-002080,VND-00381,11963.65,USD,2021-05-26,2024-04-16,RETAINER,EXPIRED,EMP-38490
CON-002081,VND-02226,331801.83,USD,2021-12-26,2024-09-25,MASTER_SERVICE,TERMINATED,EMP-64004
CON-002082,VND-02992,25053.08,USD,2018-03-16,2020-08-25,RETAINER,EXPIRED,EMP-45622
CON-002083,VND-02312,65984.88,INR,2021-08-06,2023-05-17,MASTER_SERVICE,EXPIRED,EMP-8753
CON-002084,VND-01774,58919.58,USD,2020-11-24,2022-02-20,FIXED_PRICE,EXPIRED,EMP-258
CON-002085,VND-02760,2246741.44,USD,2023-04-24,2024-11-23,RETAINER,TERMINATED,EMP-17000
CON-002086,VND-01983,35811.29,USD,2021-10-17,2024-03-21,SLA,EXPIRED,EMP-67204
CON-002087,VND-04631,5000.0,AUD,2020-06-02,2023-02-06,FRAMEWORK,EXPIRED,EMP-29528
CON-002088,VND-03852,763052.76,GBP,2023-12-03,2026-03-02,PURCHASE_ORDER,ACTIVE,EMP-65481
CON-002089,VND-04685,63509.53,EUR,2023-09-10,2026-08-26,FRAMEWORK,ACTIVE,EMP-49368
CON-002090,VND-02234,79448.93,USD,2019-10-08,2022-04-28,SLA,ACTIVE,EMP-14236
CON-002091,VND-01924,1541254.08,USD,2022-10-02,2025-07-08,FIXED_PRICE,ACTIVE,EMP-64161
CON-002092,VND-03807,206204.87,USD,2021-06-08,2022-09-01,FIXED_PRICE,EXPIRED,EMP-37104
CON-002093,VND-01611,13496.77,USD,2022-01-16,2022-08-31,RETAINER,EXPIRED,EMP-58276
CON-002094,VND-03542,11299.7,USD,2020-07-06,2022-05-06,FRAMEWORK,EXPIRED,EMP-49725
CON-002095,VND-01144,311467.05,INR,2023-07-05,2024-04-18,FRAMEWORK,EXPIRED,EMP-2961
CON-002096,VND-00916,12686.5,USD,2020-03-01,2022-07-25,FIXED_PRICE,EXPIRED,EMP-62602
CON-002097,VND-02811,346255.82,USD,2019-12-22,2021-06-06,TIME_AND_MATERIAL,EXPIRED,EMP-35237
CON-002098,VND-03499,10667.09,USD,2023-05-06,2025-04-27,TIME_AND_MATERIAL,EXPIRED,EMP-12347
CON-002099,VND-00439,4430362.34,AUD,2018-07-08,2019-01-25,FIXED_PRICE,EXPIRED,MGR-22.0
CON-002100,VND-04748,47468.17,USD,2019-08-03,2020-08-30,MASTER_SERVICE,EXPIRED,EMP-11777
CON-002101,VND-03541,255595.65,EUR,2019-12-21,2022-08-03,TIME_AND_MATERIAL,EXPIRED,EMP-44940
CON-002102,VND-00031,185123.74,INR,2022-04-03,2024-08-18,MASTER_SERVICE,EXPIRED,EMP-70404
CON-002103,VND-00966,45074.48,USD,2019-12-16,2022-01-20,MASTER_SERVICE,EXPIRED,EMP-42845
CON-002104,VND-02026,45643.89,USD,2019-03-15,2021-03-19,MASTER_SERVICE,EXPIRED,EMP-30302
CON-002105,VND-02156,32131.32,USD,2022-01-03,2024-02-26,FIXED_PRICE,ACTIVE,EMP-27181
CON-002106,VND-01545,31427.51,GBP,2020-08-02,2022-08-28,SLA,EXPIRED,EMP-24414
CON-002107,VND-04938,5351.61,USD,2022-11-06,2025-03-31,FIXED_PRICE,EXPIRED,EMP-45159
CON-002108,VND-04702,47798.2,SGD,2020-02-13,2022-03-05,FRAMEWORK,EXPIRED,EMP-59692
CON-002109,VND-02352,5903644.38,USD,2023-12-11,2025-11-02,PURCHASE_ORDER,ACTIVE,EMP-44687
CON-002110,VND-02511,1222823.78,GBP,2021-08-22,2022-04-13,RETAINER,EXPIRED,EMP-59602
CON-002111,VND-03891,92037.19,USD,2019-07-14,2021-12-10,SLA,ACTIVE,EMP-37387
CON-002112,VND-00612,109047.94,USD,2019-10-11,2021-04-09,FIXED_PRICE,TERMINATED,EMP-35731
CON-002113,VND-01294,964832.21,USD,2022-12-22,2025-03-13,FIXED_PRICE,EXPIRED,EMP-64556
CON-002114,VND-04187,479140.42,CAD,2023-03-24,2024-02-14,PURCHASE_ORDER,EXPIRED,EMP-10078
CON-002115,VND-03993,19572.38,USD,2020-09-12,2023-04-01,TIME_AND_MATERIAL,EXPIRED,EMP-RM446
CON-002116,VND-04871,1204435.2,EUR,2019-12-04,2022-10-24,MASTER_SERVICE,EXPIRED,EMP-52283
CON-002117,VND-03995,42563.09,USD,2020-11-19,2022-10-09,FIXED_PRICE,EXPIRED,EMP-1583
CON-002118,VND-00427,35872.19,INR,2018-03-15,2019-12-08,FRAMEWORK,TERMINATED,EMP-27573
CON-002119,VND-03090,1344698.8,CAD,2022-04-10,2023-08-24,SLA,EXPIRED,EMP-35227
CON-002120,VND-02595,1111680.57,USD,2020-06-21,2021-03-04,FIXED_PRICE,EXPIRED,EMP-10590
CON-002121,VND-00166,2474364.83,EUR,2018-11-14,2021-05-03,FRAMEWORK,EXPIRED,EMP-4050
CON-002122,VND-00566,61242.19,USD,2021-02-20,2022-05-01,PURCHASE_ORDER,EXPIRED,EMP-33260
CON-002123,VND-03460,450628.45,USD,2022-11-29,2024-11-19,FRAMEWORK,EXPIRED,EMP-25626
CON-002124,VND-02930,4339512.22,INR,2018-05-03,2019-01-18,FRAMEWORK,EXPIRED,EMP-9855
CON-002125,VND-00651,24512.78,GBP,2019-04-12,2021-10-14,MASTER_SERVICE,EXPIRED,EMP-42445
CON-002126,VND-01846,32248.45,SGD,2020-06-15,2022-04-14,MASTER_SERVICE,EXPIRED,EMP-29394
CON-002127,VND-03778,72065.12,USD,2020-02-20,2020-11-20,FRAMEWORK,EXPIRED,EMP-40657
CON-002128,VND-04094,57285.13,USD,2018-01-28,2019-02-01,PURCHASE_ORDER,EXPIRED,EMP-45530
CON-002129,VND-03713,9531.51,USD,2020-08-24,2023-06-23,PURCHASE_ORDER,TERMINATED,EMP-CORP-00017
CON-002130,VND-00047,9831.22,INR,2021-03-31,2023-04-29,MASTER_SERVICE,EXPIRED,EMP-32744
CON-002131,VND-01295,53777.03,GBP,2019-10-15,2022-04-25,SLA,EXPIRED,EMP-RM353
CON-002132,VND-00634,38058.54,GBP,2023-11-18,2025-06-10,PURCHASE_ORDER,ACTIVE,EMP-44608
CON-002133,VND-03301,5000.0,USD,2019-12-02,2022-03-26,MASTER_SERVICE,EXPIRED,EMP-57981
CON-002134,VND-02797,432761.2,EUR,2018-06-19,2021-04-18,TIME_AND_MATERIAL,EXPIRED,EMP-24722
CON-002135,VND-00254,79493.46,CAD,2018-05-14,2019-09-16,SLA,EXPIRED,EMP-10204
CON-002136,VND-01986,121621.58,GBP,2019-04-06,2021-05-10,MASTER_SERVICE,EXPIRED,EMP-3013
CON-002137,VND-00477,1470882.88,CAD,2019-09-11,2021-07-15,SLA,EXPIRED,EMP-11916
CON-002138,VND-04051,8556.47,USD,2022-11-26,2024-07-25,FIXED_PRICE,EXPIRED,EMP-15290
CON-002139,VND-03081,18229.41,USD,2021-07-21,2023-05-15,PURCHASE_ORDER,TERMINATED,EMP-56747
CON-002140,VND-02537,131601.78,INR,2020-12-04,2023-07-17,FIXED_PRICE,EXPIRED,EMP-14359
CON-002141,VND-04098,897475.35,USD,2019-03-26,2021-11-29,FIXED_PRICE,EXPIRED,EMP-2937
CON-002142,VND-04246,5000.0,EUR,2023-08-05,2026-04-06,PURCHASE_ORDER,ACTIVE,EMP-40407
CON-002143,VND-04572,5827.59,USD,2019-02-02,2020-08-26,SLA,ACTIVE,EMP-56121
CON-002144,VND-04650,301214.86,GBP,2021-09-14,2023-03-10,FIXED_PRICE,EXPIRED,EMP-29085
CON-002145,VND-04030,2569516.48,USD,2022-04-12,2025-02-25,RETAINER,TERMINATED,EMP-71391
CON-002146,VND-02374,92054.12,CAD,2021-05-09,2022-08-17,MASTER_SERVICE,EXPIRED,EMP-CORP-00347
CON-002147,VND-01188,623282.22,USD,2022-07-15,2024-05-30,RETAINER,EXPIRED,EMP-45964
CON-002148,VND-02839,16527.6,SGD,2018-06-28,2019-03-01,SLA,EXPIRED,EMP-15444
CON-002149,VND-04193,201527.05,INR,2022-08-28,2025-04-23,RETAINER,EXPIRED,EMP-25240
CON-002150,VND-03640,12939.58,SGD,2021-04-16,2022-03-08,MASTER_SERVICE,EXPIRED,EMP-26944
CON-002151,VND-04137,8653.9,GBP,2021-04-22,2022-03-21,MASTER_SERVICE,TERMINATED,EMP-32060
CON-002152,VND-04416,136628.65,USD,2022-12-04,2025-04-01,MASTER_SERVICE,EXPIRED,EMP-47593
CON-002153,VND-01802,113440.54,INR,2022-01-14,2024-02-23,FIXED_PRICE,EXPIRED,EMP-54330
CON-002154,VND-03830,139920.06,USD,2022-08-11,2025-03-02,FIXED_PRICE,EXPIRED,EMP-RM696
CON-002155,VND-03761,671893.21,USD,2018-12-09,2020-05-02,SLA,EXPIRED,EMP-14475
CON-002156,VND-00659,31257.73,USD,2023-02-16,2024-08-05,RETAINER,EXPIRED,EMP-58232
CON-002157,VND-00045,470170.52,GBP,2023-04-23,2025-05-08,FIXED_PRICE,EXPIRED,EMP-RM465
CON-002158,VND-03741,1615505.08,USD,2019-02-25,2021-02-16,FIXED_PRICE,TERMINATED,EMP-20920
CON-002159,VND-03551,40145.21,USD,2023-06-23,2024-05-02,FIXED_PRICE,EXPIRED,EMP-35496
CON-002160,VND-04533,14693.86,USD,2020-08-10,2021-12-09,SLA,EXPIRED,EMP-RM1296
CON-002161,VND-04849,6284.21,CAD,2019-09-11,2020-06-30,SLA,EXPIRED,EMP-25492
CON-002162,VND-02979,45459.51,USD,2023-06-11,2025-06-07,TIME_AND_MATERIAL,ACTIVE,EMP-CORP-00211
CON-002163,VND-00446,5000.0,EUR,2019-02-23,2020-02-12,TIME_AND_MATERIAL,EXPIRED,EMP-9169
CON-002164,VND-02193,12890.63,INR,2021-03-19,2023-08-20,SLA,TERMINATED,EMP-28050
CON-002165,VND-04370,38448.59,CAD,2018-04-30,2019-01-27,SLA,EXPIRED,EMP-5554
CON-002166,VND-03318,2145401.57,EUR,2019-06-13,2020-02-10,SLA,EXPIRED,EMP-69151
CON-002167,VND-04422,432599.34,GBP,2019-09-02,2021-03-01,MASTER_SERVICE,EXPIRED,EMP-22559
CON-002168,VND-01380,35637.0,USD,2018-07-13,2021-01-30,RETAINER,EXPIRED,EMP-30496
CON-002169,VND-01856,5000.0,USD,2021-10-12,2024-01-03,FRAMEWORK,TERMINATED,EMP-18463
CON-002170,VND-01010,1712368.61,USD,2022-11-30,2024-06-19,FIXED_PRICE,EXPIRED,EMP-3034
CON-002171,VND-04691,795882.02,GBP,2021-11-23,2023-11-27,FIXED_PRICE,TERMINATED,EMP-38917
CON-002172,VND-00446,372145.37,USD,2022-01-13,2023-03-18,PURCHASE_ORDER,EXPIRED,EMP-7157
CON-002173,VND-01183,5000.0,GBP,2018-09-06,2020-11-27,SLA,EXPIRED,EMP-50186
CON-002174,VND-00377,292409.33,EUR,2018-03-22,2019-10-19,SLA,EXPIRED,EMP-70394
CON-002175,VND-03794,5000.0,EUR,2020-04-16,2023-02-02,SLA,EXPIRED,EMP-73830
CON-002176,VND-00794,1008726.85,USD,2020-03-30,2022-07-09,SLA,TERMINATED,EMP-48048
CON-002177,VND-00037,18494.2,AUD,2022-05-15,2023-10-07,FIXED_PRICE,EXPIRED,EMP-25339
CON-002178,VND-04617,27808.2,SGD,2018-04-22,2020-12-01,PURCHASE_ORDER,EXPIRED,EMP-63863
CON-002179,VND-02566,23097.26,EUR,2022-08-24,2023-02-21,SLA,EXPIRED,EMP-35063
CON-002180,VND-00313,75332.36,GBP,2021-02-04,2023-03-04,FIXED_PRICE,EXPIRED,EMP-6863
CON-002181,VND-00044,20780.38,USD,2021-03-03,2022-12-21,FRAMEWORK,ACTIVE,EMP-74186
CON-002182,VND-04543,331175.26,INR,2020-09-20,2021-05-17,SLA,EXPIRED,EMP-29740
CON-002183,VND-04340,23931.07,USD,2018-04-07,2019-03-16,TIME_AND_MATERIAL,EXPIRED,EMP-49813
CON-002184,VND-01541,719386.41,INR,2018-07-15,2019-12-05,MASTER_SERVICE,EXPIRED,EMP-67240
CON-002185,VND-04469,132436.88,EUR,2023-07-04,2024-12-01,FRAMEWORK,EXPIRED,EMP-29896
CON-002186,VND-00002,1355521.03,EUR,2021-03-04,2022-03-03,TIME_AND_MATERIAL,EXPIRED,EMP-24223
CON-002187,VND-01349,139878.29,USD,2021-08-26,2024-05-04,TIME_AND_MATERIAL,EXPIRED,EMP-19214
CON-002188,VND-01506,15022.63,USD,2022-02-26,2024-08-04,MASTER_SERVICE,EXPIRED,EMP-19399
CON-002189,VND-03030,5000.0,USD,2019-04-25,2020-05-02,MASTER_SERVICE,EXPIRED,EMP-63494
CON-002190,VND-03586,316676.51,USD,2023-09-21,2025-07-17,TIME_AND_MATERIAL,DRAFT,EMP-34145
CON-002191,VND-02961,600134.02,INR,2020-05-03,2023-04-04,MASTER_SERVICE,EXPIRED,EMP-27847
CON-002192,VND-02190,113210.77,USD,2023-10-02,2024-04-24,MASTER_SERVICE,EXPIRED,EMP-74092
CON-002193,VND-01042,10965.52,AUD,2018-01-14,2019-11-29,MASTER_SERVICE,TERMINATED,EMP-44196
CON-002194,VND-03062,115939.13,USD,2021-09-18,2023-05-29,MASTER_SERVICE,TERMINATED,EMP-48247
CON-002195,VND-01262,11852.06,EUR,2022-07-26,2025-01-07,FIXED_PRICE,EXPIRED,EMP-7372
CON-002196,VND-04684,651355.37,USD,2020-12-22,2022-09-21,TIME_AND_MATERIAL,EXPIRED,EMP-51212
CON-002197,VND-00345,487532.09,USD,2019-09-10,2022-01-27,TIME_AND_MATERIAL,TERMINATED,EMP-62446
CON-002198,VND-03076,290176.37,USD,2022-02-12,2023-10-07,MASTER_SERVICE,TERMINATED,EMP-71288
CON-002199,VND-01219,6655.25,INR,2019-05-20,2020-06-11,FRAMEWORK,EXPIRED,EMP-63292
CON-002200,VND-00710,1606341.58,GBP,2021-07-05,2023-07-03,PURCHASE_ORDER,EXPIRED,EMP-64435
CON-002201,VND-03190,5000.0,USD,2021-03-22,2024-02-25,TIME_AND_MATERIAL,EXPIRED,EMP-28067
CON-002202,VND-01598,3356540.93,USD,2021-06-08,2023-12-31,MASTER_SERVICE,EXPIRED,EMP-33208
CON-002203,VND-03055,8631.08,USD,2019-04-26,2020-11-02,FIXED_PRICE,EXPIRED,EMP-40631
CON-002204,VND-02405,3718089.69,GBP,2020-08-11,2023-04-26,FIXED_PRICE,ACTIVE,EMP-22964
CON-002205,VND-04511,169657.65,USD,2023-05-16,2026-04-28,TIME_AND_MATERIAL,ACTIVE,EMP-38975
CON-002206,VND-01626,296724.12,SGD,2021-02-25,2022-01-30,MASTER_SERVICE,EXPIRED,EMP-11486
CON-002207,VND-04245,29969.44,USD,2020-09-07,2021-06-20,TIME_AND_MATERIAL,EXPIRED,EMP-28730
CON-002208,VND-00222,88905.62,USD,2019-09-21,2021-08-08,TIME_AND_MATERIAL,EXPIRED,EMP-CORP-00541
CON-002209,VND-04476,30329.58,INR,2022-04-04,2023-12-14,FIXED_PRICE,EXPIRED,EMP-69014
CON-002210,VND-01252,175895.87,INR,2018-06-25,2021-01-15,FIXED_PRICE,EXPIRED,EMP-13336
CON-002211,VND-03429,262399.66,USD,2020-04-09,2021-12-03,FIXED_PRICE,EXPIRED,EMP-14236
CON-002212,VND-04342,238911.25,EUR,2023-11-24,2024-10-19,MASTER_SERVICE,TERMINATED,EMP-48781
CON-002213,VND-03772,106384.76,USD,2019-01-18,2021-03-31,MASTER_SERVICE,EXPIRED,EMP-31418
CON-002214,VND-03803,705090.09,SGD,2018-07-26,2020-10-29,FIXED_PRICE,EXPIRED,EMP-44878
CON-002215,VND-03246,903693.7,USD,2019-03-04,2019-09-03,PURCHASE_ORDER,EXPIRED,EMP-13694
CON-002216,VND-03308,8409.04,GBP,2023-12-01,2026-05-01,FIXED_PRICE,ACTIVE,EMP-1804
CON-002217,VND-04461,149241.35,EUR,2022-05-06,2022-11-13,TIME_AND_MATERIAL,EXPIRED,EMP-RM353
CON-002218,VND-04290,20396.4,GBP,2019-10-16,2021-08-24,MASTER_SERVICE,EXPIRED,EMP-22964
CON-002219,VND-01408,10214.86,EUR,2020-12-26,2022-07-15,TIME_AND_MATERIAL,TERMINATED,EMP-12812
CON-002220,VND-00616,230396.75,SGD,2023-01-16,2025-03-17,RETAINER,EXPIRED,EMP-16603
CON-002221,VND-04995,478216.73,EUR,2023-02-13,2025-04-22,SLA,EXPIRED,EMP-52245
CON-002222,VND-00511,128082.18,USD,2020-05-18,2021-08-11,TIME_AND_MATERIAL,EXPIRED,EMP-340
CON-002223,VND-02118,98830.21,EUR,2023-12-14,2025-09-20,FRAMEWORK,ACTIVE,EMP-54859
CON-002224,VND-02021,1388057.52,SGD,2020-11-10,2022-07-09,PURCHASE_ORDER,EXPIRED,EMP-5356
CON-002225,VND-03751,173485.87,SGD,2019-07-09,2021-02-04,RETAINER,EXPIRED,EMP-11834
CON-002226,VND-04132,24818.92,USD,2018-05-02,2020-01-04,RETAINER,EXPIRED,EMP-11588
CON-002227,VND-00460,2950672.8,EUR,2023-05-06,2025-08-13,FRAMEWORK,ACTIVE,EMP-61381
CON-002228,VND-04086,40614.64,INR,2018-02-05,2020-12-13,RETAINER,EXPIRED,EMP-57561
CON-002229,VND-02740,5000.0,EUR,2020-09-14,2022-06-05,RETAINER,EXPIRED,EMP-52617
CON-002230,VND-04068,5000.0,EUR,2021-03-22,2021-12-09,MASTER_SERVICE,ACTIVE,EMP-41909
CON-002231,VND-00807,171204.13,USD,2022-12-06,2023-12-26,PURCHASE_ORDER,EXPIRED,EMP-68443
CON-002232,VND-03916,1090692.75,INR,2021-10-17,2023-05-17,RETAINER,EXPIRED,EMP-28957
CON-002233,VND-02258,8961.85,USD,2020-10-29,2022-01-04,RETAINER,EXPIRED,EMP-55753
CON-002234,VND-03683,5000.0,GBP,2018-06-09,2019-12-01,PURCHASE_ORDER,EXPIRED,EMP-31449
CON-002235,VND-01105,1069005.61,EUR,2023-12-03,2025-04-12,MASTER_SERVICE,TERMINATED,EMP-59151
CON-002236,VND-02247,2037784.6,GBP,2022-07-01,2023-09-13,RETAINER,EXPIRED,EMP-18579
CON-002237,VND-03679,272618.53,EUR,2022-07-23,2024-02-18,FRAMEWORK,EXPIRED,EMP-19097
CON-002238,VND-02594,21785.19,INR,2022-10-17,2024-03-31,SLA,EXPIRED,EMP-39583
CON-002239,VND-02464,677673.71,USD,2020-12-13,2022-05-19,PURCHASE_ORDER,EXPIRED,EMP-50034
CON-002240,VND-04999,15730.11,EUR,2018-08-13,2020-05-28,PURCHASE_ORDER,ACTIVE,EMP-23841
CON-002241,VND-02223,62103.22,USD,2022-11-11,2025-03-22,MASTER_SERVICE,EXPIRED,EMP-42170
CON-002242,VND-01866,559465.56,GBP,2019-11-02,2021-07-22,TIME_AND_MATERIAL,TERMINATED,EMP-58190
CON-002243,VND-04404,64501.24,SGD,2020-06-14,2021-08-10,TIME_AND_MATERIAL,TERMINATED,EMP-13914
CON-002244,VND-04963,111466.62,GBP,2022-05-18,2023-04-04,TIME_AND_MATERIAL,EXPIRED,EMP-26149
CON-002245,VND-04105,67342.92,USD,2022-09-22,2023-09-28,RETAINER,TERMINATED,EMP-58348
CON-002246,VND-01857,658945.21,EUR,2022-07-03,2024-01-15,FRAMEWORK,EXPIRED,EMP-16217
CON-002247,VND-02558,156958.43,USD,2023-07-03,2025-10-27,PURCHASE_ORDER,ACTIVE,EMP-52925
CON-002248,VND-03363,170948.04,USD,2023-05-25,2024-07-15,PURCHASE_ORDER,EXPIRED,EMP-CORP-00390
CON-002249,VND-00429,10624.77,GBP,2018-11-13,2019-10-11,RETAINER,EXPIRED,EMP-12851
CON-002250,VND-00298,5199.44,USD,2022-11-13,2023-07-28,TIME_AND_MATERIAL,EXPIRED,EMP-8319
CON-002251,VND-00053,396829.63,USD,2019-03-12,2020-11-21,MASTER_SERVICE,TERMINATED,EMP-47783
CON-002252,VND-02531,164217.43,EUR,2021-06-27,2023-12-31,FRAMEWORK,EXPIRED,EMP-52034
CON-002253,VND-02202,53258.36,CAD,2022-06-27,2023-05-06,SLA,TERMINATED,EMP-57301
CON-002254,VND-01281,337098.8,USD,2018-01-18,2020-05-09,SLA,TERMINATED,EMP-26377
CON-002255,VND-04505,30377.71,USD,2023-09-06,2026-09-04,TIME_AND_MATERIAL,SUSPENDED,EMP-RM407
CON-002256,VND-04089,65533.31,CAD,2020-03-23,2021-02-27,SLA,ACTIVE,EMP-7233
CON-002257,VND-03276,10257.79,SGD,2019-03-11,2019-10-23,TIME_AND_MATERIAL,EXPIRED,EMP-1137
CON-002258,VND-03310,5000.0,SGD,2018-09-27,2021-08-27,SLA,EXPIRED,EMP-RM468
CON-002259,VND-02072,933415.64,USD,2019-08-25,2021-02-21,MASTER_SERVICE,EXPIRED,EMP-14602
CON-002260,VND-01210,43923.82,INR,2022-09-19,2025-06-02,FIXED_PRICE,ACTIVE,EMP-63939
CON-002261,VND-02512,5000.0,USD,2022-08-23,2024-01-31,SLA,EXPIRED,EMP-45709
CON-002262,VND-02621,188938.15,USD,2021-03-11,2023-01-31,PURCHASE_ORDER,EXPIRED,EMP-46099
CON-002263,VND-00670,240635.69,USD,2018-03-02,2019-02-05,FIXED_PRICE,EXPIRED,EMP-RM234
CON-002264,VND-04501,15647.24,EUR,2023-08-04,2025-01-16,TIME_AND_MATERIAL,EXPIRED,EMP-46110
CON-002265,VND-02593,28605.97,USD,2020-02-07,2020-10-04,TIME_AND_MATERIAL,EXPIRED,EMP-69227
CON-002266,VND-01341,5825.42,USD,2023-12-09,2026-07-01,SLA,SUSPENDED,EMP-RM116
CON-002267,VND-00811,5000.0,INR,2021-01-26,2023-08-10,FIXED_PRICE,TERMINATED,EMP-61596
CON-002268,VND-01097,963572.48,USD,2023-07-21,2025-04-29,TIME_AND_MATERIAL,EXPIRED,EMP-69127
CON-002269,VND-01867,38607.2,EUR,2019-08-19,2021-10-14,SLA,EXPIRED,EMP-CORP-00582
CON-002270,VND-03511,2686373.75,GBP,2021-03-02,2024-02-14,FIXED_PRICE,EXPIRED,EMP-13339
CON-002271,VND-01061,18498.82,AUD,2022-05-31,2024-12-02,FRAMEWORK,EXPIRED,EMP-1974
CON-002272,VND-04178,242632.01,INR,2021-04-26,2022-02-05,PURCHASE_ORDER,EXPIRED,EMP-35083
CON-002273,VND-00611,759279.16,USD,2018-05-12,2020-07-10,MASTER_SERVICE,EXPIRED,EMP-58421
CON-002274,VND-04161,5000.0,USD,2020-10-11,2021-06-15,PURCHASE_ORDER,EXPIRED,EMP-60272
CON-002275,VND-04119,56923.19,CAD,2022-10-02,2024-03-29,PURCHASE_ORDER,ACTIVE,EMP-46895
CON-002276,VND-00413,39397.3,INR,2020-01-08,2021-04-23,SLA,EXPIRED,EMP-65246
CON-002277,VND-02980,20887.88,USD,2018-12-29,2020-07-01,FIXED_PRICE,TERMINATED,EMP-71539
CON-002278,VND-02167,365477.24,CAD,2021-12-07,2024-12-04,RETAINER,ACTIVE,EMP-44671
CON-002279,VND-01827,527666.73,SGD,2020-04-17,2021-07-12,FRAMEWORK,EXPIRED,EMP-2740
CON-002280,VND-00220,84229.03,INR,2018-03-24,2019-11-18,TIME_AND_MATERIAL,EXPIRED,EMP-40744
CON-002281,VND-02694,23960.96,USD,2021-04-12,2022-06-10,TIME_AND_MATERIAL,EXPIRED,EMP-24209
CON-002282,VND-00169,188229.36,USD,2023-04-20,2024-05-18,RETAINER,EXPIRED,EMP-37902
CON-002283,VND-04285,17973.21,USD,2018-10-28,2021-02-06,PURCHASE_ORDER,EXPIRED,EMP-70831
CON-002284,VND-01247,2296878.7,EUR,2023-09-24,2024-06-10,MASTER_SERVICE,EXPIRED,EMP-21578
CON-002285,VND-04139,590821.33,EUR,2020-06-09,2023-01-30,TIME_AND_MATERIAL,ACTIVE,EMP-10389
CON-002286,VND-00478,5000.0,AUD,2018-04-26,2020-01-20,FRAMEWORK,EXPIRED,EMP-15284
CON-002287,VND-00164,5000.0,GBP,2022-07-06,2023-05-15,RETAINER,EXPIRED,EMP-17943
CON-002288,VND-01469,681653.69,CAD,2020-04-08,2021-02-15,FRAMEWORK,EXPIRED,EMP-9767
CON-002289,VND-04064,201632.32,EUR,2023-11-22,2024-07-12,TIME_AND_MATERIAL,EXPIRED,EMP-2455
CON-002290,VND-01980,30967.88,INR,2023-10-20,2025-09-09,FIXED_PRICE,ACTIVE,EMP-RM317
CON-002291,VND-04825,10729.77,EUR,2022-11-16,2025-09-16,TIME_AND_MATERIAL,ACTIVE,EMP-53883
CON-002292,VND-02463,117853.35,EUR,2021-02-09,2022-05-09,FRAMEWORK,EXPIRED,EMP-16266
CON-002293,VND-01840,45076.27,EUR,2022-01-24,2023-10-29,TIME_AND_MATERIAL,TERMINATED,EMP-59771
CON-002294,VND-01357,254494.29,USD,2019-08-25,2022-03-22,FIXED_PRICE,EXPIRED,EMP-13007
CON-002295,VND-02587,642408.4,AUD,2021-07-08,2022-06-22,TIME_AND_MATERIAL,EXPIRED,EMP-47607
CON-002296,VND-04048,89299.09,USD,2022-01-19,2024-05-06,MASTER_SERVICE,EXPIRED,EMP-27419
CON-002297,VND-03654,6826.58,EUR,2020-07-21,2021-03-30,TIME_AND_MATERIAL,EXPIRED,EMP-70944
CON-002298,VND-02700,139235.32,GBP,2018-09-18,2020-12-07,FIXED_PRICE,EXPIRED,EMP-71368
CON-002299,VND-02956,5899.03,USD,2018-07-27,2019-06-17,RETAINER,EXPIRED,EMP-67608
CON-002300,VND-01406,1200147.36,GBP,2023-12-05,2025-08-10,FIXED_PRICE,ACTIVE,EMP-40695
CON-002301,VND-04275,271339.55,USD,2023-03-16,2023-11-08,RETAINER,EXPIRED,EMP-38735
CON-002302,VND-02668,120911.5,USD,2023-10-02,2026-01-26,PURCHASE_ORDER,ACTIVE,EMP-50626
CON-002303,VND-00783,340027.83,INR,2018-01-12,2019-06-14,TIME_AND_MATERIAL,TERMINATED,EMP-46156
CON-002304,VND-01706,150661.8,AUD,2023-03-31,2025-07-06,PURCHASE_ORDER,ACTIVE,EMP-33296
CON-002305,VND-04080,96418.92,SGD,2022-04-26,2024-12-24,FRAMEWORK,EXPIRED,EMP-4234
CON-002306,VND-03898,5000.0,SGD,2020-03-07,2020-12-02,FRAMEWORK,TERMINATED,EMP-5019
CON-002307,VND-02132,29730.11,GBP,2020-04-25,2022-04-26,SLA,TERMINATED,EMP-27988
CON-002308,VND-02664,396912.21,USD,2020-02-29,2022-09-16,FIXED_PRICE,TERMINATED,EMP-64037
CON-002309,VND-04987,19104.61,USD,2019-04-17,2021-06-12,FRAMEWORK,EXPIRED,EMP-55125
CON-002310,VND-04708,35691.85,USD,2022-04-24,2023-04-19,SLA,EXPIRED,EMP-17679
CON-002311,VND-00052,32404.5,GBP,2019-08-01,2022-03-23,TIME_AND_MATERIAL,TERMINATED,EMP-28678
CON-002312,VND-03691,944515.96,INR,2020-07-25,2022-12-03,SLA,EXPIRED,EMP-62648
CON-002313,VND-03643,41150.58,USD,2021-08-05,2023-12-23,MASTER_SERVICE,EXPIRED,EMP-62275
CON-002314,VND-00972,10944.8,USD,2018-05-06,2019-05-17,SLA,EXPIRED,EMP-35494
CON-002315,VND-00156,170196.58,GBP,2021-12-25,2024-02-05,FIXED_PRICE,EXPIRED,EMP-18215
CON-002316,VND-03520,1289282.37,USD,2022-07-30,2025-04-30,MASTER_SERVICE,EXPIRED,EMP-15158
CON-002317,VND-00756,809514.34,CAD,2021-09-25,2022-05-18,RETAINER,EXPIRED,EMP-24614
CON-002318,VND-00665,774786.55,SGD,2020-01-30,2021-09-02,MASTER_SERVICE,EXPIRED,EMP-21897
CON-002319,VND-02492,5023790.64,GBP,2022-02-25,2023-10-27,FIXED_PRICE,TERMINATED,EMP-61577
CON-002320,VND-03752,18666.71,USD,2019-07-25,2021-09-14,PURCHASE_ORDER,EXPIRED,EMP-61803
CON-002321,VND-00481,37630.43,USD,2018-01-12,2019-09-27,FRAMEWORK,EXPIRED,EMP-3150
CON-002322,VND-01997,741194.1,USD,2021-05-01,2024-04-27,MASTER_SERVICE,EXPIRED,EMP-49946
CON-002323,VND-02545,75551.98,GBP,2023-06-11,2025-09-19,RETAINER,ACTIVE,EMP-18462
CON-002324,VND-02740,431093.86,USD,2023-03-11,2024-04-19,PURCHASE_ORDER,EXPIRED,EMP-50337
CON-002325,VND-02428,307119.46,USD,2018-01-01,2019-11-14,PURCHASE_ORDER,EXPIRED,EMP-13563
CON-002326,VND-04742,32843.63,USD,2018-09-13,2020-10-21,PURCHASE_ORDER,EXPIRED,EMP-23475
CON-002327,VND-03924,24170.14,USD,2018-07-26,2020-04-08,MASTER_SERVICE,EXPIRED,EMP-21260
CON-002328,VND-03551,86390.34,USD,2023-02-26,2023-10-23,SLA,EXPIRED,EMP-18467
CON-002329,VND-03770,359449.3,INR,2023-04-07,2024-12-30,RETAINER,EXPIRED,EMP-62973
CON-002330,VND-04713,15066.21,SGD,2022-08-17,2024-05-11,FRAMEWORK,TERMINATED,EMP-11639
CON-002331,VND-00399,2312273.33,USD,2023-03-05,2024-06-04,TIME_AND_MATERIAL,TERMINATED,EMP-11776
CON-002332,VND-04957,903295.77,EUR,2023-09-26,2024-11-03,SLA,EXPIRED,EMP-60895
CON-002333,VND-04236,103956.27,USD,2023-04-06,2025-01-08,FRAMEWORK,EXPIRED,EMP-58994
CON-002334,VND-02097,2684477.5,AUD,2020-06-06,2022-03-14,SLA,EXPIRED,EMP-40465
CON-002335,VND-03209,29684.38,USD,2022-10-31,2023-10-27,TIME_AND_MATERIAL,EXPIRED,EMP-2174
CON-002336,VND-01920,55817.67,USD,2018-05-27,2020-06-28,MASTER_SERVICE,EXPIRED,EMP-74181
CON-002337,VND-03999,1727666.54,CAD,2021-09-25,2023-11-18,SLA,EXPIRED,EMP-RM1055
CON-002338,VND-01771,335162.57,USD,2023-01-27,2025-12-20,FIXED_PRICE,ACTIVE,EMP-61566
CON-002339,VND-03129,669295.12,USD,2023-11-08,2024-07-12,FIXED_PRICE,EXPIRED,EMP-RM245
CON-002340,VND-02407,241432.46,INR,2022-07-20,2023-11-27,SLA,EXPIRED,EMP-60092
CON-002341,VND-01966,50603.98,SGD,2018-11-23,2020-07-25,FIXED_PRICE,EXPIRED,EMP-5036
CON-002342,VND-01374,96544.99,INR,2020-06-06,2022-10-10,RETAINER,TERMINATED,EMP-4674
CON-002343,VND-01932,838486.47,USD,2018-12-18,2021-09-08,FIXED_PRICE,TERMINATED,EMP-14031
CON-002344,VND-02987,7900.33,USD,2023-10-01,2026-04-12,MASTER_SERVICE,ACTIVE,EMP-32094
CON-002345,VND-00216,19757.5,USD,2022-12-08,2025-02-03,FRAMEWORK,EXPIRED,EMP-9107
CON-002346,VND-04903,265552.71,USD,2018-09-03,2021-04-28,FRAMEWORK,TERMINATED,EMP-10782
CON-002347,VND-00805,5000.0,EUR,2020-07-01,2022-09-20,TIME_AND_MATERIAL,EXPIRED,EMP-21632
CON-002348,VND-00763,24659.23,INR,2018-10-25,2021-01-19,SLA,EXPIRED,EMP-50188
CON-002349,VND-00446,8146.69,INR,2023-08-13,2026-06-22,MASTER_SERVICE,SUSPENDED,EMP-41401
CON-002350,VND-03464,1315921.93,USD,2023-11-11,2024-07-22,SLA,TERMINATED,EMP-11631
CON-002351,VND-03514,579923.97,CAD,2022-10-14,2025-09-19,RETAINER,ACTIVE,EMP-47880
CON-002352,VND-03823,1264041.67,GBP,2019-09-16,2022-07-17,RETAINER,EXPIRED,EMP-52240
CON-002353,VND-03841,45950.22,EUR,2018-05-03,2019-10-15,MASTER_SERVICE,EXPIRED,EMP-67411
CON-002354,VND-01259,5000.0,SGD,2018-02-17,2019-05-04,FRAMEWORK,EXPIRED,EMP-14741
CON-002355,VND-02641,511196.01,USD,2023-06-07,2024-06-01,RETAINER,EXPIRED,EMP-65667
CON-002356,VND-01617,77843.34,USD,2022-02-06,2022-10-10,MASTER_SERVICE,EXPIRED,EMP-60690
CON-002357,VND-03665,67360.48,USD,2022-11-18,2023-11-15,FRAMEWORK,EXPIRED,EMP-16819
CON-002358,VND-03836,40351.93,USD,2020-12-17,2023-04-06,FIXED_PRICE,EXPIRED,EMP-RM507
CON-002359,VND-04146,5000.0,USD,2020-01-12,2021-07-16,PURCHASE_ORDER,EXPIRED,EMP-26520
CON-002360,VND-01117,43428.34,USD,2022-07-11,2023-09-01,SLA,TERMINATED,EMP-46872
CON-002361,VND-03630,7357.06,EUR,2023-06-15,2025-11-25,SLA,ACTIVE,EMP-56847
CON-002362,VND-02507,183622.49,AUD,2019-11-09,2021-07-13,SLA,EXPIRED,EMP-43336
CON-002363,VND-03038,236075.99,USD,2020-03-24,2022-08-31,FRAMEWORK,EXPIRED,EMP-28246
CON-002364,VND-01975,5000.0,EUR,2018-01-18,2018-11-14,TIME_AND_MATERIAL,EXPIRED,EMP-65901
CON-002365,VND-03322,70189.79,USD,2021-02-06,2023-10-11,TIME_AND_MATERIAL,ACTIVE,EMP-36122
CON-002366,VND-04471,162794.8,EUR,2022-01-24,2023-08-04,SLA,EXPIRED,EMP-5685
CON-002367,VND-02963,172267.59,GBP,2023-08-28,2026-04-10,MASTER_SERVICE,ACTIVE,EMP-24727
CON-002368,VND-02619,32781.91,USD,2021-08-02,2022-07-01,PURCHASE_ORDER,EXPIRED,EMP-46814
CON-002369,VND-01923,392071.61,EUR,2019-08-16,2020-05-20,FRAMEWORK,EXPIRED,EMP-22869
CON-002370,VND-03543,9971.21,GBP,2022-11-26,2023-11-10,FRAMEWORK,EXPIRED,EMP-17379
CON-002371,VND-00156,21766.11,AUD,2022-09-18,2025-03-12,MASTER_SERVICE,EXPIRED,EMP-9722
CON-002372,VND-04287,29866.83,USD,2021-06-02,2024-02-07,MASTER_SERVICE,EXPIRED,EMP-22572
CON-002373,VND-03899,285511.18,EUR,2019-10-15,2021-09-25,SLA,EXPIRED,EMP-71738
CON-002374,VND-03611,7794.91,USD,2020-01-07,2022-02-15,RETAINER,EXPIRED,EMP-30610
CON-002375,VND-03505,257680.76,AUD,2019-10-07,2022-01-09,SLA,TERMINATED,EMP-23945
CON-002376,VND-01783,139649.28,SGD,2018-03-21,2020-03-06,FIXED_PRICE,EXPIRED,EMP-63311
CON-002377,VND-01114,5000.0,GBP,2019-08-12,2022-03-22,FIXED_PRICE,EXPIRED,MGR-4.0
CON-002378,VND-03770,30356.33,INR,2018-03-24,2018-11-24,FRAMEWORK,EXPIRED,EMP-14130
CON-002379,VND-03681,5000.0,USD,2018-04-11,2020-12-10,RETAINER,EXPIRED,EMP-70607
CON-002380,VND-03636,15768.15,SGD,2021-10-14,2024-05-26,FIXED_PRICE,EXPIRED,EMP-72852
CON-002381,VND-03453,5143.25,INR,2023-06-21,2024-03-18,PURCHASE_ORDER,EXPIRED,EMP-55530
CON-002382,VND-04401,5000.0,USD,2018-02-02,2020-01-20,FIXED_PRICE,TERMINATED,EMP-RM948
CON-002383,VND-04145,7626.27,INR,2018-11-05,2021-07-29,PURCHASE_ORDER,EXPIRED,EMP-CORP-00047
CON-002384,VND-03198,8625.04,CAD,2021-09-14,2023-06-19,SLA,EXPIRED,EMP-33067
CON-002385,VND-03988,44674.91,INR,2022-05-13,2023-08-12,SLA,EXPIRED,EMP-70586
CON-002386,VND-02685,367896.55,USD,2019-09-26,2020-09-13,FIXED_PRICE,EXPIRED,EMP-67550
CON-002387,VND-03342,826344.26,EUR,2020-11-16,2023-04-07,SLA,ACTIVE,EMP-7240
CON-002388,VND-03168,28565.97,USD,2020-05-08,2022-04-18,MASTER_SERVICE,EXPIRED,EMP-50902
CON-002389,VND-03544,111491.83,GBP,2020-04-09,2022-06-17,TIME_AND_MATERIAL,EXPIRED,EMP-1345
CON-002390,VND-04336,5000.0,USD,2023-10-26,2026-04-30,PURCHASE_ORDER,ACTIVE,EMP-71749
CON-002391,VND-04770,26884.3,GBP,2022-03-28,2022-10-09,TIME_AND_MATERIAL,EXPIRED,EMP-29565
CON-002392,VND-04059,7840.0,INR,2019-03-10,2021-10-13,SLA,EXPIRED,EMP-59498
CON-002393,VND-00103,56688.21,USD,2022-03-23,2024-05-23,FRAMEWORK,ACTIVE,MGR-3835
CON-002394,VND-02589,698462.56,USD,2018-05-22,2020-10-21,RETAINER,EXPIRED,EMP-10371
CON-002395,VND-01756,261282.61,SGD,2019-11-20,2021-11-29,FRAMEWORK,EXPIRED,EMP-70147
CON-002396,VND-04493,5440.66,USD,2023-10-27,2025-05-21,TIME_AND_MATERIAL,EXPIRED,EMP-26196
CON-002397,VND-03772,5091.46,AUD,2021-03-02,2023-05-01,MASTER_SERVICE,TERMINATED,EMP-31546
CON-002398,VND-03279,70864.69,INR,2020-09-28,2023-06-03,MASTER_SERVICE,EXPIRED,EMP-73906
CON-002399,VND-02734,47887.28,EUR,2023-09-02,2024-12-18,TIME_AND_MATERIAL,EXPIRED,EMP-18183
CON-002400,VND-01101,6073.59,EUR,2019-04-08,2022-02-11,SLA,EXPIRED,EMP-68420
CON-002401,VND-03414,909792.35,SGD,2020-07-05,2023-03-06,PURCHASE_ORDER,EXPIRED,EMP-58817
CON-002402,VND-04132,3854869.82,USD,2021-05-31,2022-07-23,MASTER_SERVICE,EXPIRED,EMP-50025
CON-002403,VND-04844,22607.44,USD,2023-06-23,2024-11-21,FIXED_PRICE,EXPIRED,EMP-36421
CON-002404,VND-00961,37614.81,CAD,2019-05-13,2021-05-31,TIME_AND_MATERIAL,EXPIRED,EMP-CORP-00061
CON-002405,VND-03871,21949.79,USD,2023-03-11,2024-02-24,FRAMEWORK,EXPIRED,EMP-73725
CON-002406,VND-01008,8789.24,USD,2022-05-02,2023-10-29,PURCHASE_ORDER,EXPIRED,EMP-62558
CON-002407,VND-01780,487918.42,EUR,2019-06-22,2021-11-20,MASTER_SERVICE,EXPIRED,EMP-5451
CON-002408,VND-00929,5589.17,EUR,2018-03-11,2019-07-19,FIXED_PRICE,EXPIRED,EMP-1674
CON-002409,VND-02579,56683.66,USD,2019-01-12,2021-12-20,TIME_AND_MATERIAL,EXPIRED,EMP-47599
CON-002410,VND-03396,17276.42,GBP,2018-04-10,2021-03-02,PURCHASE_ORDER,EXPIRED,EMP-16214
CON-002411,VND-01372,16739.81,USD,2019-01-02,2021-01-17,FIXED_PRICE,EXPIRED,EMP-14339
CON-002412,VND-01846,57722.11,INR,2018-06-24,2019-01-09,MASTER_SERVICE,TERMINATED,EMP-42854
CON-002413,VND-01482,5485.31,USD,2021-08-19,2022-04-21,SLA,TERMINATED,EMP-70125
CON-002414,VND-01598,141967.2,USD,2018-03-15,2018-11-26,TIME_AND_MATERIAL,EXPIRED,EMP-51837
CON-002415,VND-00245,10749.33,GBP,2019-01-08,2021-11-05,SLA,EXPIRED,EMP-49652
CON-002416,VND-03175,128334.31,USD,2020-08-25,2023-06-06,MASTER_SERVICE,TERMINATED,EMP-71539
CON-002417,VND-04022,36513.73,EUR,2018-05-29,2020-09-02,PURCHASE_ORDER,EXPIRED,EMP-64944
CON-002418,VND-00059,42788.9,USD,2020-04-18,2022-09-21,FIXED_PRICE,TERMINATED,EMP-17432
CON-002419,VND-01695,29314.95,USD,2018-04-22,2019-02-10,FRAMEWORK,EXPIRED,EMP-64124
CON-002420,VND-02667,767191.45,USD,2018-05-27,2019-10-08,MASTER_SERVICE,EXPIRED,EMP-47720
CON-002421,VND-03976,309301.58,USD,2018-05-26,2021-05-09,PURCHASE_ORDER,EXPIRED,EMP-10515
CON-002422,VND-01696,15893.65,INR,2019-05-30,2019-12-26,PURCHASE_ORDER,EXPIRED,EMP-72508
CON-002423,VND-01228,171385.11,USD,2018-01-01,2019-11-01,FRAMEWORK,EXPIRED,EMP-23945
CON-002424,VND-04646,200912.54,USD,2022-09-15,2024-05-11,RETAINER,EXPIRED,EMP-73733
CON-002425,VND-03145,701438.75,USD,2023-10-21,2025-04-23,PURCHASE_ORDER,EXPIRED,EMP-3491
CON-002426,VND-04818,212190.32,USD,2023-08-28,2024-03-14,FRAMEWORK,EXPIRED,EMP-758
CON-002427,VND-00836,5795893.06,AUD,2019-08-04,2021-12-29,FIXED_PRICE,EXPIRED,MGR-3767
CON-002428,VND-02541,182327.0,USD,2023-10-29,2024-12-28,FIXED_PRICE,EXPIRED,EMP-73219
CON-002429,VND-00146,397867.67,EUR,2020-11-13,2023-07-07,PURCHASE_ORDER,ACTIVE,EMP-23462
CON-002430,VND-02380,9122.29,CAD,2021-03-23,2023-07-09,FIXED_PRICE,EXPIRED,EMP-60890
CON-002431,VND-04898,348849.31,USD,2019-07-30,2020-08-31,MASTER_SERVICE,EXPIRED,EMP-54423
CON-002432,VND-04916,326546.92,EUR,2018-01-29,2019-09-16,TIME_AND_MATERIAL,TERMINATED,EMP-19878
CON-002433,VND-02860,35504.42,USD,2023-02-13,2024-07-28,MASTER_SERVICE,ACTIVE,EMP-24597
CON-002434,VND-03194,4411047.08,GBP,2023-03-06,2024-12-29,SLA,TERMINATED,EMP-30570
CON-002435,VND-00772,5000.0,INR,2019-10-16,2022-02-19,FIXED_PRICE,EXPIRED,EMP-10052
CON-002436,VND-02325,10155.86,EUR,2022-11-02,2024-04-19,PURCHASE_ORDER,TERMINATED,EMP-21855
CON-002437,VND-04089,10619.8,EUR,2019-11-06,2020-05-14,SLA,EXPIRED,EMP-25163
CON-002438,VND-00659,56759.99,EUR,2020-07-20,2022-02-12,MASTER_SERVICE,EXPIRED,EMP-57535
CON-002439,VND-03086,29333.0,USD,2021-04-24,2022-01-19,SLA,EXPIRED,EMP-23261
CON-002440,VND-04769,6913.62,EUR,2021-04-25,2022-10-02,FIXED_PRICE,TERMINATED,EMP-54333
CON-002441,VND-03017,14587.1,INR,2018-03-04,2020-03-26,FRAMEWORK,EXPIRED,EMP-64545
CON-002442,VND-00152,31565.81,USD,2021-12-04,2023-04-10,FIXED_PRICE,ACTIVE,EMP-31345
CON-002443,VND-01108,140453.78,INR,2023-01-14,2025-06-16,SLA,ACTIVE,EMP-22199
CON-002444,VND-00761,30819.56,USD,2018-04-12,2020-05-10,MASTER_SERVICE,EXPIRED,EMP-65164
CON-002445,VND-04273,6490.13,USD,2020-12-17,2023-06-11,MASTER_SERVICE,EXPIRED,EMP-20411
CON-002446,VND-01623,10288.35,USD,2018-01-25,2019-10-17,FIXED_PRICE,EXPIRED,EMP-13303
CON-002447,VND-01372,24173.38,INR,2022-01-26,2023-01-14,PURCHASE_ORDER,TERMINATED,EMP-70510
CON-002448,VND-00658,6806.88,EUR,2020-11-08,2023-06-06,PURCHASE_ORDER,EXPIRED,EMP-18453
CON-002449,VND-00231,44828.75,SGD,2021-11-19,2023-03-20,TIME_AND_MATERIAL,EXPIRED,EMP-22619
CON-002450,VND-00259,70584.07,USD,2022-05-10,2023-07-17,MASTER_SERVICE,EXPIRED,EMP-74150
CON-002451,VND-04501,98246.06,USD,2019-11-06,2021-11-21,FRAMEWORK,EXPIRED,EMP-42859
CON-002452,VND-03327,363947.98,USD,2019-02-28,2019-09-22,TIME_AND_MATERIAL,ACTIVE,EMP-37695
CON-002453,VND-04793,1404252.27,GBP,2021-12-20,2023-09-05,FIXED_PRICE,EXPIRED,EMP-3746
CON-002454,VND-02334,5000.0,GBP,2021-02-11,2023-08-18,FIXED_PRICE,TERMINATED,EMP-68805
CON-002455,VND-02128,10218.41,USD,2021-12-27,2023-07-21,FIXED_PRICE,TERMINATED,EMP-17524
CON-002456,VND-02892,1052103.23,USD,2018-11-15,2021-03-08,MASTER_SERVICE,TERMINATED,EMP-40693
CON-002457,VND-04699,343436.75,EUR,2019-09-28,2021-03-25,TIME_AND_MATERIAL,EXPIRED,EMP-64551
CON-002458,VND-01398,80204.16,USD,2022-11-05,2023-09-03,TIME_AND_MATERIAL,EXPIRED,EMP-73658
CON-002459,VND-00878,1103411.88,USD,2020-09-03,2022-08-25,FRAMEWORK,EXPIRED,EMP-62275
CON-002460,VND-00092,470841.68,USD,2020-01-31,2022-06-17,PURCHASE_ORDER,EXPIRED,EMP-34058
CON-002461,VND-04624,1171530.1,USD,2019-05-16,2022-04-11,MASTER_SERVICE,EXPIRED,EMP-64251
CON-002462,VND-02859,146754.74,USD,2023-12-12,2026-11-02,PURCHASE_ORDER,ACTIVE,EMP-17860
CON-002463,VND-01596,101807.5,USD,2022-11-09,2024-09-19,MASTER_SERVICE,EXPIRED,EMP-73044
CON-002464,VND-00435,87625.28,EUR,2023-11-30,2025-03-20,PURCHASE_ORDER,EXPIRED,EMP-21439
CON-002465,VND-03801,209158.79,EUR,2022-07-04,2024-08-28,SLA,EXPIRED,EMP-73501
CON-002466,VND-01008,5000.0,EUR,2018-03-13,2019-08-11,RETAINER,EXPIRED,EMP-73019
CON-002467,VND-03754,10132.61,USD,2021-12-20,2023-10-27,MASTER_SERVICE,TERMINATED,EMP-30685
CON-002468,VND-02273,52633.5,USD,2022-11-23,2025-01-16,MASTER_SERVICE,ACTIVE,EMP-16603
CON-002469,VND-04177,98728.49,USD,2022-11-13,2024-09-05,FIXED_PRICE,EXPIRED,EMP-38864
CON-002470,VND-02601,43441.53,GBP,2022-03-07,2023-10-31,RETAINER,EXPIRED,EMP-RM808
CON-002471,VND-01340,646418.45,USD,2022-03-25,2023-03-24,TIME_AND_MATERIAL,EXPIRED,EMP-59271
CON-002472,VND-01372,1158226.55,INR,2020-07-24,2022-06-04,FRAMEWORK,EXPIRED,EMP-34431
CON-002473,VND-00646,656055.55,USD,2018-06-15,2019-11-11,TIME_AND_MATERIAL,EXPIRED,EMP-44001
CON-002474,VND-00516,297887.03,EUR,2020-08-14,2021-12-22,RETAINER,TERMINATED,EMP-51306
CON-002475,VND-01890,17716.1,INR,2023-09-08,2025-06-03,PURCHASE_ORDER,ACTIVE,EMP-35977
CON-002476,VND-03535,1318255.26,EUR,2021-12-21,2024-09-25,MASTER_SERVICE,EXPIRED,EMP-54254
CON-002477,VND-00061,23675.14,GBP,2021-01-02,2022-01-07,PURCHASE_ORDER,EXPIRED,EMP-9766
CON-002478,VND-02051,3904727.08,USD,2020-05-30,2022-03-14,RETAINER,EXPIRED,EMP-35085
CON-002479,VND-04306,5000.0,AUD,2020-02-29,2021-06-17,FRAMEWORK,EXPIRED,EMP-36944
CON-002480,VND-00978,21925.49,USD,2022-11-27,2025-07-01,SLA,ACTIVE,EMP-CORP-00260
CON-002481,VND-02351,5354.51,EUR,2022-04-13,2023-04-02,FIXED_PRICE,EXPIRED,EMP-60236
CON-002482,VND-03945,85150.87,USD,2020-07-26,2023-02-11,SLA,EXPIRED,EMP-1131
CON-002483,VND-03421,48452.54,INR,2021-06-04,2023-03-08,SLA,ACTIVE,EMP-59845
CON-002484,VND-00801,33842.68,GBP,2022-06-12,2024-05-16,SLA,EXPIRED,EMP-63547
CON-002485,VND-01896,640419.08,USD,2018-03-19,2018-09-29,FIXED_PRICE,EXPIRED,EMP-26721
CON-002486,VND-01832,391153.42,EUR,2020-03-07,2020-10-19,TIME_AND_MATERIAL,EXPIRED,EMP-38072
CON-002487,VND-04155,20843.91,EUR,2019-03-03,2020-10-17,RETAINER,EXPIRED,EMP-42680
CON-002488,VND-00387,458057.32,USD,2020-12-19,2021-08-26,RETAINER,EXPIRED,EMP-23282
CON-002489,VND-02330,326904.55,GBP,2020-01-27,2022-02-14,FIXED_PRICE,EXPIRED,EMP-48574
CON-002490,VND-01682,1176226.29,USD,2022-03-27,2022-10-27,FRAMEWORK,TERMINATED,EMP-13643
CON-002491,VND-03555,18302.4,EUR,2020-04-05,2020-12-21,SLA,EXPIRED,EMP-10169
CON-002492,VND-00700,39123.88,EUR,2023-01-24,2023-12-06,PURCHASE_ORDER,EXPIRED,EMP-44087
CON-002493,VND-00057,1284075.5,EUR,2021-10-22,2022-04-26,FRAMEWORK,EXPIRED,EMP-55604
CON-002494,VND-01883,170053.18,USD,2019-04-04,2021-08-01,FRAMEWORK,EXPIRED,EMP-1909
CON-002495,VND-04757,198236.7,USD,2023-05-09,2024-05-25,PURCHASE_ORDER,ACTIVE,EMP-23057
CON-002496,VND-01667,5000.0,EUR,2023-04-30,2025-08-21,PURCHASE_ORDER,ACTIVE,EMP-RM424
CON-002497,VND-04575,913848.55,USD,2018-11-04,2020-05-09,MASTER_SERVICE,EXPIRED,EMP-29300
CON-002498,VND-02991,10522.08,USD,2023-08-26,2025-08-22,RETAINER,SUSPENDED,EMP-38553
CON-002499,VND-03257,5654.03,USD,2018-09-17,2020-05-06,FIXED_PRICE,EXPIRED,EMP-3213
CON-002500,VND-00596,3518785.54,EUR,2023-04-24,2025-12-06,RETAINER,ACTIVE,EMP-5977
CON-002501,VND-04040,2868860.44,EUR,2018-02-28,2019-12-23,FRAMEWORK,TERMINATED,EMP-66319
CON-002502,VND-04169,870276.02,GBP,2018-01-16,2019-06-26,MASTER_SERVICE,EXPIRED,EMP-48803
CON-002503,VND-03939,7160.36,INR,2018-11-02,2019-10-25,TIME_AND_MATERIAL,EXPIRED,EMP-56181
CON-002504,VND-01814,704111.93,CAD,2021-09-09,2023-12-17,TIME_AND_MATERIAL,TERMINATED,EMP-22333
CON-002505,VND-04557,140357.33,USD,2020-01-23,2022-10-05,PURCHASE_ORDER,ACTIVE,EMP-73243
CON-002506,VND-03488,926162.15,INR,2021-11-27,2023-02-05,TIME_AND_MATERIAL,EXPIRED,EMP-35545
CON-002507,VND-04232,1449463.08,GBP,2019-09-01,2020-11-02,RETAINER,EXPIRED,EMP-57820
CON-002508,VND-01372,127145.53,USD,2021-05-15,2024-02-22,RETAINER,EXPIRED,EMP-65119
CON-002509,VND-03538,2574367.06,EUR,2019-10-15,2020-12-04,SLA,TERMINATED,EMP-54750
CON-002510,VND-04527,5000.0,USD,2018-09-22,2021-02-13,MASTER_SERVICE,EXPIRED,EMP-25347
CON-002511,VND-02269,126193.0,USD,2018-11-14,2021-09-28,RETAINER,TERMINATED,EMP-26655
CON-002512,VND-02416,477008.77,USD,2019-03-07,2022-02-27,FIXED_PRICE,EXPIRED,EMP-6581
CON-002513,VND-03440,1268835.0,USD,2021-03-13,2023-03-24,PURCHASE_ORDER,EXPIRED,EMP-46136
CON-002514,VND-01754,914888.39,EUR,2023-01-12,2025-01-18,SLA,EXPIRED,EMP-55346
CON-002515,VND-01814,28447.21,AUD,2019-06-17,2022-03-09,SLA,ACTIVE,EMP-2562
CON-002516,VND-03408,37722.99,USD,2020-02-11,2022-04-26,SLA,EXPIRED,EMP-11506
CON-002517,VND-01968,9914.89,SGD,2018-07-21,2020-03-28,FIXED_PRICE,EXPIRED,EMP-37322
CON-002518,VND-03383,9859.82,AUD,2020-10-25,2023-02-11,TIME_AND_MATERIAL,TERMINATED,EMP-34341
CON-002519,VND-01997,9702.75,CAD,2020-10-07,2022-08-05,RETAINER,TERMINATED,EMP-62814
CON-002520,VND-00702,8855.67,EUR,2023-09-09,2024-12-10,SLA,EXPIRED,EMP-64499
CON-002521,VND-04063,26887.44,EUR,2022-01-23,2024-02-18,TIME_AND_MATERIAL,EXPIRED,EMP-71430
CON-002522,VND-01915,811835.85,SGD,2018-10-29,2020-10-26,FIXED_PRICE,TERMINATED,EMP-CORP-00352
CON-002523,VND-01572,31336.32,USD,2021-04-09,2022-08-21,FIXED_PRICE,EXPIRED,EMP-CORP-00312
CON-002524,VND-03092,59911.89,USD,2021-03-01,2022-01-08,MASTER_SERVICE,EXPIRED,EMP-62028
CON-002525,VND-03195,28490.84,USD,2018-09-12,2019-08-17,FIXED_PRICE,EXPIRED,EMP-6307
CON-002526,VND-02727,71437.64,GBP,2018-10-21,2020-05-30,SLA,EXPIRED,EMP-1255
CON-002527,VND-03368,5000.0,AUD,2019-10-25,2021-12-16,PURCHASE_ORDER,EXPIRED,EMP-64793
CON-002528,VND-00254,27393.06,INR,2020-05-26,2022-04-08,FRAMEWORK,EXPIRED,EMP-29691
CON-002529,VND-04497,277251.16,USD,2023-10-01,2026-04-16,MASTER_SERVICE,ACTIVE,EMP-18472
CON-002530,VND-04293,29098.65,EUR,2019-02-21,2021-05-10,FIXED_PRICE,EXPIRED,EMP-11890
CON-002531,VND-04116,198849.72,USD,2020-04-26,2022-09-17,PURCHASE_ORDER,EXPIRED,EMP-CORP-00165
CON-002532,VND-01364,23905.08,USD,2023-04-14,2026-01-01,RETAINER,ACTIVE,EMP-63939
CON-002533,VND-00541,544913.94,EUR,2022-03-10,2023-12-09,FIXED_PRICE,EXPIRED,EMP-37778
CON-002534,VND-03097,231623.37,SGD,2019-09-01,2021-09-18,PURCHASE_ORDER,EXPIRED,EMP-2806
CON-002535,VND-00027,5000.0,EUR,2021-10-28,2023-06-03,SLA,TERMINATED,EMP-43567
CON-002536,VND-01722,27830.16,CAD,2021-03-08,2021-12-31,TIME_AND_MATERIAL,EXPIRED,EMP-64027
CON-002537,VND-03536,346924.0,INR,2019-04-22,2020-12-09,FIXED_PRICE,TERMINATED,EMP-CORP-00191
CON-002538,VND-02809,36650.04,USD,2018-11-21,2020-08-13,PURCHASE_ORDER,EXPIRED,EMP-9609
CON-002539,VND-02392,1884301.87,EUR,2022-03-15,2023-10-01,RETAINER,EXPIRED,EMP-32381
CON-002540,VND-00694,2320822.41,INR,2020-05-22,2021-07-11,FRAMEWORK,TERMINATED,EMP-CORP-00203
CON-002541,VND-03700,41032.3,USD,2023-02-20,2024-07-24,FRAMEWORK,EXPIRED,EMP-23849
CON-002542,VND-03150,16594.95,GBP,2020-02-20,2021-05-19,TIME_AND_MATERIAL,EXPIRED,EMP-21242
CON-002543,VND-01593,9116.45,AUD,2023-11-20,2025-11-28,PURCHASE_ORDER,ACTIVE,EMP-31522
CON-002544,VND-04824,24322.9,EUR,2022-06-28,2024-01-15,FIXED_PRICE,EXPIRED,EMP-65011
CON-002545,VND-03820,18986.2,INR,2021-08-04,2023-07-14,SLA,EXPIRED,EMP-66161
CON-002546,VND-00161,184896.62,USD,2022-09-13,2023-10-26,PURCHASE_ORDER,EXPIRED,EMP-6509
CON-002547,VND-00863,50134.36,INR,2022-05-18,2023-03-17,PURCHASE_ORDER,TERMINATED,EMP-73190
CON-002548,VND-00464,987241.24,USD,2019-11-06,2020-10-12,SLA,TERMINATED,EMP-23222
CON-002549,VND-04921,296232.28,USD,2021-04-07,2022-08-01,RETAINER,TERMINATED,EMP-70216
CON-002550,VND-01617,765976.81,USD,2021-08-18,2023-01-18,FRAMEWORK,EXPIRED,EMP-50238
CON-002551,VND-00336,15833.14,EUR,2020-01-30,2021-07-13,FIXED_PRICE,EXPIRED,EMP-39866
CON-002552,VND-01075,17585.51,GBP,2018-08-24,2020-03-16,PURCHASE_ORDER,TERMINATED,EMP-60051
CON-002553,VND-04317,176249.71,USD,2022-12-16,2025-05-28,PURCHASE_ORDER,EXPIRED,EMP-17315
CON-002554,VND-02334,19032.06,EUR,2020-08-25,2022-04-05,MASTER_SERVICE,EXPIRED,EMP-57147
CON-002555,VND-04967,125097.37,INR,2020-04-06,2022-11-03,FRAMEWORK,ACTIVE,EMP-53861
CON-002556,VND-03138,5000.0,USD,2020-06-12,2022-04-02,FIXED_PRICE,EXPIRED,EMP-2338
CON-002557,VND-03700,19642.04,USD,2019-04-30,2022-02-01,TIME_AND_MATERIAL,TERMINATED,EMP-61388
CON-002558,VND-02163,247281.42,USD,2018-04-08,2019-03-21,RETAINER,EXPIRED,EMP-59125
CON-002559,VND-01667,18025.51,EUR,2023-12-05,2024-10-21,TIME_AND_MATERIAL,EXPIRED,EMP-70977
CON-002560,VND-02285,436631.26,EUR,2020-08-22,2023-01-10,MASTER_SERVICE,EXPIRED,EMP-CORP-00485
CON-002561,VND-03494,288410.48,EUR,2023-09-05,2025-11-11,SLA,ACTIVE,EMP-30970
CON-002562,VND-03924,342994.83,USD,2022-10-03,2023-11-24,TIME_AND_MATERIAL,EXPIRED,EMP-CORP-00277
CON-002563,VND-04418,992939.73,USD,2020-09-07,2022-01-31,RETAINER,EXPIRED,EMP-67579
CON-002564,VND-04997,5940.45,GBP,2021-02-26,2023-11-11,MASTER_SERVICE,EXPIRED,EMP-55022
CON-002565,VND-00437,5000.0,EUR,2019-07-19,2021-01-19,FIXED_PRICE,EXPIRED,EMP-31580
CON-002566,VND-04594,93405.63,EUR,2018-09-19,2019-05-19,FIXED_PRICE,EXPIRED,EMP-71146
CON-002567,VND-03894,18432.73,USD,2018-08-13,2020-05-21,FRAMEWORK,EXPIRED,EMP-37679
CON-002568,VND-01016,5000.0,EUR,2022-04-13,2025-01-03,FRAMEWORK,EXPIRED,EMP-26325
CON-002569,VND-00254,38607.28,SGD,2021-07-10,2023-03-05,PURCHASE_ORDER,EXPIRED,EMP-7909
CON-002570,VND-00153,270463.59,GBP,2022-03-05,2024-03-01,TIME_AND_MATERIAL,EXPIRED,EMP-67647
CON-002571,VND-00241,1077502.18,INR,2020-02-23,2022-04-02,MASTER_SERVICE,EXPIRED,EMP-51117
CON-002572,VND-01421,1062830.28,SGD,2022-06-01,2024-03-04,FRAMEWORK,TERMINATED,EMP-63415
CON-002573,VND-02495,5000.0,CAD,2022-06-04,2025-03-14,SLA,EXPIRED,EMP-40194
CON-002574,VND-03952,272688.69,AUD,2023-10-26,2025-06-09,MASTER_SERVICE,ACTIVE,EMP-72074
CON-002575,VND-04322,1457859.43,GBP,2018-10-14,2020-05-29,FIXED_PRICE,EXPIRED,EMP-33774
CON-002576,VND-01701,431157.99,CAD,2023-12-28,2024-10-25,SLA,TERMINATED,EMP-27776
CON-002577,VND-03360,183856.96,USD,2021-05-26,2023-10-24,PURCHASE_ORDER,EXPIRED,EMP-14294
CON-002578,VND-04998,369288.37,EUR,2022-07-07,2024-02-13,FRAMEWORK,TERMINATED,EMP-6134
CON-002579,VND-03707,1072146.55,USD,2021-07-05,2022-08-19,MASTER_SERVICE,EXPIRED,MGR-1877
CON-002580,VND-04614,340156.36,GBP,2021-10-10,2023-01-27,RETAINER,EXPIRED,EMP-63469
CON-002581,VND-01396,5000.0,INR,2018-05-09,2021-03-22,MASTER_SERVICE,EXPIRED,EMP-24526
CON-002582,VND-02045,1391657.48,USD,2023-09-11,2024-08-23,FRAMEWORK,TERMINATED,EMP-71146
CON-002583,VND-00154,576291.81,GBP,2020-10-05,2023-08-30,FRAMEWORK,EXPIRED,EMP-RM091
CON-002584,VND-03272,281122.27,INR,2022-10-13,2025-01-03,TIME_AND_MATERIAL,EXPIRED,EMP-51218
CON-002585,VND-01388,782373.12,USD,2020-02-10,2020-11-07,PURCHASE_ORDER,EXPIRED,EMP-12624
CON-002586,VND-02232,14288.08,SGD,2021-07-07,2023-10-17,MASTER_SERVICE,EXPIRED,EMP-17054
CON-002587,VND-01192,9876.73,EUR,2022-09-30,2024-09-08,FIXED_PRICE,TERMINATED,EMP-40972
CON-002588,VND-03679,7297.68,GBP,2020-03-19,2022-12-17,SLA,EXPIRED,EMP-RM1196
CON-002589,VND-02546,31366.39,GBP,2018-03-23,2018-12-23,PURCHASE_ORDER,EXPIRED,EMP-28744
CON-002590,VND-03226,905267.79,EUR,2018-12-10,2020-08-05,FIXED_PRICE,EXPIRED,EMP-56254
CON-002591,VND-02982,323909.18,USD,2022-08-25,2023-12-06,MASTER_SERVICE,EXPIRED,EMP-36285
CON-002592,VND-00517,563718.06,GBP,2023-06-18,2026-06-11,RETAINER,ACTIVE,EMP-6175
CON-002593,VND-01152,2131358.05,USD,2020-11-13,2023-02-20,PURCHASE_ORDER,EXPIRED,EMP-1688
CON-002594,VND-03519,72560.27,CAD,2018-09-18,2019-07-25,RETAINER,TERMINATED,EMP-48367
CON-002595,VND-04438,2072306.56,SGD,2022-08-12,2024-05-18,FRAMEWORK,EXPIRED,EMP-38744
CON-002596,VND-00425,759179.98,USD,2023-10-03,2025-12-23,MASTER_SERVICE,DRAFT,EMP-9753
CON-002597,VND-02459,1180611.76,USD,2020-05-10,2023-03-03,RETAINER,EXPIRED,EMP-11066
CON-002598,VND-01476,143477.19,CAD,2022-10-27,2023-08-31,FRAMEWORK,EXPIRED,EMP-49287
CON-002599,VND-00020,510617.73,USD,2023-09-25,2024-06-17,FIXED_PRICE,EXPIRED,EMP-9229
CON-002600,VND-03725,15655.8,CAD,2021-09-26,2024-08-08,SLA,EXPIRED,EMP-12688
CON-002601,VND-00356,67741.47,USD,2021-01-24,2023-04-17,FIXED_PRICE,TERMINATED,EMP-38717
CON-002602,VND-03067,1575386.14,CAD,2019-07-22,2021-12-03,RETAINER,EXPIRED,EMP-32091
CON-002603,VND-02208,838667.84,INR,2021-12-10,2022-08-26,FIXED_PRICE,EXPIRED,EMP-42125
CON-002604,VND-03529,16030.85,GBP,2019-01-28,2021-04-26,MASTER_SERVICE,EXPIRED,EMP-33966
CON-002605,VND-01791,382196.98,USD,2022-12-06,2023-11-10,RETAINER,EXPIRED,EMP-49100
CON-002606,VND-02586,6395.49,USD,2021-01-22,2022-08-12,TIME_AND_MATERIAL,ACTIVE,EMP-44872
CON-002607,VND-02224,5000.0,USD,2019-06-08,2021-06-17,SLA,EXPIRED,EMP-11905
CON-002608,VND-04788,238807.14,EUR,2020-05-13,2021-02-27,PURCHASE_ORDER,TERMINATED,EMP-40748
CON-002609,VND-04590,48507.98,EUR,2020-09-22,2021-04-05,FIXED_PRICE,EXPIRED,EMP-49281
CON-002610,VND-00221,29991.57,USD,2018-06-05,2019-08-04,SLA,EXPIRED,EMP-28173
CON-002611,VND-01526,421109.23,SGD,2019-10-14,2022-09-29,RETAINER,EXPIRED,EMP-7207
CON-002612,VND-02985,125536.76,USD,2022-02-15,2024-08-06,SLA,TERMINATED,EMP-21250
CON-002613,VND-04137,5000.0,EUR,2023-08-02,2025-02-12,FRAMEWORK,EXPIRED,EMP-3746
CON-002614,VND-01800,259207.24,USD,2020-07-28,2022-09-24,SLA,EXPIRED,EMP-72468
CON-002615,VND-00587,44700.96,CAD,2021-12-09,2022-08-27,MASTER_SERVICE,EXPIRED,EMP-3213
CON-002616,VND-03645,592704.95,USD,2022-12-07,2024-11-29,TIME_AND_MATERIAL,EXPIRED,EMP-68223
CON-002617,VND-04636,6986.29,INR,2023-05-30,2024-05-28,FRAMEWORK,TERMINATED,EMP-73396
CON-002618,VND-03652,5000.0,EUR,2020-03-24,2020-10-02,TIME_AND_MATERIAL,EXPIRED,EMP-62303
CON-002619,VND-03541,46167.16,USD,2022-01-20,2024-04-25,SLA,TERMINATED,EMP-14728
CON-002620,VND-03312,11983.46,USD,2018-03-14,2021-01-09,SLA,EXPIRED,EMP-28272
CON-002621,VND-02617,35418.12,GBP,2022-03-25,2024-07-07,RETAINER,TERMINATED,EMP-10331
CON-002622,VND-00815,36760.84,USD,2023-09-11,2025-06-09,TIME_AND_MATERIAL,ACTIVE,EMP-23695
CON-002623,VND-04750,96523.17,USD,2018-05-11,2020-09-17,TIME_AND_MATERIAL,EXPIRED,EMP-43567
CON-002624,VND-02066,216424.51,USD,2018-07-12,2021-07-03,FIXED_PRICE,EXPIRED,EMP-72591
CON-002625,VND-03268,294704.25,INR,2020-11-29,2022-11-24,SLA,ACTIVE,EMP-39575
CON-002626,VND-01375,60437.34,USD,2019-09-03,2020-12-31,MASTER_SERVICE,EXPIRED,EMP-55182
CON-002627,VND-03914,5000.0,CAD,2019-02-19,2021-03-27,PURCHASE_ORDER,TERMINATED,EMP-34632
CON-002628,VND-00004,330520.22,EUR,2018-10-04,2019-10-04,MASTER_SERVICE,EXPIRED,EMP-35105
CON-002629,VND-01473,300064.42,USD,2018-10-22,2021-05-11,TIME_AND_MATERIAL,TERMINATED,EMP-58316
CON-002630,VND-03552,41766.33,USD,2022-05-26,2024-01-21,MASTER_SERVICE,EXPIRED,EMP-64607
CON-002631,VND-04004,5000.0,USD,2020-06-19,2021-12-05,RETAINER,EXPIRED,EMP-29108
CON-002632,VND-00205,498719.39,USD,2020-10-12,2021-07-27,TIME_AND_MATERIAL,TERMINATED,EMP-16208
CON-002633,VND-00043,1750077.88,USD,2022-05-02,2023-01-18,MASTER_SERVICE,EXPIRED,EMP-67782
CON-002634,VND-02708,73926.41,AUD,2018-07-11,2019-03-08,PURCHASE_ORDER,EXPIRED,EMP-5316
CON-002635,VND-03140,812381.8,USD,2021-01-01,2022-01-31,FIXED_PRICE,EXPIRED,EMP-35926
CON-002636,VND-01216,775857.18,USD,2020-08-21,2021-05-26,TIME_AND_MATERIAL,EXPIRED,EMP-15146
CON-002637,VND-03130,15703.96,GBP,2020-10-29,2022-02-08,SLA,EXPIRED,EMP-57808
CON-002638,VND-00503,51180.0,EUR,2023-02-04,2025-05-23,FIXED_PRICE,TERMINATED,EMP-15867
CON-002639,VND-01348,35449.03,USD,2020-11-13,2021-09-14,MASTER_SERVICE,EXPIRED,EMP-2511
CON-002640,VND-04982,42604.28,AUD,2023-08-26,2025-12-29,MASTER_SERVICE,ACTIVE,EMP-36209
CON-002641,VND-00381,22001.34,CAD,2019-03-05,2021-07-03,RETAINER,EXPIRED,EMP-27729
CON-002642,VND-03201,105332.21,EUR,2023-03-20,2025-06-30,FRAMEWORK,ACTIVE,EMP-CORP-00505
CON-002643,VND-03035,1361889.91,GBP,2022-02-02,2023-11-04,FIXED_PRICE,TERMINATED,EMP-65698
CON-002644,VND-03778,856246.39,CAD,2021-08-04,2023-11-10,SLA,EXPIRED,EMP-71622
CON-002645,VND-04008,1446676.14,AUD,2018-12-07,2021-10-05,TIME_AND_MATERIAL,TERMINATED,EMP-RM1094
CON-002646,VND-04784,901883.69,EUR,2020-06-09,2023-01-05,SLA,EXPIRED,EMP-58887
CON-002647,VND-03295,12394.93,USD,2019-10-27,2020-12-02,FRAMEWORK,EXPIRED,EMP-9439
CON-002648,VND-01754,85044.58,USD,2020-12-19,2023-12-02,PURCHASE_ORDER,EXPIRED,EMP-38724
CON-002649,VND-00214,358511.53,CAD,2023-03-12,2026-01-24,SLA,ACTIVE,EMP-40502
CON-002650,VND-03839,19749.36,GBP,2021-10-14,2023-01-05,FRAMEWORK,EXPIRED,EMP-10006
CON-002651,VND-02381,13525.31,USD,2019-01-02,2020-09-07,SLA,EXPIRED,EMP-2548
CON-002652,VND-03860,494784.58,USD,2019-08-01,2022-05-16,SLA,EXPIRED,EMP-79
CON-002653,VND-04153,663303.27,USD,2019-01-03,2020-10-30,PURCHASE_ORDER,EXPIRED,EMP-66741
CON-002654,VND-02034,61922.85,EUR,2018-04-30,2020-05-06,SLA,EXPIRED,EMP-5043
CON-002655,VND-00107,10613.94,USD,2023-10-13,2026-04-10,TIME_AND_MATERIAL,ACTIVE,EMP-8750
CON-002656,VND-03010,401677.85,GBP,2018-03-26,2019-07-28,TIME_AND_MATERIAL,TERMINATED,EMP-62299
CON-002657,VND-02610,11119.23,USD,2023-03-18,2025-01-21,RETAINER,EXPIRED,EMP-45215
CON-002658,VND-03316,42796.21,GBP,2019-03-09,2019-09-05,TIME_AND_MATERIAL,TERMINATED,EMP-70271
CON-002659,VND-03514,8871.94,EUR,2022-02-14,2022-12-22,PURCHASE_ORDER,EXPIRED,EMP-61988
CON-002660,VND-01655,39629.89,GBP,2023-01-24,2023-11-17,SLA,EXPIRED,EMP-24161
CON-002661,VND-04376,565109.93,USD,2023-11-25,2026-03-14,FIXED_PRICE,ACTIVE,EMP-59172
CON-002662,VND-02383,32986.26,EUR,2020-08-21,2022-02-10,FIXED_PRICE,TERMINATED,EMP-34818
CON-002663,VND-04664,9504.47,USD,2020-02-24,2022-06-04,FRAMEWORK,ACTIVE,EMP-65197
CON-002664,VND-02602,19918.88,SGD,2022-12-25,2024-07-15,FIXED_PRICE,TERMINATED,EMP-RM1334
CON-002665,VND-04025,273661.45,GBP,2023-05-30,2026-03-05,RETAINER,ACTIVE,EMP-66823
CON-002666,VND-00725,289688.53,INR,2022-04-30,2022-11-30,FIXED_PRICE,EXPIRED,EMP-12249
CON-002667,VND-03936,411493.9,GBP,2018-05-04,2019-02-10,RETAINER,EXPIRED,EMP-48414
CON-002668,VND-00507,679142.01,CAD,2022-12-07,2025-08-28,RETAINER,ACTIVE,EMP-22135
CON-002669,VND-00800,6610.62,USD,2022-04-06,2024-10-17,TIME_AND_MATERIAL,EXPIRED,EMP-55709
CON-002670,VND-00475,2679986.28,GBP,2021-06-11,2023-04-21,RETAINER,EXPIRED,EMP-55810
CON-002671,VND-00617,850717.68,SGD,2019-01-10,2020-07-13,RETAINER,EXPIRED,EMP-210
CON-002672,VND-01884,1017887.75,SGD,2023-08-31,2026-04-29,PURCHASE_ORDER,ACTIVE,EMP-20925
CON-002673,VND-00142,98537.66,AUD,2020-01-29,2022-02-07,FIXED_PRICE,EXPIRED,EMP-47817
CON-002674,VND-03348,305498.41,EUR,2018-08-08,2020-12-12,FIXED_PRICE,TERMINATED,EMP-34157
CON-002675,VND-04384,297396.01,USD,2021-12-10,2022-09-01,MASTER_SERVICE,EXPIRED,EMP-23182
CON-002676,VND-04649,156256.8,EUR,2022-07-27,2023-10-05,PURCHASE_ORDER,EXPIRED,EMP-29684
CON-002677,VND-03629,4821907.74,USD,2020-10-16,2022-01-30,TIME_AND_MATERIAL,EXPIRED,EMP-63171
CON-002678,VND-03477,440706.02,USD,2022-05-07,2023-03-30,FIXED_PRICE,EXPIRED,EMP-57314
CON-002679,VND-00169,17113.11,USD,2022-07-26,2023-11-10,TIME_AND_MATERIAL,EXPIRED,EMP-RM959
CON-002680,VND-01148,1220833.06,INR,2023-12-04,2025-01-28,FIXED_PRICE,EXPIRED,EMP-5859
CON-002681,VND-01412,587642.85,USD,2021-10-06,2022-07-19,TIME_AND_MATERIAL,EXPIRED,EMP-7890
CON-002682,VND-04559,736584.65,GBP,2021-11-28,2023-02-22,FRAMEWORK,EXPIRED,EMP-1591
CON-002683,VND-03906,85200.73,USD,2020-07-03,2021-04-13,PURCHASE_ORDER,EXPIRED,EMP-34956
CON-002684,VND-01071,15928.45,USD,2023-03-20,2024-10-22,RETAINER,EXPIRED,EMP-11585
CON-002685,VND-00855,7660.25,GBP,2022-12-17,2025-11-18,TIME_AND_MATERIAL,ACTIVE,EMP-5249
CON-002686,VND-02795,57519.62,GBP,2020-01-16,2022-12-01,RETAINER,EXPIRED,EMP-41721
CON-002687,VND-04228,5000.0,EUR,2021-09-18,2024-05-05,SLA,EXPIRED,EMP-63015
CON-002688,VND-03037,156594.46,INR,2023-03-05,2023-12-16,MASTER_SERVICE,EXPIRED,EMP-41917
CON-002689,VND-04534,646415.94,USD,2021-09-04,2022-11-24,FRAMEWORK,EXPIRED,EMP-38094
CON-002690,VND-00059,81466.13,AUD,2018-04-05,2019-09-29,RETAINER,EXPIRED,EMP-2100
CON-002691,VND-04314,10380.71,USD,2023-06-09,2025-02-03,MASTER_SERVICE,EXPIRED,EMP-54968
CON-002692,VND-00943,19569.06,EUR,2020-10-19,2021-08-16,PURCHASE_ORDER,EXPIRED,EMP-5537
CON-002693,VND-01925,5000.0,USD,2021-12-05,2024-02-14,PURCHASE_ORDER,EXPIRED,EMP-69068
CON-002694,VND-02969,75100.66,USD,2021-03-21,2024-01-10,PURCHASE_ORDER,EXPIRED,EMP-5969
CON-002695,VND-03170,34979.57,USD,2018-03-05,2020-07-11,SLA,EXPIRED,EMP-68831
CON-002696,VND-00884,138508.93,USD,2022-10-03,2025-03-17,FIXED_PRICE,EXPIRED,EMP-72400
CON-002697,VND-00809,4333667.79,USD,2019-03-24,2019-10-23,MASTER_SERVICE,EXPIRED,EMP-70292
CON-002698,VND-04655,163782.18,USD,2018-11-22,2021-02-23,RETAINER,EXPIRED,EMP-25296
CON-002699,VND-04259,10167.1,USD,2021-02-27,2023-03-22,FRAMEWORK,EXPIRED,EMP-48583
CON-002700,VND-03758,2199671.1,USD,2018-10-28,2019-09-11,FIXED_PRICE,ACTIVE,EMP-72620
CON-002701,VND-03156,8294.34,INR,2023-08-18,2025-01-25,RETAINER,TERMINATED,EMP-68301
CON-002702,VND-00788,231924.87,USD,2023-01-21,2024-05-03,RETAINER,EXPIRED,EMP-58648
CON-002703,VND-04311,804413.91,INR,2020-02-27,2020-09-23,MASTER_SERVICE,ACTIVE,EMP-55471
CON-002704,VND-01311,25709.03,INR,2018-07-03,2021-05-30,PURCHASE_ORDER,TERMINATED,EMP-73714
CON-002705,VND-03188,28132.54,GBP,2021-04-25,2021-11-24,FRAMEWORK,EXPIRED,EMP-72117
CON-002706,VND-02063,48876.48,USD,2019-06-04,2022-03-21,FRAMEWORK,EXPIRED,EMP-21716
CON-002707,VND-04299,7013.19,USD,2019-11-22,2021-01-18,MASTER_SERVICE,EXPIRED,EMP-29748
CON-002708,VND-03392,117045.67,SGD,2018-02-24,2020-03-12,MASTER_SERVICE,EXPIRED,EMP-44035
CON-002709,VND-00985,5795.83,USD,2023-11-24,2026-07-17,SLA,ACTIVE,EMP-CORP-00066
CON-002710,VND-00004,298266.43,EUR,2020-03-10,2021-12-17,FRAMEWORK,EXPIRED,EMP-71368
CON-002711,VND-03925,25848.67,USD,2019-10-19,2022-06-29,RETAINER,TERMINATED,EMP-39122
CON-002712,VND-01562,5000.0,CAD,2023-02-04,2023-10-14,MASTER_SERVICE,TERMINATED,EMP-41746
CON-002713,VND-03475,9458.08,GBP,2019-11-28,2020-11-12,TIME_AND_MATERIAL,EXPIRED,EMP-23127
CON-002714,VND-03208,38119.85,EUR,2019-04-08,2020-10-14,PURCHASE_ORDER,EXPIRED,EMP-14324
CON-002715,VND-04599,70191.21,GBP,2022-12-30,2023-06-30,MASTER_SERVICE,EXPIRED,EMP-8100
CON-002716,VND-01099,433329.37,INR,2019-11-14,2022-09-10,TIME_AND_MATERIAL,EXPIRED,EMP-70976
CON-002717,VND-04577,688640.33,EUR,2020-06-06,2021-11-08,FIXED_PRICE,TERMINATED,EMP-27620
CON-002718,VND-01373,391174.96,EUR,2022-05-19,2023-06-08,RETAINER,EXPIRED,EMP-10676
CON-002719,VND-03993,24483.85,INR,2021-01-08,2023-03-29,RETAINER,EXPIRED,EMP-52794
CON-002720,VND-01154,589838.91,USD,2020-07-29,2021-09-27,SLA,TERMINATED,EMP-RM636
CON-002721,VND-03732,1060300.21,INR,2019-09-01,2022-08-29,SLA,EXPIRED,EMP-39310
CON-002722,VND-01766,6737.23,INR,2023-10-14,2026-07-25,RETAINER,ACTIVE,EMP-41195
CON-002723,VND-04915,115464.76,USD,2021-12-05,2023-04-27,MASTER_SERVICE,EXPIRED,EMP-19727
CON-002724,VND-00152,206364.88,INR,2019-09-05,2021-10-25,RETAINER,EXPIRED,EMP-54129
CON-002725,VND-00468,515014.57,INR,2021-05-04,2022-01-05,SLA,EXPIRED,EMP-16894
CON-002726,VND-01285,24587.03,INR,2018-06-22,2019-06-28,RETAINER,EXPIRED,EMP-8428
CON-002727,VND-00786,27779.89,EUR,2021-09-06,2024-07-23,FRAMEWORK,EXPIRED,EMP-27052
CON-002728,VND-00992,13851.78,EUR,2019-10-25,2021-09-29,FIXED_PRICE,EXPIRED,EMP-38212
CON-002729,VND-03963,160029.21,GBP,2020-11-20,2021-07-01,FRAMEWORK,EXPIRED,EMP-70023
CON-002730,VND-01507,343746.94,EUR,2023-10-18,2025-05-27,TIME_AND_MATERIAL,EXPIRED,EMP-1115
CON-002731,VND-01519,13216.41,USD,2018-08-17,2020-09-05,MASTER_SERVICE,EXPIRED,EMP-51358
CON-002732,VND-00659,544037.5,GBP,2023-08-01,2024-11-15,TIME_AND_MATERIAL,ACTIVE,EMP-23986
CON-002733,VND-02634,538159.04,SGD,2019-08-25,2021-12-25,RETAINER,EXPIRED,EMP-37327
CON-002734,VND-03061,62609.85,GBP,2022-09-24,2024-08-16,SLA,EXPIRED,EMP-6453
CON-002735,VND-04914,399684.98,USD,2018-02-24,2018-08-24,RETAINER,EXPIRED,EMP-73104
CON-002736,VND-01047,485857.49,USD,2020-05-14,2021-12-04,SLA,EXPIRED,EMP-CORP-00431
CON-002737,VND-02339,5000.0,USD,2023-06-04,2025-10-25,SLA,ACTIVE,EMP-69074
CON-002738,VND-04688,773199.96,USD,2018-06-12,2020-01-15,RETAINER,EXPIRED,EMP-60462
CON-002739,VND-02207,354712.29,SGD,2022-10-07,2023-05-26,SLA,EXPIRED,EMP-13651
CON-002740,VND-03970,727299.39,USD,2021-03-22,2023-03-17,PURCHASE_ORDER,EXPIRED,EMP-15779
CON-002741,VND-00446,30317.11,INR,2023-12-17,2025-01-17,RETAINER,EXPIRED,EMP-35128
CON-002742,VND-00243,23798.23,USD,2019-01-23,2021-12-17,TIME_AND_MATERIAL,EXPIRED,EMP-5811
CON-002743,VND-02188,1149817.09,USD,2023-02-28,2024-07-06,RETAINER,EXPIRED,EMP-15514
CON-002744,VND-02164,47759.23,USD,2019-07-06,2020-02-17,SLA,EXPIRED,EMP-CORP-00526
CON-002745,VND-04618,2826459.82,EUR,2021-11-11,2023-08-20,FIXED_PRICE,ACTIVE,EMP-65567
CON-002746,VND-01534,5000.0,USD,2023-05-21,2024-12-08,TIME_AND_MATERIAL,EXPIRED,EMP-2398
CON-002747,VND-01137,23088.13,GBP,2023-09-16,2025-05-11,FRAMEWORK,TERMINATED,EMP-9990
CON-002748,VND-00201,108356.72,EUR,2022-10-12,2025-05-29,RETAINER,ACTIVE,EMP-CORP-00392
CON-002749,VND-04302,270246.96,USD,2022-06-30,2023-11-09,PURCHASE_ORDER,EXPIRED,EMP-10083
CON-002750,VND-00369,455895.42,USD,2018-08-09,2019-08-03,MASTER_SERVICE,EXPIRED,EMP-65782
CON-002751,VND-02790,40974.54,USD,2020-10-18,2021-12-16,SLA,EXPIRED,EMP-48645
CON-002752,VND-04793,324760.09,SGD,2023-09-15,2024-12-31,FRAMEWORK,EXPIRED,EMP-59020
CON-002753,VND-02551,16363.12,EUR,2018-05-25,2019-10-23,FRAMEWORK,EXPIRED,EMP-43381
CON-002754,VND-00331,5000.0,INR,2021-10-03,2024-01-25,FIXED_PRICE,EXPIRED,EMP-48446
CON-002755,VND-03227,171590.07,INR,2019-05-10,2020-05-26,RETAINER,EXPIRED,EMP-9576
CON-002756,VND-02853,47937.64,SGD,2021-02-18,2022-01-31,FRAMEWORK,EXPIRED,EMP-14689
CON-002757,VND-01565,68762.4,GBP,2019-09-14,2021-01-01,PURCHASE_ORDER,EXPIRED,EMP-47681
CON-002758,VND-00714,14347.7,GBP,2023-10-31,2024-05-03,MASTER_SERVICE,EXPIRED,EMP-57138
CON-002759,VND-03775,13214.42,USD,2020-03-04,2021-09-23,FRAMEWORK,EXPIRED,EMP-68398
CON-002760,VND-04859,18447.05,USD,2021-09-21,2023-11-28,TIME_AND_MATERIAL,EXPIRED,EMP-60280
CON-002761,VND-03405,17954.22,USD,2021-01-16,2022-11-08,TIME_AND_MATERIAL,EXPIRED,EMP-10415
CON-002762,VND-03932,5000.0,USD,2023-10-18,2025-10-13,FIXED_PRICE,ACTIVE,EMP-23351
CON-002763,VND-03203,1340689.21,GBP,2019-01-07,2021-06-22,RETAINER,EXPIRED,EMP-25324
CON-002764,VND-02516,5000.0,USD,2021-07-19,2023-07-05,RETAINER,EXPIRED,EMP-68851
CON-002765,VND-03394,118120.1,EUR,2021-07-26,2022-07-07,RETAINER,TERMINATED,EMP-33641
CON-002766,VND-00298,16274.4,GBP,2018-04-24,2021-03-19,RETAINER,EXPIRED,EMP-3169
CON-002767,VND-00163,997861.33,INR,2021-07-28,2024-01-07,FRAMEWORK,EXPIRED,EMP-44313
CON-002768,VND-04355,863984.92,GBP,2021-05-21,2022-10-27,SLA,EXPIRED,EMP-68473
CON-002769,VND-04696,25305.37,GBP,2022-03-14,2024-04-10,FRAMEWORK,EXPIRED,EMP-61653
CON-002770,VND-04226,3586534.56,USD,2020-07-19,2021-02-19,MASTER_SERVICE,EXPIRED,EMP-46556
CON-002771,VND-04262,291039.22,AUD,2020-09-17,2022-03-07,RETAINER,EXPIRED,EMP-28203
CON-002772,VND-01933,5330.89,GBP,2020-12-07,2022-05-06,SLA,EXPIRED,EMP-23998
CON-002773,VND-04230,11991.97,USD,2020-01-12,2021-05-01,MASTER_SERVICE,TERMINATED,EMP-53435
CON-002774,VND-03140,245542.02,INR,2023-03-21,2024-06-19,PURCHASE_ORDER,EXPIRED,EMP-25240
CON-002775,VND-01029,5000.0,USD,2022-08-14,2023-09-03,TIME_AND_MATERIAL,EXPIRED,EMP-105
CON-002776,VND-00817,37661.9,CAD,2020-11-16,2023-02-23,FIXED_PRICE,EXPIRED,EMP-42988
CON-002777,VND-00609,3732385.7,USD,2022-04-07,2022-10-06,MASTER_SERVICE,TERMINATED,EMP-61137
CON-002778,VND-02431,120153.88,INR,2020-05-01,2021-05-28,FRAMEWORK,EXPIRED,EMP-15161
CON-002779,VND-03075,709059.2,INR,2020-10-03,2023-04-12,PURCHASE_ORDER,EXPIRED,EMP-10484
CON-002780,VND-01469,646611.9,GBP,2023-07-22,2024-02-25,TIME_AND_MATERIAL,EXPIRED,EMP-69934
CON-002781,VND-00723,13714.86,INR,2020-07-21,2022-01-11,FRAMEWORK,EXPIRED,EMP-8061
CON-002782,VND-01622,388622.68,EUR,2022-04-11,2024-03-10,RETAINER,EXPIRED,EMP-CORP-00158
CON-002783,VND-02980,442984.33,USD,2022-05-11,2022-12-29,PURCHASE_ORDER,EXPIRED,EMP-406
CON-002784,VND-02354,32628.72,AUD,2023-04-12,2024-03-14,RETAINER,EXPIRED,EMP-50225
CON-002785,VND-02951,433533.43,USD,2020-08-29,2021-04-12,SLA,TERMINATED,EMP-27660
CON-002786,VND-00140,33033.39,EUR,2020-12-26,2022-07-03,MASTER_SERVICE,TERMINATED,EMP-7117
CON-002787,VND-02981,713584.23,CAD,2019-11-08,2020-11-23,SLA,EXPIRED,EMP-2878
CON-002788,VND-03065,54177.88,USD,2020-07-12,2021-08-20,FIXED_PRICE,ACTIVE,EMP-72109
CON-002789,VND-04171,191169.87,INR,2018-09-17,2020-09-04,FRAMEWORK,EXPIRED,EMP-57280
CON-002790,VND-04619,33461.32,USD,2022-12-03,2024-03-31,SLA,EXPIRED,EMP-5042
CON-002791,VND-00359,22666.81,USD,2021-11-15,2024-05-16,SLA,EXPIRED,EMP-66708
CON-002792,VND-04298,43732.1,INR,2023-03-03,2025-05-29,MASTER_SERVICE,ACTIVE,EMP-31187
CON-002793,VND-03182,720796.82,USD,2021-03-29,2021-10-05,MASTER_SERVICE,EXPIRED,EMP-56806
CON-002794,VND-00841,5000.0,USD,2021-07-12,2022-01-23,FIXED_PRICE,EXPIRED,EMP-61646
CON-002795,VND-02648,22750.38,INR,2018-06-09,2020-09-27,TIME_AND_MATERIAL,EXPIRED,EMP-15490
CON-002796,VND-04071,5000.0,USD,2019-06-30,2020-06-11,SLA,EXPIRED,EMP-23302
CON-002797,VND-01968,14342.58,USD,2018-09-08,2020-04-18,MASTER_SERVICE,EXPIRED,MGR-4505
CON-002798,VND-03520,6347843.13,GBP,2023-04-07,2026-02-08,SLA,ACTIVE,EMP-59358
CON-002799,VND-01984,993563.63,AUD,2018-11-18,2021-07-05,FRAMEWORK,TERMINATED,EMP-56959
CON-002800,VND-01205,5000.0,USD,2018-07-22,2021-05-23,SLA,EXPIRED,EMP-34193
CON-002801,VND-01772,350660.07,USD,2022-08-12,2025-01-03,PURCHASE_ORDER,ACTIVE,EMP-52645
CON-002802,VND-00017,20095.83,USD,2019-06-24,2021-10-02,RETAINER,EXPIRED,EMP-37451
CON-002803,VND-02141,516694.64,SGD,2019-10-02,2020-09-20,RETAINER,EXPIRED,EMP-15740
CON-002804,VND-01078,171032.65,EUR,2018-08-17,2019-02-28,SLA,EXPIRED,EMP-70903
CON-002805,VND-04945,295444.89,INR,2019-10-22,2021-01-15,PURCHASE_ORDER,EXPIRED,EMP-32517
CON-002806,VND-04001,417187.22,INR,2019-01-28,2021-07-27,TIME_AND_MATERIAL,EXPIRED,EMP-42709
CON-002807,VND-02644,43354.13,INR,2019-04-23,2021-08-01,FIXED_PRICE,ACTIVE,EMP-58350
CON-002808,VND-02300,1347264.64,USD,2023-10-29,2025-02-01,RETAINER,EXPIRED,EMP-58348
CON-002809,VND-00459,483844.61,USD,2023-02-04,2024-11-14,SLA,EXPIRED,EMP-25300
CON-002810,VND-02254,11540.91,GBP,2020-02-15,2020-08-13,MASTER_SERVICE,EXPIRED,EMP-27443
CON-002811,VND-02016,5938.25,AUD,2022-03-24,2022-11-15,PURCHASE_ORDER,TERMINATED,EMP-46434
CON-002812,VND-02740,67814.38,CAD,2023-04-09,2026-02-11,FIXED_PRICE,ACTIVE,EMP-CORP-00573
CON-002813,VND-01621,5000.0,SGD,2020-02-06,2022-03-28,FIXED_PRICE,EXPIRED,EMP-4713
CON-002814,VND-04467,593321.79,AUD,2023-04-12,2025-10-02,TIME_AND_MATERIAL,ACTIVE,EMP-52833
CON-002815,VND-01494,76413.13,GBP,2021-05-16,2022-05-29,RETAINER,EXPIRED,EMP-21414
CON-002816,VND-01362,27885.63,USD,2019-10-18,2020-10-01,TIME_AND_MATERIAL,EXPIRED,EMP-47791
CON-002817,VND-01613,14928.35,AUD,2018-12-05,2019-12-21,TIME_AND_MATERIAL,TERMINATED,EMP-11837
CON-002818,VND-01339,17351.62,SGD,2021-10-15,2023-12-19,PURCHASE_ORDER,EXPIRED,EMP-4408
CON-002819,VND-00225,5000.0,USD,2021-04-08,2024-01-20,SLA,TERMINATED,EMP-25190
CON-002820,VND-02452,235568.51,USD,2019-12-05,2021-04-16,MASTER_SERVICE,EXPIRED,EMP-48571
CON-002821,VND-02062,62475.62,EUR,2022-02-23,2023-09-23,SLA,EXPIRED,EMP-CORP-00477
CON-002822,VND-01807,570805.23,GBP,2020-07-17,2023-06-27,TIME_AND_MATERIAL,EXPIRED,EMP-65490
CON-002823,VND-01281,1314645.58,GBP,2020-02-14,2021-03-01,RETAINER,EXPIRED,EMP-22722
CON-002824,VND-01612,694047.25,USD,2021-11-01,2023-11-17,SLA,EXPIRED,EMP-204
CON-002825,VND-04279,5668797.31,USD,2023-09-14,2025-12-31,FIXED_PRICE,ACTIVE,EMP-7583
CON-002826,VND-04993,6138.45,USD,2021-10-26,2022-12-28,MASTER_SERVICE,EXPIRED,EMP-31030
CON-002827,VND-04599,1476706.2,USD,2022-01-20,2024-02-23,FIXED_PRICE,EXPIRED,EMP-355
CON-002828,VND-03908,14808.12,USD,2020-07-10,2021-07-11,PURCHASE_ORDER,EXPIRED,EMP-RM791
CON-002829,VND-03949,15768.95,USD,2022-09-22,2025-08-31,MASTER_SERVICE,ACTIVE,EMP-9526
CON-002830,VND-04121,23380.25,CAD,2021-05-05,2022-12-09,SLA,EXPIRED,EMP-26979
CON-002831,VND-02868,481594.66,GBP,2019-02-06,2020-05-06,PURCHASE_ORDER,EXPIRED,EMP-53025
CON-002832,VND-02975,487320.53,INR,2022-04-10,2024-05-14,MASTER_SERVICE,TERMINATED,EMP-69293
CON-002833,VND-00006,261261.85,INR,2019-12-09,2021-05-12,RETAINER,EXPIRED,EMP-25044
CON-002834,VND-02165,147485.3,GBP,2019-02-28,2021-11-19,RETAINER,EXPIRED,EMP-21567
CON-002835,VND-03363,5000.0,GBP,2021-05-27,2022-02-04,PURCHASE_ORDER,EXPIRED,EMP-285
CON-002836,VND-04157,1205973.59,EUR,2020-12-22,2021-08-09,MASTER_SERVICE,EXPIRED,EMP-31637
CON-002837,VND-00291,172949.45,CAD,2020-03-31,2021-12-05,PURCHASE_ORDER,EXPIRED,EMP-18496
CON-002838,VND-02662,12556.97,AUD,2020-03-24,2022-09-22,SLA,EXPIRED,EMP-1996
CON-002839,VND-01843,13227.33,USD,2022-07-30,2024-11-05,PURCHASE_ORDER,ACTIVE,EMP-26281
CON-002840,VND-01702,174062.08,USD,2018-10-19,2020-04-04,FIXED_PRICE,TERMINATED,EMP-32075
CON-002841,VND-00982,35453.47,USD,2018-09-24,2020-02-29,MASTER_SERVICE,TERMINATED,EMP-5989
CON-002842,VND-00248,20685.22,USD,2022-02-04,2023-04-06,TIME_AND_MATERIAL,TERMINATED,EMP-53118
CON-002843,VND-02978,489530.52,GBP,2022-07-04,2023-10-09,PURCHASE_ORDER,EXPIRED,EMP-54880
CON-002844,VND-00506,26778.88,USD,2022-12-01,2025-03-26,FIXED_PRICE,EXPIRED,EMP-61224
CON-002845,VND-04148,686554.7,GBP,2020-08-11,2021-03-16,FIXED_PRICE,EXPIRED,EMP-23569
CON-002846,VND-04295,5000.0,USD,2018-06-12,2020-12-27,MASTER_SERVICE,EXPIRED,EMP-66264
CON-002847,VND-02376,34163.95,USD,2018-02-07,2019-08-21,TIME_AND_MATERIAL,EXPIRED,EMP-25041
CON-002848,VND-00922,354929.35,USD,2023-09-17,2025-07-21,RETAINER,ACTIVE,EMP-68096
CON-002849,VND-02290,308215.9,GBP,2018-10-12,2021-08-03,FRAMEWORK,ACTIVE,EMP-37628
CON-002850,VND-01389,16169.17,EUR,2020-02-27,2022-07-30,RETAINER,TERMINATED,EMP-40242
CON-002851,VND-01418,5404.45,USD,2021-03-06,2023-04-07,MASTER_SERVICE,EXPIRED,EMP-2499
CON-002852,VND-00464,229755.46,SGD,2018-12-17,2019-10-26,FRAMEWORK,EXPIRED,EMP-49507
CON-002853,VND-01696,1208629.75,USD,2018-04-30,2021-01-23,MASTER_SERVICE,EXPIRED,EMP-8428
CON-002854,VND-02986,1208744.41,GBP,2023-11-09,2025-10-14,RETAINER,ACTIVE,EMP-CORP-00484
CON-002855,VND-00127,1051299.32,USD,2022-10-30,2024-07-26,SLA,EXPIRED,EMP-55678
CON-002856,VND-00951,39647.65,USD,2023-11-10,2024-12-27,FRAMEWORK,EXPIRED,EMP-RM739
CON-002857,VND-04644,152586.73,USD,2019-05-09,2020-08-03,FRAMEWORK,TERMINATED,EMP-RM099
CON-002858,VND-01279,291760.16,USD,2021-11-04,2024-07-08,MASTER_SERVICE,EXPIRED,EMP-35668
CON-002859,VND-01001,417486.63,USD,2018-11-21,2021-05-15,MASTER_SERVICE,TERMINATED,EMP-30383
CON-002860,VND-02098,318277.62,USD,2022-02-23,2024-05-14,PURCHASE_ORDER,EXPIRED,EMP-61479
CON-002861,VND-03456,175071.96,USD,2018-02-12,2020-05-18,FRAMEWORK,EXPIRED,EMP-69226
CON-002862,VND-02602,606148.18,EUR,2020-06-01,2021-04-01,FRAMEWORK,EXPIRED,EMP-62558
CON-002863,VND-00610,190722.36,EUR,2019-08-20,2020-02-23,PURCHASE_ORDER,EXPIRED,EMP-28177
CON-002864,VND-02509,441508.53,AUD,2019-12-26,2021-04-26,FRAMEWORK,EXPIRED,EMP-64154
CON-002865,VND-00283,16479.14,USD,2022-10-22,2025-03-10,RETAINER,EXPIRED,EMP-RM786
CON-002866,VND-03339,24225.6,EUR,2019-02-11,2021-06-28,MASTER_SERVICE,TERMINATED,MGR-2060
CON-002867,VND-01947,14431.2,CAD,2018-11-01,2021-08-30,SLA,ACTIVE,EMP-5128
CON-002868,VND-00483,1484716.29,GBP,2023-08-31,2024-06-23,MASTER_SERVICE,EXPIRED,EMP-23462
CON-002869,VND-00907,84219.26,EUR,2019-07-10,2021-11-13,SLA,EXPIRED,EMP-44517
CON-002870,VND-04267,521484.98,INR,2021-06-06,2023-12-23,FIXED_PRICE,EXPIRED,EMP-584
CON-002871,VND-01229,68293.45,USD,2021-12-28,2023-03-24,SLA,EXPIRED,EMP-6764
CON-002872,VND-01218,35684.54,AUD,2022-10-13,2024-01-02,FIXED_PRICE,EXPIRED,EMP-52955
CON-002873,VND-03552,507341.29,USD,2022-06-01,2025-04-06,RETAINER,EXPIRED,EMP-33966
CON-002874,VND-00308,435520.54,SGD,2018-10-15,2021-06-05,FRAMEWORK,EXPIRED,EMP-5843
CON-002875,VND-03837,164036.25,EUR,2021-01-15,2022-01-23,PURCHASE_ORDER,EXPIRED,EMP-36671
CON-002876,VND-04233,11271.19,USD,2022-04-28,2024-02-03,PURCHASE_ORDER,EXPIRED,EMP-8485
CON-002877,VND-04184,209645.65,INR,2019-07-06,2020-09-15,RETAINER,EXPIRED,EMP-44028
CON-002878,VND-02937,14060.86,GBP,2020-06-15,2021-06-25,MASTER_SERVICE,EXPIRED,EMP-68236
CON-002879,VND-04722,16722.45,GBP,2018-08-13,2020-09-06,PURCHASE_ORDER,EXPIRED,EMP-34639
CON-002880,VND-00688,328165.58,INR,2022-05-06,2024-08-21,SLA,EXPIRED,EMP-53591
CON-002881,VND-02666,30208.14,USD,2019-04-25,2021-09-16,RETAINER,EXPIRED,EMP-21231
CON-002882,VND-04606,1063244.85,USD,2022-09-11,2024-10-30,SLA,EXPIRED,EMP-43298
CON-002883,VND-04544,561002.34,USD,2018-01-07,2020-05-25,FRAMEWORK,EXPIRED,EMP-36264
CON-002884,VND-03912,45370.4,GBP,2023-06-04,2024-07-09,FIXED_PRICE,EXPIRED,EMP-31309
CON-002885,VND-01873,439300.97,USD,2020-04-26,2021-06-03,SLA,EXPIRED,EMP-50245
CON-002886,VND-03205,47558.28,GBP,2022-07-15,2024-10-30,FIXED_PRICE,EXPIRED,EMP-26998
CON-002887,VND-00163,54567.65,SGD,2018-04-19,2020-08-10,TIME_AND_MATERIAL,TERMINATED,EMP-22793
CON-002888,VND-04985,32485.9,USD,2020-06-12,2021-01-22,MASTER_SERVICE,EXPIRED,EMP-25995
CON-002889,VND-04838,6538.02,GBP,2023-08-31,2026-06-25,SLA,DRAFT,EMP-2128
CON-002890,VND-02417,3494302.21,USD,2018-11-15,2021-01-02,FRAMEWORK,EXPIRED,EMP-37325
CON-002891,VND-02141,3140691.87,INR,2022-09-08,2023-05-13,PURCHASE_ORDER,EXPIRED,EMP-60280
CON-002892,VND-04788,16957.9,EUR,2018-06-23,2020-03-14,TIME_AND_MATERIAL,EXPIRED,EMP-31103
CON-002893,VND-00898,5000.0,EUR,2021-06-25,2023-09-08,RETAINER,EXPIRED,EMP-54934
CON-002894,VND-02159,5000.0,GBP,2018-02-28,2019-04-26,TIME_AND_MATERIAL,TERMINATED,EMP-70710
CON-002895,VND-02287,309829.52,GBP,2019-01-19,2019-11-16,TIME_AND_MATERIAL,EXPIRED,EMP-4286
CON-002896,VND-00191,55943.27,USD,2018-06-16,2019-09-24,RETAINER,EXPIRED,EMP-38960
CON-002897,VND-00862,45663.82,USD,2022-12-31,2024-06-25,FRAMEWORK,EXPIRED,EMP-8720
CON-002898,VND-02640,46821.52,EUR,2020-10-11,2023-07-31,MASTER_SERVICE,EXPIRED,EMP-65313
CON-002899,VND-00483,8391.33,GBP,2022-10-05,2024-08-22,PURCHASE_ORDER,EXPIRED,EMP-47656
CON-002900,VND-03867,14264.33,USD,2020-04-13,2022-12-09,FRAMEWORK,TERMINATED,EMP-38223
CON-002901,VND-02120,286595.99,USD,2023-07-16,2024-10-29,RETAINER,TERMINATED,EMP-1610
CON-002902,VND-04245,1318407.98,USD,2019-12-01,2020-07-26,MASTER_SERVICE,EXPIRED,EMP-64274
CON-002903,VND-04036,113663.19,USD,2018-12-31,2021-11-21,TIME_AND_MATERIAL,EXPIRED,EMP-34612
CON-002904,VND-00046,9124.16,USD,2019-09-16,2022-07-29,TIME_AND_MATERIAL,TERMINATED,EMP-23266
CON-002905,VND-04893,4510203.58,EUR,2018-04-11,2020-05-20,RETAINER,EXPIRED,EMP-CORP-00211
CON-002906,VND-02897,5000.0,USD,2022-06-29,2024-02-07,MASTER_SERVICE,EXPIRED,EMP-41710
CON-002907,VND-02560,123615.22,AUD,2018-07-16,2019-10-26,FRAMEWORK,EXPIRED,EMP-44634
CON-002908,VND-00614,8770154.06,USD,2019-08-02,2020-06-05,FIXED_PRICE,ACTIVE,EMP-21311
CON-002909,VND-03536,10997.84,USD,2018-03-18,2019-08-28,MASTER_SERVICE,EXPIRED,EMP-33668
CON-002910,VND-03126,1217791.52,GBP,2020-01-08,2021-12-23,MASTER_SERVICE,TERMINATED,EMP-10744
CON-002911,VND-02713,62264.97,EUR,2019-08-06,2020-05-05,TIME_AND_MATERIAL,EXPIRED,EMP-14813
CON-002912,VND-04155,12284.33,USD,2022-06-30,2023-09-09,SLA,EXPIRED,EMP-28855
CON-002913,VND-04793,5000.0,EUR,2021-01-29,2022-07-23,FIXED_PRICE,EXPIRED,EMP-74468
CON-002914,VND-00350,182774.25,INR,2020-08-13,2022-08-17,PURCHASE_ORDER,EXPIRED,EMP-2031
CON-002915,VND-02489,89931.27,USD,2020-11-10,2021-12-24,FRAMEWORK,TERMINATED,EMP-56748
CON-002916,VND-03095,37218.94,GBP,2018-06-01,2020-08-24,SLA,EXPIRED,EMP-66572
CON-002917,VND-02781,306950.32,USD,2023-04-01,2025-06-06,PURCHASE_ORDER,ACTIVE,EMP-39000
CON-002918,VND-04331,5000.0,USD,2020-06-11,2022-10-08,RETAINER,EXPIRED,EMP-73814
CON-002919,VND-01299,21307.78,USD,2019-11-11,2022-02-25,FRAMEWORK,TERMINATED,EMP-6021
CON-002920,VND-01661,811734.09,USD,2022-06-25,2025-01-01,FRAMEWORK,EXPIRED,EMP-33269
CON-002921,VND-00913,70400.53,INR,2022-10-13,2024-08-26,SLA,EXPIRED,EMP-10128
CON-002922,VND-03350,807587.81,EUR,2018-12-30,2019-07-18,MASTER_SERVICE,TERMINATED,EMP-47078
CON-002923,VND-03652,33511.73,GBP,2019-10-18,2022-04-07,TIME_AND_MATERIAL,EXPIRED,EMP-58432
CON-002924,VND-04525,5000.0,USD,2020-06-14,2022-07-04,PURCHASE_ORDER,EXPIRED,EMP-25109
CON-002925,VND-02463,553331.63,EUR,2021-04-21,2023-07-21,RETAINER,EXPIRED,EMP-12461
CON-002926,VND-03272,1324616.92,GBP,2023-11-29,2026-11-17,PURCHASE_ORDER,ACTIVE,EMP-50879
CON-002927,VND-04938,5000.0,EUR,2018-04-03,2020-03-18,SLA,EXPIRED,EMP-24468
CON-002928,VND-03206,95936.8,USD,2019-07-17,2021-09-23,MASTER_SERVICE,EXPIRED,EMP-69787
CON-002929,VND-04554,5000.0,USD,2020-07-02,2023-06-03,RETAINER,EXPIRED,EMP-27998
CON-002930,VND-03928,41842.25,USD,2023-03-25,2026-03-22,MASTER_SERVICE,DRAFT,EMP-34849
CON-002931,VND-02388,531104.33,USD,2023-11-29,2026-05-09,RETAINER,ACTIVE,EMP-51839
CON-002932,VND-02941,438607.59,USD,2023-10-13,2026-04-07,MASTER_SERVICE,ACTIVE,EMP-15519
CON-002933,VND-02612,44481.32,CAD,2020-01-05,2022-03-15,MASTER_SERVICE,EXPIRED,EMP-13792
CON-002934,VND-02061,14311.2,EUR,2021-01-24,2023-09-02,FRAMEWORK,EXPIRED,EMP-67400
CON-002935,VND-04268,40882.21,USD,2021-05-31,2023-09-24,MASTER_SERVICE,TERMINATED,EMP-15693
CON-002936,VND-02868,272132.91,USD,2023-02-19,2025-11-17,MASTER_SERVICE,ACTIVE,EMP-59553
CON-002937,VND-01639,427832.6,GBP,2021-12-27,2024-10-17,TIME_AND_MATERIAL,EXPIRED,EMP-47633
CON-002938,VND-04165,38258.47,CAD,2023-01-06,2024-10-04,FIXED_PRICE,EXPIRED,EMP-10508
CON-002939,VND-02629,101183.99,GBP,2021-07-29,2023-06-04,PURCHASE_ORDER,TERMINATED,EMP-RM443
CON-002940,VND-00489,4261779.96,USD,2020-06-19,2022-01-21,RETAINER,EXPIRED,EMP-61486
CON-002941,VND-02205,640923.3,GBP,2020-11-03,2022-08-28,PURCHASE_ORDER,ACTIVE,EMP-10390
CON-002942,VND-01835,586517.48,EUR,2021-07-18,2023-04-06,PURCHASE_ORDER,EXPIRED,EMP-41442
CON-002943,VND-01281,17331.91,USD,2020-12-19,2023-04-16,RETAINER,EXPIRED,EMP-20545
CON-002944,VND-03635,6648.55,EUR,2019-10-26,2022-04-05,TIME_AND_MATERIAL,EXPIRED,EMP-57768
CON-002945,VND-01663,21053.67,USD,2022-05-04,2023-01-08,MASTER_SERVICE,TERMINATED,EMP-65305
CON-002946,VND-04036,951892.68,AUD,2020-11-10,2023-07-02,RETAINER,EXPIRED,EMP-27212
CON-002947,VND-00494,13745.87,SGD,2019-09-28,2021-02-24,MASTER_SERVICE,EXPIRED,EMP-19691
CON-002948,VND-02704,5065.8,EUR,2022-10-14,2025-08-07,TIME_AND_MATERIAL,ACTIVE,EMP-32720
CON-002949,VND-03882,514312.67,USD,2023-05-15,2024-12-06,FIXED_PRICE,EXPIRED,EMP-8000
CON-002950,VND-03860,657139.38,USD,2019-05-13,2020-08-24,SLA,TERMINATED,EMP-43061
CON-002951,VND-00054,51304.92,INR,2019-06-08,2021-06-01,SLA,EXPIRED,EMP-72203
CON-002952,VND-03536,384087.63,GBP,2020-01-11,2022-02-12,FRAMEWORK,EXPIRED,EMP-62625
CON-002953,VND-03183,14442.16,USD,2023-02-04,2024-08-15,PURCHASE_ORDER,EXPIRED,EMP-40137
CON-002954,VND-01920,5000.0,USD,2021-06-03,2023-07-21,SLA,EXPIRED,EMP-15513
CON-002955,VND-04957,190798.91,INR,2022-01-19,2024-04-13,FIXED_PRICE,EXPIRED,EMP-23837
CON-002956,VND-01389,6658.83,USD,2018-07-21,2021-06-11,PURCHASE_ORDER,EXPIRED,EMP-29128
CON-002957,VND-02130,441569.55,INR,2022-06-18,2023-12-16,FIXED_PRICE,EXPIRED,EMP-11778
CON-002958,VND-00092,730766.13,GBP,2023-04-03,2024-10-28,MASTER_SERVICE,TERMINATED,EMP-70817
CON-002959,VND-00512,619079.91,EUR,2020-09-10,2022-08-14,FRAMEWORK,TERMINATED,EMP-157
CON-002960,VND-03693,23157.0,USD,2021-12-17,2024-08-10,MASTER_SERVICE,EXPIRED,EMP-31477
CON-002961,VND-00202,59152.41,USD,2023-03-25,2025-09-24,PURCHASE_ORDER,ACTIVE,EMP-23534
CON-002962,VND-02297,25573.9,CAD,2019-10-01,2021-12-19,MASTER_SERVICE,EXPIRED,EMP-57367
CON-002963,VND-00061,357952.08,INR,2022-10-04,2024-09-10,FRAMEWORK,EXPIRED,EMP-34725
CON-002964,VND-04571,1679790.72,INR,2018-07-11,2020-07-12,RETAINER,EXPIRED,EMP-CORP-00394
CON-002965,VND-01427,42864.46,USD,2019-11-10,2021-03-18,FIXED_PRICE,EXPIRED,EMP-70510
CON-002966,VND-03649,369073.11,USD,2023-02-12,2024-02-25,TIME_AND_MATERIAL,TERMINATED,EMP-53987
CON-002967,VND-03332,15077.18,EUR,2022-07-12,2023-06-17,MASTER_SERVICE,EXPIRED,EMP-41445
CON-002968,VND-00703,686697.11,SGD,2023-12-01,2026-06-07,PURCHASE_ORDER,ACTIVE,EMP-26784
CON-002969,VND-01766,18580.85,GBP,2019-04-26,2020-12-03,MASTER_SERVICE,TERMINATED,EMP-30711
CON-002970,VND-01390,240770.98,INR,2022-06-15,2024-09-04,FRAMEWORK,EXPIRED,EMP-68306
CON-002971,VND-03536,45221.83,USD,2022-05-30,2023-05-21,FIXED_PRICE,EXPIRED,EMP-4398
CON-002972,VND-02557,117141.22,GBP,2020-01-13,2020-11-16,FIXED_PRICE,EXPIRED,EMP-54252
CON-002973,VND-03605,24931.48,USD,2023-02-11,2023-11-22,MASTER_SERVICE,EXPIRED,EMP-4286
CON-002974,VND-04251,733361.94,GBP,2022-01-11,2023-10-24,RETAINER,EXPIRED,EMP-71191
CON-002975,VND-01414,13896.14,INR,2021-07-16,2022-06-15,PURCHASE_ORDER,EXPIRED,EMP-71690
CON-002976,VND-01550,32251.91,USD,2018-10-15,2019-11-27,FRAMEWORK,EXPIRED,EMP-63506
CON-002977,VND-01054,966093.38,USD,2023-05-14,2026-03-11,FRAMEWORK,ACTIVE,EMP-73814
CON-002978,VND-02578,48089.7,EUR,2020-01-31,2022-12-24,TIME_AND_MATERIAL,EXPIRED,EMP-5944
CON-002979,VND-02730,697595.39,USD,2022-12-27,2023-09-27,MASTER_SERVICE,ACTIVE,EMP-17566
CON-002980,VND-03562,296955.14,USD,2023-04-18,2025-08-13,FIXED_PRICE,ACTIVE,EMP-19616
CON-002981,VND-01717,14568.09,USD,2022-05-22,2025-04-20,MASTER_SERVICE,EXPIRED,EMP-72742
CON-002982,VND-03279,10693.1,GBP,2019-10-23,2021-04-12,FRAMEWORK,EXPIRED,EMP-13491
CON-002983,VND-02006,5000.0,USD,2019-12-18,2022-09-27,PURCHASE_ORDER,EXPIRED,EMP-65661
CON-002984,VND-02457,791078.03,USD,2022-07-11,2024-04-12,RETAINER,TERMINATED,EMP-40092
CON-002985,VND-04746,5000.0,EUR,2022-01-07,2024-11-21,TIME_AND_MATERIAL,TERMINATED,EMP-35200
CON-002986,VND-00347,9503346.17,EUR,2019-01-26,2021-07-13,PURCHASE_ORDER,EXPIRED,EMP-70036
CON-002987,VND-01032,231979.22,USD,2020-03-14,2021-03-20,FRAMEWORK,TERMINATED,EMP-2548
CON-002988,VND-02512,14962.0,EUR,2022-05-10,2025-02-06,FRAMEWORK,EXPIRED,EMP-1721
CON-002989,VND-04181,141881.11,USD,2020-08-01,2022-04-20,TIME_AND_MATERIAL,EXPIRED,EMP-69172
CON-002990,VND-02556,5809.39,USD,2021-06-21,2023-08-03,RETAINER,EXPIRED,EMP-62483
CON-002991,VND-01084,244222.64,INR,2022-08-17,2025-07-12,SLA,ACTIVE,EMP-49295
CON-002992,VND-00223,5000.0,USD,2018-04-05,2019-07-10,FIXED_PRICE,ACTIVE,EMP-15009
CON-002993,VND-04996,5000.0,USD,2019-07-29,2022-03-09,SLA,EXPIRED,EMP-41096
CON-002994,VND-03661,5965.87,GBP,2020-05-20,2022-09-04,FRAMEWORK,EXPIRED,EMP-395
CON-002995,VND-04933,64526.71,AUD,2023-06-03,2025-06-06,RETAINER,ACTIVE,EMP-55025
CON-002996,VND-01697,2212860.5,USD,2023-05-21,2024-04-02,TIME_AND_MATERIAL,EXPIRED,EMP-51723
CON-002997,VND-04192,5000.0,USD,2023-09-01,2024-09-11,PURCHASE_ORDER,TERMINATED,EMP-41652
CON-002998,VND-00859,801260.77,INR,2018-01-11,2020-09-16,FRAMEWORK,EXPIRED,EMP-63677
CON-002999,VND-02863,12831.77,AUD,2023-07-01,2025-03-08,FRAMEWORK,EXPIRED,EMP-4994
CON-003000,VND-03181,16596.23,USD,2018-05-22,2019-07-19,TIME_AND_MATERIAL,EXPIRED,EMP-30692
CON-003001,VND-02677,12792.98,USD,2021-01-11,2023-12-18,RETAINER,EXPIRED,EMP-53665
CON-003002,VND-02247,62791.05,USD,2020-09-11,2022-05-10,PURCHASE_ORDER,EXPIRED,EMP-4855
CON-003003,VND-01522,493768.97,USD,2019-03-18,2020-01-14,MASTER_SERVICE,EXPIRED,EMP-64612
CON-003004,VND-01066,154750.17,INR,2018-12-02,2021-07-15,TIME_AND_MATERIAL,EXPIRED,EMP-44436
CON-003005,VND-03105,5000.0,USD,2018-07-13,2020-09-16,SLA,EXPIRED,EMP-5811
CON-003006,VND-04015,628251.56,GBP,2022-09-02,2024-01-19,RETAINER,EXPIRED,EMP-44343
CON-003007,VND-04702,6163.12,USD,2020-04-15,2022-12-26,FRAMEWORK,TERMINATED,EMP-28972
CON-003008,VND-03446,12393.5,AUD,2023-10-31,2024-05-11,SLA,EXPIRED,EMP-37590
CON-003009,VND-03411,72587.29,USD,2022-04-26,2023-08-17,MASTER_SERVICE,EXPIRED,MGR-7414
CON-003010,VND-02186,5000.0,GBP,2023-07-12,2024-08-07,TIME_AND_MATERIAL,EXPIRED,EMP-2694
CON-003011,VND-00274,5000.0,GBP,2022-03-03,2023-03-19,MASTER_SERVICE,TERMINATED,EMP-61399
CON-003012,VND-01806,34373.72,EUR,2021-11-09,2023-07-24,PURCHASE_ORDER,TERMINATED,EMP-62727
CON-003013,VND-04601,642702.94,USD,2018-03-13,2021-02-09,RETAINER,ACTIVE,EMP-5687
CON-003014,VND-02169,22732.86,USD,2021-02-05,2023-02-19,FIXED_PRICE,EXPIRED,EMP-49229
CON-003015,VND-03314,5000.0,CAD,2020-05-11,2021-04-22,TIME_AND_MATERIAL,EXPIRED,EMP-42430
CON-003016,VND-03691,353530.83,GBP,2021-03-30,2022-01-06,SLA,EXPIRED,EMP-68119
CON-003017,VND-01631,131590.16,USD,2019-02-07,2021-05-08,TIME_AND_MATERIAL,EXPIRED,EMP-74150
CON-003018,VND-03248,8726.55,USD,2022-06-28,2024-05-17,SLA,EXPIRED,EMP-2405
CON-003019,VND-00594,41128.23,AUD,2021-09-22,2024-02-11,TIME_AND_MATERIAL,ACTIVE,EMP-44211
CON-003020,VND-00351,10670.58,EUR,2020-02-14,2022-04-24,FRAMEWORK,EXPIRED,EMP-59721
CON-003021,VND-04351,30546.43,USD,2019-08-09,2021-01-04,TIME_AND_MATERIAL,EXPIRED,EMP-CORP-00072
CON-003022,VND-03966,41288.68,USD,2020-03-29,2022-06-10,TIME_AND_MATERIAL,ACTIVE,EMP-27861
CON-003023,VND-03918,58109.84,USD,2020-05-27,2022-03-01,MASTER_SERVICE,EXPIRED,EMP-51313
CON-003024,VND-03017,502459.94,USD,2022-08-05,2024-09-03,TIME_AND_MATERIAL,EXPIRED,EMP-40537
CON-003025,VND-00505,21678.57,USD,2020-10-29,2022-10-11,FIXED_PRICE,EXPIRED,EMP-73451
CON-003026,VND-00184,16802.07,USD,2021-11-30,2024-05-05,RETAINER,TERMINATED,EMP-22068
CON-003027,VND-00470,10877.2,USD,2018-10-22,2020-11-06,RETAINER,EXPIRED,EMP-45163
CON-003028,VND-04050,132395.88,USD,2018-01-10,2018-08-16,MASTER_SERVICE,EXPIRED,EMP-RM1433
CON-003029,VND-00895,582880.88,USD,2019-07-08,2021-12-02,RETAINER,EXPIRED,EMP-6734
CON-003030,VND-04774,751635.24,GBP,2021-08-25,2022-08-09,FRAMEWORK,TERMINATED,EMP-54298
CON-003031,VND-01197,5000.0,INR,2022-01-19,2023-10-02,FRAMEWORK,EXPIRED,EMP-33003
CON-003032,VND-04621,209145.31,USD,2022-12-30,2023-08-29,TIME_AND_MATERIAL,TERMINATED,EMP-52389
CON-003033,VND-01059,841427.66,USD,2021-09-27,2022-08-22,MASTER_SERVICE,EXPIRED,EMP-50404
CON-003034,VND-00907,499056.22,INR,2021-06-15,2023-05-23,MASTER_SERVICE,EXPIRED,EMP-2276
CON-003035,VND-03328,285966.92,USD,2021-11-05,2024-06-17,RETAINER,EXPIRED,EMP-10057
CON-003036,VND-01012,23734.38,USD,2022-08-19,2025-02-15,FIXED_PRICE,EXPIRED,EMP-10607
CON-003037,VND-00016,96008.01,USD,2018-09-21,2019-09-04,MASTER_SERVICE,EXPIRED,EMP-68771
CON-003038,VND-03439,783061.55,INR,2022-04-12,2023-09-19,FIXED_PRICE,EXPIRED,EMP-RM1332
CON-003039,VND-03807,1105637.36,GBP,2020-02-04,2021-03-16,PURCHASE_ORDER,EXPIRED,EMP-62996
CON-003040,VND-04137,16226.38,USD,2019-02-12,2020-06-06,FRAMEWORK,EXPIRED,EMP-74335
CON-003041,VND-04140,30531.5,USD,2023-06-17,2024-09-09,MASTER_SERVICE,EXPIRED,EMP-35263
CON-003042,VND-04198,395315.79,CAD,2018-02-25,2019-08-09,RETAINER,EXPIRED,EMP-64545
CON-003043,VND-02215,6955.14,USD,2023-11-20,2026-03-05,PURCHASE_ORDER,ACTIVE,EMP-7494
CON-003044,VND-02715,292826.17,USD,2023-07-08,2024-07-05,FIXED_PRICE,EXPIRED,EMP-12699
CON-003045,VND-03825,59779.47,USD,2019-05-16,2020-01-02,FRAMEWORK,EXPIRED,EMP-65853
CON-003046,VND-03773,465887.84,USD,2023-09-16,2026-04-18,SLA,ACTIVE,EMP-12259
CON-003047,VND-02754,32063.64,USD,2021-07-01,2023-08-27,MASTER_SERVICE,ACTIVE,EMP-59882
CON-003048,VND-03475,170150.51,USD,2020-10-07,2023-01-06,FRAMEWORK,EXPIRED,EMP-32857
CON-003049,VND-01051,91527.76,SGD,2021-06-05,2022-04-25,TIME_AND_MATERIAL,EXPIRED,EMP-26966
CON-003050,VND-01406,109096.26,INR,2023-12-31,2024-08-28,TIME_AND_MATERIAL,EXPIRED,MGR-39.0
CON-003051,VND-00624,14329.83,USD,2023-02-23,2024-02-14,RETAINER,EXPIRED,EMP-73345
CON-003052,VND-02153,84652.18,CAD,2018-05-15,2019-09-26,PURCHASE_ORDER,TERMINATED,EMP-72010
CON-003053,VND-00912,916755.01,USD,2019-03-14,2020-07-03,PURCHASE_ORDER,EXPIRED,EMP-37954
CON-003054,VND-03055,11179.78,USD,2018-09-06,2019-10-14,PURCHASE_ORDER,EXPIRED,EMP-2577
CON-003055,VND-00129,235007.31,USD,2019-04-19,2020-02-08,MASTER_SERVICE,EXPIRED,EMP-66043
CON-003056,VND-01515,14966.07,GBP,2021-03-01,2022-05-09,MASTER_SERVICE,EXPIRED,EMP-49852
CON-003057,VND-02752,334769.44,USD,2019-07-20,2022-02-10,RETAINER,EXPIRED,EMP-18490
CON-003058,VND-01040,24370.62,INR,2018-08-06,2021-03-01,FIXED_PRICE,EXPIRED,EMP-51091
CON-003059,VND-03876,411507.54,GBP,2023-10-24,2025-07-25,TIME_AND_MATERIAL,ACTIVE,EMP-26878
CON-003060,VND-02505,130800.16,USD,2018-09-18,2019-10-19,MASTER_SERVICE,TERMINATED,EMP-57883
CON-003061,VND-03116,866050.24,EUR,2019-11-19,2022-05-04,FIXED_PRICE,EXPIRED,EMP-72128
CON-003062,VND-03366,41820.11,USD,2018-04-18,2018-11-25,TIME_AND_MATERIAL,TERMINATED,EMP-59166
CON-003063,VND-04089,1552233.78,USD,2018-07-15,2020-11-14,FRAMEWORK,EXPIRED,EMP-48598
CON-003064,VND-00373,12381.44,USD,2018-09-28,2019-08-21,MASTER_SERVICE,EXPIRED,EMP-21578
CON-003065,VND-02310,689955.99,USD,2019-06-11,2021-11-23,PURCHASE_ORDER,EXPIRED,EMP-49563
CON-003066,VND-01133,5000.0,USD,2018-12-18,2021-09-20,PURCHASE_ORDER,EXPIRED,EMP-47730
CON-003067,VND-03534,611150.58,EUR,2023-04-16,2024-08-22,FIXED_PRICE,TERMINATED,EMP-15990
CON-003068,VND-03986,40431.24,USD,2023-06-21,2024-04-13,MASTER_SERVICE,ACTIVE,EMP-60164
CON-003069,VND-00557,8354.48,USD,2019-03-27,2020-01-21,SLA,EXPIRED,EMP-CORP-00598
CON-003070,VND-01966,48161.96,EUR,2018-09-03,2019-09-19,TIME_AND_MATERIAL,EXPIRED,EMP-34034
CON-003071,VND-03283,20238.98,AUD,2020-01-15,2021-08-28,MASTER_SERVICE,EXPIRED,EMP-19783
CON-003072,VND-02477,13453.0,AUD,2023-09-18,2025-09-17,FRAMEWORK,ACTIVE,EMP-52245
CON-003073,VND-04758,12150.83,EUR,2020-04-25,2022-01-21,SLA,EXPIRED,EMP-36089
CON-003074,VND-04071,118860.14,INR,2018-04-16,2020-03-27,FRAMEWORK,EXPIRED,EMP-23771
CON-003075,VND-00537,15272.97,USD,2023-08-01,2025-07-22,MASTER_SERVICE,ACTIVE,EMP-60668
CON-003076,VND-01280,46281.92,USD,2023-06-20,2026-04-10,RETAINER,ACTIVE,EMP-72576
CON-003077,VND-02263,31305.75,GBP,2020-08-04,2022-04-28,FRAMEWORK,EXPIRED,EMP-12964
CON-003078,VND-00428,23906.33,USD,2021-06-21,2023-06-22,FRAMEWORK,EXPIRED,EMP-9149
CON-003079,VND-00980,36747.19,AUD,2023-11-17,2024-07-31,TIME_AND_MATERIAL,EXPIRED,EMP-6608
CON-003080,VND-03609,169409.76,GBP,2020-06-21,2021-10-16,RETAINER,EXPIRED,EMP-31113
CON-003081,VND-03590,555914.37,SGD,2021-04-09,2022-10-24,TIME_AND_MATERIAL,EXPIRED,EMP-12203
CON-003082,VND-01986,132223.12,USD,2019-02-24,2021-06-08,RETAINER,TERMINATED,EMP-5618
CON-003083,VND-02603,1530524.52,USD,2023-07-23,2024-12-18,FIXED_PRICE,EXPIRED,EMP-CORP-00028
CON-003084,VND-02272,1394373.1,USD,2021-12-12,2023-05-27,RETAINER,EXPIRED,EMP-35848
CON-003085,VND-03771,643875.7,INR,2018-09-07,2020-07-05,TIME_AND_MATERIAL,EXPIRED,EMP-59814
CON-003086,VND-03058,8947.34,USD,2020-05-12,2020-12-05,FRAMEWORK,EXPIRED,EMP-52780
CON-003087,VND-02148,42578.68,USD,2019-09-12,2021-07-05,MASTER_SERVICE,EXPIRED,EMP-41835
CON-003088,VND-01503,165129.12,GBP,2022-01-03,2023-07-28,TIME_AND_MATERIAL,EXPIRED,EMP-71360
CON-003089,VND-02999,1052808.33,USD,2019-10-28,2021-03-25,FRAMEWORK,EXPIRED,EMP-23890
CON-003090,VND-04357,11392.05,USD,2022-11-01,2024-03-23,FRAMEWORK,EXPIRED,EMP-21177
CON-003091,VND-02210,5000.0,USD,2022-11-29,2024-04-07,PURCHASE_ORDER,EXPIRED,EMP-36671
CON-003092,VND-01515,148886.6,GBP,2018-07-30,2019-11-03,PURCHASE_ORDER,EXPIRED,EMP-27796
CON-003093,VND-00344,584321.59,AUD,2019-10-26,2021-05-13,FIXED_PRICE,EXPIRED,EMP-51177
CON-003094,VND-02283,173125.78,GBP,2023-03-05,2024-11-03,TIME_AND_MATERIAL,EXPIRED,EMP-57988
CON-003095,VND-01395,39045.08,AUD,2018-05-18,2019-01-09,FRAMEWORK,ACTIVE,EMP-71103
CON-003096,VND-04694,246884.64,USD,2022-05-16,2024-11-18,FRAMEWORK,EXPIRED,EMP-58622
CON-003097,VND-03068,351004.02,GBP,2018-01-05,2019-09-09,RETAINER,EXPIRED,EMP-50324
CON-003098,VND-00930,13668.47,USD,2021-10-07,2023-10-10,RETAINER,EXPIRED,EMP-62692
CON-003099,VND-01782,166304.83,USD,2020-10-21,2022-12-04,FIXED_PRICE,EXPIRED,EMP-67082
CON-003100,VND-01398,14730.69,GBP,2022-03-18,2024-01-30,MASTER_SERVICE,EXPIRED,EMP-CORP-00343
CON-003101,VND-01178,26215.01,USD,2020-02-03,2020-11-07,PURCHASE_ORDER,EXPIRED,EMP-74181
CON-003102,VND-01021,999038.27,GBP,2022-03-22,2024-01-15,TIME_AND_MATERIAL,EXPIRED,EMP-CORP-00405
CON-003103,VND-00225,271043.67,SGD,2023-11-13,2025-07-25,FRAMEWORK,ACTIVE,EMP-53625
CON-003104,VND-01736,990891.19,USD,2019-12-31,2020-12-28,FRAMEWORK,TERMINATED,EMP-63939
CON-003105,VND-00645,1134807.18,GBP,2018-07-05,2020-04-11,SLA,EXPIRED,EMP-65322
CON-003106,VND-02080,1322850.11,USD,2021-09-23,2023-08-22,TIME_AND_MATERIAL,EXPIRED,EMP-CORP-00297
CON-003107,VND-01347,12366.55,EUR,2022-06-17,2023-01-16,TIME_AND_MATERIAL,EXPIRED,EMP-68753
CON-003108,VND-04341,5000.0,USD,2020-05-24,2022-04-18,FIXED_PRICE,EXPIRED,EMP-36494
CON-003109,VND-00523,433756.77,USD,2020-04-26,2020-11-25,SLA,EXPIRED,EMP-13046
CON-003110,VND-01703,84107.11,GBP,2020-06-30,2022-01-03,TIME_AND_MATERIAL,EXPIRED,EMP-35930
CON-003111,VND-04046,150841.03,GBP,2018-07-01,2019-09-30,FRAMEWORK,EXPIRED,EMP-71733
CON-003112,VND-01984,17012.64,EUR,2020-02-06,2021-05-01,RETAINER,EXPIRED,EMP-66923
CON-003113,VND-02051,33136.68,GBP,2018-05-22,2019-08-30,FIXED_PRICE,TERMINATED,EMP-28095
CON-003114,VND-00859,9713.25,USD,2022-02-09,2023-07-06,FIXED_PRICE,EXPIRED,EMP-RM276
CON-003115,VND-01609,9738.98,SGD,2023-04-05,2023-11-28,RETAINER,TERMINATED,EMP-73789
CON-003116,VND-03121,18852.09,EUR,2022-04-29,2024-07-14,MASTER_SERVICE,EXPIRED,EMP-22882
CON-003117,VND-03114,17339.77,USD,2018-07-26,2019-06-23,MASTER_SERVICE,TERMINATED,EMP-23372
CON-003118,VND-02407,48981.03,USD,2018-07-02,2021-02-11,MASTER_SERVICE,EXPIRED,EMP-2336
CON-003119,VND-01368,3594165.18,USD,2022-08-25,2024-06-04,TIME_AND_MATERIAL,EXPIRED,EMP-18801
CON-003120,VND-02633,5000.0,GBP,2019-11-21,2021-01-17,FIXED_PRICE,TERMINATED,EMP-49372
CON-003121,VND-02200,5000.0,USD,2021-08-26,2024-05-29,SLA,EXPIRED,EMP-5168
CON-003122,VND-00697,50876.74,USD,2018-05-09,2019-12-24,TIME_AND_MATERIAL,EXPIRED,EMP-53531
CON-003123,VND-01525,544260.42,EUR,2022-07-14,2024-05-20,RETAINER,EXPIRED,EMP-62795
CON-003124,VND-04168,824533.39,USD,2019-04-13,2020-04-11,FRAMEWORK,EXPIRED,EMP-34700
CON-003125,VND-04766,168493.8,USD,2022-07-19,2024-09-17,MASTER_SERVICE,EXPIRED,EMP-57895
CON-003126,VND-04972,1335954.43,USD,2021-11-27,2023-02-02,PURCHASE_ORDER,EXPIRED,EMP-21075
CON-003127,VND-03920,5000.0,USD,2018-12-21,2020-11-01,FIXED_PRICE,EXPIRED,EMP-69934
CON-003128,VND-02117,5000.0,GBP,2022-01-31,2024-12-06,SLA,TERMINATED,EMP-55343
CON-003129,VND-03547,1154575.78,USD,2023-08-09,2025-09-26,MASTER_SERVICE,ACTIVE,EMP-25667
CON-003130,VND-04209,5000.0,USD,2020-03-07,2021-12-30,PURCHASE_ORDER,EXPIRED,EMP-42125
CON-003131,VND-02881,1025094.98,INR,2020-01-18,2022-12-05,SLA,EXPIRED,EMP-60890
CON-003132,VND-04241,22097.01,USD,2018-04-01,2020-02-02,MASTER_SERVICE,EXPIRED,EMP-41183
CON-003133,VND-00207,24137.55,INR,2020-02-03,2022-11-10,MASTER_SERVICE,ACTIVE,EMP-56394
CON-003134,VND-01653,60836.82,INR,2022-08-03,2024-12-04,RETAINER,EXPIRED,EMP-48858
CON-003135,VND-01273,882677.99,USD,2018-05-27,2019-07-21,TIME_AND_MATERIAL,EXPIRED,EMP-1716
CON-003136,VND-01164,165307.21,EUR,2019-04-02,2020-05-07,RETAINER,EXPIRED,EMP-26721
CON-003137,VND-04660,5000.0,INR,2019-12-20,2022-03-25,PURCHASE_ORDER,EXPIRED,EMP-27502
CON-003138,VND-02281,123866.73,INR,2021-09-04,2022-11-24,SLA,TERMINATED,EMP-73345
CON-003139,VND-02019,28477.32,USD,2020-10-06,2022-05-13,RETAINER,TERMINATED,EMP-40947
CON-003140,VND-01158,99856.0,USD,2021-06-21,2022-01-17,SLA,EXPIRED,EMP-19879
CON-003141,VND-02832,2564225.27,SGD,2023-08-20,2024-06-02,TIME_AND_MATERIAL,EXPIRED,EMP-62752
CON-003142,VND-04106,23097.56,AUD,2023-09-05,2026-06-19,MASTER_SERVICE,ACTIVE,EMP-57648
CON-003143,VND-00512,739644.32,GBP,2018-03-21,2020-06-17,FRAMEWORK,EXPIRED,EMP-64124
CON-003144,VND-01201,1440028.46,INR,2021-05-22,2022-10-21,FRAMEWORK,EXPIRED,EMP-20379
CON-003145,VND-02122,26685.9,USD,2022-05-16,2024-03-26,PURCHASE_ORDER,EXPIRED,EMP-4533
CON-003146,VND-01519,37316.0,USD,2019-02-22,2021-11-17,PURCHASE_ORDER,EXPIRED,EMP-66776
CON-003147,VND-00412,1503945.34,EUR,2019-01-30,2020-09-02,SLA,EXPIRED,EMP-47218
CON-003148,VND-03626,5000.0,SGD,2022-01-20,2022-10-25,FRAMEWORK,EXPIRED,EMP-17865
CON-003149,VND-00562,330179.61,INR,2018-01-18,2020-01-27,FIXED_PRICE,EXPIRED,EMP-23182
CON-003150,VND-02663,1076775.27,AUD,2020-07-09,2021-07-28,MASTER_SERVICE,EXPIRED,EMP-37576
CON-003151,VND-02794,5000.0,GBP,2023-03-17,2024-08-09,SLA,EXPIRED,EMP-63346
CON-003152,VND-02498,54381.86,INR,2018-09-27,2021-02-19,FIXED_PRICE,EXPIRED,EMP-31978
CON-003153,VND-00032,5000.0,EUR,2019-09-28,2020-10-09,FIXED_PRICE,EXPIRED,EMP-62167
CON-003154,VND-02156,1018629.23,GBP,2021-09-12,2023-03-19,FIXED_PRICE,EXPIRED,EMP-43523
CON-003155,VND-04754,1349841.32,GBP,2023-09-15,2025-02-24,RETAINER,EXPIRED,EMP-12292
CON-003156,VND-03445,73113.91,USD,2022-01-17,2023-07-14,RETAINER,TERMINATED,EMP-6230
CON-003157,VND-04891,35807.42,USD,2022-08-17,2024-10-04,FIXED_PRICE,EXPIRED,EMP-8676
CON-003158,VND-01617,15240.4,SGD,2021-01-30,2022-06-07,FIXED_PRICE,EXPIRED,EMP-21553
CON-003159,VND-00854,5000.0,USD,2021-03-31,2022-05-25,SLA,EXPIRED,EMP-27381
CON-003160,VND-02064,7178.55,USD,2021-04-30,2023-07-10,PURCHASE_ORDER,EXPIRED,EMP-27453
CON-003161,VND-00981,11480.55,USD,2023-04-01,2025-01-20,FIXED_PRICE,EXPIRED,EMP-73934
CON-003162,VND-01484,140879.29,USD,2019-02-09,2022-01-02,PURCHASE_ORDER,EXPIRED,EMP-49408
CON-003163,VND-04837,2238298.23,USD,2023-05-19,2024-05-29,SLA,EXPIRED,EMP-25682
CON-003164,VND-01906,300219.97,INR,2022-12-23,2024-01-15,FRAMEWORK,EXPIRED,EMP-26383
CON-003165,VND-01448,2437848.64,EUR,2022-02-05,2024-02-08,TIME_AND_MATERIAL,EXPIRED,EMP-53188
CON-003166,VND-01686,285598.05,AUD,2019-11-21,2021-09-16,PURCHASE_ORDER,EXPIRED,EMP-14364
CON-003167,VND-02643,494432.09,USD,2020-06-10,2021-10-28,MASTER_SERVICE,EXPIRED,EMP-36840
CON-003168,VND-00537,272935.94,GBP,2022-12-06,2023-08-22,RETAINER,ACTIVE,EMP-56747
CON-003169,VND-01887,71413.14,SGD,2020-03-12,2022-10-25,SLA,EXPIRED,EMP-19360
CON-003170,VND-02937,2203062.37,INR,2020-12-02,2023-11-03,SLA,EXPIRED,EMP-39285
CON-003171,VND-04145,11554.23,EUR,2021-08-18,2022-12-20,PURCHASE_ORDER,TERMINATED,EMP-19504
CON-003172,VND-01153,126934.27,INR,2019-08-26,2020-03-26,RETAINER,EXPIRED,EMP-60857
CON-003173,VND-04849,665945.31,EUR,2020-11-09,2022-04-22,RETAINER,EXPIRED,EMP-27757
CON-003174,VND-02488,60595.91,CAD,2023-03-03,2023-12-29,FRAMEWORK,EXPIRED,EMP-49983
CON-003175,VND-04622,5000.0,INR,2023-10-08,2024-07-01,RETAINER,EXPIRED,EMP-55324
CON-003176,VND-04957,8181.44,USD,2019-03-14,2020-07-15,PURCHASE_ORDER,EXPIRED,EMP-52379
CON-003177,VND-01641,349266.84,SGD,2023-10-20,2025-07-05,PURCHASE_ORDER,ACTIVE,EMP-28535
CON-003178,VND-02383,72743.97,USD,2022-05-01,2023-01-19,SLA,EXPIRED,EMP-33727
CON-003179,VND-02234,150634.26,GBP,2020-07-16,2022-04-20,PURCHASE_ORDER,EXPIRED,EMP-25118
CON-003180,VND-03848,5856.5,INR,2019-06-05,2021-04-25,MASTER_SERVICE,EXPIRED,EMP-19983
CON-003181,VND-03071,5000.0,USD,2018-11-16,2019-11-09,PURCHASE_ORDER,EXPIRED,EMP-61452
CON-003182,VND-00004,1284671.51,GBP,2022-05-08,2024-08-01,RETAINER,EXPIRED,EMP-22363
CON-003183,VND-03657,27070.8,USD,2018-08-04,2019-11-06,PURCHASE_ORDER,EXPIRED,EMP-42453
CON-003184,VND-00534,1172609.59,GBP,2019-03-10,2021-06-27,TIME_AND_MATERIAL,EXPIRED,EMP-28644
CON-003185,VND-02569,564344.44,CAD,2022-04-27,2024-09-29,RETAINER,ACTIVE,EMP-54509
CON-003186,VND-00959,22587.5,GBP,2019-08-13,2021-11-23,TIME_AND_MATERIAL,EXPIRED,EMP-33142
CON-003187,VND-02744,22104.57,USD,2018-01-05,2019-03-27,FRAMEWORK,EXPIRED,EMP-3388
CON-003188,VND-01917,260709.3,GBP,2021-01-18,2021-09-05,TIME_AND_MATERIAL,TERMINATED,EMP-31118
CON-003189,VND-03906,9022.8,USD,2021-02-26,2022-08-13,FRAMEWORK,TERMINATED,EMP-8650
CON-003190,VND-04767,92852.78,INR,2018-12-31,2020-03-19,FRAMEWORK,TERMINATED,EMP-26575
CON-003191,VND-02889,495140.7,USD,2020-03-16,2021-11-04,FIXED_PRICE,EXPIRED,EMP-35059
CON-003192,VND-02639,110903.25,USD,2023-09-09,2026-04-19,PURCHASE_ORDER,ACTIVE,EMP-42401
CON-003193,VND-03503,513265.24,GBP,2023-09-28,2024-11-02,FIXED_PRICE,TERMINATED,EMP-24973
CON-003194,VND-04390,377499.03,CAD,2022-02-03,2024-04-25,RETAINER,TERMINATED,EMP-69174
CON-003195,VND-03819,562812.21,USD,2020-10-09,2022-09-13,FIXED_PRICE,TERMINATED,EMP-11615
CON-003196,VND-01162,10062.87,GBP,2021-01-09,2022-02-25,FRAMEWORK,EXPIRED,EMP-33715
CON-003197,VND-01447,9984.9,GBP,2023-07-31,2024-05-05,TIME_AND_MATERIAL,TERMINATED,EMP-18114
CON-003198,VND-01739,499041.99,INR,2021-11-03,2024-01-03,RETAINER,EXPIRED,EMP-RM401
CON-003199,VND-02207,25685.74,EUR,2018-07-15,2020-03-21,FRAMEWORK,EXPIRED,EMP-51955
CON-003200,VND-01053,18687.37,INR,2020-12-15,2022-12-16,TIME_AND_MATERIAL,EXPIRED,EMP-40242
CON-003201,VND-04701,5000.0,USD,2023-03-07,2025-08-23,RETAINER,ACTIVE,EMP-16015
CON-003202,VND-00995,496867.14,USD,2020-04-17,2022-10-01,FIXED_PRICE,EXPIRED,EMP-27960
CON-003203,VND-02558,5000.0,USD,2019-05-02,2020-07-24,TIME_AND_MATERIAL,EXPIRED,EMP-58961
CON-003204,VND-00272,63305.98,EUR,2022-07-03,2024-04-16,TIME_AND_MATERIAL,EXPIRED,EMP-26520
CON-003205,VND-02956,44163.98,USD,2020-12-07,2021-07-08,FIXED_PRICE,TERMINATED,EMP-73705
CON-003206,VND-03973,136895.11,GBP,2023-03-21,2025-12-04,RETAINER,ACTIVE,EMP-RM949
CON-003207,VND-03116,1181069.97,EUR,2020-08-06,2021-03-25,SLA,EXPIRED,EMP-4659
CON-003208,VND-04978,21340.16,GBP,2021-08-05,2022-04-20,FIXED_PRICE,EXPIRED,EMP-38530
CON-003209,VND-02897,5000.0,USD,2019-02-08,2021-05-04,SLA,EXPIRED,EMP-62088
CON-003210,VND-02298,15589.55,AUD,2022-07-30,2023-05-11,SLA,EXPIRED,EMP-16321
CON-003211,VND-00513,5124.24,INR,2018-07-24,2020-06-28,FIXED_PRICE,EXPIRED,EMP-49134
CON-003212,VND-01176,6361.22,USD,2021-07-25,2022-04-21,SLA,EXPIRED,EMP-21963
CON-003213,VND-01470,125905.46,GBP,2021-12-28,2022-08-10,TIME_AND_MATERIAL,EXPIRED,EMP-54243
CON-003214,VND-02104,740475.17,GBP,2022-12-31,2023-12-26,RETAINER,EXPIRED,EMP-32970
CON-003215,VND-02638,63500.27,USD,2020-09-12,2022-07-17,PURCHASE_ORDER,EXPIRED,EMP-4427
CON-003216,VND-04052,26943.28,USD,2023-05-21,2025-11-05,FRAMEWORK,ACTIVE,EMP-14154
CON-003217,VND-02323,5000.0,CAD,2022-04-15,2023-06-06,PURCHASE_ORDER,TERMINATED,EMP-17602
CON-003218,VND-04572,852142.47,EUR,2021-06-13,2024-06-02,TIME_AND_MATERIAL,EXPIRED,EMP-54823
CON-003219,VND-00345,2843633.64,USD,2021-04-06,2023-04-30,PURCHASE_ORDER,EXPIRED,EMP-55604
CON-003220,VND-00731,3900011.96,INR,2018-06-18,2019-04-14,PURCHASE_ORDER,EXPIRED,EMP-18992
CON-003221,VND-02155,2153885.47,USD,2018-06-18,2019-07-09,SLA,EXPIRED,EMP-13209
CON-003222,VND-00973,96228.12,USD,2023-06-06,2025-12-29,FIXED_PRICE,DRAFT,EMP-6099
CON-003223,VND-01915,1093321.49,USD,2018-06-23,2021-02-03,SLA,TERMINATED,EMP-39122
CON-003224,VND-04482,23567.34,USD,2019-09-15,2022-07-12,RETAINER,EXPIRED,EMP-48197
CON-003225,VND-00754,5000.0,EUR,2022-04-18,2024-08-31,SLA,EXPIRED,EMP-38963
CON-003226,VND-01352,208818.45,SGD,2018-10-02,2020-09-21,PURCHASE_ORDER,EXPIRED,EMP-RM636
CON-003227,VND-04269,948154.72,USD,2018-12-14,2021-04-19,MASTER_SERVICE,EXPIRED,EMP-15318
CON-003228,VND-01930,49749.41,USD,2020-09-14,2023-09-07,TIME_AND_MATERIAL,EXPIRED,EMP-CORP-00541
CON-003229,VND-01151,10583.0,GBP,2021-12-28,2023-09-29,SLA,EXPIRED,EMP-47526
CON-003230,VND-02537,5000.0,USD,2018-09-19,2019-05-28,FRAMEWORK,EXPIRED,EMP-2862
CON-003231,VND-03698,186569.8,SGD,2020-01-28,2022-01-12,RETAINER,EXPIRED,EMP-37845
CON-003232,VND-03213,6590.25,SGD,2021-06-08,2024-03-10,PURCHASE_ORDER,EXPIRED,EMP-27645
CON-003233,VND-02150,757782.7,INR,2019-08-13,2020-04-07,TIME_AND_MATERIAL,EXPIRED,EMP-37299
CON-003234,VND-00617,6147605.95,INR,2021-08-06,2022-02-12,FRAMEWORK,EXPIRED,EMP-58348
CON-003235,VND-01567,15655.8,INR,2022-02-04,2024-09-26,TIME_AND_MATERIAL,EXPIRED,EMP-70121
CON-003236,VND-01979,5000.0,USD,2021-10-24,2022-12-19,TIME_AND_MATERIAL,EXPIRED,EMP-74127
CON-003237,VND-03138,124432.24,GBP,2023-05-24,2024-07-08,SLA,TERMINATED,EMP-1255
CON-003238,VND-03146,9672.01,SGD,2020-06-05,2023-01-20,FRAMEWORK,EXPIRED,EMP-19545
CON-003239,VND-02458,416245.42,USD,2022-05-14,2023-12-15,TIME_AND_MATERIAL,EXPIRED,EMP-18374
CON-003240,VND-04566,160636.68,USD,2021-11-14,2024-05-23,FRAMEWORK,EXPIRED,EMP-53435
CON-003241,VND-00917,1200224.57,USD,2022-01-31,2024-06-23,RETAINER,EXPIRED,EMP-62770
CON-003242,VND-04025,5000.0,AUD,2019-08-02,2020-02-02,TIME_AND_MATERIAL,EXPIRED,EMP-64080
CON-003243,VND-04501,2439887.57,USD,2023-03-25,2023-10-05,SLA,EXPIRED,EMP-38960
CON-003244,VND-03704,77061.15,CAD,2021-09-06,2023-11-25,FIXED_PRICE,EXPIRED,EMP-73743
CON-003245,VND-04891,10639.65,USD,2020-09-14,2022-10-21,TIME_AND_MATERIAL,ACTIVE,EMP-62010
CON-003246,VND-00052,53570.26,USD,2021-01-28,2021-11-12,RETAINER,EXPIRED,EMP-15632
CON-003247,VND-04164,158874.98,GBP,2018-10-04,2019-05-28,SLA,TERMINATED,EMP-74436
CON-003248,VND-01412,5000.0,USD,2021-10-31,2024-08-13,TIME_AND_MATERIAL,EXPIRED,EMP-12023
CON-003249,VND-01276,385253.3,GBP,2020-05-29,2022-03-14,FIXED_PRICE,EXPIRED,EMP-65327
CON-003250,VND-01734,14453.87,GBP,2018-04-05,2020-12-25,PURCHASE_ORDER,EXPIRED,EMP-42616
CON-003251,VND-03518,802205.46,EUR,2023-12-22,2026-03-18,FIXED_PRICE,ACTIVE,EMP-39820
CON-003252,VND-02341,44439.38,EUR,2019-10-19,2020-07-26,FIXED_PRICE,EXPIRED,EMP-26342
CON-003253,VND-02848,105443.08,USD,2019-12-27,2022-04-09,TIME_AND_MATERIAL,EXPIRED,EMP-72246
CON-003254,VND-03259,56889.19,INR,2018-09-19,2020-10-31,PURCHASE_ORDER,EXPIRED,EMP-69389
CON-003255,VND-00270,7968.61,GBP,2021-05-29,2024-05-08,TIME_AND_MATERIAL,EXPIRED,EMP-42286
CON-003256,VND-01705,634508.59,AUD,2022-12-04,2024-08-12,SLA,EXPIRED,EMP-21075
CON-003257,VND-01437,28728.3,USD,2022-09-06,2023-12-29,FRAMEWORK,EXPIRED,EMP-57371
CON-003258,VND-04078,11193.29,EUR,2022-09-07,2024-10-23,FIXED_PRICE,EXPIRED,EMP-71373
CON-003259,VND-00037,1125690.41,GBP,2019-04-27,2021-05-20,FRAMEWORK,EXPIRED,EMP-18563
CON-003260,VND-03801,717873.43,EUR,2022-08-21,2023-11-30,TIME_AND_MATERIAL,EXPIRED,EMP-43051
CON-003261,VND-00043,21127.06,GBP,2019-07-17,2022-06-25,FRAMEWORK,EXPIRED,EMP-56523
CON-003262,VND-00023,170562.56,INR,2019-11-10,2021-07-16,FRAMEWORK,ACTIVE,EMP-41060
CON-003263,VND-02926,50066.53,USD,2018-07-12,2021-03-22,MASTER_SERVICE,EXPIRED,EMP-9442
CON-003264,VND-03193,23196.31,GBP,2023-09-09,2026-02-26,PURCHASE_ORDER,ACTIVE,EMP-21686
CON-003265,VND-00260,1305592.23,USD,2021-04-26,2022-02-04,RETAINER,EXPIRED,EMP-61470
CON-003266,VND-01334,224244.19,EUR,2019-10-09,2020-10-07,MASTER_SERVICE,EXPIRED,EMP-44353
CON-003267,VND-00103,5000.0,EUR,2021-02-27,2022-05-24,PURCHASE_ORDER,EXPIRED,EMP-53892
CON-003268,VND-03097,5000.0,GBP,2021-08-20,2024-02-22,PURCHASE_ORDER,TERMINATED,EMP-55441
CON-003269,VND-02160,5702.39,SGD,2023-04-15,2025-07-18,TIME_AND_MATERIAL,ACTIVE,EMP-16777
CON-003270,VND-04894,5000.0,AUD,2021-02-03,2022-08-15,FRAMEWORK,EXPIRED,EMP-62415
CON-003271,VND-04475,7785.95,INR,2020-07-04,2022-10-09,FRAMEWORK,EXPIRED,EMP-5766
CON-003272,VND-02403,20162.0,CAD,2018-09-30,2020-06-14,TIME_AND_MATERIAL,EXPIRED,EMP-25041
CON-003273,VND-04916,1471211.66,USD,2021-10-23,2022-09-14,RETAINER,EXPIRED,EMP-3217
CON-003274,VND-01063,32852.92,CAD,2018-06-30,2019-03-04,MASTER_SERVICE,EXPIRED,EMP-40876
CON-003275,VND-04712,14199.19,GBP,2020-10-18,2023-06-09,FIXED_PRICE,EXPIRED,EMP-73085
CON-003276,VND-01957,230665.22,USD,2022-10-02,2025-08-18,PURCHASE_ORDER,ACTIVE,EMP-69426
CON-003277,VND-02577,9664.07,CAD,2018-01-12,2019-04-25,RETAINER,EXPIRED,EMP-69327
CON-003278,VND-03191,162348.98,USD,2019-02-22,2021-05-15,RETAINER,TERMINATED,EMP-28067
CON-003279,VND-00230,336577.12,USD,2022-01-23,2024-04-13,SLA,EXPIRED,EMP-28081
CON-003280,VND-02383,5000.0,USD,2021-01-21,2022-01-08,FRAMEWORK,EXPIRED,EMP-6131
CON-003281,VND-04170,5000.0,USD,2019-01-03,2021-12-15,FRAMEWORK,EXPIRED,EMP-3589
CON-003282,VND-02224,40980.74,USD,2018-05-28,2021-03-26,TIME_AND_MATERIAL,EXPIRED,EMP-21588
CON-003283,VND-00286,5148.56,INR,2022-03-09,2023-07-20,RETAINER,ACTIVE,EMP-70036
CON-003284,VND-00395,2124097.19,USD,2020-04-19,2022-01-27,TIME_AND_MATERIAL,EXPIRED,EMP-38552
CON-003285,VND-03628,815350.88,USD,2022-04-02,2024-08-02,SLA,ACTIVE,EMP-2849
CON-003286,VND-03472,15181.28,USD,2021-02-02,2021-11-24,TIME_AND_MATERIAL,EXPIRED,EMP-38052
CON-003287,VND-04440,505670.66,INR,2020-04-19,2021-11-08,FRAMEWORK,EXPIRED,EMP-42868
CON-003288,VND-02986,5000.0,EUR,2019-10-18,2021-08-24,TIME_AND_MATERIAL,EXPIRED,EMP-21580
CON-003289,VND-01077,786444.84,GBP,2022-08-31,2024-11-01,PURCHASE_ORDER,EXPIRED,EMP-43792
CON-003290,VND-04615,5057.95,INR,2020-10-28,2022-12-29,RETAINER,TERMINATED,EMP-CORP-00167
CON-003291,VND-01459,49501.51,GBP,2022-10-06,2023-08-09,FIXED_PRICE,EXPIRED,EMP-14942
CON-003292,VND-00631,16657.08,GBP,2019-07-18,2020-02-10,RETAINER,EXPIRED,EMP-25249
CON-003293,VND-04804,15642.04,USD,2022-04-21,2024-06-06,RETAINER,ACTIVE,EMP-RM703
CON-003294,VND-02138,287047.88,INR,2020-12-06,2023-11-22,TIME_AND_MATERIAL,EXPIRED,EMP-23615
CON-003295,VND-03467,6660.75,INR,2020-04-17,2022-02-14,PURCHASE_ORDER,TERMINATED,EMP-40700
CON-003296,VND-00697,114516.24,USD,2023-04-24,2026-04-19,PURCHASE_ORDER,ACTIVE,EMP-71485
CON-003297,VND-04598,50023.15,USD,2018-12-29,2021-04-01,TIME_AND_MATERIAL,EXPIRED,EMP-41635
CON-003298,VND-01889,429768.36,USD,2023-04-23,2025-07-05,PURCHASE_ORDER,ACTIVE,EMP-32386
CON-003299,VND-01656,5000.0,USD,2020-12-25,2022-02-18,MASTER_SERVICE,EXPIRED,EMP-25147
CON-003300,VND-03812,666254.0,GBP,2019-02-07,2020-01-01,SLA,EXPIRED,EMP-18483
CON-003301,VND-01966,1102172.13,EUR,2023-09-20,2025-07-27,PURCHASE_ORDER,ACTIVE,EMP-58831
CON-003302,VND-00562,148082.87,USD,2019-12-07,2020-11-27,PURCHASE_ORDER,TERMINATED,EMP-29771
CON-003303,VND-00444,7285.79,USD,2021-02-28,2023-02-09,FRAMEWORK,TERMINATED,EMP-17130
CON-003304,VND-00920,448675.94,GBP,2023-07-04,2025-06-10,TIME_AND_MATERIAL,ACTIVE,EMP-RM949
CON-003305,VND-02093,17408.18,USD,2021-12-17,2023-10-15,TIME_AND_MATERIAL,EXPIRED,EMP-56335
CON-003306,VND-02792,791015.19,EUR,2018-03-11,2018-09-22,TIME_AND_MATERIAL,TERMINATED,EMP-18998
CON-003307,VND-02414,813465.01,EUR,2019-06-30,2020-10-03,PURCHASE_ORDER,EXPIRED,EMP-11921
CON-003308,VND-01829,300253.36,USD,2019-01-27,2020-03-26,SLA,EXPIRED,EMP-71317
CON-003309,VND-00287,1038829.48,USD,2018-08-31,2021-07-05,PURCHASE_ORDER,EXPIRED,EMP-73662
CON-003310,VND-02721,198443.13,EUR,2019-01-08,2020-11-27,RETAINER,EXPIRED,EMP-CORP-00569
CON-003311,VND-00944,22347.36,INR,2022-08-01,2024-06-23,PURCHASE_ORDER,EXPIRED,EMP-RM349
CON-003312,VND-02742,500554.88,GBP,2019-10-01,2021-12-16,SLA,EXPIRED,EMP-73644
CON-003313,VND-04531,5000.0,USD,2021-03-24,2022-11-07,FRAMEWORK,EXPIRED,EMP-31298
CON-003314,VND-00439,5352.88,USD,2019-11-04,2020-06-15,FIXED_PRICE,TERMINATED,EMP-60955
CON-003315,VND-00081,150512.67,SGD,2022-03-27,2023-12-10,FIXED_PRICE,EXPIRED,EMP-48303
CON-003316,VND-01746,809583.56,AUD,2019-09-17,2022-07-11,FIXED_PRICE,EXPIRED,EMP-18707
CON-003317,VND-02726,563005.95,GBP,2019-02-16,2019-11-30,MASTER_SERVICE,EXPIRED,EMP-7016
CON-003318,VND-04439,378226.19,EUR,2021-08-29,2022-03-24,RETAINER,TERMINATED,EMP-41274
CON-003319,VND-02338,578656.82,USD,2020-11-16,2022-05-14,TIME_AND_MATERIAL,TERMINATED,EMP-52453
CON-003320,VND-04865,15225.54,USD,2019-07-31,2021-01-21,FIXED_PRICE,TERMINATED,EMP-64124
CON-003321,VND-04010,2752571.61,GBP,2021-06-09,2022-04-13,FRAMEWORK,EXPIRED,EMP-35905
CON-003322,VND-01892,69743.55,USD,2020-11-19,2023-01-08,TIME_AND_MATERIAL,EXPIRED,EMP-15725
CON-003323,VND-00827,467252.12,EUR,2021-03-07,2022-07-08,SLA,EXPIRED,EMP-44058
CON-003324,VND-02536,26367.28,USD,2018-10-07,2021-06-30,TIME_AND_MATERIAL,EXPIRED,EMP-27573
CON-003325,VND-04192,1134678.97,USD,2023-09-24,2025-09-19,SLA,ACTIVE,EMP-7764
CON-003326,VND-00141,145061.72,EUR,2020-07-28,2021-02-18,TIME_AND_MATERIAL,ACTIVE,EMP-62088
CON-003327,VND-02407,474732.21,SGD,2018-11-10,2020-01-07,PURCHASE_ORDER,EXPIRED,EMP-1631
CON-003328,VND-04992,220895.87,EUR,2023-08-07,2025-01-16,TIME_AND_MATERIAL,EXPIRED,EMP-39069
CON-003329,VND-03973,19190.48,GBP,2019-06-27,2022-01-28,FIXED_PRICE,EXPIRED,EMP-43564
CON-003330,VND-02060,176904.05,CAD,2019-09-13,2020-08-25,SLA,EXPIRED,EMP-27578
CON-003331,VND-00013,17155.54,USD,2020-04-13,2023-03-01,RETAINER,EXPIRED,EMP-5989
CON-003332,VND-02360,189260.49,USD,2019-07-17,2020-07-15,FIXED_PRICE,TERMINATED,EMP-4827
CON-003333,VND-00357,36607.3,USD,2021-05-03,2022-01-08,FIXED_PRICE,EXPIRED,EMP-61224
CON-003334,VND-00426,18017.92,EUR,2022-10-26,2023-12-21,SLA,EXPIRED,EMP-57901
CON-003335,VND-04551,5838.28,USD,2023-02-11,2024-03-11,FIXED_PRICE,EXPIRED,EMP-6177
CON-003336,VND-04350,17822.36,SGD,2023-12-09,2024-12-16,FRAMEWORK,EXPIRED,EMP-46110
CON-003337,VND-04474,129943.79,EUR,2020-01-05,2021-09-01,SLA,EXPIRED,EMP-53957
CON-003338,VND-04945,1972542.47,USD,2022-02-22,2025-02-06,FRAMEWORK,EXPIRED,EMP-38286
CON-003339,VND-04157,729849.33,INR,2023-10-15,2026-04-09,TIME_AND_MATERIAL,ACTIVE,EMP-11946
CON-003340,VND-02215,13149.17,USD,2019-05-07,2021-03-25,PURCHASE_ORDER,EXPIRED,EMP-61493
CON-003341,VND-01106,13132.82,CAD,2018-01-09,2019-09-02,SLA,EXPIRED,EMP-24219
CON-003342,VND-02615,755709.45,SGD,2020-02-10,2022-11-16,FRAMEWORK,EXPIRED,EMP-22515
CON-003343,VND-03718,54959.58,USD,2019-02-09,2021-10-03,RETAINER,EXPIRED,EMP-5520
CON-003344,VND-00414,5000.0,INR,2020-06-02,2021-06-06,SLA,EXPIRED,EMP-72422
CON-003345,VND-00262,295669.96,USD,2018-04-11,2020-06-26,SLA,EXPIRED,EMP-599
CON-003346,VND-00915,35395.05,INR,2020-02-29,2021-04-10,FIXED_PRICE,EXPIRED,EMP-35830
CON-003347,VND-04226,24027.11,EUR,2023-08-02,2026-03-22,RETAINER,ACTIVE,EMP-47520
CON-003348,VND-01959,5000.0,GBP,2018-04-27,2020-03-04,SLA,EXPIRED,EMP-26140
CON-003349,VND-04062,239358.85,USD,2022-11-04,2025-01-06,TIME_AND_MATERIAL,EXPIRED,EMP-9487
CON-003350,VND-04661,5000.0,INR,2020-01-04,2021-10-27,TIME_AND_MATERIAL,ACTIVE,EMP-32871
CON-003351,VND-02949,40750.46,GBP,2018-06-02,2020-02-23,PURCHASE_ORDER,EXPIRED,EMP-66757
CON-003352,VND-01175,96883.92,EUR,2020-05-12,2021-02-03,SLA,EXPIRED,EMP-36738
CON-003353,VND-04152,11937.42,USD,2022-01-01,2022-10-17,TIME_AND_MATERIAL,EXPIRED,EMP-59515
CON-003354,VND-04382,854997.51,GBP,2018-08-04,2020-02-16,MASTER_SERVICE,ACTIVE,EMP-10235
CON-003355,VND-03585,326452.81,GBP,2018-08-31,2019-06-26,FIXED_PRICE,EXPIRED,EMP-58448
CON-003356,VND-01128,280435.89,USD,2023-04-15,2024-10-22,FRAMEWORK,ACTIVE,EMP-28226
CON-003357,VND-03162,7325.42,USD,2022-08-11,2025-03-16,SLA,EXPIRED,EMP-RM326
CON-003358,VND-04798,141299.15,INR,2023-04-29,2025-08-14,SLA,ACTIVE,EMP-51588
CON-003359,VND-00747,446767.65,USD,2021-01-08,2023-10-06,RETAINER,EXPIRED,EMP-22719
CON-003360,VND-00389,5000.0,USD,2019-03-15,2020-03-07,PURCHASE_ORDER,EXPIRED,EMP-15315
CON-003361,VND-03335,75129.39,INR,2023-04-28,2024-03-10,PURCHASE_ORDER,EXPIRED,EMP-69046
CON-003362,VND-04271,55931.69,USD,2020-04-22,2022-11-30,MASTER_SERVICE,EXPIRED,EMP-74170
CON-003363,VND-01905,233993.29,EUR,2018-04-11,2019-10-14,FIXED_PRICE,EXPIRED,EMP-10065
CON-003364,VND-01429,1681280.85,USD,2021-12-06,2022-11-14,RETAINER,EXPIRED,EMP-53827
CON-003365,VND-02305,410971.53,EUR,2022-05-31,2023-11-06,SLA,EXPIRED,EMP-22068
CON-003366,VND-03081,12874.82,INR,2018-11-11,2020-07-25,PURCHASE_ORDER,EXPIRED,EMP-60585
CON-003367,VND-00439,5000.0,USD,2022-04-26,2023-10-04,PURCHASE_ORDER,ACTIVE,EMP-10006
CON-003368,VND-01672,699473.59,CAD,2019-10-15,2020-12-29,FIXED_PRICE,EXPIRED,EMP-71159
CON-003369,VND-01030,28925.8,INR,2022-08-04,2025-01-14,PURCHASE_ORDER,EXPIRED,EMP-17076
CON-003370,VND-03607,187634.84,USD,2018-02-18,2019-05-28,TIME_AND_MATERIAL,ACTIVE,EMP-64998
CON-003371,VND-01170,5000.0,USD,2019-12-01,2022-05-07,FRAMEWORK,EXPIRED,EMP-2870
CON-003372,VND-01207,181155.27,USD,2021-03-29,2023-06-05,FRAMEWORK,EXPIRED,EMP-41644
CON-003373,VND-03951,845330.41,INR,2022-06-19,2023-01-25,MASTER_SERVICE,EXPIRED,EMP-49652
CON-003374,VND-03980,63908.91,USD,2018-10-11,2019-07-29,PURCHASE_ORDER,EXPIRED,EMP-57371
CON-003375,VND-01922,96335.36,AUD,2022-02-26,2023-03-02,TIME_AND_MATERIAL,EXPIRED,EMP-16307
CON-003376,VND-02605,8031.07,USD,2020-01-22,2021-04-07,FRAMEWORK,EXPIRED,EMP-54623
CON-003377,VND-03812,37899.75,EUR,2018-09-07,2021-02-23,TIME_AND_MATERIAL,TERMINATED,EMP-26852
CON-003378,VND-04193,119966.36,EUR,2021-10-18,2023-10-07,PURCHASE_ORDER,EXPIRED,EMP-47909
CON-003379,VND-01839,21536.79,CAD,2020-12-04,2022-04-26,FIXED_PRICE,EXPIRED,EMP-1536
CON-003380,VND-03678,429357.28,INR,2023-06-02,2024-08-21,TIME_AND_MATERIAL,EXPIRED,EMP-30621
CON-003381,VND-04759,15275.73,EUR,2018-08-25,2021-03-10,RETAINER,EXPIRED,EMP-RM1056
CON-003382,VND-01373,393672.69,SGD,2023-05-10,2024-10-05,SLA,EXPIRED,EMP-70680
CON-003383,VND-04326,1267724.32,INR,2018-09-10,2021-06-12,FRAMEWORK,TERMINATED,EMP-37181
CON-003384,VND-03532,11488.43,USD,2023-05-26,2024-05-25,SLA,EXPIRED,EMP-31309
CON-003385,VND-02733,166695.25,SGD,2018-01-24,2020-01-30,TIME_AND_MATERIAL,ACTIVE,EMP-73124
CON-003386,VND-04878,105949.0,USD,2022-03-09,2022-12-24,FRAMEWORK,ACTIVE,EMP-21106
CON-003387,VND-01301,47873.19,EUR,2021-03-06,2022-10-29,SLA,EXPIRED,EMP-55933
CON-003388,VND-04862,5612.34,USD,2023-03-17,2024-08-22,PURCHASE_ORDER,EXPIRED,EMP-CORP-00151
CON-003389,VND-00070,1191638.39,INR,2019-08-25,2022-03-07,RETAINER,ACTIVE,EMP-CORP-00552
CON-003390,VND-03160,44009.61,USD,2021-07-27,2022-04-08,PURCHASE_ORDER,EXPIRED,EMP-70200
CON-003391,VND-03707,27814.31,GBP,2022-02-09,2023-03-04,MASTER_SERVICE,EXPIRED,EMP-13616
CON-003392,VND-00626,576444.71,USD,2018-03-24,2018-11-25,PURCHASE_ORDER,TERMINATED,EMP-328
CON-003393,VND-03952,46180.79,USD,2021-03-29,2021-12-06,PURCHASE_ORDER,EXPIRED,EMP-47337
CON-003394,VND-04347,738628.31,INR,2022-05-07,2024-06-06,MASTER_SERVICE,EXPIRED,EMP-36906
CON-003395,VND-02181,9164.15,CAD,2018-10-18,2019-07-18,MASTER_SERVICE,TERMINATED,EMP-10558
CON-003396,VND-02036,15069.61,GBP,2023-06-08,2024-01-02,RETAINER,EXPIRED,EMP-51105
CON-003397,VND-03760,12415.58,EUR,2018-08-22,2020-09-05,TIME_AND_MATERIAL,EXPIRED,EMP-33822
CON-003398,VND-01771,844553.51,USD,2019-03-09,2020-11-04,RETAINER,EXPIRED,EMP-49452
CON-003399,VND-04994,11482.37,USD,2023-07-02,2024-11-09,PURCHASE_ORDER,EXPIRED,EMP-35605
CON-003400,VND-03275,13378.78,USD,2022-12-18,2024-10-09,RETAINER,EXPIRED,EMP-51835
CON-003401,VND-00517,18622.57,GBP,2020-06-01,2021-04-12,TIME_AND_MATERIAL,EXPIRED,EMP-50602
CON-003402,VND-00585,5000.0,USD,2018-02-05,2019-08-25,TIME_AND_MATERIAL,EXPIRED,EMP-19848
CON-003403,VND-03718,189146.48,USD,2018-01-27,2019-12-19,MASTER_SERVICE,EXPIRED,EMP-36986
CON-003404,VND-01151,42746.53,INR,2019-04-24,2020-04-11,PURCHASE_ORDER,EXPIRED,EMP-23385
CON-003405,VND-00343,59813.87,CAD,2019-01-28,2021-12-08,FRAMEWORK,EXPIRED,EMP-61829
CON-003406,VND-04474,420259.0,USD,2022-04-01,2024-04-29,MASTER_SERVICE,EXPIRED,EMP-61504
CON-003407,VND-00043,68586.61,USD,2022-04-14,2024-01-28,SLA,EXPIRED,EMP-28730
CON-003408,VND-00325,1185177.63,USD,2019-03-27,2020-07-07,SLA,EXPIRED,EMP-49271
CON-003409,VND-01471,55286.37,USD,2019-09-06,2022-04-04,TIME_AND_MATERIAL,EXPIRED,EMP-30340
CON-003410,VND-01107,20652.8,USD,2021-09-11,2023-08-11,TIME_AND_MATERIAL,EXPIRED,EMP-58668
CON-003411,VND-00890,8879.1,USD,2023-06-09,2023-12-26,MASTER_SERVICE,EXPIRED,EMP-53827
CON-003412,VND-02470,5804.55,AUD,2022-05-19,2023-10-04,SLA,ACTIVE,EMP-51851
CON-003413,VND-01284,26681.39,USD,2018-12-09,2021-10-18,RETAINER,ACTIVE,EMP-8319
CON-003414,VND-02158,20567.12,INR,2023-11-20,2024-07-08,RETAINER,EXPIRED,EMP-38203
CON-003415,VND-02693,429698.2,GBP,2019-11-30,2021-03-25,MASTER_SERVICE,EXPIRED,EMP-7609
CON-003416,VND-01764,2011770.45,USD,2022-03-16,2023-03-14,PURCHASE_ORDER,EXPIRED,EMP-16194
CON-003417,VND-02356,84426.01,USD,2022-12-19,2024-11-07,TIME_AND_MATERIAL,TERMINATED,EMP-74009
CON-003418,VND-00020,356170.46,USD,2018-03-10,2019-10-21,PURCHASE_ORDER,EXPIRED,EMP-16365
CON-003419,VND-00118,36698.6,USD,2019-03-10,2021-11-10,PURCHASE_ORDER,EXPIRED,EMP-7759
CON-003420,VND-02517,12433.89,EUR,2019-11-16,2020-11-12,TIME_AND_MATERIAL,EXPIRED,EMP-8059
CON-003421,VND-01600,113518.8,GBP,2018-09-11,2019-04-23,TIME_AND_MATERIAL,TERMINATED,EMP-604
CON-003422,VND-01888,25564.61,USD,2022-05-03,2023-12-31,MASTER_SERVICE,EXPIRED,EMP-60188
CON-003423,VND-04651,1692083.59,GBP,2018-05-10,2020-08-14,FIXED_PRICE,EXPIRED,EMP-CORP-00482
CON-003424,VND-02555,181994.22,USD,2018-10-15,2021-01-24,SLA,EXPIRED,EMP-12121
CON-003425,VND-03400,2244768.2,INR,2021-09-04,2024-08-04,FRAMEWORK,TERMINATED,EMP-35176
CON-003426,VND-04114,360259.25,GBP,2020-12-20,2023-07-08,SLA,EXPIRED,EMP-54606
CON-003427,VND-00967,577820.23,EUR,2023-01-19,2023-11-08,PURCHASE_ORDER,EXPIRED,EMP-40329
CON-003428,VND-04768,315990.78,USD,2019-12-16,2021-11-28,PURCHASE_ORDER,EXPIRED,EMP-13247
CON-003429,VND-01422,185457.91,CAD,2023-04-03,2025-11-23,SLA,SUSPENDED,EMP-36168
CON-003430,VND-04377,64422.66,CAD,2021-03-31,2022-02-05,RETAINER,EXPIRED,EMP-30965
CON-003431,VND-02373,83079.14,AUD,2021-06-04,2022-11-16,FIXED_PRICE,EXPIRED,EMP-23511
CON-003432,VND-00247,487599.13,GBP,2018-04-25,2019-03-30,RETAINER,TERMINATED,EMP-70944
CON-003433,VND-03406,27771.78,USD,2021-04-18,2022-10-17,FRAMEWORK,EXPIRED,EMP-45616
CON-003434,VND-01762,110273.62,USD,2020-10-16,2022-02-20,PURCHASE_ORDER,EXPIRED,EMP-69665
CON-003435,VND-02860,8174.06,INR,2022-09-05,2024-08-12,FIXED_PRICE,ACTIVE,EMP-42230
CON-003436,VND-03403,1841065.98,INR,2022-02-03,2024-09-28,SLA,EXPIRED,EMP-CORP-00496
CON-003437,VND-01219,5000.0,EUR,2018-01-22,2020-10-04,RETAINER,TERMINATED,EMP-71883
CON-003438,VND-00006,13234.62,USD,2020-04-06,2021-05-29,MASTER_SERVICE,EXPIRED,EMP-40890
CON-003439,VND-00639,115836.42,USD,2023-02-15,2024-12-19,FRAMEWORK,EXPIRED,EMP-57205
CON-003440,VND-00944,1891115.18,USD,2021-12-29,2024-08-01,MASTER_SERVICE,EXPIRED,EMP-25876
CON-003441,VND-01736,43619.08,USD,2021-12-19,2023-02-21,MASTER_SERVICE,EXPIRED,EMP-60099
CON-003442,VND-02935,842259.86,EUR,2023-03-11,2026-02-19,TIME_AND_MATERIAL,ACTIVE,EMP-30787
CON-003443,VND-00526,167082.84,GBP,2020-04-07,2022-06-10,FIXED_PRICE,EXPIRED,EMP-CORP-00195
CON-003444,VND-03598,5000.0,INR,2019-07-16,2020-05-14,SLA,EXPIRED,EMP-32835
CON-003445,VND-04945,144400.27,USD,2019-01-14,2019-09-14,TIME_AND_MATERIAL,EXPIRED,EMP-13406
CON-003446,VND-01811,147276.26,SGD,2018-05-26,2019-04-13,MASTER_SERVICE,EXPIRED,EMP-34926
CON-003447,VND-03073,169811.0,INR,2022-06-15,2024-07-13,FRAMEWORK,EXPIRED,EMP-44016
CON-003448,VND-01546,47698.01,USD,2018-02-04,2020-12-04,TIME_AND_MATERIAL,EXPIRED,EMP-23309
CON-003449,VND-03225,271675.26,USD,2022-12-29,2024-08-27,SLA,EXPIRED,EMP-63309
CON-003450,VND-02535,11774.65,EUR,2018-11-21,2021-06-22,PURCHASE_ORDER,EXPIRED,EMP-RM391
CON-003451,VND-03898,5000.0,GBP,2021-02-05,2021-11-23,MASTER_SERVICE,ACTIVE,EMP-32713
CON-003452,VND-02391,1097638.54,AUD,2020-06-23,2021-01-20,PURCHASE_ORDER,EXPIRED,EMP-24093
CON-003453,VND-03125,1445556.86,CAD,2021-02-26,2022-03-16,MASTER_SERVICE,EXPIRED,EMP-20065
CON-003454,VND-00519,6674.19,AUD,2023-07-30,2024-11-28,FIXED_PRICE,EXPIRED,EMP-RM963
CON-003455,VND-04875,271305.2,INR,2021-07-05,2022-11-15,SLA,EXPIRED,EMP-47790
CON-003456,VND-03888,723967.16,USD,2020-10-05,2022-10-26,FRAMEWORK,EXPIRED,EMP-49284
CON-003457,VND-04164,43963.42,INR,2023-06-07,2026-03-03,TIME_AND_MATERIAL,ACTIVE,EMP-12272
CON-003458,VND-03754,1026828.1,SGD,2020-01-02,2021-01-07,TIME_AND_MATERIAL,EXPIRED,EMP-39955
CON-003459,VND-02418,6595.83,INR,2021-02-19,2022-01-20,MASTER_SERVICE,EXPIRED,EMP-10077
CON-003460,VND-04846,30788.31,GBP,2022-06-25,2023-04-22,TIME_AND_MATERIAL,TERMINATED,EMP-12999
CON-003461,VND-04316,19976.96,AUD,2021-02-19,2022-09-02,FRAMEWORK,EXPIRED,EMP-25422
CON-003462,VND-02838,1001392.16,INR,2022-04-07,2023-11-01,FIXED_PRICE,ACTIVE,EMP-44209
CON-003463,VND-01448,525996.72,USD,2020-05-30,2021-07-26,SLA,TERMINATED,EMP-58236
CON-003464,VND-01048,675028.19,INR,2021-11-19,2024-06-11,RETAINER,EXPIRED,EMP-21894
CON-003465,VND-01502,588477.67,SGD,2022-02-21,2023-10-03,SLA,EXPIRED,EMP-54262
CON-003466,VND-01788,20601.32,AUD,2019-12-21,2022-10-02,MASTER_SERVICE,EXPIRED,EMP-59715
CON-003467,VND-04010,423222.42,USD,2018-05-11,2019-03-12,SLA,EXPIRED,EMP-1454
CON-003468,VND-03645,14046.05,USD,2019-05-15,2021-03-27,FRAMEWORK,EXPIRED,EMP-57492
CON-003469,VND-03370,290774.33,USD,2021-04-19,2024-02-15,PURCHASE_ORDER,EXPIRED,EMP-73799
CON-003470,VND-02784,12219.99,EUR,2021-06-19,2022-10-30,FIXED_PRICE,EXPIRED,EMP-52389
CON-003471,VND-00573,66984.77,USD,2018-10-08,2019-11-28,FIXED_PRICE,EXPIRED,EMP-16000
CON-003472,VND-02856,8084.13,USD,2023-10-05,2026-02-28,RETAINER,SUSPENDED,EMP-24874
CON-003473,VND-04412,1501414.21,USD,2019-12-15,2021-05-16,SLA,EXPIRED,EMP-43446
CON-003474,VND-03478,658266.84,GBP,2021-02-23,2022-03-13,SLA,EXPIRED,EMP-30719
CON-003475,VND-00676,874465.94,GBP,2019-09-24,2020-03-22,SLA,EXPIRED,EMP-43222
CON-003476,VND-04371,519670.18,EUR,2023-05-03,2025-05-23,RETAINER,EXPIRED,EMP-7742
CON-003477,VND-02708,978217.28,USD,2021-07-12,2022-08-23,MASTER_SERVICE,EXPIRED,EMP-37236
CON-003478,VND-04833,615338.49,USD,2021-12-19,2022-07-23,FIXED_PRICE,EXPIRED,EMP-42508
CON-003479,VND-01053,79317.98,USD,2021-07-09,2024-05-29,RETAINER,EXPIRED,EMP-39313
CON-003480,VND-02387,5872.83,CAD,2022-09-18,2024-01-03,MASTER_SERVICE,EXPIRED,EMP-59988
CON-003481,VND-00687,414540.11,USD,2021-08-03,2023-02-24,MASTER_SERVICE,EXPIRED,EMP-RM675
CON-003482,VND-00234,765005.7,GBP,2022-05-04,2024-12-05,PURCHASE_ORDER,EXPIRED,EMP-70986
CON-003483,VND-00081,97843.2,SGD,2020-10-02,2023-05-08,RETAINER,EXPIRED,EMP-18210
CON-003484,VND-03026,9973.84,INR,2019-05-17,2021-05-29,RETAINER,EXPIRED,EMP-RM1006
CON-003485,VND-00729,7234.11,GBP,2021-12-21,2023-08-01,FIXED_PRICE,EXPIRED,EMP-60383
CON-003486,VND-01970,5000.0,USD,2023-10-13,2025-07-02,SLA,ACTIVE,EMP-73809
CON-003487,VND-02633,517972.35,USD,2021-06-15,2024-05-20,FRAMEWORK,EXPIRED,EMP-33838
CON-003488,VND-02761,115420.15,INR,2023-01-21,2025-08-13,SLA,SUSPENDED,EMP-63925
CON-003489,VND-02405,17110.75,USD,2021-11-19,2024-10-22,FIXED_PRICE,EXPIRED,EMP-31637
CON-003490,VND-01644,560511.88,AUD,2019-12-18,2022-12-08,SLA,TERMINATED,EMP-7130
CON-003491,VND-03552,70305.52,GBP,2018-06-12,2019-11-14,PURCHASE_ORDER,EXPIRED,EMP-74416
CON-003492,VND-03309,50457.95,USD,2018-08-17,2020-05-22,SLA,EXPIRED,EMP-46736
CON-003493,VND-03740,738120.31,INR,2022-04-13,2023-12-21,RETAINER,TERMINATED,EMP-15485
CON-003494,VND-02926,203804.35,GBP,2023-10-13,2025-04-14,MASTER_SERVICE,EXPIRED,EMP-35855
CON-003495,VND-04202,166602.05,USD,2022-08-06,2024-02-18,TIME_AND_MATERIAL,TERMINATED,EMP-12461
CON-003496,VND-03158,383974.47,USD,2020-11-09,2022-09-28,SLA,EXPIRED,EMP-19551
CON-003497,VND-01480,5000.0,EUR,2021-01-19,2021-08-01,RETAINER,TERMINATED,EMP-57493
CON-003498,VND-03572,82962.31,USD,2021-03-07,2023-02-12,TIME_AND_MATERIAL,EXPIRED,EMP-46552
CON-003499,VND-00059,680626.24,EUR,2018-10-03,2020-10-17,MASTER_SERVICE,EXPIRED,EMP-70804
CON-003500,VND-00866,141864.12,AUD,2020-06-06,2022-05-30,FIXED_PRICE,EXPIRED,EMP-65852
CON-003501,VND-04766,11051.66,EUR,2019-08-18,2021-06-16,RETAINER,EXPIRED,EMP-68303
CON-003502,VND-01806,123401.76,USD,2019-03-10,2021-05-23,TIME_AND_MATERIAL,TERMINATED,EMP-40739
CON-003503,VND-03386,1298280.78,AUD,2018-01-12,2018-10-18,FRAMEWORK,ACTIVE,EMP-RM234
CON-003504,VND-02966,23505.14,GBP,2022-09-21,2025-04-20,FIXED_PRICE,EXPIRED,EMP-71365
CON-003505,VND-03601,263058.38,INR,2021-08-01,2024-03-05,RETAINER,EXPIRED,EMP-17065
CON-003506,VND-00709,62610.09,USD,2019-06-12,2021-11-10,FRAMEWORK,EXPIRED,EMP-28265
CON-003507,VND-03308,72457.91,USD,2022-11-23,2024-05-01,SLA,EXPIRED,EMP-70015
CON-003508,VND-00637,24986.33,EUR,2018-12-08,2021-10-19,PURCHASE_ORDER,TERMINATED,EMP-56509
CON-003509,VND-02016,5000.0,SGD,2020-09-07,2022-02-02,MASTER_SERVICE,ACTIVE,EMP-41798
CON-003510,VND-03496,503243.38,EUR,2020-01-17,2022-09-25,SLA,EXPIRED,EMP-37088
CON-003511,VND-03466,50465.11,USD,2022-02-24,2022-10-26,RETAINER,EXPIRED,EMP-67317
CON-003512,VND-03583,857973.15,INR,2022-10-03,2025-01-01,SLA,EXPIRED,EMP-4674
CON-003513,VND-00899,130917.46,SGD,2019-11-26,2021-09-16,FIXED_PRICE,EXPIRED,EMP-52955
CON-003514,VND-01592,278729.74,USD,2019-12-07,2021-12-03,FIXED_PRICE,EXPIRED,EMP-73532
CON-003515,VND-00996,13792.15,AUD,2021-09-29,2022-04-21,PURCHASE_ORDER,EXPIRED,EMP-44087
CON-003516,VND-03879,7267129.61,GBP,2022-08-31,2025-07-11,FRAMEWORK,ACTIVE,EMP-27656
CON-003517,VND-02471,5000.0,EUR,2021-04-26,2023-01-04,RETAINER,EXPIRED,EMP-72787
CON-003518,VND-01167,76227.74,INR,2023-10-12,2026-08-24,MASTER_SERVICE,DRAFT,EMP-22255
CON-003519,VND-04569,2136276.42,EUR,2019-12-26,2020-10-09,RETAINER,TERMINATED,EMP-4010
CON-003520,VND-04451,10949366.7,USD,2023-04-14,2024-07-23,FIXED_PRICE,TERMINATED,EMP-19944
CON-003521,VND-01786,5955.91,GBP,2018-09-24,2020-03-05,SLA,EXPIRED,EMP-70201
CON-003522,VND-00442,689055.16,SGD,2022-08-31,2024-01-23,TIME_AND_MATERIAL,EXPIRED,EMP-36947
CON-003523,VND-01796,5000.0,USD,2023-07-02,2026-03-16,TIME_AND_MATERIAL,ACTIVE,EMP-32744
CON-003524,VND-01872,618053.0,SGD,2018-12-22,2019-12-06,FRAMEWORK,EXPIRED,EMP-23919
CON-003525,VND-02040,294512.73,INR,2018-12-24,2019-07-18,FRAMEWORK,EXPIRED,EMP-27916
CON-003526,VND-03650,29175.18,GBP,2022-04-16,2023-10-23,FIXED_PRICE,EXPIRED,EMP-66708
CON-003527,VND-04087,5000.0,GBP,2018-07-21,2021-06-22,RETAINER,EXPIRED,EMP-20964
CON-003528,VND-03610,701509.28,AUD,2023-06-18,2025-03-24,SLA,TERMINATED,EMP-52548
CON-003529,VND-04577,12923.42,EUR,2020-04-11,2022-05-30,FRAMEWORK,EXPIRED,EMP-46134
CON-003530,VND-01524,10476.43,USD,2018-08-14,2019-02-22,RETAINER,TERMINATED,EMP-53787
CON-003531,VND-02012,320953.13,USD,2023-09-25,2024-09-26,FRAMEWORK,EXPIRED,EMP-23738
CON-003532,VND-01108,115264.54,GBP,2018-08-06,2019-09-06,SLA,EXPIRED,EMP-1536
CON-003533,VND-02306,611257.19,EUR,2022-01-13,2022-10-18,FIXED_PRICE,EXPIRED,EMP-42230
CON-003534,VND-04168,530262.78,EUR,2023-09-13,2025-08-03,SLA,ACTIVE,EMP-61067
CON-003535,VND-04499,35187.49,INR,2021-06-01,2022-11-21,TIME_AND_MATERIAL,EXPIRED,EMP-CORP-00563
CON-003536,VND-02913,27028.24,GBP,2023-05-09,2024-01-31,FIXED_PRICE,TERMINATED,EMP-21778
CON-003537,VND-04929,5000.0,GBP,2021-04-18,2022-12-15,SLA,TERMINATED,EMP-65419
CON-003538,VND-04825,5000.0,USD,2019-12-26,2022-09-20,RETAINER,EXPIRED,EMP-47087
CON-003539,VND-00170,589400.75,GBP,2020-04-16,2021-02-26,TIME_AND_MATERIAL,EXPIRED,EMP-28181
CON-003540,VND-04262,19532.47,EUR,2022-10-10,2024-10-14,SLA,ACTIVE,EMP-38037
CON-003541,VND-02472,13542.51,USD,2018-03-14,2018-10-01,PURCHASE_ORDER,TERMINATED,EMP-38745
CON-003542,VND-01871,22346.23,USD,2021-07-21,2022-06-09,MASTER_SERVICE,EXPIRED,EMP-40913
CON-003543,VND-03629,203646.92,USD,2022-03-12,2025-01-19,FIXED_PRICE,TERMINATED,EMP-23597
CON-003544,VND-01457,18955.04,AUD,2021-03-02,2023-05-05,SLA,EXPIRED,MGR-22.0
CON-003545,VND-04668,280257.78,SGD,2018-10-17,2019-05-16,FIXED_PRICE,EXPIRED,EMP-24283
CON-003546,VND-04647,343900.56,GBP,2023-05-12,2024-01-02,PURCHASE_ORDER,EXPIRED,EMP-9126
CON-003547,VND-04447,5000.0,GBP,2022-06-20,2023-02-26,FIXED_PRICE,EXPIRED,EMP-60964
CON-003548,VND-04022,1262450.64,USD,2019-09-16,2020-07-08,FIXED_PRICE,TERMINATED,EMP-35053
CON-003549,VND-02458,125138.85,USD,2021-08-07,2023-03-23,RETAINER,ACTIVE,EMP-64607
CON-003550,VND-02822,964929.1,EUR,2020-03-19,2022-07-28,RETAINER,EXPIRED,EMP-23444
CON-003551,VND-04722,6276579.25,USD,2022-01-25,2023-03-31,SLA,EXPIRED,EMP-RM852
CON-003552,VND-04259,70269.65,USD,2021-09-20,2023-10-30,SLA,EXPIRED,EMP-64201
CON-003553,VND-02292,51257.59,USD,2023-01-22,2023-08-22,MASTER_SERVICE,EXPIRED,EMP-27821
CON-003554,VND-04022,5000.0,USD,2020-10-13,2021-11-19,RETAINER,EXPIRED,EMP-CORP-00164
CON-003555,VND-02551,285015.37,EUR,2021-04-12,2024-04-01,MASTER_SERVICE,EXPIRED,EMP-58459
CON-003556,VND-03952,1280564.03,INR,2022-05-31,2023-05-12,SLA,EXPIRED,EMP-56591
CON-003557,VND-02412,61570.85,EUR,2019-08-01,2021-11-15,RETAINER,EXPIRED,EMP-CORP-00021
CON-003558,VND-01113,179396.99,USD,2020-12-31,2023-01-04,FIXED_PRICE,EXPIRED,EMP-1316
CON-003559,VND-03934,26321.38,GBP,2021-10-12,2022-04-30,SLA,EXPIRED,EMP-17222
CON-003560,VND-01933,649542.38,INR,2020-07-10,2021-06-02,MASTER_SERVICE,EXPIRED,EMP-24076
CON-003561,VND-03191,50471.29,USD,2018-11-25,2021-02-19,SLA,EXPIRED,EMP-CORP-00238
CON-003562,VND-00755,49064.52,EUR,2022-06-12,2024-01-14,TIME_AND_MATERIAL,EXPIRED,EMP-32572
CON-003563,VND-00423,35713.26,GBP,2021-07-20,2023-12-23,FIXED_PRICE,EXPIRED,EMP-21125
CON-003564,VND-01335,3673369.64,GBP,2020-05-27,2022-02-18,SLA,EXPIRED,EMP-28050
CON-003565,VND-00791,9895.23,USD,2023-03-12,2024-01-11,RETAINER,EXPIRED,EMP-72028
CON-003566,VND-04957,534397.2,SGD,2018-12-20,2020-11-03,SLA,EXPIRED,EMP-52381
CON-003567,VND-04010,159299.13,GBP,2018-02-16,2018-08-16,RETAINER,EXPIRED,EMP-CORP-00191
CON-003568,VND-01318,1857048.82,USD,2021-02-07,2022-06-15,RETAINER,EXPIRED,EMP-39143
CON-003569,VND-00001,31081.5,CAD,2018-02-13,2019-03-24,RETAINER,EXPIRED,EMP-63094
CON-003570,VND-00328,76725.44,USD,2021-03-20,2022-11-23,FIXED_PRICE,EXPIRED,EMP-16266
CON-003571,VND-04890,28049.09,INR,2022-08-26,2024-08-30,MASTER_SERVICE,TERMINATED,EMP-74296
CON-003572,VND-04188,913124.82,USD,2021-01-18,2023-03-25,FIXED_PRICE,EXPIRED,EMP-33126
CON-003573,VND-04763,1074711.69,EUR,2019-11-15,2021-06-04,PURCHASE_ORDER,TERMINATED,EMP-36138
CON-003574,VND-00210,1573952.23,EUR,2020-04-27,2022-02-17,RETAINER,ACTIVE,EMP-63601
CON-003575,VND-03015,47149.26,USD,2021-03-21,2022-08-18,SLA,EXPIRED,EMP-11206
CON-003576,VND-01757,993365.02,USD,2019-08-11,2020-10-30,MASTER_SERVICE,EXPIRED,EMP-54132
CON-003577,VND-04140,5000.0,GBP,2020-06-30,2021-05-08,MASTER_SERVICE,EXPIRED,EMP-28943
CON-003578,VND-00157,53330.61,SGD,2018-11-08,2019-09-25,FRAMEWORK,EXPIRED,EMP-70101
CON-003579,VND-03060,936180.31,AUD,2018-01-13,2020-02-17,RETAINER,TERMINATED,EMP-8319
CON-003580,VND-03634,38368.45,GBP,2019-02-06,2020-05-24,PURCHASE_ORDER,EXPIRED,EMP-52265
CON-003581,VND-01453,145534.28,USD,2020-11-03,2022-09-17,PURCHASE_ORDER,EXPIRED,EMP-57109
CON-003582,VND-04115,207043.39,EUR,2023-05-26,2024-02-01,MASTER_SERVICE,EXPIRED,EMP-10723
CON-003583,VND-04327,6600.0,USD,2022-10-22,2024-01-24,RETAINER,EXPIRED,EMP-54372
CON-003584,VND-04898,21316.61,USD,2022-05-13,2024-07-28,TIME_AND_MATERIAL,EXPIRED,EMP-RM702
CON-003585,VND-01664,102246.43,EUR,2023-09-02,2024-09-16,PURCHASE_ORDER,EXPIRED,EMP-72514
CON-003586,VND-04198,161540.59,EUR,2022-06-21,2024-06-04,PURCHASE_ORDER,EXPIRED,EMP-15770
CON-003587,VND-01006,196431.84,USD,2020-05-11,2022-05-31,FIXED_PRICE,EXPIRED,EMP-18770
CON-003588,VND-03104,35700.01,INR,2020-01-10,2022-08-07,FRAMEWORK,EXPIRED,EMP-53312
CON-003589,VND-04942,260058.16,GBP,2020-08-23,2022-06-25,SLA,EXPIRED,EMP-66451
CON-003590,VND-01091,140476.28,GBP,2023-11-12,2024-06-04,MASTER_SERVICE,EXPIRED,EMP-2264
CON-003591,VND-00250,1853727.18,AUD,2020-03-17,2021-04-14,RETAINER,EXPIRED,EMP-RM380
CON-003592,VND-02875,5000.0,INR,2022-06-05,2024-03-20,MASTER_SERVICE,EXPIRED,EMP-26294
CON-003593,VND-03555,68390.36,GBP,2023-12-30,2024-09-25,PURCHASE_ORDER,EXPIRED,EMP-60315
CON-003594,VND-03640,32427.34,EUR,2022-08-20,2024-05-14,SLA,EXPIRED,EMP-25875
CON-003595,VND-00617,227785.52,USD,2018-10-04,2020-12-15,TIME_AND_MATERIAL,EXPIRED,EMP-CORP-00165
CON-003596,VND-03525,320876.3,USD,2020-07-21,2021-08-27,TIME_AND_MATERIAL,EXPIRED,EMP-2801
CON-003597,VND-00352,2257860.21,USD,2022-10-05,2023-09-11,RETAINER,EXPIRED,EMP-56397
CON-003598,VND-01929,1386108.16,USD,2019-09-13,2020-12-22,PURCHASE_ORDER,EXPIRED,EMP-57005
CON-003599,VND-03192,836817.49,INR,2019-03-22,2021-03-11,FRAMEWORK,EXPIRED,EMP-5503
CON-003600,VND-04396,197072.96,USD,2022-08-02,2025-03-11,SLA,EXPIRED,EMP-49307
CON-003601,VND-00176,85584.52,GBP,2020-09-02,2022-03-09,FIXED_PRICE,EXPIRED,EMP-65616
CON-003602,VND-01671,12410.24,USD,2021-11-27,2023-09-25,TIME_AND_MATERIAL,TERMINATED,EMP-RM046
CON-003603,VND-00283,655918.87,USD,2023-03-20,2024-02-06,MASTER_SERVICE,EXPIRED,EMP-17493
CON-003604,VND-04163,965348.54,EUR,2021-12-24,2023-12-11,RETAINER,EXPIRED,EMP-8545
CON-003605,VND-04824,41371.09,USD,2022-10-23,2024-07-08,TIME_AND_MATERIAL,TERMINATED,EMP-11785
CON-003606,VND-02194,23717.79,INR,2021-07-06,2023-12-09,RETAINER,EXPIRED,EMP-8159
CON-003607,VND-00236,27636.93,EUR,2023-08-24,2026-04-03,FRAMEWORK,ACTIVE,EMP-44507
CON-003608,VND-03070,22401.46,GBP,2020-07-13,2023-05-15,FRAMEWORK,EXPIRED,EMP-37130
CON-003609,VND-02406,12717.5,INR,2022-05-24,2023-03-02,TIME_AND_MATERIAL,EXPIRED,EMP-29536
CON-003610,VND-03643,13262.49,GBP,2019-08-07,2020-07-05,FIXED_PRICE,EXPIRED,EMP-32774
CON-003611,VND-00693,330186.62,EUR,2021-08-19,2022-10-20,SLA,EXPIRED,EMP-14004
CON-003612,VND-00092,810969.29,GBP,2023-03-01,2025-10-29,PURCHASE_ORDER,ACTIVE,EMP-63173
CON-003613,VND-03854,25142.89,USD,2022-11-25,2025-05-03,SLA,TERMINATED,EMP-70150
CON-003614,VND-00887,122408.57,SGD,2022-01-07,2023-03-09,FRAMEWORK,EXPIRED,EMP-578
CON-003615,VND-00081,493850.68,EUR,2022-11-17,2024-10-25,MASTER_SERVICE,EXPIRED,EMP-11760
CON-003616,VND-02802,184106.39,SGD,2018-01-27,2018-09-19,SLA,EXPIRED,EMP-23597
CON-003617,VND-00663,17789.6,USD,2022-02-07,2024-01-30,FRAMEWORK,EXPIRED,EMP-6730
CON-003618,VND-04796,532265.62,GBP,2019-10-05,2022-09-04,RETAINER,EXPIRED,EMP-52004
CON-003619,VND-03573,5000.0,INR,2020-01-19,2021-02-19,FRAMEWORK,EXPIRED,EMP-73594
CON-003620,VND-02533,1834715.93,GBP,2018-12-10,2019-12-19,FRAMEWORK,EXPIRED,EMP-46518
CON-003621,VND-00700,27335.66,USD,2022-07-05,2024-07-31,FIXED_PRICE,EXPIRED,EMP-43048
CON-003622,VND-04519,73841.32,EUR,2021-07-21,2023-04-06,MASTER_SERVICE,EXPIRED,EMP-31580
CON-003623,VND-00109,31874.77,USD,2022-11-19,2025-01-19,FRAMEWORK,EXPIRED,EMP-10879
CON-003624,VND-03369,162517.79,USD,2018-09-18,2021-06-21,MASTER_SERVICE,TERMINATED,EMP-30420
CON-003625,VND-04117,175826.58,SGD,2019-04-09,2019-12-10,RETAINER,EXPIRED,EMP-27713
CON-003626,VND-03079,23045.88,USD,2020-07-27,2023-05-25,TIME_AND_MATERIAL,EXPIRED,EMP-56654
CON-003627,VND-04467,10300.17,GBP,2023-10-29,2025-12-13,FIXED_PRICE,ACTIVE,EMP-57394
CON-003628,VND-01106,1123195.53,USD,2020-08-18,2021-02-21,TIME_AND_MATERIAL,EXPIRED,EMP-RM212
CON-003629,VND-02955,340421.3,EUR,2018-11-03,2020-09-27,PURCHASE_ORDER,EXPIRED,EMP-55678
CON-003630,VND-01555,127970.51,USD,2019-03-14,2021-04-16,RETAINER,EXPIRED,EMP-11236
CON-003631,VND-04476,35637.72,USD,2023-12-04,2026-01-02,FRAMEWORK,ACTIVE,EMP-69802
CON-003632,VND-04489,45606.63,GBP,2021-01-20,2021-08-03,FRAMEWORK,EXPIRED,EMP-40112
CON-003633,VND-02522,28816.23,USD,2018-10-12,2021-01-06,FIXED_PRICE,TERMINATED,EMP-32933
CON-003634,VND-03054,10575.05,GBP,2023-09-22,2025-07-01,FRAMEWORK,ACTIVE,EMP-21567
CON-003635,VND-03118,37008.8,GBP,2020-07-10,2021-02-03,PURCHASE_ORDER,TERMINATED,EMP-61055
CON-003636,VND-03216,793622.61,USD,2021-06-18,2022-09-19,MASTER_SERVICE,TERMINATED,EMP-18451
CON-003637,VND-00798,183366.49,GBP,2020-06-24,2021-11-28,PURCHASE_ORDER,EXPIRED,EMP-4313
CON-003638,VND-03546,7680439.75,INR,2018-08-15,2021-06-26,SLA,EXPIRED,EMP-18352
CON-003639,VND-00171,339818.42,GBP,2023-09-26,2026-08-14,SLA,ACTIVE,EMP-70048
CON-003640,VND-02702,25638.38,EUR,2020-05-21,2023-03-12,FIXED_PRICE,EXPIRED,EMP-39361
CON-003641,VND-00789,719930.08,INR,2021-06-17,2023-04-27,TIME_AND_MATERIAL,EXPIRED,EMP-45404
CON-003642,VND-00342,40815.02,AUD,2020-02-21,2021-07-18,RETAINER,EXPIRED,EMP-62155
CON-003643,VND-03176,130924.75,USD,2018-03-16,2020-05-10,SLA,EXPIRED,EMP-46306
CON-003644,VND-04073,30418.04,USD,2021-06-17,2022-06-23,MASTER_SERVICE,EXPIRED,EMP-22871
CON-003645,VND-00826,993286.18,USD,2018-07-21,2019-05-30,MASTER_SERVICE,EXPIRED,EMP-17329
CON-003646,VND-03973,1366583.74,USD,2020-02-27,2022-06-03,FIXED_PRICE,EXPIRED,EMP-28368
CON-003647,VND-00061,765276.7,USD,2020-09-23,2021-06-30,TIME_AND_MATERIAL,EXPIRED,EMP-59427
CON-003648,VND-04021,381037.15,AUD,2018-02-23,2019-03-22,TIME_AND_MATERIAL,EXPIRED,EMP-15932
CON-003649,VND-01481,74329.79,USD,2022-12-20,2024-03-14,TIME_AND_MATERIAL,TERMINATED,EMP-48671
CON-003650,VND-03305,43121.66,EUR,2022-05-28,2024-01-21,TIME_AND_MATERIAL,EXPIRED,EMP-28532
CON-003651,VND-00334,477429.27,SGD,2018-07-23,2021-01-20,MASTER_SERVICE,EXPIRED,EMP-27483
CON-003652,VND-01764,378304.19,USD,2019-04-20,2020-09-16,TIME_AND_MATERIAL,EXPIRED,EMP-42459
CON-003653,VND-02573,58087.05,GBP,2020-06-23,2022-11-21,FRAMEWORK,EXPIRED,EMP-17807
CON-003654,VND-04428,12631.51,INR,2018-07-22,2020-05-24,MASTER_SERVICE,ACTIVE,EMP-38164
CON-003655,VND-00874,27345.74,USD,2021-03-01,2024-02-15,SLA,EXPIRED,EMP-32096
CON-003656,VND-00936,27584.06,USD,2021-01-15,2022-09-24,FRAMEWORK,TERMINATED,EMP-52056
CON-003657,VND-02069,52922.3,GBP,2023-02-04,2023-11-06,MASTER_SERVICE,TERMINATED,EMP-13304
CON-003658,VND-03400,5000.0,USD,2019-08-03,2021-03-10,SLA,EXPIRED,EMP-11695
CON-003659,VND-02570,6841.14,USD,2021-09-24,2022-11-18,RETAINER,EXPIRED,EMP-59974
CON-003660,VND-04077,57423.24,INR,2023-07-26,2025-04-01,SLA,EXPIRED,EMP-28272
CON-003661,VND-04912,16431.14,USD,2019-11-22,2022-03-29,MASTER_SERVICE,EXPIRED,EMP-30717
CON-003662,VND-04597,22470.79,EUR,2022-10-19,2023-10-19,MASTER_SERVICE,EXPIRED,EMP-RM988
CON-003663,VND-02538,36076.75,USD,2019-03-18,2021-03-06,TIME_AND_MATERIAL,EXPIRED,EMP-31265
CON-003664,VND-04495,14836.65,INR,2020-08-15,2022-03-31,TIME_AND_MATERIAL,EXPIRED,EMP-CORP-00029
CON-003665,VND-03065,84321.93,USD,2020-04-26,2021-05-16,SLA,EXPIRED,EMP-14065
CON-003666,VND-00633,10298.26,USD,2020-03-17,2021-09-01,RETAINER,TERMINATED,EMP-64271
CON-003667,VND-01343,27698.78,EUR,2023-09-07,2024-12-26,FIXED_PRICE,EXPIRED,EMP-1326
CON-003668,VND-01569,15423.07,EUR,2019-12-01,2022-07-04,FIXED_PRICE,EXPIRED,EMP-32871
CON-003669,VND-03116,138930.93,EUR,2022-07-27,2024-08-15,MASTER_SERVICE,EXPIRED,EMP-5610
CON-003670,VND-02795,20811.3,INR,2023-11-11,2026-08-20,RETAINER,ACTIVE,EMP-53651
CON-003671,VND-02574,9216.77,USD,2023-07-23,2024-11-25,RETAINER,EXPIRED,EMP-22134
CON-003672,VND-00227,203077.05,GBP,2023-01-24,2024-02-07,SLA,EXPIRED,EMP-4601
CON-003673,VND-00855,7563.62,EUR,2023-06-19,2024-12-05,RETAINER,EXPIRED,EMP-15760
CON-003674,VND-00456,3438132.46,USD,2019-05-26,2021-04-23,FIXED_PRICE,EXPIRED,EMP-CORP-00066
CON-003675,VND-02694,28906.82,USD,2018-12-20,2020-11-17,MASTER_SERVICE,EXPIRED,EMP-11181
CON-003676,VND-00639,6249.43,GBP,2019-06-01,2020-09-19,TIME_AND_MATERIAL,TERMINATED,EMP-44705
CON-003677,VND-01941,5000.0,SGD,2020-10-25,2021-04-29,FRAMEWORK,EXPIRED,EMP-9672
CON-003678,VND-03699,172609.09,USD,2022-04-09,2023-06-20,MASTER_SERVICE,EXPIRED,EMP-60783
CON-003679,VND-01740,32186.71,USD,2023-07-10,2025-12-11,PURCHASE_ORDER,ACTIVE,EMP-CORP-00270
CON-003680,VND-02945,5000.0,SGD,2019-01-27,2020-05-03,FIXED_PRICE,EXPIRED,EMP-35635
CON-003681,VND-02448,5000.0,EUR,2021-12-07,2024-11-23,MASTER_SERVICE,EXPIRED,EMP-55281
CON-003682,VND-02213,982074.85,USD,2018-12-30,2020-01-20,MASTER_SERVICE,EXPIRED,EMP-36218
CON-003683,VND-00128,150558.93,USD,2018-01-24,2019-12-03,TIME_AND_MATERIAL,EXPIRED,EMP-22931
CON-003684,VND-02451,21302.89,SGD,2019-02-21,2020-07-04,FRAMEWORK,EXPIRED,EMP-74478
CON-003685,VND-02943,18457.26,GBP,2023-12-20,2026-08-19,FRAMEWORK,ACTIVE,EMP-68177
CON-003686,VND-04498,58182.09,EUR,2023-03-28,2024-03-21,MASTER_SERVICE,EXPIRED,EMP-60896
CON-003687,VND-00407,98212.31,GBP,2020-11-19,2022-01-20,TIME_AND_MATERIAL,EXPIRED,EMP-7301
CON-003688,VND-04431,82275.55,INR,2023-12-09,2024-10-27,FRAMEWORK,EXPIRED,EMP-66451
CON-003689,VND-00191,193072.68,USD,2018-05-09,2020-02-14,SLA,EXPIRED,EMP-55910
CON-003690,VND-02055,5734.65,USD,2018-01-14,2019-03-11,FRAMEWORK,EXPIRED,EMP-18374
CON-003691,VND-02930,228605.52,EUR,2019-05-25,2021-10-11,RETAINER,EXPIRED,EMP-13390
CON-003692,VND-03928,5000.0,USD,2020-05-14,2021-01-03,PURCHASE_ORDER,EXPIRED,EMP-4713
CON-003693,VND-01137,397305.43,GBP,2023-02-15,2024-02-17,SLA,EXPIRED,EMP-CORP-00478
CON-003694,VND-02655,163863.64,USD,2020-12-08,2023-10-05,MASTER_SERVICE,TERMINATED,EMP-25199
CON-003695,VND-02720,1406657.1,USD,2018-07-16,2019-10-05,TIME_AND_MATERIAL,EXPIRED,EMP-25102
CON-003696,VND-01346,381389.72,USD,2022-02-08,2023-04-30,FIXED_PRICE,EXPIRED,EMP-21680
CON-003697,VND-04615,8748.41,SGD,2020-02-17,2022-10-11,FIXED_PRICE,EXPIRED,EMP-33642
CON-003698,VND-02841,5000.0,USD,2022-11-15,2024-03-12,SLA,EXPIRED,EMP-73126
CON-003699,VND-00209,540849.33,USD,2023-02-21,2024-01-27,TIME_AND_MATERIAL,TERMINATED,EMP-65845
CON-003700,VND-02117,42137.57,USD,2020-09-19,2021-07-13,RETAINER,EXPIRED,EMP-38799
CON-003701,VND-04981,1915676.79,AUD,2018-12-31,2021-06-16,TIME_AND_MATERIAL,EXPIRED,EMP-11796
CON-003702,VND-00405,6243.71,GBP,2019-10-03,2022-03-15,RETAINER,EXPIRED,EMP-RM091
CON-003703,VND-00334,28583.92,USD,2022-08-18,2023-06-24,MASTER_SERVICE,EXPIRED,EMP-17258
CON-003704,VND-01552,5000.0,USD,2020-11-29,2021-12-22,TIME_AND_MATERIAL,EXPIRED,EMP-58647
CON-003705,VND-04406,5000.0,EUR,2021-07-31,2023-09-05,RETAINER,TERMINATED,EMP-37672
CON-003706,VND-01370,721898.94,USD,2021-08-28,2022-04-30,PURCHASE_ORDER,EXPIRED,EMP-RM291
CON-003707,VND-01442,1757581.85,USD,2021-01-14,2023-04-11,TIME_AND_MATERIAL,EXPIRED,EMP-68364
CON-003708,VND-00837,27216.06,SGD,2023-10-11,2026-08-22,PURCHASE_ORDER,ACTIVE,EMP-28950
CON-003709,VND-02729,402543.14,USD,2020-04-06,2022-04-04,FIXED_PRICE,EXPIRED,EMP-36601
CON-003710,VND-03720,21425.97,INR,2020-05-10,2021-01-27,MASTER_SERVICE,EXPIRED,EMP-4454
CON-003711,VND-00585,43850.11,EUR,2020-07-08,2022-10-25,PURCHASE_ORDER,EXPIRED,EMP-6494
CON-003712,VND-02920,1034152.85,USD,2020-05-11,2022-08-25,SLA,EXPIRED,EMP-52981
CON-003713,VND-02469,26690.07,CAD,2023-09-26,2024-10-29,FRAMEWORK,EXPIRED,EMP-11565
CON-003714,VND-03720,836353.07,EUR,2023-09-06,2025-08-25,FRAMEWORK,ACTIVE,EMP-52382
CON-003715,VND-01641,371423.48,USD,2019-06-05,2020-12-06,TIME_AND_MATERIAL,TERMINATED,EMP-2369
CON-003716,VND-01576,22205.56,USD,2020-10-16,2023-05-27,FRAMEWORK,ACTIVE,EMP-62831
CON-003717,VND-04016,684145.48,GBP,2021-03-19,2023-12-02,PURCHASE_ORDER,TERMINATED,EMP-70524
CON-003718,VND-04363,5000.0,EUR,2019-09-14,2022-04-17,RETAINER,EXPIRED,EMP-RM1307
CON-003719,VND-02629,8196.95,USD,2019-03-08,2019-09-21,FIXED_PRICE,EXPIRED,EMP-55786
CON-003720,VND-01748,501584.11,USD,2018-03-24,2019-03-05,SLA,EXPIRED,EMP-70312
CON-003721,VND-04769,28499.34,INR,2022-01-28,2022-11-13,FRAMEWORK,TERMINATED,EMP-71056
CON-003722,VND-04195,8554.37,USD,2019-07-13,2020-07-22,PURCHASE_ORDER,EXPIRED,EMP-59325
CON-003723,VND-02145,5000.0,CAD,2019-11-04,2021-06-25,PURCHASE_ORDER,EXPIRED,EMP-50956
CON-003724,VND-01046,5000.0,USD,2021-04-23,2022-07-17,MASTER_SERVICE,TERMINATED,EMP-43719
CON-003725,VND-00298,431303.75,GBP,2021-08-11,2022-06-14,FRAMEWORK,EXPIRED,EMP-28405
CON-003726,VND-04045,5000.0,SGD,2023-08-11,2026-05-16,TIME_AND_MATERIAL,ACTIVE,EMP-RM800
CON-003727,VND-01022,67679.59,EUR,2021-12-16,2024-08-01,RETAINER,EXPIRED,EMP-29509
CON-003728,VND-02446,17806.87,GBP,2020-03-12,2021-03-06,PURCHASE_ORDER,EXPIRED,EMP-57237
CON-003729,VND-02202,163919.36,AUD,2018-06-16,2019-07-13,FIXED_PRICE,EXPIRED,EMP-64634
CON-003730,VND-01543,5000.0,EUR,2018-05-24,2021-05-05,MASTER_SERVICE,EXPIRED,EMP-46846
CON-003731,VND-03728,65175.76,USD,2019-12-22,2021-01-10,PURCHASE_ORDER,EXPIRED,EMP-43877
CON-003732,VND-02774,34848.99,INR,2023-02-03,2025-02-24,PURCHASE_ORDER,EXPIRED,EMP-5378
CON-003733,VND-03121,6775.62,SGD,2020-01-17,2022-12-31,MASTER_SERVICE,EXPIRED,EMP-5318
CON-003734,VND-04779,42874.88,EUR,2018-03-01,2020-05-26,PURCHASE_ORDER,EXPIRED,EMP-2037
CON-003735,VND-04973,5000.0,EUR,2022-03-09,2022-09-17,MASTER_SERVICE,EXPIRED,EMP-28932
CON-003736,VND-03212,4400398.75,INR,2020-06-09,2022-10-20,TIME_AND_MATERIAL,EXPIRED,EMP-791
CON-003737,VND-01011,62009.88,USD,2021-04-04,2023-04-29,RETAINER,TERMINATED,EMP-1798
CON-003738,VND-03185,202410.76,USD,2019-12-11,2021-02-03,MASTER_SERVICE,EXPIRED,EMP-67333
CON-003739,VND-01164,33456.96,EUR,2019-01-08,2020-07-11,FRAMEWORK,EXPIRED,EMP-3193
CON-003740,VND-03248,2106192.23,USD,2023-01-30,2024-02-29,PURCHASE_ORDER,EXPIRED,EMP-124
CON-003741,VND-01070,5600.08,GBP,2022-07-04,2024-02-22,TIME_AND_MATERIAL,EXPIRED,EMP-65313
CON-003742,VND-04419,266633.6,USD,2021-01-05,2022-02-06,SLA,EXPIRED,EMP-37589
CON-003743,VND-03319,72271.22,USD,2018-12-12,2020-04-17,FRAMEWORK,EXPIRED,EMP-39516
CON-003744,VND-03298,4321151.86,USD,2022-01-29,2024-06-27,RETAINER,EXPIRED,EMP-CORP-00532
CON-003745,VND-02785,6825.58,SGD,2022-12-03,2024-10-20,FRAMEWORK,EXPIRED,EMP-CORP-00505
CON-003746,VND-00451,13663.28,INR,2019-08-13,2021-05-26,RETAINER,EXPIRED,EMP-11997
CON-003747,VND-04472,18790.63,USD,2021-09-16,2023-09-27,TIME_AND_MATERIAL,EXPIRED,EMP-4896
CON-003748,VND-04272,48239.8,EUR,2020-04-14,2021-06-29,FRAMEWORK,EXPIRED,EMP-37079
CON-003749,VND-02266,18306.19,GBP,2021-09-27,2022-09-13,SLA,EXPIRED,EMP-73343
CON-003750,VND-00372,33161.45,EUR,2019-07-24,2021-11-08,FIXED_PRICE,EXPIRED,EMP-28177
CON-003751,VND-00881,1670475.87,EUR,2018-07-02,2020-11-26,TIME_AND_MATERIAL,EXPIRED,EMP-51885
CON-003752,VND-00946,304561.68,USD,2019-05-24,2022-02-14,FRAMEWORK,EXPIRED,EMP-47056
CON-003753,VND-02935,4257089.47,SGD,2018-09-02,2020-09-22,SLA,EXPIRED,EMP-23687
CON-003754,VND-02182,5546.84,USD,2021-01-22,2023-07-23,FIXED_PRICE,EXPIRED,EMP-164
CON-003755,VND-03397,101504.1,GBP,2018-10-23,2021-10-17,FRAMEWORK,TERMINATED,EMP-17309
CON-003756,VND-01112,54780.67,USD,2020-12-29,2023-06-02,FRAMEWORK,EXPIRED,EMP-21985
CON-003757,VND-02790,28202.84,EUR,2022-06-18,2022-12-28,PURCHASE_ORDER,EXPIRED,EMP-52965
CON-003758,VND-00686,275018.48,EUR,2021-03-05,2023-08-26,FIXED_PRICE,EXPIRED,EMP-14479
CON-003759,VND-03279,5531.42,EUR,2021-10-14,2024-05-20,TIME_AND_MATERIAL,EXPIRED,EMP-22786
CON-003760,VND-01450,12711.78,USD,2019-02-05,2021-02-15,MASTER_SERVICE,EXPIRED,EMP-39679
CON-003761,VND-03148,1532777.0,USD,2019-05-19,2020-08-06,FIXED_PRICE,EXPIRED,EMP-60361
CON-003762,VND-04960,30854.92,INR,2023-06-23,2023-12-21,SLA,EXPIRED,EMP-446
CON-003763,VND-00126,21262.55,SGD,2022-11-19,2025-04-07,TIME_AND_MATERIAL,TERMINATED,EMP-51
CON-003764,VND-02607,17775.76,USD,2018-11-14,2019-07-28,TIME_AND_MATERIAL,EXPIRED,EMP-62188
CON-003765,VND-03604,96760.65,EUR,2019-07-09,2021-11-21,MASTER_SERVICE,TERMINATED,EMP-5981
CON-003766,VND-04904,5000.0,USD,2018-01-07,2020-01-01,FIXED_PRICE,EXPIRED,EMP-70036
CON-003767,VND-03832,21578.47,USD,2023-05-15,2024-10-29,SLA,EXPIRED,EMP-29546
CON-003768,VND-03828,79795.6,USD,2023-07-10,2024-05-26,MASTER_SERVICE,EXPIRED,EMP-4050
CON-003769,VND-01861,1624649.13,EUR,2018-01-31,2019-02-19,MASTER_SERVICE,EXPIRED,EMP-40696
CON-003770,VND-03406,84202.56,USD,2022-12-28,2025-08-15,FRAMEWORK,SUSPENDED,EMP-18579
CON-003771,VND-00574,34450.8,USD,2022-01-01,2022-10-01,MASTER_SERVICE,EXPIRED,EMP-12730
CON-003772,VND-04419,5000.0,USD,2021-05-18,2022-04-24,SLA,EXPIRED,EMP-34132
CON-003773,VND-03015,1176400.69,USD,2020-05-19,2020-12-03,FRAMEWORK,TERMINATED,EMP-304
CON-003774,VND-02550,123045.25,USD,2019-04-27,2020-07-02,RETAINER,TERMINATED,EMP-30975
CON-003775,VND-01606,586399.62,GBP,2022-04-03,2023-12-16,SLA,EXPIRED,EMP-46197
CON-003776,VND-01604,1359764.41,EUR,2018-12-08,2021-07-09,FRAMEWORK,EXPIRED,EMP-40091
CON-003777,VND-01112,6346.69,EUR,2019-07-25,2022-07-11,PURCHASE_ORDER,EXPIRED,EMP-20057
CON-003778,VND-02630,126822.22,EUR,2020-02-05,2022-11-24,RETAINER,EXPIRED,EMP-73112
CON-003779,VND-01735,3263626.26,GBP,2020-11-13,2023-01-12,RETAINER,EXPIRED,EMP-17723
CON-003780,VND-02583,9070.3,EUR,2020-09-09,2022-12-24,TIME_AND_MATERIAL,EXPIRED,EMP-18696
CON-003781,VND-00002,5000.0,USD,2022-05-07,2023-08-31,RETAINER,EXPIRED,EMP-69605
CON-003782,VND-01608,401272.11,GBP,2018-11-09,2020-04-03,RETAINER,EXPIRED,EMP-18814
CON-003783,VND-04121,94427.07,USD,2018-02-04,2021-01-23,PURCHASE_ORDER,TERMINATED,EMP-25658
CON-003784,VND-03276,72292.01,EUR,2019-08-04,2021-06-23,PURCHASE_ORDER,ACTIVE,EMP-10162
CON-003785,VND-00943,5000.0,INR,2019-02-23,2022-01-24,FRAMEWORK,EXPIRED,EMP-CORP-00112
CON-003786,VND-03252,43787.75,USD,2022-08-21,2023-12-18,PURCHASE_ORDER,TERMINATED,EMP-71273
CON-003787,VND-03328,149347.35,INR,2021-07-07,2022-10-21,FRAMEWORK,EXPIRED,EMP-8387
CON-003788,VND-03941,1892403.3,USD,2022-11-11,2024-09-11,TIME_AND_MATERIAL,EXPIRED,EMP-4120
CON-003789,VND-03166,534138.78,SGD,2023-10-06,2025-05-26,TIME_AND_MATERIAL,EXPIRED,EMP-6636
CON-003790,VND-01905,268365.66,USD,2020-06-22,2021-05-03,PURCHASE_ORDER,EXPIRED,EMP-5213
CON-003791,VND-00776,883471.36,USD,2023-01-27,2023-07-27,SLA,TERMINATED,EMP-55774
CON-003792,VND-04940,141740.06,USD,2022-04-26,2023-01-03,TIME_AND_MATERIAL,EXPIRED,EMP-33626
CON-003793,VND-04425,3038946.65,GBP,2019-05-05,2020-09-11,FRAMEWORK,EXPIRED,EMP-68326
CON-003794,VND-00341,423352.36,GBP,2020-05-05,2022-05-12,SLA,TERMINATED,EMP-2463
CON-003795,VND-00240,5000.0,GBP,2022-09-12,2024-08-19,SLA,TERMINATED,EMP-72228
CON-003796,VND-04640,15628.44,EUR,2022-07-13,2023-03-23,FRAMEWORK,EXPIRED,EMP-67241
CON-003797,VND-03116,1100570.69,USD,2018-10-14,2021-02-28,FIXED_PRICE,EXPIRED,EMP-31997
CON-003798,VND-01295,15368.14,EUR,2021-10-13,2023-07-17,RETAINER,EXPIRED,EMP-48263
CON-003799,VND-02745,18268.45,USD,2018-06-27,2020-03-01,SLA,EXPIRED,EMP-8433
CON-003800,VND-03954,85782.64,USD,2018-10-19,2019-07-06,RETAINER,EXPIRED,EMP-8033
CON-003801,VND-01139,31041.36,USD,2023-12-04,2026-03-03,PURCHASE_ORDER,ACTIVE,EMP-50601
CON-003802,VND-00798,185448.87,GBP,2019-07-25,2021-09-18,RETAINER,ACTIVE,EMP-67435
CON-003803,VND-01249,5000.0,USD,2020-03-17,2020-10-29,PURCHASE_ORDER,EXPIRED,EMP-28195
CON-003804,VND-01824,497206.64,INR,2022-01-11,2022-09-17,PURCHASE_ORDER,EXPIRED,EMP-13054
CON-003805,VND-04773,357543.77,INR,2023-04-08,2025-12-27,FIXED_PRICE,ACTIVE,EMP-7574
CON-003806,VND-01289,754891.48,USD,2023-04-01,2024-10-31,FIXED_PRICE,TERMINATED,EMP-24249
CON-003807,VND-03208,231995.96,USD,2021-04-15,2022-04-16,MASTER_SERVICE,EXPIRED,EMP-16743
CON-003808,VND-00853,11878.36,GBP,2020-11-13,2023-04-14,FRAMEWORK,EXPIRED,EMP-25377
CON-003809,VND-02219,77280.51,USD,2018-04-07,2019-11-20,PURCHASE_ORDER,EXPIRED,EMP-72493
CON-003810,VND-02535,616364.94,EUR,2021-05-08,2024-02-10,RETAINER,EXPIRED,EMP-35940
CON-003811,VND-03597,26922.37,USD,2018-07-26,2019-07-18,PURCHASE_ORDER,EXPIRED,EMP-4075
CON-003812,VND-00083,319419.21,EUR,2018-01-20,2019-12-31,SLA,TERMINATED,EMP-CORP-00399
CON-003813,VND-00981,63485.81,SGD,2018-12-11,2021-01-22,FRAMEWORK,EXPIRED,EMP-20533
CON-003814,VND-03589,6276.18,USD,2022-08-08,2023-10-17,TIME_AND_MATERIAL,EXPIRED,EMP-18979
CON-003815,VND-03724,470127.77,USD,2021-02-19,2023-03-26,SLA,EXPIRED,EMP-64549
CON-003816,VND-01959,92094.08,EUR,2019-12-01,2021-08-23,SLA,TERMINATED,EMP-64675
CON-003817,VND-04575,389823.12,CAD,2018-01-25,2018-12-16,RETAINER,EXPIRED,EMP-36016
CON-003818,VND-00914,29585.47,USD,2022-08-04,2023-04-29,SLA,EXPIRED,EMP-18899
CON-003819,VND-02237,29070.79,INR,2018-08-27,2020-08-08,SLA,EXPIRED,EMP-510
CON-003820,VND-03505,3516301.64,AUD,2019-06-28,2020-08-27,PURCHASE_ORDER,EXPIRED,EMP-44400
CON-003821,VND-02623,7340.65,USD,2021-04-20,2022-01-03,FIXED_PRICE,EXPIRED,EMP-CORP-00478
CON-003822,VND-03395,180975.71,GBP,2021-10-02,2023-12-06,SLA,EXPIRED,EMP-16787
CON-003823,VND-04376,6059.75,EUR,2023-11-27,2025-05-18,PURCHASE_ORDER,EXPIRED,EMP-59033
CON-003824,VND-04236,277601.97,GBP,2019-05-01,2020-12-22,MASTER_SERVICE,EXPIRED,EMP-9144
CON-003825,VND-04100,1777574.59,USD,2023-05-16,2024-02-28,FRAMEWORK,EXPIRED,EMP-71045
CON-003826,VND-00824,871661.58,USD,2018-08-30,2021-08-22,SLA,EXPIRED,EMP-44105
CON-003827,VND-04272,5000.0,EUR,2021-10-28,2024-03-27,SLA,EXPIRED,EMP-1546
CON-003828,VND-00666,345061.57,CAD,2018-08-06,2019-05-09,MASTER_SERVICE,EXPIRED,EMP-30498
CON-003829,VND-03037,428449.37,USD,2021-10-15,2024-01-22,PURCHASE_ORDER,ACTIVE,EMP-57488
CON-003830,VND-04180,43372.56,USD,2018-03-02,2018-12-06,TIME_AND_MATERIAL,ACTIVE,EMP-8664
CON-003831,VND-01152,715944.88,EUR,2020-09-19,2022-02-25,RETAINER,TERMINATED,EMP-3072
CON-003832,VND-03134,215202.0,USD,2018-07-20,2019-06-11,FIXED_PRICE,EXPIRED,EMP-CORP-00409
CON-003833,VND-03795,420602.45,USD,2021-01-29,2024-01-05,TIME_AND_MATERIAL,EXPIRED,EMP-19878
CON-003834,VND-04467,1419427.69,SGD,2020-03-25,2023-02-02,MASTER_SERVICE,EXPIRED,EMP-RM1117
CON-003835,VND-03635,49892.79,EUR,2018-07-07,2019-12-25,RETAINER,EXPIRED,EMP-43805
CON-003836,VND-01906,70365.13,USD,2018-05-06,2019-05-10,MASTER_SERVICE,EXPIRED,EMP-54129
CON-003837,VND-00932,5000.0,INR,2018-11-19,2021-04-30,RETAINER,EXPIRED,EMP-60248
CON-003838,VND-00757,5000.0,USD,2021-05-17,2023-12-08,SLA,EXPIRED,EMP-51358
CON-003839,VND-03128,5000.0,EUR,2023-03-18,2025-03-12,TIME_AND_MATERIAL,EXPIRED,EMP-60617
CON-003840,VND-03381,133175.1,USD,2021-05-15,2023-06-27,PURCHASE_ORDER,EXPIRED,EMP-52058
CON-003841,VND-04840,96042.87,USD,2022-09-16,2024-09-03,FIXED_PRICE,EXPIRED,EMP-7771
CON-003842,VND-02947,181554.03,USD,2018-09-08,2019-11-26,MASTER_SERVICE,EXPIRED,EMP-44512
CON-003843,VND-00359,179975.1,EUR,2018-04-18,2020-01-11,PURCHASE_ORDER,TERMINATED,EMP-51798
CON-003844,VND-00035,969823.66,GBP,2019-03-12,2020-10-09,FIXED_PRICE,EXPIRED,EMP-8063
CON-003845,VND-02547,4959240.57,EUR,2019-07-09,2022-03-30,SLA,EXPIRED,EMP-98
CON-003846,VND-04004,686963.51,EUR,2023-12-15,2025-04-24,PURCHASE_ORDER,TERMINATED,EMP-42368
CON-003847,VND-00866,231826.08,USD,2022-05-14,2024-06-19,TIME_AND_MATERIAL,EXPIRED,EMP-60410
CON-003848,VND-02098,188687.48,EUR,2021-08-30,2023-03-11,MASTER_SERVICE,TERMINATED,EMP-23631
CON-003849,VND-03779,14795.66,INR,2018-12-06,2021-08-21,PURCHASE_ORDER,EXPIRED,EMP-35553
CON-003850,VND-03308,614999.35,INR,2018-04-15,2020-10-05,PURCHASE_ORDER,EXPIRED,EMP-2359
CON-003851,VND-02233,927070.25,USD,2021-04-21,2022-02-07,TIME_AND_MATERIAL,EXPIRED,EMP-5989
CON-003852,VND-00235,700113.75,GBP,2022-12-03,2023-07-28,MASTER_SERVICE,EXPIRED,EMP-42240
CON-003853,VND-01989,5000.0,EUR,2022-11-29,2023-10-12,SLA,EXPIRED,EMP-38191
CON-003854,VND-04719,5000.0,USD,2021-11-17,2023-10-23,PURCHASE_ORDER,EXPIRED,EMP-28460
CON-003855,VND-03944,976373.09,GBP,2022-02-08,2024-07-17,MASTER_SERVICE,TERMINATED,EMP-52506
CON-003856,VND-02603,450773.9,SGD,2021-11-20,2023-06-16,FIXED_PRICE,EXPIRED,EMP-73975
CON-003857,VND-03510,571225.03,CAD,2022-06-07,2024-01-07,FRAMEWORK,EXPIRED,EMP-41909
CON-003858,VND-00919,36319.46,EUR,2019-05-02,2020-03-20,MASTER_SERVICE,EXPIRED,EMP-RM538
CON-003859,VND-00145,68959.6,EUR,2021-10-14,2024-01-13,RETAINER,EXPIRED,EMP-67801
CON-003860,VND-03464,264224.3,AUD,2020-01-31,2022-10-30,FIXED_PRICE,EXPIRED,EMP-53710
CON-003861,VND-02778,21546.13,USD,2021-11-14,2023-08-27,PURCHASE_ORDER,EXPIRED,EMP-24697
CON-003862,VND-02845,5000.0,GBP,2023-10-04,2026-01-22,SLA,ACTIVE,EMP-56520
CON-003863,VND-00538,5000.0,AUD,2022-11-01,2025-03-18,TIME_AND_MATERIAL,EXPIRED,EMP-49309
CON-003864,VND-01567,99972.01,USD,2018-02-11,2020-11-25,SLA,EXPIRED,EMP-4579
CON-003865,VND-04856,5965.76,SGD,2023-07-25,2025-07-27,TIME_AND_MATERIAL,ACTIVE,EMP-21631
CON-003866,VND-00028,604771.22,USD,2020-09-11,2021-10-20,MASTER_SERVICE,EXPIRED,EMP-32864
CON-003867,VND-04630,88334.02,USD,2021-02-23,2021-08-29,MASTER_SERVICE,EXPIRED,EMP-21098
CON-003868,VND-04540,543310.08,GBP,2018-03-07,2018-12-20,FRAMEWORK,EXPIRED,EMP-63194
CON-003869,VND-02727,1147361.99,USD,2018-01-02,2018-11-29,RETAINER,EXPIRED,EMP-59690
CON-003870,VND-04898,5000.0,AUD,2021-08-23,2023-11-06,MASTER_SERVICE,EXPIRED,EMP-72500
CON-003871,VND-04931,324122.56,CAD,2018-01-29,2019-05-01,TIME_AND_MATERIAL,EXPIRED,EMP-16138
CON-003872,VND-04874,42382.0,USD,2019-04-02,2021-03-10,SLA,EXPIRED,EMP-RM113
CON-003873,VND-04347,297699.03,USD,2020-02-08,2021-08-30,SLA,EXPIRED,EMP-32407
CON-003874,VND-03384,5000.0,USD,2020-03-05,2021-10-04,RETAINER,EXPIRED,EMP-3734
CON-003875,VND-03731,5000.0,AUD,2023-02-18,2024-07-07,RETAINER,EXPIRED,EMP-27459
CON-003876,VND-02451,11657.75,AUD,2020-01-07,2022-06-10,RETAINER,EXPIRED,EMP-73082
CON-003877,VND-04426,20888.51,USD,2023-03-08,2025-03-09,RETAINER,EXPIRED,EMP-37975
CON-003878,VND-00789,10309.31,CAD,2019-07-21,2020-10-07,RETAINER,EXPIRED,EMP-32936
CON-003879,VND-03870,7665.8,USD,2022-01-21,2022-08-28,MASTER_SERVICE,TERMINATED,EMP-29193
CON-003880,VND-02769,8381.43,USD,2021-08-12,2023-04-24,MASTER_SERVICE,EXPIRED,EMP-3918
CON-003881,VND-04453,70034.59,INR,2023-12-23,2026-04-26,RETAINER,ACTIVE,EMP-48858
CON-003882,VND-03015,583478.83,USD,2018-04-13,2019-01-21,SLA,EXPIRED,EMP-CORP-00536
CON-003883,VND-04306,47581.98,USD,2018-09-12,2020-06-01,FIXED_PRICE,TERMINATED,EMP-62674
CON-003884,VND-01379,527004.19,USD,2019-02-19,2020-04-20,MASTER_SERVICE,EXPIRED,EMP-70688
CON-003885,VND-01736,19125.66,USD,2019-12-16,2021-12-23,TIME_AND_MATERIAL,TERMINATED,EMP-67000
CON-003886,VND-02400,22616.47,GBP,2019-12-26,2021-05-08,FIXED_PRICE,EXPIRED,EMP-59779
CON-003887,VND-03605,2358719.13,USD,2020-01-28,2021-03-03,SLA,EXPIRED,EMP-62094
CON-003888,VND-00389,456751.02,GBP,2018-02-17,2019-04-20,TIME_AND_MATERIAL,EXPIRED,EMP-RM1097
CON-003889,VND-04097,220256.04,INR,2020-10-16,2023-06-02,FRAMEWORK,EXPIRED,EMP-50540
CON-003890,VND-02637,28924.95,USD,2022-05-05,2024-05-29,FRAMEWORK,EXPIRED,EMP-4589
CON-003891,VND-03869,21762.83,INR,2018-01-13,2020-02-18,TIME_AND_MATERIAL,EXPIRED,EMP-6225
CON-003892,VND-04104,21676.53,INR,2021-02-16,2022-09-25,SLA,EXPIRED,EMP-26255
CON-003893,VND-04705,5000.0,GBP,2019-04-29,2020-01-28,FRAMEWORK,EXPIRED,EMP-53472
CON-003894,VND-01336,14387.48,INR,2023-05-31,2025-11-05,FRAMEWORK,ACTIVE,EMP-24973
CON-003895,VND-00276,276173.51,SGD,2023-11-28,2024-06-21,PURCHASE_ORDER,EXPIRED,EMP-64744
CON-003896,VND-02814,49244.43,USD,2018-04-06,2018-10-27,FRAMEWORK,EXPIRED,EMP-59812
CON-003897,VND-00604,43031.52,USD,2022-10-13,2025-08-29,FRAMEWORK,ACTIVE,EMP-28849
CON-003898,VND-03067,614830.87,USD,2023-01-13,2023-12-19,RETAINER,EXPIRED,EMP-42420
CON-003899,VND-01342,12897.7,USD,2023-01-22,2024-06-11,MASTER_SERVICE,EXPIRED,EMP-RM685
CON-003900,VND-04624,6651.38,INR,2018-03-31,2019-08-21,RETAINER,EXPIRED,EMP-29684
CON-003901,VND-03917,776324.95,USD,2022-05-27,2024-11-11,RETAINER,ACTIVE,EMP-RM929
CON-003902,VND-00040,410060.77,USD,2020-06-05,2021-05-07,RETAINER,EXPIRED,EMP-39326
CON-003903,VND-01154,69438.87,EUR,2023-03-22,2026-03-18,PURCHASE_ORDER,SUSPENDED,EMP-69590
CON-003904,VND-03899,488193.44,USD,2021-01-14,2022-08-01,TIME_AND_MATERIAL,EXPIRED,EMP-43396
CON-003905,VND-02272,5000.0,INR,2021-04-17,2023-03-15,MASTER_SERVICE,EXPIRED,EMP-17636
CON-003906,VND-04164,52288.92,USD,2018-05-25,2021-05-17,TIME_AND_MATERIAL,EXPIRED,EMP-48426
CON-003907,VND-03582,5000.0,GBP,2021-11-12,2023-11-04,SLA,EXPIRED,EMP-12774
CON-003908,VND-03232,5000.0,USD,2021-05-10,2022-11-16,SLA,EXPIRED,EMP-3660
CON-003909,VND-01127,189614.94,SGD,2020-09-18,2021-12-13,FIXED_PRICE,EXPIRED,EMP-RM466
CON-003910,VND-04584,46767.13,EUR,2019-01-09,2020-08-19,FRAMEWORK,EXPIRED,EMP-59966
CON-003911,VND-01703,158193.58,USD,2019-03-18,2019-12-11,FRAMEWORK,EXPIRED,EMP-21926
CON-003912,VND-02127,51926.09,GBP,2018-10-06,2020-01-09,RETAINER,TERMINATED,EMP-RM1402
CON-003913,VND-02463,294187.06,USD,2022-07-28,2025-03-30,FIXED_PRICE,EXPIRED,EMP-11691
CON-003914,VND-01584,608959.42,EUR,2023-11-16,2025-11-14,MASTER_SERVICE,ACTIVE,EMP-RM096
CON-003915,VND-03986,57952.38,EUR,2022-09-09,2023-05-03,SLA,EXPIRED,EMP-29005
CON-003916,VND-03130,56257.3,SGD,2021-03-04,2023-09-17,FIXED_PRICE,ACTIVE,EMP-17076
CON-003917,VND-00250,118223.88,USD,2021-08-21,2023-06-13,RETAINER,EXPIRED,EMP-59082
CON-003918,VND-00571,94990.67,AUD,2020-05-07,2021-07-29,FIXED_PRICE,EXPIRED,EMP-41497
CON-003919,VND-03316,39672.72,USD,2021-07-26,2024-03-22,SLA,EXPIRED,EMP-CORP-00561
CON-003920,VND-02401,20720.72,INR,2020-08-14,2023-02-09,MASTER_SERVICE,EXPIRED,EMP-51
CON-003921,VND-03968,42457.72,GBP,2018-07-12,2020-07-05,TIME_AND_MATERIAL,EXPIRED,EMP-66854
CON-003922,VND-02580,498527.42,USD,2019-03-19,2021-06-30,SLA,TERMINATED,EMP-48806
CON-003923,VND-04049,452259.71,USD,2021-12-04,2024-01-03,MASTER_SERVICE,EXPIRED,EMP-32072
CON-003924,VND-02743,167522.62,USD,2019-11-07,2020-11-09,FRAMEWORK,EXPIRED,EMP-40875
CON-003925,VND-03161,177455.08,GBP,2021-10-03,2022-09-05,FRAMEWORK,TERMINATED,EMP-21489
CON-003926,VND-03984,1158342.37,USD,2023-01-27,2025-10-15,TIME_AND_MATERIAL,ACTIVE,EMP-59449
CON-003927,VND-03108,5000.0,GBP,2020-09-03,2021-07-22,TIME_AND_MATERIAL,TERMINATED,EMP-7354
CON-003928,VND-01019,183946.59,USD,2020-05-27,2022-09-22,MASTER_SERVICE,EXPIRED,EMP-39420
CON-003929,VND-02278,59938.6,USD,2023-10-27,2024-06-15,TIME_AND_MATERIAL,EXPIRED,EMP-37486
CON-003930,VND-03628,353882.86,USD,2021-07-14,2024-04-24,RETAINER,EXPIRED,EMP-70682
CON-003931,VND-02377,36565.91,USD,2020-06-06,2021-05-05,RETAINER,EXPIRED,EMP-58232
CON-003932,VND-01543,3435273.49,GBP,2018-09-29,2020-10-10,PURCHASE_ORDER,EXPIRED,EMP-47828
CON-003933,VND-04753,2369021.28,INR,2020-12-11,2023-03-09,SLA,EXPIRED,EMP-63728
CON-003934,VND-00082,601891.02,USD,2021-01-17,2022-08-19,TIME_AND_MATERIAL,TERMINATED,EMP-3169
CON-003935,VND-01133,2186240.31,GBP,2023-01-31,2026-01-28,TIME_AND_MATERIAL,ACTIVE,EMP-34475
CON-003936,VND-01161,700690.29,USD,2019-03-15,2021-07-05,FIXED_PRICE,EXPIRED,EMP-48052
CON-003937,VND-02449,480302.75,AUD,2023-11-22,2025-02-27,FIXED_PRICE,EXPIRED,EMP-22421
CON-003938,VND-00239,21270.47,USD,2018-09-09,2020-03-30,TIME_AND_MATERIAL,TERMINATED,EMP-16318
CON-003939,VND-03829,41321.8,USD,2020-03-23,2020-11-13,TIME_AND_MATERIAL,EXPIRED,EMP-41943
CON-003940,VND-03322,700970.46,EUR,2021-09-20,2023-08-15,RETAINER,TERMINATED,EMP-56292
CON-003941,VND-04094,357536.68,USD,2021-01-01,2022-03-31,PURCHASE_ORDER,EXPIRED,EMP-54693
CON-003942,VND-01166,559721.13,EUR,2023-12-11,2026-05-09,RETAINER,ACTIVE,EMP-41794
CON-003943,VND-01416,108945.8,INR,2021-06-06,2023-07-25,FIXED_PRICE,EXPIRED,EMP-64604
CON-003944,VND-04225,6484.51,USD,2018-11-24,2019-10-16,MASTER_SERVICE,EXPIRED,EMP-74154
CON-003945,VND-00790,33565.59,USD,2023-09-11,2025-03-06,PURCHASE_ORDER,EXPIRED,EMP-67521
CON-003946,VND-02660,3499183.05,EUR,2019-03-20,2021-09-17,FRAMEWORK,EXPIRED,EMP-2420
CON-003947,VND-00065,39410.23,CAD,2023-01-26,2024-12-16,MASTER_SERVICE,EXPIRED,EMP-CORP-00261
CON-003948,VND-00379,1145681.0,USD,2019-12-22,2020-11-28,PURCHASE_ORDER,EXPIRED,EMP-68946
CON-003949,VND-02351,57864.1,GBP,2023-03-17,2025-02-15,SLA,EXPIRED,EMP-55459
CON-003950,VND-02102,34725.83,CAD,2021-06-22,2023-02-24,TIME_AND_MATERIAL,EXPIRED,EMP-11568
CON-003951,VND-00507,10939.32,USD,2020-05-05,2021-03-24,SLA,EXPIRED,EMP-16935
CON-003952,VND-01989,25038.7,EUR,2022-11-16,2025-11-10,FIXED_PRICE,ACTIVE,EMP-25970
CON-003953,VND-02809,511273.14,CAD,2019-12-14,2020-08-29,TIME_AND_MATERIAL,TERMINATED,EMP-1997
CON-003954,VND-02796,5000.0,USD,2022-09-15,2024-09-22,TIME_AND_MATERIAL,EXPIRED,EMP-26149
CON-003955,VND-00655,662766.4,USD,2021-12-28,2023-07-05,PURCHASE_ORDER,EXPIRED,EMP-58459
CON-003956,VND-01380,18947.57,USD,2020-04-23,2020-11-10,RETAINER,EXPIRED,EMP-50025
CON-003957,VND-02703,1426488.22,EUR,2018-03-26,2020-07-31,FIXED_PRICE,TERMINATED,EMP-25989
CON-003958,VND-01528,2142405.41,AUD,2021-05-14,2022-07-27,SLA,TERMINATED,EMP-170
CON-003959,VND-03842,24640.75,CAD,2022-11-30,2023-08-08,FRAMEWORK,TERMINATED,EMP-70682
CON-003960,VND-03402,29373.69,USD,2023-11-27,2026-09-25,SLA,ACTIVE,EMP-61616
CON-003961,VND-02446,604362.51,USD,2022-05-05,2025-02-01,PURCHASE_ORDER,EXPIRED,EMP-67143
CON-003962,VND-04685,30030.62,USD,2022-10-17,2024-10-07,FRAMEWORK,EXPIRED,EMP-23998
CON-003963,VND-04691,141923.97,AUD,2020-02-27,2023-01-19,MASTER_SERVICE,EXPIRED,EMP-61828
CON-003964,VND-03902,111915.99,USD,2022-03-29,2023-04-07,PURCHASE_ORDER,EXPIRED,EMP-42864
CON-003965,VND-00283,462662.37,USD,2020-02-07,2021-12-20,SLA,EXPIRED,EMP-CORP-00030
CON-003966,VND-01510,5000.0,EUR,2018-01-28,2019-01-20,MASTER_SERVICE,EXPIRED,EMP-69912
CON-003967,VND-04484,889431.47,USD,2023-06-25,2024-09-02,MASTER_SERVICE,EXPIRED,EMP-17108
CON-003968,VND-04663,145808.89,AUD,2018-06-21,2020-01-09,FIXED_PRICE,TERMINATED,EMP-11672
CON-003969,VND-00022,54115.96,USD,2019-04-25,2021-05-20,RETAINER,EXPIRED,EMP-33653
CON-003970,VND-01964,65963.35,USD,2022-08-23,2023-07-15,FRAMEWORK,EXPIRED,EMP-47491
CON-003971,VND-00600,68829.2,SGD,2019-05-10,2022-04-27,MASTER_SERVICE,EXPIRED,EMP-48750
CON-003972,VND-00362,961753.78,GBP,2018-06-14,2020-06-13,MASTER_SERVICE,EXPIRED,EMP-47842
CON-003973,VND-01932,176914.14,GBP,2019-11-15,2020-06-25,PURCHASE_ORDER,EXPIRED,EMP-11958
CON-003974,VND-00404,8840.3,USD,2023-12-05,2024-07-03,TIME_AND_MATERIAL,EXPIRED,EMP-24614
CON-003975,VND-00128,1063248.35,GBP,2019-01-13,2020-04-29,SLA,EXPIRED,EMP-21356
CON-003976,VND-02888,150449.4,USD,2019-02-13,2021-10-07,TIME_AND_MATERIAL,EXPIRED,EMP-9025
CON-003977,VND-03213,253827.25,AUD,2021-08-20,2022-04-16,FIXED_PRICE,EXPIRED,EMP-67400
CON-003978,VND-04118,8803.31,USD,2023-03-08,2025-09-07,FRAMEWORK,ACTIVE,EMP-22928
CON-003979,VND-00993,70062.89,SGD,2018-03-23,2019-05-21,FIXED_PRICE,EXPIRED,EMP-2499
CON-003980,VND-02502,8911.1,USD,2021-10-25,2022-05-08,SLA,ACTIVE,EMP-49031
CON-003981,VND-03794,10304.34,USD,2018-09-07,2021-02-10,SLA,EXPIRED,EMP-36498
CON-003982,VND-03502,7390.59,USD,2020-11-19,2023-07-23,TIME_AND_MATERIAL,EXPIRED,EMP-36762
CON-003983,VND-03126,119681.8,GBP,2022-08-30,2024-03-19,TIME_AND_MATERIAL,EXPIRED,EMP-45258
CON-003984,VND-00984,5000.0,USD,2019-11-11,2022-05-10,FRAMEWORK,EXPIRED,EMP-12770
CON-003985,VND-00899,585564.88,AUD,2022-12-22,2024-03-15,PURCHASE_ORDER,EXPIRED,EMP-RM044
CON-003986,VND-00800,167408.16,USD,2023-04-29,2024-06-28,MASTER_SERVICE,EXPIRED,EMP-9803
CON-003987,VND-02664,68440.32,INR,2020-07-02,2021-08-14,SLA,EXPIRED,EMP-CORP-00518
CON-003988,VND-01158,463960.56,USD,2020-05-06,2022-11-09,SLA,EXPIRED,EMP-58353
CON-003989,VND-02261,228102.96,GBP,2023-04-13,2025-02-26,MASTER_SERVICE,EXPIRED,EMP-33664
CON-003990,VND-00644,5000.0,USD,2018-07-26,2019-02-27,MASTER_SERVICE,EXPIRED,EMP-54350
CON-003991,VND-04340,5000.0,INR,2019-10-29,2022-02-14,FIXED_PRICE,EXPIRED,EMP-1432
CON-003992,VND-01764,324352.91,USD,2020-04-24,2021-08-25,RETAINER,EXPIRED,EMP-37985
CON-003993,VND-01052,1107825.16,INR,2022-05-12,2023-06-26,FIXED_PRICE,EXPIRED,EMP-44366
CON-003994,VND-02876,4662069.81,EUR,2023-11-24,2024-07-09,RETAINER,EXPIRED,EMP-65306
CON-003995,VND-02773,172593.76,CAD,2021-09-07,2022-06-14,FIXED_PRICE,EXPIRED,EMP-30294
CON-003996,VND-01830,113004.9,USD,2019-07-11,2020-07-22,RETAINER,EXPIRED,EMP-1561
CON-003997,VND-02250,37001.75,SGD,2022-05-09,2024-05-06,FRAMEWORK,EXPIRED,EMP-CORP-00056
CON-003998,VND-01623,11897.36,USD,2018-12-25,2020-02-28,RETAINER,EXPIRED,EMP-29229
CON-003999,VND-04499,281402.95,USD,2019-12-26,2022-03-15,FRAMEWORK,ACTIVE,EMP-53117
CON-004000,VND-03716,818135.98,USD,2018-09-27,2020-07-19,MASTER_SERVICE,ACTIVE,EMP-1955
CON-004001,VND-01873,430952.9,USD,2023-06-19,2025-10-22,SLA,ACTIVE,EMP-RM168
CON-004002,VND-03291,151837.16,USD,2021-11-18,2023-03-14,MASTER_SERVICE,TERMINATED,EMP-17221
CON-004003,VND-01507,28068.69,USD,2020-08-12,2021-04-29,FIXED_PRICE,EXPIRED,EMP-43970
CON-004004,VND-03937,1403889.52,INR,2021-07-08,2023-03-08,FIXED_PRICE,TERMINATED,EMP-5951
CON-004005,VND-00003,44565.02,USD,2018-04-01,2019-08-01,FIXED_PRICE,EXPIRED,EMP-53217
CON-004006,VND-02945,12515776.12,USD,2022-07-09,2025-06-07,FIXED_PRICE,ACTIVE,EMP-40271
CON-004007,VND-04511,33598.77,USD,2019-06-16,2022-05-15,TIME_AND_MATERIAL,EXPIRED,EMP-60637
CON-004008,VND-04118,18649.62,EUR,2021-05-31,2022-07-09,FIXED_PRICE,TERMINATED,EMP-CORP-00114
CON-004009,VND-04040,846460.39,EUR,2020-07-03,2021-07-20,FRAMEWORK,EXPIRED,EMP-39759
CON-004010,VND-01103,220784.13,INR,2022-07-30,2024-09-09,TIME_AND_MATERIAL,EXPIRED,EMP-62208
CON-004011,VND-03891,28130.96,INR,2022-06-05,2024-06-12,FRAMEWORK,EXPIRED,EMP-39944
CON-004012,VND-02252,2340873.77,GBP,2022-04-14,2023-07-24,SLA,EXPIRED,EMP-51809
CON-004013,VND-04652,51383.25,USD,2019-09-20,2021-02-27,SLA,EXPIRED,EMP-26769
CON-004014,VND-00089,5000.0,CAD,2021-12-03,2023-11-30,PURCHASE_ORDER,EXPIRED,EMP-41493
CON-004015,VND-03769,401369.92,INR,2022-07-20,2024-10-18,FRAMEWORK,EXPIRED,EMP-16438
CON-004016,VND-00794,438980.97,EUR,2018-06-10,2020-05-09,RETAINER,TERMINATED,EMP-27108
CON-004017,VND-04476,744217.51,GBP,2018-12-16,2021-12-15,PURCHASE_ORDER,EXPIRED,EMP-6515
CON-004018,VND-01341,948410.4,EUR,2022-12-18,2024-11-15,FIXED_PRICE,EXPIRED,EMP-66055
CON-004019,VND-01540,570921.93,USD,2023-08-18,2024-05-04,PURCHASE_ORDER,EXPIRED,EMP-16139
CON-004020,VND-04023,27745.67,USD,2019-01-20,2019-11-18,FIXED_PRICE,EXPIRED,EMP-55749
CON-004021,VND-04026,13060.21,CAD,2020-06-15,2022-03-04,SLA,EXPIRED,EMP-42520
CON-004022,VND-02144,13195.97,EUR,2023-04-25,2025-07-24,MASTER_SERVICE,ACTIVE,EMP-CORP-00093
CON-004023,VND-00048,92673.42,USD,2018-09-12,2019-04-08,MASTER_SERVICE,TERMINATED,EMP-23959
CON-004024,VND-01957,5000.0,USD,2019-11-22,2022-05-28,MASTER_SERVICE,TERMINATED,EMP-10706
CON-004025,VND-02092,3460934.52,EUR,2018-11-23,2019-08-25,MASTER_SERVICE,TERMINATED,EMP-20379
CON-004026,VND-01325,903653.01,EUR,2021-12-26,2024-04-30,MASTER_SERVICE,TERMINATED,EMP-34350
CON-004027,VND-01229,253185.07,AUD,2023-07-09,2024-06-03,FIXED_PRICE,EXPIRED,EMP-RM1097
CON-004028,VND-03445,88717.43,GBP,2021-08-13,2023-03-02,FRAMEWORK,EXPIRED,EMP-42988
CON-004029,VND-04595,1922413.65,USD,2019-02-09,2020-08-24,TIME_AND_MATERIAL,EXPIRED,EMP-9647
CON-004030,VND-03254,8659.01,INR,2022-12-21,2024-04-30,FRAMEWORK,EXPIRED,EMP-37467
CON-004031,VND-00855,112523.1,USD,2023-10-12,2025-07-25,FRAMEWORK,ACTIVE,EMP-36428
CON-004032,VND-04989,2763496.64,USD,2018-03-03,2021-02-01,SLA,EXPIRED,EMP-CORP-00232
CON-004033,VND-03080,23954.26,GBP,2022-09-25,2023-07-26,FRAMEWORK,EXPIRED,EMP-33641
CON-004034,VND-04452,5000.0,USD,2019-07-10,2021-01-26,MASTER_SERVICE,EXPIRED,EMP-22500
CON-004035,VND-03155,637781.43,SGD,2019-10-09,2022-04-22,RETAINER,EXPIRED,EMP-72529
CON-004036,VND-00220,5000.0,GBP,2023-08-20,2026-05-27,RETAINER,ACTIVE,EMP-9344
CON-004037,VND-03736,43621.17,GBP,2021-04-29,2023-04-30,SLA,EXPIRED,EMP-52991
CON-004038,VND-03624,3976400.03,EUR,2021-08-02,2023-10-05,RETAINER,EXPIRED,EMP-6220
CON-004039,VND-01753,100957.44,AUD,2023-09-08,2024-03-22,RETAINER,EXPIRED,EMP-26239
CON-004040,VND-03371,48040.68,USD,2019-06-30,2020-07-10,TIME_AND_MATERIAL,EXPIRED,EMP-58297
CON-004041,VND-01835,11659.61,SGD,2020-09-05,2021-12-14,TIME_AND_MATERIAL,EXPIRED,EMP-55788
CON-004042,VND-01440,5000.0,USD,2023-08-05,2025-08-29,FIXED_PRICE,ACTIVE,EMP-52111
CON-004043,VND-03660,1459668.64,USD,2022-02-16,2023-05-09,PURCHASE_ORDER,EXPIRED,EMP-2664
CON-004044,VND-00667,54232.93,USD,2020-05-10,2021-03-24,FIXED_PRICE,EXPIRED,EMP-20184
CON-004045,VND-04211,28527.58,EUR,2022-12-03,2025-04-27,SLA,EXPIRED,EMP-RM1044
CON-004046,VND-04304,1164666.97,INR,2019-11-05,2022-05-04,MASTER_SERVICE,TERMINATED,EMP-2548
CON-004047,VND-02839,508873.1,EUR,2023-08-10,2025-03-19,FRAMEWORK,EXPIRED,EMP-59879
CON-004048,VND-04404,1181578.95,AUD,2023-08-03,2026-05-12,PURCHASE_ORDER,ACTIVE,EMP-45704
CON-004049,VND-00561,229565.3,USD,2018-02-11,2019-10-11,SLA,EXPIRED,EMP-33719
CON-004050,VND-02311,92158.36,USD,2021-06-09,2022-10-02,PURCHASE_ORDER,EXPIRED,EMP-15490
CON-004051,VND-03721,5198.09,AUD,2021-03-14,2023-03-18,MASTER_SERVICE,EXPIRED,EMP-35858
CON-004052,VND-03604,19134.17,GBP,2019-10-11,2021-02-02,SLA,EXPIRED,EMP-1015
CON-004053,VND-01963,449775.47,INR,2020-04-07,2021-12-10,FRAMEWORK,EXPIRED,EMP-30470
CON-004054,VND-02054,20418.39,GBP,2022-09-07,2023-07-28,MASTER_SERVICE,EXPIRED,EMP-66683
CON-004055,VND-01463,1114745.12,USD,2018-02-14,2020-01-12,FRAMEWORK,EXPIRED,EMP-17617
CON-004056,VND-00683,93792.37,GBP,2020-10-07,2021-08-29,RETAINER,EXPIRED,EMP-71259
CON-004057,VND-03677,148639.13,USD,2018-09-16,2021-02-05,MASTER_SERVICE,EXPIRED,MGR-8005
CON-004058,VND-03808,29812.12,INR,2018-01-30,2019-04-29,MASTER_SERVICE,EXPIRED,EMP-64705
CON-004059,VND-01301,442192.59,EUR,2018-07-04,2020-05-01,RETAINER,TERMINATED,EMP-51604
CON-004060,VND-00184,496596.24,INR,2019-12-08,2020-08-24,PURCHASE_ORDER,ACTIVE,EMP-RM327
CON-004061,VND-03258,359808.1,INR,2021-07-06,2022-02-06,MASTER_SERVICE,EXPIRED,EMP-56521
CON-004062,VND-00737,259514.65,USD,2020-09-01,2021-12-27,FIXED_PRICE,ACTIVE,EMP-73263
CON-004063,VND-02285,9533.97,USD,2021-11-15,2023-05-21,FIXED_PRICE,EXPIRED,EMP-49142
CON-004064,VND-01692,14115.22,CAD,2022-01-31,2024-03-22,FRAMEWORK,EXPIRED,EMP-32866
CON-004065,VND-00714,85215.03,USD,2022-08-10,2024-03-27,FRAMEWORK,EXPIRED,EMP-35547
CON-004066,VND-01907,10956.48,USD,2022-08-15,2025-02-12,TIME_AND_MATERIAL,EXPIRED,EMP-72576
CON-004067,VND-03658,24360.57,INR,2020-12-08,2022-01-05,FRAMEWORK,TERMINATED,EMP-50137
CON-004068,VND-00012,5000.0,USD,2018-12-25,2020-08-19,MASTER_SERVICE,EXPIRED,EMP-17060
CON-004069,VND-03219,524240.82,EUR,2022-11-18,2025-02-03,RETAINER,TERMINATED,EMP-815
CON-004070,VND-04156,1069685.86,USD,2019-02-10,2021-11-27,RETAINER,EXPIRED,EMP-71935
CON-004071,VND-01227,32392.1,USD,2021-02-02,2023-02-12,FRAMEWORK,EXPIRED,EMP-16185
CON-004072,VND-02592,23734.53,USD,2021-11-18,2022-06-11,PURCHASE_ORDER,EXPIRED,EMP-41342
CON-004073,VND-00622,72764.79,INR,2023-11-03,2025-02-08,SLA,TERMINATED,EMP-44499
CON-004074,VND-01257,308420.57,USD,2020-11-20,2023-03-02,TIME_AND_MATERIAL,EXPIRED,EMP-38245
CON-004075,VND-03734,421617.37,USD,2018-07-21,2019-02-21,MASTER_SERVICE,EXPIRED,EMP-46409
CON-004076,VND-03517,1937394.34,AUD,2021-02-21,2023-09-29,SLA,EXPIRED,EMP-13721
CON-004077,VND-00212,31977.49,USD,2019-02-06,2021-03-16,RETAINER,EXPIRED,EMP-63279
CON-004078,VND-04962,5000.0,INR,2022-04-19,2025-03-13,MASTER_SERVICE,EXPIRED,EMP-63885
CON-004079,VND-01998,5570.01,EUR,2022-05-21,2023-03-27,SLA,ACTIVE,EMP-42875
CON-004080,VND-03511,1099243.84,USD,2023-06-29,2026-01-28,FRAMEWORK,ACTIVE,EMP-11565
CON-004081,VND-02401,56357.29,USD,2019-03-19,2020-02-05,TIME_AND_MATERIAL,EXPIRED,EMP-33223
CON-004082,VND-00218,208323.09,USD,2019-12-11,2022-11-16,FIXED_PRICE,EXPIRED,EMP-6460
CON-004083,VND-01393,20690.26,GBP,2022-01-31,2022-11-25,FRAMEWORK,EXPIRED,EMP-60649
CON-004084,VND-03277,111829.42,EUR,2022-11-24,2023-05-31,MASTER_SERVICE,TERMINATED,EMP-5319
CON-004085,VND-01153,658817.04,EUR,2019-09-04,2020-10-30,TIME_AND_MATERIAL,ACTIVE,EMP-20429
CON-004086,VND-01007,5000.0,GBP,2020-05-08,2021-11-09,PURCHASE_ORDER,TERMINATED,EMP-29403
CON-004087,VND-03538,32892.0,SGD,2023-03-01,2025-09-02,PURCHASE_ORDER,ACTIVE,EMP-CORP-00103
CON-004088,VND-00181,497109.33,EUR,2021-01-21,2023-07-25,SLA,TERMINATED,EMP-56199
CON-004089,VND-02079,316456.71,EUR,2020-12-27,2023-09-15,MASTER_SERVICE,EXPIRED,EMP-62696
CON-004090,VND-01359,153689.92,GBP,2019-12-11,2020-08-26,TIME_AND_MATERIAL,EXPIRED,EMP-13708
CON-004091,VND-04485,191931.36,USD,2019-02-01,2020-09-12,PURCHASE_ORDER,EXPIRED,EMP-53024
CON-004092,VND-01737,39153.12,INR,2022-11-02,2025-09-20,TIME_AND_MATERIAL,ACTIVE,EMP-21997
CON-004093,VND-03598,429971.93,USD,2019-08-03,2022-02-01,PURCHASE_ORDER,TERMINATED,EMP-44053
CON-004094,VND-01301,1329580.27,GBP,2022-11-08,2023-11-27,SLA,TERMINATED,EMP-6260
CON-004095,VND-04198,17425.15,USD,2018-11-18,2019-10-26,RETAINER,EXPIRED,EMP-70697
CON-004096,VND-04272,359062.47,USD,2023-06-11,2026-03-19,SLA,ACTIVE,EMP-70339
CON-004097,VND-02274,24607.82,USD,2023-03-23,2024-07-04,FRAMEWORK,EXPIRED,EMP-48781
CON-004098,VND-02238,18640.02,GBP,2018-11-16,2019-05-18,FRAMEWORK,EXPIRED,EMP-16280
CON-004099,VND-02636,5000.0,USD,2021-12-03,2023-01-09,PURCHASE_ORDER,EXPIRED,EMP-24649
CON-004100,VND-02449,32147.91,USD,2021-01-05,2023-05-13,SLA,EXPIRED,EMP-15146
CON-004101,VND-04725,376531.93,GBP,2022-02-20,2023-07-11,TIME_AND_MATERIAL,EXPIRED,EMP-41874
CON-004102,VND-03956,15162.23,CAD,2020-12-16,2022-11-01,FRAMEWORK,EXPIRED,EMP-7735
CON-004103,VND-02640,381035.08,AUD,2023-01-20,2023-08-16,RETAINER,EXPIRED,EMP-27770
CON-004104,VND-00005,22479.76,GBP,2022-10-23,2023-10-15,MASTER_SERVICE,EXPIRED,EMP-43533
CON-004105,VND-01024,39426.92,USD,2021-03-14,2023-03-25,FRAMEWORK,EXPIRED,EMP-7207
CON-004106,VND-04788,224521.82,USD,2022-10-26,2023-08-21,PURCHASE_ORDER,TERMINATED,EMP-28595
CON-004107,VND-02644,136756.08,USD,2022-10-07,2024-10-18,SLA,EXPIRED,EMP-9027
CON-004108,VND-04168,215582.39,INR,2018-03-29,2020-10-05,PURCHASE_ORDER,EXPIRED,EMP-62674
CON-004109,VND-04109,21946.61,GBP,2020-01-18,2021-01-07,TIME_AND_MATERIAL,EXPIRED,EMP-CORP-00355
CON-004110,VND-01450,799615.75,CAD,2019-04-17,2019-10-18,RETAINER,TERMINATED,EMP-61671
CON-004111,VND-01182,5000.0,USD,2021-11-16,2024-04-09,PURCHASE_ORDER,EXPIRED,EMP-10064
CON-004112,VND-01285,204871.17,USD,2019-06-20,2021-08-09,FIXED_PRICE,EXPIRED,EMP-67151
CON-004113,VND-00712,187100.99,INR,2018-03-05,2020-11-23,MASTER_SERVICE,EXPIRED,EMP-40702
CON-004114,VND-04600,438673.97,EUR,2019-07-12,2022-05-21,SLA,EXPIRED,EMP-26769
CON-004115,VND-04305,36350.78,USD,2021-09-25,2024-06-08,PURCHASE_ORDER,TERMINATED,EMP-16463
CON-004116,VND-01384,5000.0,EUR,2018-05-20,2019-07-11,FIXED_PRICE,EXPIRED,EMP-8323
CON-004117,VND-00037,200679.37,CAD,2023-04-01,2025-01-24,SLA,EXPIRED,EMP-59730
CON-004118,VND-04376,53320.38,EUR,2023-07-03,2024-04-16,MASTER_SERVICE,EXPIRED,EMP-66706
CON-004119,VND-02686,52678.69,EUR,2021-04-17,2022-11-08,PURCHASE_ORDER,EXPIRED,EMP-33391
CON-004120,VND-03025,10164.58,USD,2019-10-25,2022-03-13,SLA,EXPIRED,EMP-31738
CON-004121,VND-01531,5000.0,EUR,2023-09-21,2025-05-19,PURCHASE_ORDER,ACTIVE,EMP-1026
CON-004122,VND-04780,294170.44,USD,2023-02-14,2025-07-19,TIME_AND_MATERIAL,ACTIVE,EMP-37649
CON-004123,VND-03622,996608.57,EUR,2022-03-09,2024-04-23,MASTER_SERVICE,EXPIRED,EMP-44330
CON-004124,VND-04001,288051.41,CAD,2023-04-15,2024-02-17,PURCHASE_ORDER,EXPIRED,MGR-3496
CON-004125,VND-00866,146872.14,SGD,2021-07-18,2023-09-22,PURCHASE_ORDER,EXPIRED,EMP-56229
CON-004126,VND-01670,392144.35,EUR,2020-07-28,2023-01-09,FRAMEWORK,EXPIRED,EMP-8744
CON-004127,VND-03493,516874.91,AUD,2023-07-02,2024-03-14,RETAINER,ACTIVE,EMP-66692
CON-004128,VND-04645,328254.55,EUR,2021-10-23,2024-03-10,RETAINER,TERMINATED,EMP-49431
CON-004129,VND-00670,1377186.61,USD,2021-05-22,2023-02-10,SLA,EXPIRED,EMP-32564
CON-004130,VND-03832,5000.0,USD,2018-12-08,2021-07-04,MASTER_SERVICE,EXPIRED,EMP-7852
CON-004131,VND-03003,615774.52,USD,2020-06-15,2022-01-27,PURCHASE_ORDER,TERMINATED,EMP-21106
CON-004132,VND-00938,507153.82,CAD,2023-04-10,2024-04-07,RETAINER,EXPIRED,EMP-48725
CON-004133,VND-00710,1849910.71,GBP,2021-08-05,2023-07-31,FRAMEWORK,TERMINATED,EMP-62604
CON-004134,VND-03445,1242097.84,GBP,2019-03-28,2021-07-29,PURCHASE_ORDER,EXPIRED,EMP-72571
CON-004135,VND-00463,23889.46,USD,2019-03-27,2019-11-27,FIXED_PRICE,EXPIRED,EMP-70417
CON-004136,VND-04276,30252.81,AUD,2023-08-11,2025-11-03,SLA,ACTIVE,EMP-11562
CON-004137,VND-00940,775778.56,USD,2019-08-29,2022-03-08,TIME_AND_MATERIAL,EXPIRED,EMP-27448
CON-004138,VND-00964,870755.15,EUR,2020-04-20,2021-06-12,FIXED_PRICE,EXPIRED,EMP-32876
CON-004139,VND-00983,114393.9,USD,2020-07-02,2021-03-29,FRAMEWORK,EXPIRED,EMP-9161
CON-004140,VND-00006,601841.87,USD,2019-01-16,2021-02-14,RETAINER,TERMINATED,EMP-35828
CON-004141,VND-03358,211729.66,GBP,2019-11-06,2020-11-05,PURCHASE_ORDER,EXPIRED,EMP-69619
CON-004142,VND-02846,30300.27,INR,2020-12-23,2023-01-24,SLA,EXPIRED,EMP-7046
CON-004143,VND-04105,5000.0,USD,2023-06-19,2025-05-11,MASTER_SERVICE,EXPIRED,EMP-33770
CON-004144,VND-03688,137654.69,EUR,2019-04-07,2020-09-22,TIME_AND_MATERIAL,EXPIRED,EMP-4938
CON-004145,VND-00335,2975287.84,INR,2020-05-24,2021-08-23,RETAINER,EXPIRED,EMP-14373
CON-004146,VND-01679,671422.89,USD,2021-03-07,2023-05-27,MASTER_SERVICE,EXPIRED,EMP-52399
CON-004147,VND-00275,5857.58,INR,2022-09-02,2024-10-21,MASTER_SERVICE,EXPIRED,EMP-17714
CON-004148,VND-04390,420462.92,USD,2020-06-03,2021-06-10,RETAINER,ACTIVE,EMP-63220
CON-004149,VND-03257,25508.32,AUD,2019-11-21,2021-06-21,FIXED_PRICE,EXPIRED,EMP-28621
CON-004150,VND-00395,395302.89,USD,2021-11-22,2022-05-23,FIXED_PRICE,TERMINATED,EMP-54120
CON-004151,VND-03528,5000.0,USD,2018-03-26,2020-03-03,FRAMEWORK,EXPIRED,EMP-67814
CON-004152,VND-04713,20379.21,INR,2022-12-14,2025-03-11,MASTER_SERVICE,EXPIRED,EMP-11545
CON-004153,VND-01329,3262307.46,USD,2018-04-15,2020-04-17,SLA,EXPIRED,EMP-17573
CON-004154,VND-04745,5000.0,USD,2021-12-20,2024-05-25,FRAMEWORK,EXPIRED,EMP-67490
CON-004155,VND-00698,805399.13,USD,2022-02-01,2025-01-04,TIME_AND_MATERIAL,EXPIRED,EMP-21439
CON-004156,VND-04627,60578.04,CAD,2020-11-13,2022-08-28,PURCHASE_ORDER,EXPIRED,EMP-17752
CON-004157,VND-03362,1112526.4,AUD,2023-10-07,2026-04-23,TIME_AND_MATERIAL,ACTIVE,EMP-62996
CON-004158,VND-04571,63728.91,USD,2022-03-20,2024-09-06,SLA,EXPIRED,EMP-62978
CON-004159,VND-04901,1338506.24,CAD,2018-06-13,2020-09-13,FIXED_PRICE,EXPIRED,EMP-63728
CON-004160,VND-04303,82645.49,USD,2023-03-17,2025-10-08,MASTER_SERVICE,ACTIVE,EMP-16019
CON-004161,VND-02748,1095035.18,INR,2019-04-12,2020-01-03,TIME_AND_MATERIAL,EXPIRED,EMP-11702
CON-004162,VND-00953,5000.0,EUR,2022-12-07,2024-09-21,PURCHASE_ORDER,TERMINATED,EMP-CORP-00584
CON-004163,VND-00242,348444.86,GBP,2023-08-22,2026-07-17,FIXED_PRICE,ACTIVE,EMP-8416
CON-004164,VND-03562,166881.39,USD,2018-03-21,2018-11-18,SLA,EXPIRED,EMP-23803
CON-004165,VND-04983,10968.12,USD,2022-08-12,2023-12-28,FIXED_PRICE,EXPIRED,EMP-16898
CON-004166,VND-02868,2826436.69,USD,2021-05-19,2024-02-09,TIME_AND_MATERIAL,EXPIRED,EMP-RM747
CON-004167,VND-04875,49794.68,USD,2018-09-19,2019-12-03,FIXED_PRICE,TERMINATED,EMP-CORP-00346
CON-004168,VND-02168,370384.99,EUR,2018-03-29,2019-09-02,MASTER_SERVICE,EXPIRED,EMP-27410
CON-004169,VND-03464,1090901.03,EUR,2022-03-13,2023-02-04,PURCHASE_ORDER,EXPIRED,EMP-40325
CON-004170,VND-03742,22659.13,GBP,2020-06-08,2023-02-26,SLA,TERMINATED,EMP-71238
CON-004171,VND-03308,78566.52,INR,2022-07-06,2024-05-13,FIXED_PRICE,EXPIRED,EMP-2678
CON-004172,VND-02438,20386.84,EUR,2018-02-27,2021-01-05,PURCHASE_ORDER,TERMINATED,EMP-62803
CON-004173,VND-04827,1027074.07,USD,2023-07-16,2024-01-21,TIME_AND_MATERIAL,TERMINATED,EMP-56157
CON-004174,VND-00840,100432.04,EUR,2021-02-10,2022-08-21,PURCHASE_ORDER,EXPIRED,EMP-28260
CON-004175,VND-01916,5000.0,AUD,2020-07-05,2021-12-02,FIXED_PRICE,EXPIRED,EMP-52038
CON-004176,VND-04191,121923.54,CAD,2019-02-26,2021-03-29,MASTER_SERVICE,EXPIRED,EMP-38134
CON-004177,VND-03428,1754762.85,GBP,2019-12-03,2020-12-28,FIXED_PRICE,EXPIRED,EMP-36721
CON-004178,VND-01477,878332.52,USD,2018-01-06,2018-09-29,FIXED_PRICE,EXPIRED,EMP-71551
CON-004179,VND-03414,212715.91,GBP,2021-10-07,2023-09-04,FRAMEWORK,TERMINATED,EMP-37849
CON-004180,VND-00808,31092.04,USD,2021-10-06,2024-02-04,PURCHASE_ORDER,TERMINATED,EMP-CORP-00203
CON-004181,VND-00674,267191.65,INR,2019-06-09,2020-07-11,RETAINER,EXPIRED,EMP-40825
CON-004182,VND-00471,839931.92,USD,2019-11-12,2021-04-07,MASTER_SERVICE,EXPIRED,EMP-51322
CON-004183,VND-03270,379290.66,USD,2021-06-19,2022-01-02,FIXED_PRICE,EXPIRED,EMP-886
CON-004184,VND-01905,5585.42,USD,2018-11-14,2020-04-25,MASTER_SERVICE,EXPIRED,EMP-RM078
CON-004185,VND-03398,342415.11,USD,2023-03-03,2024-08-11,PURCHASE_ORDER,EXPIRED,EMP-66636
CON-004186,VND-04448,5000.0,USD,2020-08-27,2021-10-24,SLA,EXPIRED,EMP-41651
CON-004187,VND-01230,593304.18,GBP,2022-08-27,2023-11-09,SLA,EXPIRED,EMP-22482
CON-004188,VND-03146,243992.47,USD,2020-05-07,2022-11-08,PURCHASE_ORDER,ACTIVE,EMP-34386
CON-004189,VND-03556,19575.43,USD,2023-10-05,2024-05-19,SLA,EXPIRED,EMP-51839
CON-004190,VND-02740,608826.65,USD,2023-06-28,2024-09-19,FRAMEWORK,TERMINATED,EMP-32144
CON-004191,VND-03013,376096.17,USD,2020-01-01,2020-10-13,MASTER_SERVICE,EXPIRED,EMP-28712
CON-004192,VND-00125,93143.55,USD,2018-11-16,2020-09-06,SLA,EXPIRED,EMP-66260
CON-004193,VND-02801,58386.42,EUR,2022-02-06,2025-01-24,RETAINER,EXPIRED,EMP-14388
CON-004194,VND-03087,16675.17,EUR,2021-11-09,2022-11-30,PURCHASE_ORDER,TERMINATED,EMP-8291
CON-004195,VND-01007,762737.3,SGD,2019-07-13,2020-02-22,RETAINER,ACTIVE,EMP-17165
CON-004196,VND-02199,257331.64,AUD,2022-12-26,2024-06-06,MASTER_SERVICE,ACTIVE,EMP-26912
CON-004197,VND-01415,275709.37,USD,2018-01-24,2018-09-09,PURCHASE_ORDER,EXPIRED,EMP-53676
CON-004198,VND-01893,699616.14,INR,2019-01-11,2020-08-25,FIXED_PRICE,EXPIRED,EMP-54529
CON-004199,VND-01578,393170.07,INR,2021-12-27,2022-09-19,RETAINER,EXPIRED,EMP-69179
CON-004200,VND-01310,28192.8,USD,2018-09-28,2019-06-05,MASTER_SERVICE,ACTIVE,EMP-53568
CON-004201,VND-03621,1448517.13,USD,2018-02-05,2020-12-09,SLA,EXPIRED,EMP-40299
CON-004202,VND-00456,385538.58,AUD,2023-04-14,2024-12-23,FIXED_PRICE,EXPIRED,EMP-31644
CON-004203,VND-00956,33549.03,USD,2019-01-18,2020-12-08,RETAINER,TERMINATED,EMP-41520
CON-004204,VND-00329,1148981.93,GBP,2018-06-14,2020-08-29,MASTER_SERVICE,EXPIRED,EMP-51540
CON-004205,VND-00294,633306.35,USD,2021-09-20,2022-09-25,MASTER_SERVICE,EXPIRED,EMP-61450
CON-004206,VND-03171,15303.25,USD,2023-12-31,2026-10-06,FIXED_PRICE,ACTIVE,EMP-47246
CON-004207,VND-04492,22906.04,GBP,2022-01-07,2023-02-06,SLA,EXPIRED,EMP-19434
CON-004208,VND-04337,211413.74,USD,2020-01-19,2022-08-11,PURCHASE_ORDER,EXPIRED,EMP-61969
CON-004209,VND-02520,313207.12,CAD,2023-12-06,2025-12-11,FRAMEWORK,SUSPENDED,EMP-15219
CON-004210,VND-03353,67267.24,USD,2022-11-20,2024-05-18,TIME_AND_MATERIAL,EXPIRED,EMP-41450
CON-004211,VND-01748,2073629.47,USD,2021-12-14,2024-02-12,TIME_AND_MATERIAL,EXPIRED,EMP-15903
CON-004212,VND-03471,868158.02,SGD,2018-10-26,2019-10-11,PURCHASE_ORDER,EXPIRED,EMP-23597
CON-004213,VND-01938,475867.93,USD,2023-02-01,2024-04-23,FRAMEWORK,EXPIRED,EMP-15371
CON-004214,VND-03328,29133.9,EUR,2023-09-18,2024-12-12,MASTER_SERVICE,EXPIRED,EMP-12662
CON-004215,VND-01296,75440.36,INR,2019-11-01,2020-12-03,PURCHASE_ORDER,EXPIRED,EMP-61296
CON-004216,VND-04694,31763.97,EUR,2021-04-01,2022-07-10,SLA,TERMINATED,EMP-70691
CON-004217,VND-02489,846849.95,USD,2021-12-25,2024-09-04,TIME_AND_MATERIAL,EXPIRED,EMP-44813
CON-004218,VND-02692,8280.14,INR,2020-12-11,2021-12-07,MASTER_SERVICE,EXPIRED,EMP-11298
CON-004219,VND-04804,419632.5,USD,2020-11-17,2021-09-28,MASTER_SERVICE,EXPIRED,EMP-63925
CON-004220,VND-01663,33948.09,GBP,2018-12-16,2020-03-16,SLA,EXPIRED,EMP-30157
CON-004221,VND-02308,146915.38,GBP,2022-06-13,2023-04-07,RETAINER,EXPIRED,EMP-17034
CON-004222,VND-02643,21385.97,USD,2022-02-11,2024-09-05,FRAMEWORK,EXPIRED,EMP-74395
CON-004223,VND-04679,27754.43,GBP,2019-04-03,2022-02-02,SLA,EXPIRED,EMP-10713
CON-004224,VND-03839,77265.02,EUR,2020-06-10,2021-02-06,FIXED_PRICE,ACTIVE,EMP-65140
CON-004225,VND-00217,18999.26,AUD,2020-05-25,2021-08-09,PURCHASE_ORDER,EXPIRED,EMP-CORP-00031
CON-004226,VND-03923,35796.0,EUR,2020-05-18,2022-06-13,FRAMEWORK,EXPIRED,EMP-6689
CON-004227,VND-01559,383687.35,EUR,2019-10-10,2021-09-18,TIME_AND_MATERIAL,EXPIRED,EMP-49752
CON-004228,VND-01727,255057.13,EUR,2021-08-05,2022-02-14,RETAINER,EXPIRED,EMP-58011
CON-004229,VND-02637,157586.31,USD,2018-02-14,2019-08-19,FRAMEWORK,EXPIRED,EMP-59885
CON-004230,VND-00710,27675.41,CAD,2022-08-25,2023-07-07,FRAMEWORK,EXPIRED,EMP-10568
CON-004231,VND-03334,428102.17,USD,2018-10-20,2020-08-10,PURCHASE_ORDER,EXPIRED,EMP-29397
CON-004232,VND-03786,5000.0,USD,2019-12-27,2021-05-07,RETAINER,EXPIRED,EMP-31141
CON-004233,VND-02205,353213.4,AUD,2022-01-25,2023-09-16,SLA,ACTIVE,EMP-31415
CON-004234,VND-02200,5000.0,USD,2023-01-27,2024-07-11,TIME_AND_MATERIAL,EXPIRED,EMP-7759
CON-004235,VND-03154,27703.37,USD,2020-05-20,2021-07-23,RETAINER,EXPIRED,EMP-21166
CON-004236,VND-00028,68320.82,SGD,2019-05-28,2021-09-25,MASTER_SERVICE,EXPIRED,EMP-17461
CON-004237,VND-04270,631664.86,USD,2023-08-22,2024-12-18,RETAINER,EXPIRED,EMP-51419
CON-004238,VND-02932,525954.54,USD,2020-09-30,2021-05-25,TIME_AND_MATERIAL,EXPIRED,EMP-CORP-00062
CON-004239,VND-04636,28118.73,USD,2019-09-15,2022-01-11,RETAINER,EXPIRED,EMP-13174
CON-004240,VND-02530,14871.4,USD,2023-08-10,2025-04-17,MASTER_SERVICE,EXPIRED,EMP-59214
CON-004241,VND-03309,94020.77,GBP,2023-12-13,2025-01-02,SLA,EXPIRED,EMP-61925
CON-004242,VND-03349,27668.32,INR,2021-03-31,2021-11-27,FIXED_PRICE,EXPIRED,EMP-69800
CON-004243,VND-03940,96085.42,USD,2020-06-25,2021-11-22,FIXED_PRICE,EXPIRED,EMP-41845
CON-004244,VND-02993,5000.0,USD,2021-12-04,2024-01-28,RETAINER,EXPIRED,EMP-42687
CON-004245,VND-02984,227500.15,SGD,2020-02-13,2020-10-03,FRAMEWORK,EXPIRED,EMP-574
CON-004246,VND-01627,337281.5,GBP,2020-11-24,2022-06-25,FIXED_PRICE,EXPIRED,EMP-56333
CON-004247,VND-03896,539154.32,USD,2021-09-06,2023-05-24,RETAINER,EXPIRED,EMP-65722
CON-004248,VND-02195,5000.0,USD,2019-12-20,2020-12-21,TIME_AND_MATERIAL,EXPIRED,EMP-17320
CON-004249,VND-04046,51706.34,USD,2018-03-19,2021-03-14,PURCHASE_ORDER,EXPIRED,EMP-27582
CON-004250,VND-00826,10347.09,GBP,2021-08-21,2024-08-05,FIXED_PRICE,EXPIRED,EMP-22134
CON-004251,VND-04881,14144.11,AUD,2022-02-13,2022-08-26,FRAMEWORK,EXPIRED,EMP-61748
CON-004252,VND-03210,20363.29,EUR,2023-03-10,2024-02-15,MASTER_SERVICE,EXPIRED,EMP-49120
CON-004253,VND-04724,708819.73,AUD,2019-09-06,2022-05-25,PURCHASE_ORDER,EXPIRED,EMP-22131
CON-004254,VND-03329,785121.21,INR,2023-09-02,2025-10-13,FIXED_PRICE,ACTIVE,EMP-29220
CON-004255,VND-02790,21622.36,USD,2020-01-08,2021-12-30,SLA,ACTIVE,EMP-47905
CON-004256,VND-02573,90463.6,CAD,2020-05-15,2022-12-15,PURCHASE_ORDER,EXPIRED,EMP-69292
CON-004257,VND-00784,20429.4,EUR,2020-08-14,2022-12-10,FIXED_PRICE,EXPIRED,EMP-15943
CON-004258,VND-02136,5000.0,USD,2019-07-25,2020-02-19,RETAINER,ACTIVE,EMP-62608
CON-004259,VND-00434,158532.53,EUR,2021-04-18,2024-01-16,PURCHASE_ORDER,TERMINATED,EMP-70077
CON-004260,VND-01858,402352.14,USD,2022-12-19,2024-10-14,TIME_AND_MATERIAL,EXPIRED,EMP-14527
CON-004261,VND-02152,6479.01,USD,2022-02-22,2024-04-11,TIME_AND_MATERIAL,EXPIRED,EMP-61506
CON-004262,VND-02940,1484593.21,EUR,2020-12-22,2021-12-11,SLA,EXPIRED,EMP-53404
CON-004263,VND-02315,16084.66,USD,2018-06-30,2019-11-07,RETAINER,EXPIRED,EMP-22619
CON-004264,VND-00052,173148.82,EUR,2023-09-30,2026-08-25,RETAINER,ACTIVE,EMP-18867
CON-004265,VND-04722,11825.67,INR,2021-12-01,2024-10-13,SLA,EXPIRED,EMP-40979
CON-004266,VND-04824,2437299.4,GBP,2019-10-20,2020-09-01,SLA,TERMINATED,EMP-11427
CON-004267,VND-04771,7772.11,USD,2018-09-16,2020-04-25,MASTER_SERVICE,EXPIRED,EMP-67352
CON-004268,VND-03914,1087529.19,SGD,2022-07-12,2024-12-14,SLA,EXPIRED,EMP-28346
CON-004269,VND-04767,10551.38,USD,2023-04-13,2025-12-11,FRAMEWORK,ACTIVE,EMP-25999
CON-004270,VND-04723,122755.19,EUR,2023-08-16,2024-12-17,PURCHASE_ORDER,TERMINATED,EMP-59961
CON-004271,VND-03742,6803754.27,GBP,2019-02-24,2020-11-08,FRAMEWORK,EXPIRED,EMP-23365
CON-004272,VND-03073,6824.18,USD,2022-12-11,2024-12-29,SLA,EXPIRED,EMP-61841
CON-004273,VND-03096,10237.72,USD,2020-08-26,2022-04-04,FRAMEWORK,ACTIVE,EMP-9025
CON-004274,VND-03317,5000.0,USD,2023-10-23,2025-05-02,SLA,EXPIRED,EMP-15905
CON-004275,VND-00581,4310138.41,USD,2019-04-27,2021-01-06,FIXED_PRICE,EXPIRED,EMP-RM030
CON-004276,VND-02577,5000.0,USD,2020-10-12,2022-01-14,FIXED_PRICE,EXPIRED,EMP-60413
CON-004277,VND-00083,18607.25,EUR,2018-12-02,2019-06-27,MASTER_SERVICE,TERMINATED,EMP-42780
CON-004278,VND-01664,461579.01,USD,2019-04-26,2022-01-03,RETAINER,EXPIRED,EMP-2460
CON-004279,VND-00628,49571.27,INR,2018-12-14,2019-09-11,MASTER_SERVICE,EXPIRED,EMP-33365
CON-004280,VND-03714,170815.51,SGD,2021-06-05,2023-03-25,SLA,EXPIRED,EMP-47792
CON-004281,VND-03892,1368094.22,USD,2022-11-22,2023-08-27,TIME_AND_MATERIAL,TERMINATED,EMP-20306
CON-004282,VND-01547,99183.22,USD,2023-08-13,2024-04-06,SLA,EXPIRED,EMP-21116
CON-004283,VND-04416,16269.64,USD,2020-12-11,2023-11-02,PURCHASE_ORDER,EXPIRED,EMP-CORP-00016
CON-004284,VND-04081,8696.11,USD,2020-01-10,2021-10-23,MASTER_SERVICE,EXPIRED,EMP-62451
CON-004285,VND-01582,72851.54,SGD,2021-03-26,2022-03-08,FIXED_PRICE,EXPIRED,EMP-37834
CON-004286,VND-03784,48209.28,INR,2019-12-07,2021-07-04,MASTER_SERVICE,EXPIRED,EMP-70122
CON-004287,VND-02394,659387.19,EUR,2022-07-20,2024-04-06,FIXED_PRICE,EXPIRED,EMP-35880
CON-004288,VND-01428,10039.62,SGD,2023-02-24,2024-01-22,TIME_AND_MATERIAL,EXPIRED,EMP-65236
CON-004289,VND-00952,22410.22,SGD,2023-11-14,2026-03-06,RETAINER,ACTIVE,EMP-66182
CON-004290,VND-01973,34114.97,GBP,2021-05-24,2024-01-02,PURCHASE_ORDER,EXPIRED,EMP-44859
CON-004291,VND-02949,302580.11,SGD,2018-07-11,2020-07-22,SLA,TERMINATED,EMP-66663
CON-004292,VND-01648,5000.0,USD,2021-08-12,2023-03-13,TIME_AND_MATERIAL,EXPIRED,EMP-56392
CON-004293,VND-04564,13635.59,USD,2021-02-14,2021-08-14,FRAMEWORK,EXPIRED,EMP-51992
CON-004294,VND-03440,167911.44,INR,2019-06-25,2021-10-26,RETAINER,ACTIVE,EMP-443
CON-004295,VND-02426,4033019.2,USD,2021-04-16,2024-01-18,MASTER_SERVICE,EXPIRED,EMP-58029
CON-004296,VND-03734,86046.65,USD,2018-12-02,2020-05-19,FRAMEWORK,EXPIRED,EMP-55556
CON-004297,VND-03284,1625036.37,CAD,2018-03-15,2021-01-14,RETAINER,EXPIRED,EMP-CORP-00257
CON-004298,VND-01059,5000.0,SGD,2023-10-21,2024-09-15,PURCHASE_ORDER,EXPIRED,EMP-73841
CON-004299,VND-01412,112464.34,USD,2023-04-20,2025-04-18,TIME_AND_MATERIAL,EXPIRED,EMP-27787
CON-004300,VND-02197,441042.02,USD,2021-07-10,2023-10-14,FIXED_PRICE,EXPIRED,EMP-28757
CON-004301,VND-01483,86167.87,USD,2019-05-11,2020-03-16,PURCHASE_ORDER,EXPIRED,EMP-47722
CON-004302,VND-01678,5000.0,AUD,2021-08-04,2024-05-19,SLA,EXPIRED,EMP-19661
CON-004303,VND-01225,73431.84,USD,2019-11-13,2021-09-29,PURCHASE_ORDER,EXPIRED,EMP-69185
CON-004304,VND-00585,7202.57,INR,2022-05-25,2025-04-09,SLA,EXPIRED,EMP-63663
CON-004305,VND-00668,1974194.38,USD,2021-01-15,2023-01-19,FRAMEWORK,EXPIRED,EMP-3050
CON-004306,VND-01570,5000.0,USD,2019-12-24,2021-11-17,PURCHASE_ORDER,EXPIRED,EMP-66322
CON-004307,VND-04930,5000.0,GBP,2022-12-27,2023-09-16,TIME_AND_MATERIAL,EXPIRED,EMP-53207
CON-004308,VND-01613,537505.58,AUD,2019-03-31,2020-05-29,PURCHASE_ORDER,EXPIRED,EMP-CORP-00293
CON-004309,VND-01463,120898.27,GBP,2020-11-30,2022-05-17,MASTER_SERVICE,TERMINATED,EMP-69085
CON-004310,VND-01076,43108.49,INR,2023-05-13,2023-12-07,PURCHASE_ORDER,TERMINATED,EMP-59983
CON-004311,VND-04034,422927.47,INR,2020-12-14,2023-08-11,SLA,TERMINATED,EMP-11365
CON-004312,VND-03707,101106.84,INR,2018-05-11,2019-06-18,PURCHASE_ORDER,EXPIRED,EMP-41830
CON-004313,VND-00428,642376.83,USD,2020-05-18,2023-01-25,TIME_AND_MATERIAL,TERMINATED,EMP-35983
CON-004314,VND-00413,62662.35,USD,2018-08-02,2020-03-13,SLA,TERMINATED,EMP-11766
CON-004315,VND-00017,174997.43,EUR,2023-02-06,2024-12-16,RETAINER,EXPIRED,EMP-21621
CON-004316,VND-02978,29042.48,AUD,2021-12-28,2024-02-11,TIME_AND_MATERIAL,TERMINATED,EMP-27649
CON-004317,VND-02599,471572.22,USD,2020-08-17,2021-10-02,FIXED_PRICE,ACTIVE,EMP-38060
CON-004318,VND-04087,16143.55,USD,2018-06-02,2019-06-05,SLA,EXPIRED,EMP-CORP-00480
CON-004319,VND-00459,852724.16,GBP,2022-11-25,2025-01-21,FRAMEWORK,EXPIRED,EMP-19393
CON-004320,VND-00859,444699.69,USD,2019-11-23,2021-09-07,TIME_AND_MATERIAL,TERMINATED,EMP-55910
CON-004321,VND-00360,23232.05,INR,2022-06-30,2023-06-03,FIXED_PRICE,EXPIRED,EMP-51008
CON-004322,VND-02894,2110019.64,GBP,2019-10-17,2021-01-07,PURCHASE_ORDER,EXPIRED,EMP-4398
CON-004323,VND-00949,23472.8,USD,2023-01-17,2025-07-18,SLA,DRAFT,EMP-3812
CON-004324,VND-00647,345117.27,USD,2018-04-04,2018-12-05,FIXED_PRICE,EXPIRED,EMP-28203
CON-004325,VND-03207,21573.45,USD,2023-02-26,2026-02-03,FIXED_PRICE,ACTIVE,EMP-61095
CON-004326,VND-03430,7363.11,EUR,2021-05-28,2024-04-29,FIXED_PRICE,EXPIRED,EMP-30660
CON-004327,VND-04618,5000.0,EUR,2023-07-04,2024-05-06,MASTER_SERVICE,EXPIRED,EMP-839
CON-004328,VND-04221,523214.53,USD,2020-08-20,2021-03-06,MASTER_SERVICE,ACTIVE,EMP-16152
CON-004329,VND-01795,533765.46,EUR,2018-01-08,2018-07-16,RETAINER,EXPIRED,EMP-60153
CON-004330,VND-03931,244971.81,USD,2019-05-09,2022-01-11,SLA,EXPIRED,EMP-1192
CON-004331,VND-01591,61470.02,CAD,2020-07-30,2022-07-01,MASTER_SERVICE,TERMINATED,EMP-46353
CON-004332,VND-03025,785308.96,USD,2020-04-22,2021-02-03,FRAMEWORK,EXPIRED,EMP-11932
CON-004333,VND-01238,10295.67,EUR,2022-02-21,2024-11-12,RETAINER,EXPIRED,EMP-29000
CON-004334,VND-04218,5000.0,EUR,2019-03-20,2021-11-13,RETAINER,EXPIRED,EMP-36189
CON-004335,VND-04638,60625.25,EUR,2020-07-24,2021-06-10,FIXED_PRICE,EXPIRED,EMP-59834
CON-004336,VND-04303,1200431.62,EUR,2019-08-10,2021-07-24,MASTER_SERVICE,TERMINATED,EMP-21522
CON-004337,VND-03245,21221.06,GBP,2019-01-21,2021-04-24,PURCHASE_ORDER,EXPIRED,EMP-17054
CON-004338,VND-03769,39535.4,USD,2022-08-26,2023-09-11,TIME_AND_MATERIAL,EXPIRED,EMP-16738
CON-004339,VND-03175,194694.78,USD,2018-10-04,2020-11-07,TIME_AND_MATERIAL,EXPIRED,EMP-CORP-00476
CON-004340,VND-03832,860620.97,USD,2022-04-05,2024-09-16,RETAINER,EXPIRED,EMP-69258
CON-004341,VND-02233,6183.34,USD,2021-01-27,2023-03-18,SLA,EXPIRED,EMP-RM759
CON-004342,VND-00867,20266.01,USD,2020-12-12,2023-04-25,FRAMEWORK,EXPIRED,EMP-61928
CON-004343,VND-02739,1585858.97,EUR,2020-07-25,2021-02-05,FIXED_PRICE,ACTIVE,EMP-70201
CON-004344,VND-04050,289841.06,USD,2021-10-14,2023-09-09,PURCHASE_ORDER,TERMINATED,EMP-5840
CON-004345,VND-01322,12899.77,USD,2023-05-02,2026-01-27,RETAINER,ACTIVE,EMP-58799
CON-004346,VND-00940,164045.67,USD,2021-11-09,2024-09-16,RETAINER,EXPIRED,EMP-46409
CON-004347,VND-00566,227130.84,GBP,2019-05-09,2021-10-22,SLA,EXPIRED,EMP-30344
CON-004348,VND-01916,869361.47,GBP,2019-10-12,2021-06-10,TIME_AND_MATERIAL,EXPIRED,EMP-71801
CON-004349,VND-01081,8181.81,GBP,2022-12-11,2024-09-28,FIXED_PRICE,EXPIRED,EMP-22970
CON-004350,VND-00218,76833.76,INR,2020-02-12,2022-07-30,FRAMEWORK,ACTIVE,EMP-38624
CON-004351,VND-03608,744199.08,SGD,2018-09-07,2020-11-23,FRAMEWORK,EXPIRED,EMP-14306
CON-004352,VND-04375,41403.88,USD,2023-08-27,2025-07-08,FIXED_PRICE,ACTIVE,EMP-26498
CON-004353,VND-01031,5000.0,CAD,2019-01-18,2021-09-05,TIME_AND_MATERIAL,EXPIRED,EMP-3315
CON-004354,VND-00160,734432.89,USD,2020-09-15,2023-04-27,FRAMEWORK,EXPIRED,EMP-34932
CON-004355,VND-00700,27927.26,EUR,2018-02-22,2018-09-13,SLA,TERMINATED,EMP-29942
CON-004356,VND-01938,33836.58,EUR,2023-10-25,2026-08-21,MASTER_SERVICE,ACTIVE,EMP-20436
CON-004357,VND-02050,24511.26,USD,2023-06-09,2025-10-31,MASTER_SERVICE,ACTIVE,EMP-47779
CON-004358,VND-02603,9734.46,USD,2023-10-12,2024-07-08,MASTER_SERVICE,EXPIRED,EMP-47245
CON-004359,VND-03890,8106.14,AUD,2020-11-23,2023-03-17,SLA,EXPIRED,EMP-58647
CON-004360,VND-02324,1496325.58,AUD,2021-03-05,2023-01-07,SLA,EXPIRED,EMP-44055
CON-004361,VND-04913,539008.43,USD,2019-12-17,2021-04-07,SLA,EXPIRED,EMP-CORP-00030
CON-004362,VND-03733,613877.19,EUR,2018-04-08,2019-11-26,FRAMEWORK,EXPIRED,EMP-44859
CON-004363,VND-04734,1613083.57,USD,2020-12-04,2021-10-08,RETAINER,EXPIRED,EMP-17895
CON-004364,VND-01792,80115.28,GBP,2022-10-24,2025-01-04,FIXED_PRICE,TERMINATED,EMP-6107
CON-004365,VND-03079,37517.42,USD,2019-06-21,2020-11-06,MASTER_SERVICE,EXPIRED,EMP-35597
CON-004366,VND-04462,10681.5,USD,2023-10-22,2026-09-16,FIXED_PRICE,ACTIVE,EMP-17069
CON-004367,VND-01449,933327.35,USD,2018-11-11,2019-11-06,TIME_AND_MATERIAL,TERMINATED,EMP-47880
CON-004368,VND-02590,652432.09,GBP,2019-04-03,2020-10-08,SLA,EXPIRED,EMP-255
CON-004369,VND-01404,548719.38,USD,2021-08-22,2024-04-02,PURCHASE_ORDER,EXPIRED,EMP-57725
CON-004370,VND-02597,802392.5,USD,2019-06-19,2022-03-11,FIXED_PRICE,EXPIRED,EMP-21844
CON-004371,VND-01883,46730.46,USD,2020-01-21,2022-10-13,FIXED_PRICE,TERMINATED,EMP-59812
CON-004372,VND-00230,767369.94,USD,2019-02-11,2022-01-13,RETAINER,TERMINATED,EMP-58648
CON-004373,VND-00354,69283.98,USD,2020-10-02,2021-10-07,FRAMEWORK,ACTIVE,EMP-18595
CON-004374,VND-04099,84740.19,INR,2019-04-28,2020-03-30,SLA,TERMINATED,EMP-CORP-00253
CON-004375,VND-03432,53898.04,EUR,2023-03-26,2025-02-28,FIXED_PRICE,EXPIRED,EMP-62602
CON-004376,VND-01389,49575.95,USD,2020-12-27,2021-08-15,TIME_AND_MATERIAL,EXPIRED,EMP-16615
CON-004377,VND-00659,5000.0,EUR,2023-06-18,2025-02-12,PURCHASE_ORDER,EXPIRED,EMP-26136
CON-004378,VND-00921,3302938.01,INR,2019-02-21,2021-08-19,FRAMEWORK,EXPIRED,EMP-28226
CON-004379,VND-00817,272888.16,EUR,2021-04-05,2024-01-12,TIME_AND_MATERIAL,EXPIRED,EMP-5847
CON-004380,VND-02227,251736.83,EUR,2022-10-14,2024-04-04,TIME_AND_MATERIAL,EXPIRED,EMP-45719
CON-004381,VND-02150,516663.6,INR,2022-03-09,2023-10-22,MASTER_SERVICE,EXPIRED,EMP-62955
CON-004382,VND-04768,411122.97,USD,2020-05-26,2022-11-02,SLA,TERMINATED,EMP-37062
CON-004383,VND-03784,602999.67,INR,2019-12-17,2021-12-27,FRAMEWORK,TERMINATED,EMP-51914
CON-004384,VND-03882,93568.28,USD,2019-07-25,2022-06-23,PURCHASE_ORDER,EXPIRED,EMP-RM591
CON-004385,VND-01055,460191.84,INR,2021-10-09,2023-12-29,PURCHASE_ORDER,EXPIRED,EMP-11408
CON-004386,VND-01283,326091.5,SGD,2020-01-27,2021-11-23,SLA,EXPIRED,EMP-5227
CON-004387,VND-04671,403757.07,GBP,2022-02-07,2023-06-24,SLA,EXPIRED,EMP-6127
CON-004388,VND-04724,6368.31,USD,2019-06-27,2020-11-26,FRAMEWORK,EXPIRED,EMP-40988
CON-004389,VND-01948,389253.32,USD,2022-03-17,2023-12-09,TIME_AND_MATERIAL,EXPIRED,EMP-32662
CON-004390,VND-03636,5000.0,USD,2018-11-26,2020-07-14,FRAMEWORK,EXPIRED,EMP-50307
CON-004391,VND-03313,80529.47,USD,2023-06-01,2025-08-25,SLA,ACTIVE,EMP-74225
CON-004392,VND-03761,5104.24,EUR,2023-03-27,2025-09-29,PURCHASE_ORDER,ACTIVE,EMP-52344
CON-004393,VND-03197,34191.18,SGD,2023-12-23,2024-07-05,FRAMEWORK,EXPIRED,EMP-5756
CON-004394,VND-02916,648875.62,INR,2020-10-24,2021-05-17,FRAMEWORK,EXPIRED,EMP-61296
CON-004395,VND-02967,5000.0,USD,2021-09-25,2022-04-12,FIXED_PRICE,EXPIRED,EMP-34083
CON-004396,VND-04591,1572633.66,EUR,2018-10-18,2021-01-29,FRAMEWORK,EXPIRED,EMP-8984
CON-004397,VND-01835,58380.77,INR,2021-09-05,2024-03-03,SLA,EXPIRED,EMP-74231
CON-004398,VND-01918,3840531.11,INR,2018-09-20,2019-06-10,FRAMEWORK,EXPIRED,EMP-20379
CON-004399,VND-03328,54376.04,USD,2022-08-29,2024-11-22,PURCHASE_ORDER,EXPIRED,EMP-20982
CON-004400,VND-04415,31880.33,USD,2022-05-24,2022-12-24,FRAMEWORK,EXPIRED,EMP-22459
CON-004401,VND-02764,12294.64,USD,2019-03-06,2021-01-12,RETAINER,EXPIRED,EMP-32056
CON-004402,VND-03458,41291.02,USD,2018-09-26,2021-09-11,SLA,EXPIRED,EMP-61924
CON-004403,VND-03253,1568069.11,GBP,2018-11-09,2021-06-19,PURCHASE_ORDER,EXPIRED,EMP-36378
CON-004404,VND-00852,26924.98,INR,2020-01-06,2021-09-08,SLA,EXPIRED,EMP-RM868
CON-004405,VND-03985,30794.46,INR,2021-10-04,2023-09-01,FRAMEWORK,EXPIRED,EMP-36544
CON-004406,VND-04925,5907.44,AUD,2023-05-08,2025-05-08,RETAINER,TERMINATED,EMP-6602
CON-004407,VND-03435,698506.87,EUR,2018-06-26,2020-09-21,TIME_AND_MATERIAL,EXPIRED,EMP-14031
CON-004408,VND-04157,45724.64,USD,2022-12-30,2024-04-15,TIME_AND_MATERIAL,EXPIRED,EMP-10136
CON-004409,VND-00685,59069.94,USD,2023-01-28,2024-12-29,FIXED_PRICE,EXPIRED,EMP-72381
CON-004410,VND-03908,456853.86,USD,2023-03-08,2023-09-27,RETAINER,EXPIRED,EMP-CORP-00366
CON-004411,VND-02780,5000.0,GBP,2023-09-10,2026-01-22,TIME_AND_MATERIAL,ACTIVE,EMP-17802
CON-004412,VND-02324,5950.07,USD,2020-08-06,2021-07-22,SLA,EXPIRED,EMP-53367
CON-004413,VND-00582,31577.9,USD,2021-08-10,2023-04-18,RETAINER,EXPIRED,EMP-33745
CON-004414,VND-02821,47023.33,EUR,2022-04-18,2023-03-29,SLA,TERMINATED,EMP-55976
CON-004415,VND-04406,65349.78,USD,2018-08-21,2021-06-07,MASTER_SERVICE,EXPIRED,EMP-23344
CON-004416,VND-00218,5000.0,AUD,2021-08-27,2022-11-10,MASTER_SERVICE,TERMINATED,EMP-59477
CON-004417,VND-02274,50564.75,USD,2022-08-03,2023-03-11,RETAINER,EXPIRED,EMP-15471
CON-004418,VND-04622,13631.19,SGD,2020-04-03,2023-03-01,SLA,EXPIRED,EMP-45988
CON-004419,VND-04414,142763.33,INR,2023-10-12,2025-09-24,PURCHASE_ORDER,ACTIVE,EMP-59730
CON-004420,VND-00729,1855259.47,USD,2020-10-16,2023-02-09,FRAMEWORK,TERMINATED,EMP-43840
CON-004421,VND-04735,43929.67,CAD,2019-11-06,2021-09-29,RETAINER,ACTIVE,EMP-64549
CON-004422,VND-00066,12783.98,INR,2022-06-02,2024-02-11,SLA,EXPIRED,EMP-37150
CON-004423,VND-03674,46764.97,USD,2018-12-26,2019-07-29,RETAINER,EXPIRED,EMP-62094
CON-004424,VND-00001,147692.04,GBP,2018-03-22,2019-04-16,MASTER_SERVICE,EXPIRED,EMP-69836
CON-004425,VND-00738,71562.01,USD,2018-02-23,2020-01-24,FIXED_PRICE,TERMINATED,EMP-21386
CON-004426,VND-04755,422947.45,USD,2022-05-23,2023-04-15,MASTER_SERVICE,EXPIRED,EMP-54561
CON-004427,VND-00029,289176.28,USD,2021-04-23,2023-12-11,PURCHASE_ORDER,EXPIRED,EMP-28656
CON-004428,VND-01091,2566848.05,USD,2019-04-22,2020-10-23,SLA,EXPIRED,EMP-42021
CON-004429,VND-04797,91240.61,CAD,2023-05-25,2024-02-03,PURCHASE_ORDER,EXPIRED,EMP-38617
CON-004430,VND-03231,334610.25,USD,2022-03-20,2023-03-06,MASTER_SERVICE,EXPIRED,EMP-38287
CON-004431,VND-04347,58534.03,SGD,2019-03-25,2022-01-07,MASTER_SERVICE,EXPIRED,EMP-2171
CON-004432,VND-00365,27894.72,GBP,2022-12-02,2024-09-14,MASTER_SERVICE,TERMINATED,EMP-25449
CON-004433,VND-00162,49392.75,EUR,2020-06-24,2021-10-20,TIME_AND_MATERIAL,TERMINATED,EMP-35258
CON-004434,VND-00960,80826.41,USD,2021-08-17,2022-02-22,FIXED_PRICE,EXPIRED,EMP-69185
CON-004435,VND-01082,286397.95,USD,2020-06-30,2021-04-24,PURCHASE_ORDER,TERMINATED,EMP-RM009
CON-004436,VND-04904,5000.0,INR,2022-03-26,2023-03-18,FIXED_PRICE,EXPIRED,EMP-28795
CON-004437,VND-00245,6254.18,USD,2020-06-25,2022-03-30,SLA,EXPIRED,EMP-36515
CON-004438,VND-04597,10588.1,USD,2022-07-31,2025-01-07,RETAINER,EXPIRED,EMP-61188
CON-004439,VND-01554,125897.22,USD,2023-02-03,2025-06-22,TIME_AND_MATERIAL,ACTIVE,EMP-58508
CON-004440,VND-03648,5000.0,CAD,2022-05-30,2022-12-28,TIME_AND_MATERIAL,EXPIRED,EMP-41994
CON-004441,VND-03385,280226.2,USD,2022-01-13,2023-07-22,PURCHASE_ORDER,EXPIRED,EMP-34986
CON-004442,VND-01157,262426.78,USD,2018-11-28,2020-02-19,MASTER_SERVICE,EXPIRED,EMP-51306
CON-004443,VND-01059,2805086.41,USD,2020-02-23,2023-02-13,FRAMEWORK,EXPIRED,EMP-45621
CON-004444,VND-00688,5000.0,USD,2022-05-07,2023-11-11,SLA,EXPIRED,EMP-7473
CON-004445,VND-02376,69051.95,USD,2022-01-17,2024-06-09,FRAMEWORK,EXPIRED,EMP-7773
CON-004446,VND-01211,74272.24,EUR,2018-10-16,2019-04-18,SLA,EXPIRED,EMP-17493
CON-004447,VND-04467,21937.96,GBP,2023-05-06,2023-11-03,RETAINER,EXPIRED,EMP-28789
CON-004448,VND-00182,5000.0,USD,2021-03-25,2022-02-02,SLA,ACTIVE,EMP-7347
CON-004449,VND-00278,6692.92,USD,2022-07-27,2024-07-30,FRAMEWORK,EXPIRED,EMP-13820
CON-004450,VND-00332,827045.8,USD,2023-11-26,2025-03-11,MASTER_SERVICE,EXPIRED,EMP-60700
CON-004451,VND-02713,22956.81,USD,2022-11-11,2025-04-30,RETAINER,TERMINATED,EMP-37415
CON-004452,VND-00452,410871.27,USD,2021-08-12,2024-05-14,RETAINER,TERMINATED,EMP-72748
CON-004453,VND-00145,253700.55,USD,2022-04-17,2024-03-06,FRAMEWORK,EXPIRED,EMP-59432
CON-004454,VND-03371,14049.9,SGD,2018-05-15,2020-03-01,SLA,TERMINATED,EMP-16556
CON-004455,VND-04230,216084.88,CAD,2023-07-11,2024-05-31,RETAINER,EXPIRED,EMP-42845
CON-004456,VND-01540,38313.18,USD,2021-09-29,2022-06-20,TIME_AND_MATERIAL,EXPIRED,EMP-47548
CON-004457,VND-02492,9388.73,SGD,2023-06-02,2023-12-22,FIXED_PRICE,EXPIRED,EMP-70308
CON-004458,VND-03660,555631.67,USD,2019-06-16,2021-03-30,FIXED_PRICE,TERMINATED,EMP-6815
CON-004459,VND-01748,268583.46,USD,2019-10-08,2021-07-20,TIME_AND_MATERIAL,EXPIRED,EMP-67303
CON-004460,VND-01278,1122152.43,USD,2022-06-05,2025-01-20,RETAINER,TERMINATED,EMP-20026
CON-004461,VND-03487,5000.0,USD,2020-05-02,2021-09-05,SLA,EXPIRED,EMP-49513
CON-004462,VND-00024,47961.22,USD,2020-12-01,2022-07-24,MASTER_SERVICE,EXPIRED,EMP-59537
CON-004463,VND-04344,13369.54,USD,2021-08-31,2024-03-25,MASTER_SERVICE,TERMINATED,EMP-64231
CON-004464,VND-01356,5000.0,SGD,2020-05-18,2022-07-05,MASTER_SERVICE,TERMINATED,EMP-68304
CON-004465,VND-00161,1057589.79,EUR,2021-01-12,2022-02-17,FRAMEWORK,EXPIRED,EMP-CORP-00277
CON-004466,VND-04419,7837.09,SGD,2020-09-15,2023-07-01,MASTER_SERVICE,EXPIRED,EMP-24310
CON-004467,VND-00162,1349532.16,SGD,2023-12-07,2025-10-09,MASTER_SERVICE,ACTIVE,EMP-34246
CON-004468,VND-04315,293012.13,USD,2022-03-11,2023-08-08,FIXED_PRICE,EXPIRED,EMP-39512
CON-004469,VND-01517,11880.82,GBP,2023-03-18,2024-12-07,SLA,EXPIRED,EMP-55595
CON-004470,VND-03562,27447.87,EUR,2021-04-16,2022-08-28,SLA,EXPIRED,EMP-14308
CON-004471,VND-02796,620810.51,AUD,2018-12-21,2021-02-25,MASTER_SERVICE,TERMINATED,EMP-13940
CON-004472,VND-03341,41404.89,CAD,2022-12-13,2024-04-25,SLA,EXPIRED,EMP-47450
CON-004473,VND-01418,199596.7,USD,2022-10-05,2024-05-01,MASTER_SERVICE,ACTIVE,EMP-15760
CON-004474,VND-01564,983507.02,USD,2019-02-24,2020-05-30,TIME_AND_MATERIAL,EXPIRED,EMP-59055
CON-004475,VND-00179,1189951.62,INR,2020-06-29,2022-11-06,RETAINER,TERMINATED,EMP-8604
CON-004476,VND-01806,139453.54,GBP,2019-12-26,2021-03-09,MASTER_SERVICE,EXPIRED,EMP-20943
CON-004477,VND-01747,19654.55,USD,2019-08-24,2022-04-02,FIXED_PRICE,EXPIRED,EMP-6512
CON-004478,VND-02878,17712.0,GBP,2020-06-12,2022-12-27,PURCHASE_ORDER,EXPIRED,EMP-73070
CON-004479,VND-03537,72042.41,EUR,2018-09-13,2021-08-22,PURCHASE_ORDER,ACTIVE,EMP-59814
CON-004480,VND-02917,1626308.41,USD,2019-08-09,2021-05-14,TIME_AND_MATERIAL,EXPIRED,EMP-CORP-00132
CON-004481,VND-03182,49826.72,EUR,2018-10-05,2020-03-21,SLA,TERMINATED,EMP-6287
CON-004482,VND-01795,6794.47,USD,2018-04-27,2020-08-09,RETAINER,EXPIRED,EMP-26786
CON-004483,VND-04322,162509.63,USD,2021-01-04,2023-05-19,MASTER_SERVICE,EXPIRED,EMP-53782
CON-004484,VND-01040,486232.02,GBP,2023-11-17,2026-10-06,TIME_AND_MATERIAL,ACTIVE,EMP-14114
CON-004485,VND-00938,7074.73,USD,2018-03-28,2020-01-08,TIME_AND_MATERIAL,EXPIRED,EMP-53056
CON-004486,VND-02844,830364.44,INR,2021-12-17,2023-06-22,SLA,EXPIRED,EMP-14803
CON-004487,VND-04465,5000.0,USD,2023-11-05,2025-06-18,MASTER_SERVICE,ACTIVE,EMP-31978
CON-004488,VND-00708,5000.0,GBP,2023-12-02,2026-02-11,FRAMEWORK,ACTIVE,EMP-36218
CON-004489,VND-01033,18675.56,EUR,2023-02-12,2023-08-19,TIME_AND_MATERIAL,EXPIRED,EMP-49517
CON-004490,VND-01752,475872.92,USD,2019-04-24,2020-10-19,RETAINER,EXPIRED,EMP-17529
CON-004491,VND-00494,358283.01,GBP,2018-07-18,2020-02-01,FIXED_PRICE,ACTIVE,EMP-72194
CON-004492,VND-03945,9003.96,GBP,2018-02-13,2019-07-29,FIXED_PRICE,EXPIRED,EMP-30087
CON-004493,VND-04520,42127.01,AUD,2019-05-29,2021-12-16,SLA,EXPIRED,EMP-70642
CON-004494,VND-03666,13732.92,AUD,2018-01-06,2020-06-13,MASTER_SERVICE,EXPIRED,EMP-56335
CON-004495,VND-00864,15192.8,GBP,2023-04-25,2025-12-30,MASTER_SERVICE,ACTIVE,EMP-33770
CON-004496,VND-01148,30488.3,USD,2020-01-12,2021-03-12,MASTER_SERVICE,TERMINATED,EMP-53710
CON-004497,VND-04168,28152.18,USD,2018-09-09,2020-02-03,TIME_AND_MATERIAL,EXPIRED,EMP-54012
CON-004498,VND-03628,5000.0,USD,2018-11-19,2021-06-10,PURCHASE_ORDER,EXPIRED,EMP-9542
CON-004499,VND-00547,12574.0,USD,2018-10-19,2020-10-05,SLA,EXPIRED,EMP-2938
CON-004500,VND-00546,3397507.16,SGD,2023-07-21,2025-07-17,TIME_AND_MATERIAL,ACTIVE,EMP-RM326
CON-004501,VND-02618,969875.83,USD,2021-04-24,2022-10-26,FRAMEWORK,EXPIRED,EMP-RM1167
CON-004502,VND-00780,721630.39,EUR,2022-01-10,2023-05-04,PURCHASE_ORDER,EXPIRED,EMP-16190
CON-004503,VND-04093,5000.0,USD,2020-11-14,2023-09-02,PURCHASE_ORDER,EXPIRED,EMP-32523
CON-004504,VND-02280,210078.14,USD,2018-01-26,2019-10-28,RETAINER,EXPIRED,EMP-70145
CON-004505,VND-04560,144045.06,GBP,2022-04-25,2024-09-29,SLA,EXPIRED,EMP-64304
CON-004506,VND-04492,9010.99,CAD,2019-03-30,2020-04-07,RETAINER,TERMINATED,EMP-18437
CON-004507,VND-02306,604823.83,GBP,2018-02-04,2020-10-08,TIME_AND_MATERIAL,EXPIRED,EMP-20127
CON-004508,VND-04358,52564.08,USD,2020-10-21,2023-05-05,SLA,EXPIRED,EMP-35841
CON-004509,VND-02698,19109.4,GBP,2021-05-19,2022-01-09,TIME_AND_MATERIAL,EXPIRED,EMP-63200
CON-004510,VND-00048,1172315.42,EUR,2019-01-28,2021-02-13,PURCHASE_ORDER,EXPIRED,EMP-51036
CON-004511,VND-01037,587445.01,USD,2019-12-26,2021-09-25,FRAMEWORK,EXPIRED,EMP-1772
CON-004512,VND-02221,1092303.85,EUR,2019-05-19,2021-11-13,FRAMEWORK,EXPIRED,EMP-65171
CON-004513,VND-02435,15706.37,USD,2019-08-12,2020-04-14,RETAINER,EXPIRED,EMP-2968
CON-004514,VND-00122,35125.13,USD,2020-05-04,2022-11-11,FIXED_PRICE,EXPIRED,EMP-34609
CON-004515,VND-00159,829191.95,USD,2023-10-27,2025-01-11,RETAINER,EXPIRED,EMP-37075
CON-004516,VND-01518,598274.77,EUR,2020-07-27,2022-05-09,SLA,EXPIRED,EMP-10222
CON-004517,VND-03738,214132.38,INR,2021-06-29,2023-06-13,PURCHASE_ORDER,EXPIRED,EMP-2184
CON-004518,VND-01588,203529.15,USD,2019-10-23,2021-03-26,PURCHASE_ORDER,TERMINATED,EMP-42368
CON-004519,VND-00216,6279.3,INR,2020-01-16,2021-10-15,PURCHASE_ORDER,EXPIRED,EMP-RM1323
CON-004520,VND-04745,779356.03,USD,2020-02-28,2021-04-18,MASTER_SERVICE,EXPIRED,EMP-53232
CON-004521,VND-03907,5000.0,AUD,2021-10-22,2023-10-12,MASTER_SERVICE,TERMINATED,EMP-63991
CON-004522,VND-02745,18255.32,SGD,2019-10-29,2020-10-29,PURCHASE_ORDER,TERMINATED,EMP-26667
CON-004523,VND-01313,1162228.25,USD,2018-07-04,2019-02-03,RETAINER,EXPIRED,EMP-24843
CON-004524,VND-02304,21948.24,INR,2018-07-13,2019-07-20,PURCHASE_ORDER,TERMINATED,EMP-51809
CON-004525,VND-01727,169176.47,USD,2021-05-20,2022-12-02,TIME_AND_MATERIAL,TERMINATED,EMP-65614
CON-004526,VND-00446,12619.39,USD,2019-02-02,2020-06-17,PURCHASE_ORDER,EXPIRED,EMP-48263
CON-004527,VND-03301,101672.38,USD,2022-08-29,2024-09-26,FIXED_PRICE,EXPIRED,EMP-11445
CON-004528,VND-04160,43772.41,SGD,2021-05-30,2023-08-19,FIXED_PRICE,EXPIRED,EMP-RM1063
CON-004529,VND-02631,12139.16,USD,2019-04-13,2022-02-15,SLA,EXPIRED,EMP-69145
CON-004530,VND-02583,104459.02,EUR,2021-08-06,2022-10-13,RETAINER,EXPIRED,EMP-41007
CON-004531,VND-01556,6419.5,USD,2021-07-15,2023-08-29,FIXED_PRICE,TERMINATED,EMP-50503
CON-004532,VND-00727,17160.84,GBP,2023-11-22,2026-03-24,TIME_AND_MATERIAL,ACTIVE,EMP-3315
CON-004533,VND-01881,284146.18,USD,2021-05-11,2022-05-15,PURCHASE_ORDER,TERMINATED,EMP-2793
CON-004534,VND-00798,282515.48,INR,2020-11-29,2023-06-16,FRAMEWORK,EXPIRED,EMP-43442
CON-004535,VND-03805,44426.23,USD,2018-01-24,2020-09-04,FIXED_PRICE,ACTIVE,EMP-35042
CON-004536,VND-00579,571150.98,INR,2020-12-03,2023-11-23,RETAINER,TERMINATED,EMP-61092
CON-004537,VND-02215,5000.0,EUR,2022-06-14,2023-12-07,FIXED_PRICE,EXPIRED,EMP-54448
CON-004538,VND-02241,75238.27,USD,2018-03-13,2019-12-22,TIME_AND_MATERIAL,EXPIRED,EMP-48605
CON-004539,VND-04207,1318173.25,USD,2020-12-03,2022-06-10,PURCHASE_ORDER,TERMINATED,EMP-4933
CON-004540,VND-02474,1101121.21,USD,2021-08-25,2023-04-29,RETAINER,EXPIRED,EMP-59721
CON-004541,VND-01269,12750.52,EUR,2020-05-25,2023-04-06,RETAINER,TERMINATED,EMP-7486
CON-004542,VND-03286,684856.79,SGD,2021-11-02,2023-12-03,MASTER_SERVICE,EXPIRED,EMP-28050
CON-004543,VND-03546,597243.89,USD,2019-11-19,2021-02-20,MASTER_SERVICE,EXPIRED,EMP-26281
CON-004544,VND-02446,17061.74,EUR,2019-02-04,2020-06-17,FRAMEWORK,EXPIRED,EMP-70688
CON-004545,VND-01677,320511.09,USD,2019-09-06,2021-03-19,TIME_AND_MATERIAL,TERMINATED,EMP-47538
CON-004546,VND-04878,116614.02,INR,2023-04-24,2024-05-26,PURCHASE_ORDER,EXPIRED,EMP-48565
CON-004547,VND-00391,324185.68,SGD,2020-07-09,2021-04-01,TIME_AND_MATERIAL,EXPIRED,EMP-50797
CON-004548,VND-04217,5000.0,EUR,2023-01-08,2025-06-12,FIXED_PRICE,ACTIVE,EMP-15485
CON-004549,VND-03579,26505.11,EUR,2023-11-24,2025-08-26,SLA,ACTIVE,EMP-44954
CON-004550,VND-00710,226458.93,USD,2022-07-13,2024-10-01,MASTER_SERVICE,TERMINATED,EMP-32904
CON-004551,VND-03227,11004.47,SGD,2023-08-03,2025-12-15,SLA,ACTIVE,EMP-4857
CON-004552,VND-00466,276257.5,USD,2019-04-12,2020-09-24,RETAINER,EXPIRED,EMP-2941
CON-004553,VND-00172,164905.3,EUR,2021-01-18,2021-10-04,FRAMEWORK,EXPIRED,EMP-RM1297
CON-004554,VND-02452,1984702.46,EUR,2023-12-29,2026-04-05,RETAINER,ACTIVE,EMP-62692
CON-004555,VND-02365,1111947.66,USD,2022-05-19,2023-02-04,PURCHASE_ORDER,EXPIRED,EMP-63550
CON-004556,VND-00234,2046454.54,SGD,2022-01-05,2022-09-25,FRAMEWORK,TERMINATED,EMP-19097
CON-004557,VND-02696,67977.27,USD,2023-08-16,2025-09-13,SLA,SUSPENDED,EMP-RM317
CON-004558,VND-04585,7613.58,USD,2018-07-22,2021-02-17,MASTER_SERVICE,EXPIRED,EMP-33327
CON-004559,VND-00716,5000.0,USD,2019-04-23,2019-11-26,TIME_AND_MATERIAL,EXPIRED,EMP-59319
CON-004560,VND-02091,28559.09,EUR,2018-05-30,2021-03-29,FIXED_PRICE,TERMINATED,EMP-53671
CON-004561,VND-02940,17268.33,INR,2023-02-18,2024-02-15,FRAMEWORK,TERMINATED,EMP-37404
CON-004562,VND-02744,14278.95,USD,2023-09-29,2024-06-08,MASTER_SERVICE,EXPIRED,EMP-18429
CON-004563,VND-02200,55761.19,INR,2019-06-14,2022-01-04,RETAINER,TERMINATED,EMP-48884
CON-004564,VND-00152,503960.52,USD,2021-08-12,2022-11-20,PURCHASE_ORDER,TERMINATED,EMP-69379
CON-004565,VND-01227,10231.49,USD,2023-12-04,2024-11-10,RETAINER,EXPIRED,EMP-35755
CON-004566,VND-04365,1362299.18,AUD,2023-06-11,2025-01-18,TIME_AND_MATERIAL,EXPIRED,EMP-23374
CON-004567,VND-03430,62832.42,USD,2023-10-25,2026-04-02,FRAMEWORK,ACTIVE,EMP-71703
CON-004568,VND-01218,74331.89,USD,2021-02-27,2023-04-01,PURCHASE_ORDER,EXPIRED,EMP-34064
CON-004569,VND-04094,814343.22,GBP,2022-05-25,2023-04-19,MASTER_SERVICE,EXPIRED,EMP-39978
CON-004570,VND-02215,164938.78,EUR,2020-05-09,2021-11-30,RETAINER,EXPIRED,EMP-52180
CON-004571,VND-03885,20276.92,INR,2021-08-05,2023-05-27,MASTER_SERVICE,TERMINATED,EMP-10815
CON-004572,VND-04153,799940.4,USD,2023-07-31,2026-02-15,FRAMEWORK,ACTIVE,EMP-31262
CON-004573,VND-00432,12441.45,INR,2022-10-30,2024-01-14,TIME_AND_MATERIAL,EXPIRED,EMP-17846
CON-004574,VND-02291,14719.59,GBP,2020-09-29,2023-06-30,TIME_AND_MATERIAL,TERMINATED,EMP-34639
CON-004575,VND-03318,89794.53,EUR,2018-06-30,2019-05-01,RETAINER,EXPIRED,EMP-41517
CON-004576,VND-03389,1304122.86,USD,2022-12-06,2024-11-24,FIXED_PRICE,EXPIRED,EMP-27915
CON-004577,VND-03691,223239.78,INR,2021-10-08,2024-07-02,SLA,EXPIRED,EMP-73876
CON-004578,VND-03201,38847.86,SGD,2020-05-04,2021-03-08,MASTER_SERVICE,EXPIRED,EMP-15210
CON-004579,VND-03253,288225.87,USD,2022-03-01,2024-09-04,MASTER_SERVICE,EXPIRED,EMP-14158
CON-004580,VND-01551,505537.58,SGD,2022-05-29,2024-05-25,SLA,EXPIRED,EMP-52033
CON-004581,VND-01791,156476.58,EUR,2018-11-22,2020-09-10,FIXED_PRICE,EXPIRED,EMP-11716
CON-004582,VND-00175,1838277.23,USD,2021-03-12,2022-10-25,FIXED_PRICE,EXPIRED,EMP-55952
CON-004583,VND-03390,553291.33,SGD,2021-05-23,2022-10-19,FRAMEWORK,EXPIRED,EMP-22325
CON-004584,VND-03158,377842.22,USD,2020-05-09,2021-12-10,RETAINER,EXPIRED,EMP-39977
CON-004585,VND-01172,207318.51,CAD,2019-07-30,2022-07-19,SLA,TERMINATED,EMP-5616
CON-004586,VND-01500,25974.14,EUR,2018-08-21,2019-10-11,MASTER_SERVICE,EXPIRED,EMP-32535
CON-004587,VND-01524,113425.66,EUR,2021-05-22,2023-09-07,MASTER_SERVICE,EXPIRED,EMP-67815
CON-004588,VND-00377,12862.35,SGD,2019-01-14,2020-01-07,SLA,EXPIRED,EMP-RM963
CON-004589,VND-04661,48452.71,INR,2020-06-10,2023-01-03,SLA,EXPIRED,EMP-62874
CON-004590,VND-00057,307615.71,USD,2020-01-03,2022-03-07,MASTER_SERVICE,TERMINATED,EMP-43543
CON-004591,VND-01268,381404.97,USD,2018-10-06,2019-11-29,MASTER_SERVICE,EXPIRED,EMP-12349
CON-004592,VND-03886,20514.03,AUD,2018-01-29,2020-06-04,FRAMEWORK,EXPIRED,EMP-30563
CON-004593,VND-02431,1406374.34,USD,2018-11-17,2019-08-06,TIME_AND_MATERIAL,EXPIRED,EMP-27454
CON-004594,VND-01609,5592.48,EUR,2022-08-13,2024-09-24,SLA,EXPIRED,EMP-41461
CON-004595,VND-01211,15948.05,SGD,2022-11-08,2024-12-01,SLA,EXPIRED,EMP-21934
CON-004596,VND-00158,642918.8,CAD,2020-06-12,2021-08-21,RETAINER,TERMINATED,EMP-38745
CON-004597,VND-03736,308134.13,USD,2020-03-24,2022-09-09,RETAINER,EXPIRED,EMP-43567
CON-004598,VND-04088,18373.23,USD,2022-08-23,2023-05-08,RETAINER,TERMINATED,EMP-71162
CON-004599,VND-02618,147306.91,SGD,2019-03-18,2021-02-12,TIME_AND_MATERIAL,EXPIRED,EMP-65196
CON-004600,VND-04994,5952707.87,USD,2021-03-27,2023-08-01,TIME_AND_MATERIAL,EXPIRED,EMP-19023
CON-004601,VND-01345,31101.4,AUD,2018-09-18,2021-04-15,PURCHASE_ORDER,EXPIRED,EMP-70696
CON-004602,VND-02810,226149.86,USD,2023-11-11,2025-12-24,RETAINER,ACTIVE,EMP-5234
CON-004603,VND-00318,222661.91,USD,2023-10-23,2026-03-25,RETAINER,ACTIVE,EMP-74170
CON-004604,VND-01212,81602.58,USD,2019-08-04,2021-11-30,RETAINER,TERMINATED,EMP-11445
CON-004605,VND-03603,6499.21,USD,2020-08-28,2023-05-25,TIME_AND_MATERIAL,EXPIRED,EMP-38761
CON-004606,VND-01013,47609.49,USD,2023-09-16,2025-09-13,MASTER_SERVICE,ACTIVE,EMP-57339
CON-004607,VND-01241,328421.27,USD,2020-10-13,2022-08-21,FRAMEWORK,EXPIRED,EMP-15015
CON-004608,VND-04063,202486.82,USD,2021-09-20,2023-10-02,TIME_AND_MATERIAL,EXPIRED,EMP-9851
CON-004609,VND-01763,462469.63,INR,2019-06-19,2021-05-18,TIME_AND_MATERIAL,EXPIRED,EMP-52379
CON-004610,VND-00539,222180.5,INR,2022-12-04,2023-08-11,FRAMEWORK,EXPIRED,EMP-23318
CON-004611,VND-01967,5000.0,USD,2022-12-27,2025-08-20,RETAINER,ACTIVE,EMP-67831
CON-004612,VND-00744,17133.82,INR,2019-09-17,2022-08-02,MASTER_SERVICE,EXPIRED,EMP-20662
CON-004613,VND-03196,37860.53,EUR,2019-03-12,2019-11-04,PURCHASE_ORDER,EXPIRED,EMP-68650
CON-004614,VND-02404,2076017.56,SGD,2018-09-29,2020-10-09,FRAMEWORK,EXPIRED,EMP-63799
CON-004615,VND-04424,490113.74,EUR,2022-08-27,2023-05-23,TIME_AND_MATERIAL,TERMINATED,EMP-5458
CON-004616,VND-03588,72081.46,USD,2020-02-05,2022-03-02,RETAINER,EXPIRED,EMP-5155
CON-004617,VND-01394,70046.23,USD,2023-07-10,2025-01-15,SLA,EXPIRED,EMP-1546
CON-004618,VND-00766,24206.23,USD,2021-06-18,2022-02-17,RETAINER,EXPIRED,EMP-48851
CON-004619,VND-04853,15825.7,EUR,2020-01-04,2021-02-03,RETAINER,EXPIRED,EMP-25500
CON-004620,VND-03388,8347.92,USD,2019-10-22,2022-09-01,TIME_AND_MATERIAL,TERMINATED,EMP-15650
CON-004621,VND-04138,5000.0,GBP,2018-04-18,2018-11-27,TIME_AND_MATERIAL,TERMINATED,EMP-9373
CON-004622,VND-02248,595540.66,INR,2018-04-09,2019-10-23,FIXED_PRICE,EXPIRED,EMP-37163
CON-004623,VND-04808,1242563.57,USD,2021-09-30,2024-01-31,RETAINER,EXPIRED,EMP-1716
CON-004624,VND-01031,148786.76,EUR,2018-07-23,2021-03-06,SLA,EXPIRED,EMP-RM312
CON-004625,VND-03605,1335177.62,USD,2022-12-13,2024-05-15,TIME_AND_MATERIAL,EXPIRED,EMP-68916
CON-004626,VND-04278,14428.26,USD,2020-11-07,2022-03-04,SLA,EXPIRED,EMP-55976
CON-004627,VND-04522,146007.22,USD,2018-08-12,2021-07-09,RETAINER,TERMINATED,EMP-9258
CON-004628,VND-03935,5000.0,USD,2023-05-07,2023-11-18,RETAINER,EXPIRED,EMP-18405
CON-004629,VND-04446,2727554.71,USD,2020-03-23,2021-08-23,PURCHASE_ORDER,TERMINATED,EMP-45051
CON-004630,VND-03838,93044.03,USD,2018-12-05,2021-07-01,FRAMEWORK,EXPIRED,EMP-68331
CON-004631,VND-04163,403462.35,USD,2023-12-15,2025-01-04,SLA,ACTIVE,EMP-64394
CON-004632,VND-00785,132319.16,AUD,2019-02-14,2020-06-27,FIXED_PRICE,TERMINATED,EMP-3497
CON-004633,VND-02494,223133.88,USD,2019-04-05,2021-10-03,TIME_AND_MATERIAL,EXPIRED,EMP-53883
CON-004634,VND-02519,83518.55,INR,2021-11-18,2024-03-27,SLA,EXPIRED,EMP-59099
CON-004635,VND-02418,228212.01,USD,2020-08-10,2021-08-25,RETAINER,EXPIRED,EMP-12347
CON-004636,VND-00362,6897.06,INR,2021-10-20,2023-10-30,RETAINER,EXPIRED,EMP-3079
CON-004637,VND-04207,18832.6,INR,2020-08-25,2022-02-07,FRAMEWORK,TERMINATED,EMP-1210
CON-004638,VND-01246,53349.65,INR,2018-05-17,2020-12-03,FRAMEWORK,TERMINATED,EMP-72748
CON-004639,VND-00517,29079.0,USD,2020-10-27,2023-06-26,TIME_AND_MATERIAL,TERMINATED,EMP-RM065
CON-004640,VND-00551,18200.75,USD,2020-04-18,2022-09-28,PURCHASE_ORDER,EXPIRED,EMP-64221
CON-004641,VND-03302,26086.58,USD,2021-10-28,2024-09-30,SLA,TERMINATED,EMP-38724
CON-004642,VND-04354,130892.32,SGD,2022-03-13,2023-03-22,MASTER_SERVICE,EXPIRED,EMP-35083
CON-004643,VND-04724,71333.39,CAD,2019-09-19,2021-06-20,RETAINER,EXPIRED,EMP-71350
CON-004644,VND-02294,297032.72,USD,2021-08-25,2022-05-09,FIXED_PRICE,EXPIRED,EMP-47905
CON-004645,VND-02090,340681.52,USD,2019-04-10,2021-07-12,FIXED_PRICE,EXPIRED,EMP-74024
CON-004646,VND-03715,5000.0,USD,2023-09-06,2024-10-21,TIME_AND_MATERIAL,EXPIRED,EMP-72520
CON-004647,VND-03451,680362.77,CAD,2018-09-03,2019-06-12,RETAINER,EXPIRED,EMP-42653
CON-004648,VND-00900,151080.6,GBP,2022-12-13,2025-09-12,SLA,ACTIVE,EMP-19387
CON-004649,VND-01663,35221.7,INR,2019-01-26,2020-08-04,PURCHASE_ORDER,EXPIRED,EMP-53024
CON-004650,VND-03803,2057845.45,EUR,2021-08-05,2022-08-26,SLA,ACTIVE,EMP-34310
CON-004651,VND-03078,154134.13,SGD,2020-01-28,2022-06-02,MASTER_SERVICE,ACTIVE,EMP-45127
CON-004652,VND-00386,1161332.06,EUR,2019-07-06,2020-11-17,MASTER_SERVICE,EXPIRED,EMP-28730
CON-004653,VND-00686,5000.0,EUR,2020-07-22,2022-01-04,TIME_AND_MATERIAL,EXPIRED,EMP-21973
CON-004654,VND-03875,844019.67,GBP,2020-12-31,2021-07-12,RETAINER,EXPIRED,EMP-25952
CON-004655,VND-04000,169830.06,USD,2023-10-18,2026-04-24,RETAINER,ACTIVE,EMP-1673
CON-004656,VND-00665,1003013.57,USD,2018-06-05,2020-11-25,RETAINER,TERMINATED,EMP-51600
CON-004657,VND-00906,5000.0,USD,2021-05-20,2023-07-08,RETAINER,EXPIRED,EMP-25196
CON-004658,VND-00596,62277.23,GBP,2020-08-10,2023-08-07,FIXED_PRICE,TERMINATED,EMP-18224
CON-004659,VND-04846,5797.9,INR,2023-06-10,2025-09-25,PURCHASE_ORDER,ACTIVE,EMP-12944
CON-004660,VND-01235,61101.95,AUD,2021-11-17,2023-05-28,MASTER_SERVICE,TERMINATED,EMP-49896
CON-004661,VND-03812,5885.46,USD,2020-10-25,2023-08-03,MASTER_SERVICE,EXPIRED,EMP-CORP-00058
CON-004662,VND-02372,28002.83,EUR,2020-10-21,2023-01-17,PURCHASE_ORDER,EXPIRED,EMP-352
CON-004663,VND-04191,416628.05,USD,2019-08-09,2022-01-12,SLA,EXPIRED,EMP-62303
CON-004664,VND-01959,5464.45,USD,2023-07-11,2024-08-05,RETAINER,EXPIRED,EMP-24141
CON-004665,VND-04992,1526643.04,USD,2020-07-20,2021-02-05,MASTER_SERVICE,EXPIRED,EMP-RM117
CON-004666,VND-04975,46962.66,GBP,2018-10-15,2019-08-09,MASTER_SERVICE,EXPIRED,EMP-1072
CON-004667,VND-04679,5000.0,USD,2022-11-25,2023-11-12,FIXED_PRICE,EXPIRED,EMP-CORP-00232
CON-004668,VND-04145,9331.52,USD,2021-03-25,2022-05-18,FRAMEWORK,EXPIRED,EMP-11197
CON-004669,VND-03923,5000.0,EUR,2021-12-23,2022-07-12,FRAMEWORK,EXPIRED,EMP-53426
CON-004670,VND-01192,182422.25,GBP,2023-12-25,2026-01-14,TIME_AND_MATERIAL,ACTIVE,EMP-RM1358
CON-004671,VND-00699,592770.64,EUR,2021-09-01,2024-01-29,TIME_AND_MATERIAL,TERMINATED,EMP-23183
CON-004672,VND-01850,6134.91,USD,2019-08-11,2021-06-17,SLA,EXPIRED,EMP-6245
CON-004673,VND-02411,5000.0,USD,2023-12-28,2025-05-03,PURCHASE_ORDER,EXPIRED,EMP-36612
CON-004674,VND-04449,300913.19,EUR,2019-12-27,2020-08-16,FIXED_PRICE,TERMINATED,EMP-73644
CON-004675,VND-01827,89049.7,USD,2019-09-27,2022-05-04,SLA,EXPIRED,EMP-14446
CON-004676,VND-01959,5000.0,USD,2023-05-08,2025-10-15,PURCHASE_ORDER,ACTIVE,EMP-74335
CON-004677,VND-04503,493060.35,USD,2020-01-10,2021-04-02,FRAMEWORK,TERMINATED,EMP-59988
CON-004678,VND-02031,6205.62,AUD,2018-04-30,2020-03-29,MASTER_SERVICE,EXPIRED,EMP-31558
CON-004679,VND-04394,1178091.4,USD,2018-04-08,2021-01-19,RETAINER,EXPIRED,EMP-39668
CON-004680,VND-01931,227787.27,INR,2023-10-16,2025-09-29,RETAINER,ACTIVE,EMP-19685
CON-004681,VND-02184,224485.49,USD,2018-07-08,2020-08-26,TIME_AND_MATERIAL,EXPIRED,EMP-25179
CON-004682,VND-04376,8284.98,CAD,2018-09-28,2021-04-04,SLA,TERMINATED,EMP-37079
CON-004683,VND-00313,6072.25,USD,2019-09-06,2022-08-25,FIXED_PRICE,EXPIRED,EMP-71691
CON-004684,VND-01904,13447.06,EUR,2021-12-09,2023-02-28,PURCHASE_ORDER,EXPIRED,EMP-53555
CON-004685,VND-00482,161600.07,USD,2021-08-10,2023-01-01,PURCHASE_ORDER,TERMINATED,EMP-62602
CON-004686,VND-02383,21147.42,GBP,2019-05-06,2020-07-30,RETAINER,TERMINATED,EMP-36343
CON-004687,VND-03723,98707.67,EUR,2019-03-30,2021-04-19,RETAINER,EXPIRED,EMP-12322
CON-004688,VND-01107,560236.37,EUR,2020-02-12,2022-05-05,PURCHASE_ORDER,EXPIRED,EMP-11018
CON-004689,VND-02996,291894.51,CAD,2019-03-07,2021-06-18,RETAINER,EXPIRED,EMP-65246
CON-004690,VND-01479,8636.35,GBP,2023-01-09,2024-04-17,SLA,EXPIRED,EMP-19932
CON-004691,VND-02859,515736.72,USD,2019-09-08,2021-03-21,SLA,EXPIRED,EMP-71259
CON-004692,VND-03892,6543.13,CAD,2020-08-02,2022-03-30,SLA,EXPIRED,EMP-42558
CON-004693,VND-01890,5000.0,EUR,2019-04-05,2020-04-04,FIXED_PRICE,EXPIRED,EMP-57425
CON-004694,VND-00492,118231.14,USD,2018-08-26,2020-11-05,RETAINER,EXPIRED,EMP-59847
CON-004695,VND-01407,455965.82,GBP,2022-05-27,2023-07-03,SLA,EXPIRED,EMP-33144
CON-004696,VND-02941,720937.6,INR,2021-08-02,2023-06-22,RETAINER,EXPIRED,EMP-54484
CON-004697,VND-01640,736227.17,GBP,2022-05-31,2024-04-12,FIXED_PRICE,TERMINATED,EMP-64956
CON-004698,VND-00132,9118.59,INR,2020-10-09,2022-02-06,TIME_AND_MATERIAL,TERMINATED,EMP-7762
CON-004699,VND-03737,112341.64,USD,2021-02-18,2023-10-25,SLA,EXPIRED,EMP-9484
CON-004700,VND-02184,404921.76,GBP,2022-05-22,2023-08-31,TIME_AND_MATERIAL,EXPIRED,EMP-40275
CON-004701,VND-01794,60851.76,USD,2021-10-08,2024-09-10,TIME_AND_MATERIAL,TERMINATED,EMP-46833
CON-004702,VND-01226,21911.75,EUR,2022-09-04,2023-07-17,RETAINER,EXPIRED,EMP-70681
CON-004703,VND-04413,1638428.86,GBP,2019-10-10,2021-05-31,TIME_AND_MATERIAL,EXPIRED,EMP-51455
CON-004704,VND-00536,989093.37,USD,2019-01-13,2020-09-06,TIME_AND_MATERIAL,EXPIRED,EMP-62364
CON-004705,VND-03749,57288.0,USD,2023-01-09,2024-06-29,RETAINER,TERMINATED,EMP-63051
CON-004706,VND-03986,52855.55,GBP,2020-01-01,2020-07-23,FIXED_PRICE,EXPIRED,EMP-29193
CON-004707,VND-03173,5740.99,GBP,2023-02-13,2025-04-15,TIME_AND_MATERIAL,EXPIRED,EMP-43744
CON-004708,VND-01232,32336.2,CAD,2021-01-24,2022-03-30,SLA,EXPIRED,EMP-16655
CON-004709,VND-03285,1110370.26,USD,2018-06-08,2019-01-13,PURCHASE_ORDER,EXPIRED,EMP-36842
CON-004710,VND-01771,60243.27,GBP,2018-11-09,2020-09-04,RETAINER,EXPIRED,EMP-63940
CON-004711,VND-03431,1381170.97,CAD,2020-01-29,2020-10-11,PURCHASE_ORDER,TERMINATED,EMP-1582
CON-004712,VND-00848,291439.87,EUR,2022-04-23,2023-03-14,RETAINER,ACTIVE,EMP-57820
CON-004713,VND-03911,730508.55,GBP,2020-06-19,2021-11-17,FIXED_PRICE,EXPIRED,EMP-51164
CON-004714,VND-03787,1107053.03,USD,2021-05-09,2022-09-08,PURCHASE_ORDER,EXPIRED,EMP-10039
CON-004715,VND-00302,6229.08,USD,2021-04-19,2023-01-18,TIME_AND_MATERIAL,EXPIRED,EMP-66046
CON-004716,VND-04796,6079.48,GBP,2022-06-21,2025-02-19,PURCHASE_ORDER,TERMINATED,EMP-50079
CON-004717,VND-03372,8952.58,EUR,2019-09-24,2022-04-09,SLA,EXPIRED,EMP-49475
CON-004718,VND-03645,395661.44,USD,2019-06-28,2021-07-30,TIME_AND_MATERIAL,ACTIVE,EMP-57365
CON-004719,VND-03497,35279.19,GBP,2023-06-30,2025-04-03,RETAINER,EXPIRED,EMP-10985
CON-004720,VND-01887,11897.79,GBP,2022-03-05,2023-01-10,SLA,EXPIRED,EMP-47616
CON-004721,VND-02960,208436.45,AUD,2018-02-15,2019-05-03,FRAMEWORK,EXPIRED,EMP-61412
CON-004722,VND-01604,533504.21,GBP,2020-08-05,2023-04-11,TIME_AND_MATERIAL,EXPIRED,EMP-67752
CON-004723,VND-02600,57167.29,INR,2019-06-21,2019-12-22,PURCHASE_ORDER,TERMINATED,EMP-49030
CON-004724,VND-00099,1106948.3,AUD,2023-06-03,2026-04-20,FIXED_PRICE,ACTIVE,EMP-32523
CON-004725,VND-04400,53939.51,AUD,2022-07-05,2023-05-07,RETAINER,EXPIRED,EMP-29808
CON-004726,VND-00563,5000.0,USD,2022-10-13,2024-01-03,FIXED_PRICE,EXPIRED,EMP-53626
CON-004727,VND-01075,5000.0,USD,2018-04-18,2019-03-12,TIME_AND_MATERIAL,ACTIVE,EMP-41265
CON-004728,VND-03178,167841.03,EUR,2018-12-08,2021-05-19,FIXED_PRICE,EXPIRED,EMP-RM467
CON-004729,VND-03547,1279659.36,USD,2022-08-04,2023-08-06,FIXED_PRICE,EXPIRED,EMP-21991
CON-004730,VND-02448,697572.48,SGD,2023-12-11,2024-12-30,PURCHASE_ORDER,EXPIRED,EMP-35853
CON-004731,VND-04277,80726.79,INR,2018-04-14,2020-07-09,FRAMEWORK,EXPIRED,EMP-19260
CON-004732,VND-00637,130805.27,GBP,2022-07-18,2025-03-08,FIXED_PRICE,EXPIRED,EMP-58102
CON-004733,VND-02429,14448.36,USD,2022-12-25,2024-01-23,PURCHASE_ORDER,EXPIRED,EMP-67787
CON-004734,VND-03744,600407.48,USD,2021-08-11,2022-12-11,MASTER_SERVICE,EXPIRED,EMP-53290
CON-004735,VND-03550,125951.91,GBP,2022-05-10,2024-10-10,FRAMEWORK,EXPIRED,EMP-26729
CON-004736,VND-04867,236826.18,SGD,2020-10-25,2022-08-18,SLA,EXPIRED,EMP-53122
CON-004737,VND-03518,10158.48,USD,2018-06-28,2020-05-09,FIXED_PRICE,EXPIRED,EMP-CORP-00476
CON-004738,VND-00649,257525.44,USD,2023-04-14,2025-02-03,FIXED_PRICE,TERMINATED,EMP-9475
CON-004739,VND-01466,50073.68,USD,2018-02-26,2018-09-19,PURCHASE_ORDER,EXPIRED,EMP-10022
CON-004740,VND-01072,17389.01,USD,2023-09-27,2024-09-11,PURCHASE_ORDER,EXPIRED,EMP-62774
CON-004741,VND-00243,215559.37,INR,2021-06-27,2022-04-06,TIME_AND_MATERIAL,EXPIRED,EMP-67628
CON-004742,VND-03289,5000.0,GBP,2019-03-21,2020-02-15,PURCHASE_ORDER,TERMINATED,EMP-57493
CON-004743,VND-02113,483994.85,EUR,2018-04-18,2020-05-27,SLA,EXPIRED,EMP-64637
CON-004744,VND-03300,5061.25,GBP,2020-12-04,2022-05-24,FRAMEWORK,EXPIRED,EMP-19875
CON-004745,VND-03191,45812.56,INR,2022-08-30,2025-02-28,FRAMEWORK,EXPIRED,EMP-41859
CON-004746,VND-02651,19866.0,GBP,2019-12-25,2021-08-13,MASTER_SERVICE,TERMINATED,EMP-46226
CON-004747,VND-04023,43447.89,USD,2018-09-01,2021-03-15,PURCHASE_ORDER,EXPIRED,EMP-68585
CON-004748,VND-01610,5000.0,EUR,2018-02-11,2019-09-29,SLA,EXPIRED,EMP-71431
CON-004749,VND-04100,670869.05,INR,2023-12-05,2026-01-14,FRAMEWORK,ACTIVE,EMP-267
CON-004750,VND-04776,18590.02,USD,2018-03-29,2019-11-23,SLA,EXPIRED,EMP-28076
CON-004751,VND-04522,18539.78,USD,2019-06-11,2020-07-23,TIME_AND_MATERIAL,EXPIRED,EMP-29035
CON-004752,VND-02485,25392.0,USD,2018-08-30,2020-07-16,TIME_AND_MATERIAL,EXPIRED,EMP-40533
CON-004753,VND-03473,122846.46,GBP,2018-08-10,2021-07-22,TIME_AND_MATERIAL,EXPIRED,EMP-8516
CON-004754,VND-04217,8049.52,EUR,2018-04-16,2019-04-24,FRAMEWORK,EXPIRED,EMP-64090
CON-004755,VND-00305,19948.29,AUD,2020-02-22,2022-07-08,FRAMEWORK,EXPIRED,EMP-7739
CON-004756,VND-04154,1764065.95,EUR,2021-10-28,2022-11-29,RETAINER,EXPIRED,EMP-27573
CON-004757,VND-03699,8860.51,USD,2018-08-09,2019-09-28,RETAINER,TERMINATED,EMP-21660
CON-004758,VND-01901,5000.0,SGD,2018-01-14,2020-12-16,TIME_AND_MATERIAL,TERMINATED,EMP-4377
CON-004759,VND-01587,254347.51,INR,2022-09-08,2025-03-22,PURCHASE_ORDER,TERMINATED,EMP-663
CON-004760,VND-02465,95287.39,USD,2018-02-02,2020-11-20,MASTER_SERVICE,EXPIRED,EMP-41392
CON-004761,VND-00115,5000.0,USD,2022-05-04,2023-11-08,MASTER_SERVICE,EXPIRED,EMP-66259
CON-004762,VND-02127,13935.44,USD,2023-06-14,2025-05-30,TIME_AND_MATERIAL,EXPIRED,EMP-41392
CON-004763,VND-00522,149913.28,USD,2022-11-29,2025-03-18,FRAMEWORK,EXPIRED,EMP-47966
CON-004764,VND-01385,5438.23,GBP,2021-07-21,2022-04-13,RETAINER,EXPIRED,EMP-28062
CON-004765,VND-00574,138655.49,USD,2020-02-17,2023-01-17,FIXED_PRICE,EXPIRED,EMP-10883
CON-004766,VND-04762,17795.09,USD,2019-09-23,2020-12-04,FIXED_PRICE,TERMINATED,EMP-62127
CON-004767,VND-03789,5000.0,USD,2018-07-18,2019-09-04,FRAMEWORK,EXPIRED,EMP-44063
CON-004768,VND-02722,5000.0,USD,2023-11-03,2025-02-02,FIXED_PRICE,EXPIRED,EMP-40315
CON-004769,VND-02221,5000.0,USD,2022-05-21,2024-06-17,MASTER_SERVICE,EXPIRED,EMP-33504
CON-004770,VND-00958,21928.18,USD,2020-01-16,2021-08-11,PURCHASE_ORDER,EXPIRED,EMP-57451
CON-004771,VND-00450,272397.45,USD,2019-06-24,2020-05-03,TIME_AND_MATERIAL,EXPIRED,EMP-18436
CON-004772,VND-01185,1945979.95,SGD,2020-07-08,2021-08-03,MASTER_SERVICE,EXPIRED,EMP-39156
CON-004773,VND-00341,2028206.99,USD,2023-10-08,2025-05-29,PURCHASE_ORDER,EXPIRED,EMP-RM739
CON-004774,VND-01589,36953.16,USD,2022-08-08,2023-06-26,MASTER_SERVICE,EXPIRED,EMP-3917
CON-004775,VND-01012,5000.0,EUR,2022-02-21,2024-12-13,PURCHASE_ORDER,EXPIRED,EMP-63446
CON-004776,VND-02752,977134.97,USD,2022-04-21,2024-03-12,FRAMEWORK,EXPIRED,EMP-2338
CON-004777,VND-01266,223269.63,EUR,2023-10-03,2025-06-09,FIXED_PRICE,ACTIVE,EMP-58395
CON-004778,VND-03614,23153.36,USD,2022-09-14,2025-05-17,SLA,EXPIRED,EMP-54282
CON-004779,VND-04341,6045.87,CAD,2018-08-15,2020-04-04,SLA,TERMINATED,EMP-4267
CON-004780,VND-01294,1408045.12,USD,2019-03-08,2019-10-10,MASTER_SERVICE,EXPIRED,EMP-16973
CON-004781,VND-00648,5000.0,SGD,2019-03-27,2020-08-30,FIXED_PRICE,EXPIRED,MGR-6.0
CON-004782,VND-02765,7413.51,USD,2022-12-23,2025-08-01,TIME_AND_MATERIAL,ACTIVE,EMP-54719
CON-004783,VND-04978,5000.0,EUR,2023-10-30,2024-07-04,PURCHASE_ORDER,EXPIRED,EMP-21632
CON-004784,VND-02659,16032.38,USD,2020-01-12,2021-03-26,RETAINER,EXPIRED,EMP-41427
CON-004785,VND-02912,324016.11,INR,2023-08-16,2025-01-08,MASTER_SERVICE,EXPIRED,EMP-69389
CON-004786,VND-04213,64443.93,EUR,2018-06-29,2020-01-26,SLA,EXPIRED,EMP-55556
CON-004787,VND-03892,217345.85,INR,2023-12-04,2025-12-05,TIME_AND_MATERIAL,ACTIVE,EMP-25722
CON-004788,VND-04463,78490.67,USD,2021-06-01,2024-01-22,SLA,EXPIRED,EMP-30273
CON-004789,VND-03180,781577.93,USD,2018-05-24,2020-06-26,TIME_AND_MATERIAL,EXPIRED,EMP-21231
CON-004790,VND-01088,98003.83,CAD,2023-11-27,2026-01-02,MASTER_SERVICE,ACTIVE,EMP-65030
CON-004791,VND-04072,16252.9,USD,2023-08-05,2024-08-17,FIXED_PRICE,ACTIVE,EMP-66546
CON-004792,VND-02702,3455424.2,GBP,2018-03-23,2019-03-04,PURCHASE_ORDER,EXPIRED,EMP-38157
CON-004793,VND-03809,11044.4,GBP,2018-09-06,2020-02-21,FIXED_PRICE,EXPIRED,EMP-36882
CON-004794,VND-01918,9139.01,INR,2021-06-13,2022-03-23,TIME_AND_MATERIAL,EXPIRED,EMP-44170
CON-004795,VND-00852,315554.09,SGD,2020-07-07,2021-05-29,SLA,TERMINATED,EMP-49863
CON-004796,VND-02929,72948.07,USD,2023-09-17,2026-05-24,TIME_AND_MATERIAL,ACTIVE,EMP-58109
CON-004797,VND-00647,22649.07,SGD,2019-12-09,2021-10-16,FIXED_PRICE,EXPIRED,EMP-35298
CON-004798,VND-00919,55481.94,CAD,2021-08-28,2022-12-29,MASTER_SERVICE,EXPIRED,EMP-30841
CON-004799,VND-02872,156593.72,USD,2019-08-20,2022-01-09,MASTER_SERVICE,EXPIRED,EMP-70101
CON-004800,VND-00578,67217.9,EUR,2023-12-28,2024-09-28,FIXED_PRICE,EXPIRED,EMP-46552
CON-004801,VND-03970,168488.76,USD,2023-06-29,2024-08-19,RETAINER,EXPIRED,EMP-13943
CON-004802,VND-00781,66282.38,USD,2021-05-28,2023-09-04,RETAINER,EXPIRED,EMP-47607
CON-004803,VND-04043,984114.05,USD,2018-08-22,2019-12-30,PURCHASE_ORDER,EXPIRED,EMP-12127
CON-004804,VND-02325,353963.59,GBP,2018-03-25,2019-01-04,FRAMEWORK,EXPIRED,EMP-20657
CON-004805,VND-01682,325408.31,USD,2021-06-25,2022-07-14,RETAINER,EXPIRED,EMP-49857
CON-004806,VND-00695,167459.04,GBP,2018-03-06,2019-05-17,PURCHASE_ORDER,TERMINATED,EMP-32434
CON-004807,VND-04393,5000.0,GBP,2022-10-07,2024-06-16,SLA,EXPIRED,EMP-20798
CON-004808,VND-05000,478365.53,CAD,2023-08-17,2026-04-13,SLA,ACTIVE,EMP-9216
CON-004809,VND-01235,14584.63,USD,2021-03-02,2023-02-15,MASTER_SERVICE,EXPIRED,EMP-56397
CON-004810,VND-00700,22910.13,USD,2018-01-07,2020-06-09,TIME_AND_MATERIAL,TERMINATED,EMP-RM206
CON-004811,VND-02493,536641.28,AUD,2019-04-08,2021-03-15,FIXED_PRICE,ACTIVE,EMP-70078
CON-004812,VND-01341,1774580.06,GBP,2020-07-24,2023-07-20,FIXED_PRICE,EXPIRED,EMP-21000
CON-004813,VND-04409,306289.1,USD,2020-08-05,2021-05-03,SLA,EXPIRED,EMP-6328
CON-004814,VND-01292,54283.19,USD,2018-04-29,2020-03-29,FRAMEWORK,EXPIRED,EMP-RM435
CON-004815,VND-02170,395904.54,AUD,2020-03-23,2022-06-20,RETAINER,EXPIRED,EMP-CORP-00487
CON-004816,VND-02500,180012.6,USD,2023-01-09,2025-06-01,RETAINER,ACTIVE,EMP-26998
CON-004817,VND-04032,28265.91,INR,2020-11-13,2023-10-14,PURCHASE_ORDER,EXPIRED,EMP-69437
CON-004818,VND-01358,10600.36,GBP,2018-12-22,2020-02-27,RETAINER,EXPIRED,EMP-21559
CON-004819,VND-00590,618044.8,GBP,2022-07-09,2024-12-06,TIME_AND_MATERIAL,EXPIRED,EMP-40603
CON-004820,VND-03246,22704.45,AUD,2019-09-05,2021-06-04,TIME_AND_MATERIAL,EXPIRED,EMP-37411
CON-004821,VND-03332,32999.85,AUD,2022-01-08,2024-05-19,TIME_AND_MATERIAL,EXPIRED,EMP-68342
CON-004822,VND-04776,655534.61,SGD,2020-03-28,2021-07-04,MASTER_SERVICE,EXPIRED,EMP-28441
CON-004823,VND-00579,1305768.82,USD,2021-10-20,2023-11-12,PURCHASE_ORDER,EXPIRED,EMP-49667
CON-004824,VND-00683,251768.98,USD,2022-12-18,2024-03-18,TIME_AND_MATERIAL,EXPIRED,EMP-31827
CON-004825,VND-02436,237043.33,USD,2020-12-26,2021-10-13,PURCHASE_ORDER,EXPIRED,EMP-23901
CON-004826,VND-03074,1173754.12,USD,2022-09-27,2023-06-06,PURCHASE_ORDER,EXPIRED,EMP-1140
CON-004827,VND-02018,286646.91,GBP,2018-04-21,2020-01-10,MASTER_SERVICE,EXPIRED,EMP-39680
CON-004828,VND-00084,6859587.47,CAD,2020-06-11,2021-02-19,FRAMEWORK,EXPIRED,EMP-63194
CON-004829,VND-04333,69036.3,USD,2023-03-09,2024-06-21,PURCHASE_ORDER,EXPIRED,EMP-44447
CON-004830,VND-04039,412741.48,USD,2023-05-27,2026-02-07,FIXED_PRICE,ACTIVE,EMP-47842
CON-004831,VND-01384,27673.34,SGD,2023-09-20,2025-01-31,FIXED_PRICE,EXPIRED,EMP-44619
CON-004832,VND-04027,11549.89,CAD,2022-08-16,2025-04-10,RETAINER,EXPIRED,EMP-43740
CON-004833,VND-04135,17358.17,INR,2022-10-14,2023-07-29,PURCHASE_ORDER,TERMINATED,EMP-63118
CON-004834,VND-04536,32933.27,USD,2023-01-11,2025-03-24,FIXED_PRICE,TERMINATED,EMP-30463
CON-004835,VND-04775,153356.4,USD,2018-06-02,2020-01-19,FRAMEWORK,EXPIRED,EMP-10549
CON-004836,VND-03291,174741.43,USD,2018-02-13,2019-06-09,MASTER_SERVICE,EXPIRED,EMP-9042
CON-004837,VND-01174,233180.36,USD,2023-11-05,2025-06-09,FRAMEWORK,ACTIVE,EMP-21067
CON-004838,VND-03101,46968.24,USD,2019-10-17,2021-01-21,SLA,TERMINATED,EMP-27758
CON-004839,VND-03209,35507.23,AUD,2020-03-06,2022-06-08,TIME_AND_MATERIAL,EXPIRED,EMP-14531
CON-004840,VND-03436,135958.76,USD,2018-10-12,2019-10-13,FRAMEWORK,EXPIRED,EMP-18579
CON-004841,VND-04116,5000.0,CAD,2023-06-04,2025-04-27,MASTER_SERVICE,EXPIRED,EMP-53998
CON-004842,VND-03961,51416.98,USD,2019-04-11,2020-12-11,MASTER_SERVICE,EXPIRED,EMP-65481
CON-004843,VND-01237,160607.95,GBP,2020-09-07,2021-09-19,RETAINER,EXPIRED,EMP-32217
CON-004844,VND-03041,305363.82,EUR,2020-09-26,2023-02-12,SLA,EXPIRED,EMP-66236
CON-004845,VND-04858,5000.0,USD,2022-05-05,2024-10-07,FRAMEWORK,EXPIRED,EMP-66179
CON-004846,VND-02994,985604.23,EUR,2018-10-05,2019-09-16,RETAINER,EXPIRED,EMP-49263
CON-004847,VND-04636,921053.15,GBP,2022-08-30,2023-10-08,SLA,EXPIRED,EMP-29015
CON-004848,VND-01131,713290.11,USD,2018-07-16,2019-12-25,FRAMEWORK,EXPIRED,EMP-18864
CON-004849,VND-00180,50293.78,EUR,2022-06-23,2024-10-08,RETAINER,EXPIRED,EMP-35015
CON-004850,VND-04207,259317.32,INR,2021-07-17,2023-08-18,MASTER_SERVICE,EXPIRED,EMP-45819
CON-004851,VND-04128,5000.0,GBP,2021-10-11,2023-09-30,MASTER_SERVICE,EXPIRED,EMP-49896
CON-004852,VND-04007,458140.35,GBP,2019-11-22,2020-09-10,MASTER_SERVICE,EXPIRED,EMP-27323
CON-004853,VND-00355,1508857.05,EUR,2020-01-16,2022-01-02,PURCHASE_ORDER,EXPIRED,EMP-51048
CON-004854,VND-04965,9249.14,AUD,2021-12-04,2024-11-27,FIXED_PRICE,EXPIRED,EMP-8817
CON-004855,VND-03951,90233.53,SGD,2019-03-29,2021-11-16,TIME_AND_MATERIAL,TERMINATED,EMP-71479
CON-004856,VND-04526,1196464.41,USD,2020-02-10,2021-09-05,RETAINER,EXPIRED,EMP-34582
CON-004857,VND-01977,1237370.91,CAD,2020-06-21,2021-08-02,TIME_AND_MATERIAL,EXPIRED,EMP-12413
CON-004858,VND-02504,21891.33,USD,2020-03-16,2021-06-28,FRAMEWORK,EXPIRED,EMP-CORP-00068
CON-004859,VND-02413,14899.81,USD,2019-08-04,2021-04-15,RETAINER,EXPIRED,MGR-22.0
CON-004860,VND-03242,379364.75,EUR,2018-09-22,2019-07-10,FIXED_PRICE,TERMINATED,EMP-42304
CON-004861,VND-00632,731781.37,GBP,2018-01-14,2020-03-14,FIXED_PRICE,EXPIRED,EMP-39626
CON-004862,VND-03595,1958061.45,EUR,2023-07-14,2026-05-28,TIME_AND_MATERIAL,ACTIVE,EMP-73013
CON-004863,VND-04464,178703.13,EUR,2022-04-10,2025-02-26,PURCHASE_ORDER,TERMINATED,EMP-41898
CON-004864,VND-01864,57121.8,GBP,2023-01-28,2024-05-21,MASTER_SERVICE,EXPIRED,EMP-CORP-00527
CON-004865,VND-04904,227412.8,INR,2019-07-03,2021-05-21,FIXED_PRICE,EXPIRED,EMP-15844
CON-004866,VND-03501,4486550.78,USD,2021-06-02,2023-01-07,TIME_AND_MATERIAL,EXPIRED,EMP-48811
CON-004867,VND-03893,5000.0,EUR,2022-03-04,2024-06-29,FRAMEWORK,EXPIRED,EMP-51834
CON-004868,VND-02183,428687.94,SGD,2022-10-02,2024-10-26,PURCHASE_ORDER,EXPIRED,EMP-70664
CON-004869,VND-04567,503204.12,GBP,2022-05-24,2025-05-11,MASTER_SERVICE,EXPIRED,EMP-8658
CON-004870,VND-03820,31243.08,USD,2021-12-19,2023-06-07,TIME_AND_MATERIAL,TERMINATED,EMP-29698
CON-004871,VND-04530,5000.0,INR,2018-09-26,2020-03-09,SLA,EXPIRED,EMP-22645
CON-004872,VND-03841,251406.8,USD,2019-06-21,2021-06-12,RETAINER,TERMINATED,EMP-69909
CON-004873,VND-00175,30530.59,USD,2020-07-17,2023-06-09,PURCHASE_ORDER,EXPIRED,EMP-CORP-00521
CON-004874,VND-04873,6793197.96,EUR,2022-06-04,2024-11-28,MASTER_SERVICE,EXPIRED,EMP-29256
CON-004875,VND-01689,30689.68,GBP,2023-01-21,2024-08-25,SLA,EXPIRED,EMP-36940
CON-004876,VND-04779,11172.29,SGD,2021-04-25,2024-03-19,FIXED_PRICE,EXPIRED,EMP-26808
CON-004877,VND-03952,7529.54,EUR,2020-07-18,2021-10-13,FRAMEWORK,EXPIRED,EMP-33646
CON-004878,VND-03615,5000.0,USD,2021-11-10,2022-09-02,SLA,EXPIRED,EMP-37454
CON-004879,VND-02320,999293.25,INR,2021-02-18,2021-10-15,SLA,EXPIRED,EMP-8090
CON-004880,VND-00830,6308.86,EUR,2020-01-18,2021-10-02,FIXED_PRICE,EXPIRED,EMP-22755
CON-004881,VND-01332,102025.72,USD,2023-02-07,2025-10-21,SLA,ACTIVE,EMP-70404
CON-004882,VND-01435,2939570.15,USD,2019-12-30,2021-07-20,SLA,ACTIVE,EMP-67093
CON-004883,VND-04625,2209653.27,USD,2023-10-18,2024-10-10,FIXED_PRICE,EXPIRED,EMP-18942
CON-004884,VND-01035,296562.47,USD,2018-07-03,2020-03-14,MASTER_SERVICE,EXPIRED,EMP-8358
CON-004885,VND-03458,647722.14,USD,2019-05-09,2020-11-18,FIXED_PRICE,EXPIRED,EMP-71678
CON-004886,VND-03840,10017.09,USD,2018-03-02,2018-11-11,SLA,TERMINATED,EMP-44942
CON-004887,VND-04809,15088.43,USD,2020-11-12,2023-04-13,RETAINER,EXPIRED,EMP-CORP-00129
CON-004888,VND-03168,503315.82,INR,2023-06-20,2025-11-18,MASTER_SERVICE,ACTIVE,EMP-10932
CON-004889,VND-03223,48248.43,USD,2019-11-11,2021-11-21,FRAMEWORK,EXPIRED,EMP-70977
CON-004890,VND-02686,1071735.56,USD,2023-04-07,2025-09-14,FRAMEWORK,ACTIVE,EMP-10199
CON-004891,VND-01494,5000.77,USD,2019-09-13,2022-08-10,PURCHASE_ORDER,EXPIRED,EMP-43189
CON-004892,VND-03153,57771.65,GBP,2021-11-20,2024-05-26,SLA,TERMINATED,EMP-11154
CON-004893,VND-02506,406861.32,EUR,2019-04-18,2020-08-14,RETAINER,EXPIRED,EMP-2523
CON-004894,VND-00021,5000.0,GBP,2021-03-14,2022-02-04,PURCHASE_ORDER,EXPIRED,EMP-CORP-00028
CON-004895,VND-01418,5000.0,EUR,2023-08-09,2024-03-04,MASTER_SERVICE,EXPIRED,EMP-6338
CON-004896,VND-03872,447206.49,USD,2018-04-23,2020-08-27,RETAINER,TERMINATED,EMP-9361
CON-004897,VND-04006,14176.06,USD,2022-05-08,2023-03-29,TIME_AND_MATERIAL,ACTIVE,EMP-53378
CON-004898,VND-01203,22972.88,GBP,2018-06-16,2019-09-10,PURCHASE_ORDER,EXPIRED,EMP-50590
CON-004899,VND-02989,38138.89,GBP,2018-01-10,2020-08-12,TIME_AND_MATERIAL,EXPIRED,EMP-1111
CON-004900,VND-03401,378298.44,USD,2019-02-21,2021-12-18,FRAMEWORK,EXPIRED,EMP-6868
CON-004901,VND-01255,10925.72,USD,2018-06-07,2020-06-12,SLA,EXPIRED,EMP-49769
CON-004902,VND-00824,108042.33,GBP,2018-03-27,2020-09-18,PURCHASE_ORDER,EXPIRED,EMP-14172
CON-004903,VND-01936,3720461.82,EUR,2020-12-01,2022-10-08,TIME_AND_MATERIAL,TERMINATED,EMP-67479
CON-004904,VND-00589,22824.83,USD,2020-12-25,2022-08-03,RETAINER,EXPIRED,EMP-54859
CON-004905,VND-02131,5000.0,SGD,2022-12-24,2024-04-26,RETAINER,EXPIRED,EMP-53335
CON-004906,VND-02479,37496.84,GBP,2021-06-26,2022-11-07,PURCHASE_ORDER,EXPIRED,EMP-26228
CON-004907,VND-03086,320420.29,USD,2022-04-29,2023-01-25,FIXED_PRICE,EXPIRED,EMP-23642
CON-004908,VND-01823,5000.0,USD,2020-08-23,2022-10-09,PURCHASE_ORDER,EXPIRED,EMP-21196
CON-004909,VND-04811,9654.58,GBP,2022-04-25,2023-01-14,FIXED_PRICE,EXPIRED,EMP-37513
CON-004910,VND-02783,5000.0,GBP,2023-08-20,2026-02-08,SLA,ACTIVE,EMP-45727
CON-004911,VND-03900,569702.92,INR,2018-05-19,2021-04-26,RETAINER,EXPIRED,EMP-13057
CON-004912,VND-01839,97913.42,USD,2023-11-17,2025-11-14,SLA,ACTIVE,EMP-57415
CON-004913,VND-02217,24821.5,INR,2023-09-23,2024-06-18,FRAMEWORK,TERMINATED,EMP-31020
CON-004914,VND-00676,15459.53,USD,2020-09-22,2021-03-31,TIME_AND_MATERIAL,EXPIRED,EMP-42538
CON-004915,VND-04599,67153.07,USD,2018-09-09,2021-05-06,FRAMEWORK,EXPIRED,EMP-24535
CON-004916,VND-04505,5000.0,USD,2022-06-01,2023-11-22,FIXED_PRICE,EXPIRED,EMP-52331
CON-004917,VND-02250,786460.37,SGD,2019-10-04,2021-09-05,MASTER_SERVICE,EXPIRED,EMP-44556
CON-004918,VND-02035,1975533.63,GBP,2023-10-16,2025-02-26,SLA,EXPIRED,EMP-11427
CON-004919,VND-04760,5000.0,USD,2020-02-04,2021-01-12,TIME_AND_MATERIAL,EXPIRED,EMP-25995
CON-004920,VND-02160,54441.09,EUR,2022-06-27,2024-03-10,MASTER_SERVICE,TERMINATED,EMP-46633
CON-004921,VND-01449,208063.86,SGD,2019-06-09,2020-04-21,RETAINER,EXPIRED,EMP-19964
CON-004922,VND-02273,9992.94,USD,2022-05-03,2023-01-05,SLA,EXPIRED,EMP-51036
CON-004923,VND-02855,47184.3,USD,2021-10-14,2024-03-17,SLA,EXPIRED,EMP-44939
CON-004924,VND-00937,264959.36,CAD,2023-05-31,2024-05-19,RETAINER,EXPIRED,EMP-1886
CON-004925,VND-02819,166087.38,GBP,2023-09-28,2024-09-21,MASTER_SERVICE,EXPIRED,EMP-24847
CON-004926,VND-00933,25421.92,USD,2023-01-25,2024-12-30,SLA,EXPIRED,EMP-52883
CON-004927,VND-02787,308412.07,USD,2023-10-24,2026-04-26,PURCHASE_ORDER,ACTIVE,EMP-7552
CON-004928,VND-01270,293494.34,EUR,2022-01-06,2023-10-23,MASTER_SERVICE,EXPIRED,EMP-25190
CON-004929,VND-03065,722584.39,EUR,2020-02-05,2021-06-22,TIME_AND_MATERIAL,EXPIRED,EMP-41556
CON-004930,VND-04713,3171735.11,CAD,2018-01-08,2020-06-22,PURCHASE_ORDER,EXPIRED,EMP-8159
CON-004931,VND-04408,4798970.97,USD,2018-10-22,2021-10-12,SLA,EXPIRED,EMP-37325
CON-004932,VND-00704,331684.6,GBP,2020-07-22,2022-05-24,RETAINER,EXPIRED,EMP-14470
CON-004933,VND-04008,629198.62,USD,2022-05-02,2024-10-04,MASTER_SERVICE,TERMINATED,EMP-43935
CON-004934,VND-01188,109060.07,USD,2021-04-12,2021-12-29,RETAINER,EXPIRED,EMP-21049
CON-004935,VND-00136,24843.68,CAD,2020-04-25,2020-11-04,TIME_AND_MATERIAL,TERMINATED,EMP-37062
CON-004936,VND-04741,9962.28,USD,2021-05-29,2023-11-21,MASTER_SERVICE,EXPIRED,EMP-56449
CON-004937,VND-04391,5000.0,USD,2020-11-11,2023-09-20,SLA,EXPIRED,EMP-28469
CON-004938,VND-00562,64712.18,USD,2023-10-16,2025-12-12,RETAINER,ACTIVE,EMP-37456
CON-004939,VND-01888,15732.46,EUR,2023-03-11,2024-01-31,TIME_AND_MATERIAL,EXPIRED,EMP-34071
CON-004940,VND-03690,27547.12,USD,2018-10-26,2019-11-25,FIXED_PRICE,ACTIVE,EMP-47504
CON-004941,VND-01153,117734.87,AUD,2020-08-09,2022-07-09,SLA,EXPIRED,EMP-45210
CON-004942,VND-04813,407841.08,INR,2018-02-27,2020-09-23,MASTER_SERVICE,TERMINATED,EMP-44898
CON-004943,VND-03498,11901795.01,INR,2019-10-07,2022-04-09,FRAMEWORK,EXPIRED,EMP-20408
CON-004944,VND-03789,12725.33,INR,2022-02-17,2023-01-15,TIME_AND_MATERIAL,TERMINATED,EMP-56096
CON-004945,VND-00538,53854.14,USD,2023-11-15,2025-04-08,PURCHASE_ORDER,TERMINATED,EMP-21980
CON-004946,VND-03773,825433.67,EUR,2020-12-05,2022-02-14,RETAINER,EXPIRED,EMP-39197
CON-004947,VND-02938,5118.77,USD,2021-02-25,2022-02-14,FRAMEWORK,EXPIRED,EMP-54149
CON-004948,VND-01436,5000.0,EUR,2023-09-05,2025-03-09,FRAMEWORK,TERMINATED,EMP-27653
CON-004949,VND-04301,33566.19,EUR,2019-09-16,2021-12-22,TIME_AND_MATERIAL,EXPIRED,EMP-16835
CON-004950,VND-03712,29549.83,CAD,2021-08-24,2022-10-27,FRAMEWORK,EXPIRED,EMP-56073
CON-004951,VND-04878,490730.09,CAD,2021-03-23,2023-08-10,FIXED_PRICE,EXPIRED,EMP-34462
CON-004952,VND-03675,3661397.33,EUR,2019-07-06,2022-04-25,RETAINER,EXPIRED,EMP-51960
CON-004953,VND-02709,64597.39,GBP,2023-09-26,2026-05-09,PURCHASE_ORDER,ACTIVE,EMP-844
CON-004954,VND-04399,373842.53,AUD,2022-02-18,2023-02-27,PURCHASE_ORDER,EXPIRED,EMP-59434
CON-004955,VND-00918,10629.42,EUR,2019-04-30,2022-01-16,MASTER_SERVICE,EXPIRED,EMP-46048
CON-004956,VND-04663,6963737.2,CAD,2023-05-22,2024-08-05,SLA,EXPIRED,EMP-41181
CON-004957,VND-01651,15419.48,SGD,2022-09-13,2024-10-05,MASTER_SERVICE,TERMINATED,EMP-34205
CON-004958,VND-00601,2971313.77,USD,2021-03-23,2023-06-11,FIXED_PRICE,EXPIRED,EMP-18540
CON-004959,VND-02220,967398.01,USD,2021-10-29,2022-08-23,FRAMEWORK,EXPIRED,EMP-60296
CON-004960,VND-01956,5150.85,USD,2018-04-13,2019-11-03,RETAINER,EXPIRED,MGR-9536
CON-004961,VND-00939,56342.05,USD,2021-01-17,2023-09-24,FIXED_PRICE,ACTIVE,EMP-57487
CON-004962,VND-02623,245952.35,USD,2021-01-05,2023-11-29,PURCHASE_ORDER,TERMINATED,EMP-71158
CON-004963,VND-04912,81401.92,EUR,2018-09-13,2020-04-06,PURCHASE_ORDER,ACTIVE,EMP-23408
CON-004964,VND-01629,185295.96,EUR,2018-04-11,2020-12-04,RETAINER,EXPIRED,EMP-16933
CON-004965,VND-04622,92885.88,SGD,2020-04-14,2021-03-25,TIME_AND_MATERIAL,ACTIVE,EMP-22304
CON-004966,VND-04936,131947.63,CAD,2022-01-19,2022-11-11,RETAINER,EXPIRED,EMP-50415
CON-004967,VND-04896,6542.82,EUR,2021-01-04,2022-01-20,FRAMEWORK,EXPIRED,EMP-31818
CON-004968,VND-01798,20484.35,USD,2021-12-29,2022-10-31,FRAMEWORK,EXPIRED,EMP-26979
CON-004969,VND-04070,6656.59,USD,2023-04-24,2025-02-25,SLA,EXPIRED,EMP-32568
CON-004970,VND-04610,84347.93,GBP,2019-05-10,2021-04-03,FIXED_PRICE,EXPIRED,EMP-7460
CON-004971,VND-00911,44979.56,GBP,2022-03-20,2024-09-26,RETAINER,EXPIRED,EMP-37549
CON-004972,VND-02945,264993.5,USD,2020-06-11,2023-02-24,RETAINER,ACTIVE,EMP-CORP-00259
CON-004973,VND-00152,269597.85,USD,2020-04-12,2021-07-08,SLA,TERMINATED,EMP-40954
CON-004974,VND-03039,16532.41,INR,2020-12-27,2023-11-05,RETAINER,EXPIRED,EMP-49968
CON-004975,VND-04847,31415.66,GBP,2021-05-13,2022-04-11,RETAINER,EXPIRED,EMP-63547
CON-004976,VND-04767,222020.58,USD,2018-01-23,2020-12-27,PURCHASE_ORDER,EXPIRED,EMP-26091
CON-004977,VND-04432,75331.51,AUD,2019-12-18,2020-10-09,FIXED_PRICE,EXPIRED,EMP-19914
CON-004978,VND-00140,10165.78,INR,2018-05-27,2020-11-03,PURCHASE_ORDER,EXPIRED,EMP-10459
CON-004979,VND-02798,9143.88,GBP,2019-11-05,2022-03-15,FIXED_PRICE,EXPIRED,EMP-68326
CON-004980,VND-00391,16524.04,CAD,2022-10-26,2023-07-04,MASTER_SERVICE,TERMINATED,EMP-61535
CON-004981,VND-03533,124230.22,USD,2021-01-13,2021-09-10,RETAINER,EXPIRED,EMP-54484
CON-004982,VND-02960,9735.66,EUR,2018-11-05,2020-10-09,RETAINER,EXPIRED,EMP-53311
CON-004983,VND-03997,60251.23,USD,2021-12-21,2022-07-25,PURCHASE_ORDER,EXPIRED,EMP-9011
CON-004984,VND-04811,56585.77,USD,2021-04-16,2021-12-17,FIXED_PRICE,EXPIRED,EMP-17868
CON-004985,VND-02906,823965.05,USD,2020-07-04,2023-04-21,FIXED_PRICE,EXPIRED,EMP-49861
CON-004986,VND-01828,133623.16,INR,2019-08-25,2022-08-01,FRAMEWORK,EXPIRED,EMP-73032
CON-004987,VND-04701,17454.05,EUR,2019-07-03,2022-06-28,RETAINER,TERMINATED,EMP-22172
CON-004988,VND-04702,116025.91,USD,2020-10-12,2021-05-08,MASTER_SERVICE,EXPIRED,EMP-74416
CON-004989,VND-03715,144724.07,GBP,2018-03-14,2019-09-05,MASTER_SERVICE,EXPIRED,EMP-CORP-00105
CON-004990,VND-04710,31774.26,USD,2018-07-30,2021-01-20,FIXED_PRICE,EXPIRED,EMP-47911
CON-004991,VND-04840,55535.06,GBP,2023-02-22,2025-04-02,FRAMEWORK,EXPIRED,EMP-59037
CON-004992,VND-04221,311914.35,GBP,2021-10-11,2024-04-21,TIME_AND_MATERIAL,EXPIRED,EMP-15411
CON-004993,VND-02244,5000.0,EUR,2023-09-04,2024-08-08,FRAMEWORK,EXPIRED,EMP-15266
CON-004994,VND-01702,12115.88,GBP,2020-06-18,2020-12-25,PURCHASE_ORDER,EXPIRED,EMP-51287
CON-004995,VND-00812,497121.99,GBP,2022-07-17,2025-04-23,FIXED_PRICE,EXPIRED,EMP-5378
CON-004996,VND-02028,168690.41,USD,2018-07-11,2019-05-10,RETAINER,EXPIRED,EMP-37689
CON-004997,VND-04858,5000.0,USD,2018-02-18,2020-09-25,FRAMEWORK,EXPIRED,EMP-52382
CON-004998,VND-01100,847750.13,AUD,2023-06-23,2025-10-29,MASTER_SERVICE,ACTIVE,EMP-10018
CON-004999,VND-02393,31130.81,GBP,2021-05-27,2022-12-23,MASTER_SERVICE,TERMINATED,EMP-10906
CON-005000,VND-00364,1249295.17,INR,2018-06-02,2020-09-05,FIXED_PRICE,EXPIRED,EMP-49287
CON-005001,VND-03890,21376.64,USD,2023-02-11,2025-07-30,PURCHASE_ORDER,ACTIVE,EMP-16214
CON-005002,VND-02632,5471.9,AUD,2020-12-12,2022-08-22,FRAMEWORK,EXPIRED,EMP-39197
CON-005003,VND-02462,5000.0,CAD,2022-07-16,2024-02-12,FIXED_PRICE,EXPIRED,EMP-38789
CON-005004,VND-04729,5000.0,GBP,2019-01-09,2021-04-29,MASTER_SERVICE,EXPIRED,EMP-18508
CON-005005,VND-04546,7038.53,INR,2022-02-19,2022-11-29,MASTER_SERVICE,EXPIRED,EMP-67994
CON-005006,VND-02436,1759270.11,USD,2018-08-25,2020-01-05,MASTER_SERVICE,ACTIVE,EMP-67303
CON-005007,VND-03562,83091.11,INR,2020-10-21,2022-05-19,MASTER_SERVICE,EXPIRED,EMP-22492
CON-005008,VND-02572,34044.45,USD,2023-03-28,2025-01-09,FIXED_PRICE,EXPIRED,EMP-70856
CON-005009,VND-02015,19105.95,USD,2018-03-12,2018-10-24,FRAMEWORK,EXPIRED,EMP-10977
CON-005010,VND-01465,79560.98,USD,2018-04-18,2021-04-05,TIME_AND_MATERIAL,EXPIRED,EMP-11880
CON-005011,VND-03955,1006695.24,USD,2019-11-07,2022-01-02,FIXED_PRICE,EXPIRED,EMP-71700
CON-005012,VND-01211,5000.0,USD,2019-03-24,2021-01-02,RETAINER,EXPIRED,EMP-63799
CON-005013,VND-01823,89803.93,USD,2019-12-14,2020-12-19,FRAMEWORK,TERMINATED,EMP-56806
CON-005014,VND-04907,20547.61,USD,2022-01-12,2023-10-28,TIME_AND_MATERIAL,EXPIRED,EMP-8878
CON-005015,VND-00905,9913.36,USD,2020-09-07,2022-06-05,RETAINER,EXPIRED,EMP-65987
CON-005016,VND-02584,269930.09,GBP,2019-02-12,2021-05-24,FIXED_PRICE,EXPIRED,EMP-3865
CON-005017,VND-03821,475102.5,CAD,2023-07-31,2025-07-06,FRAMEWORK,ACTIVE,EMP-38717
CON-005018,VND-02978,251446.75,USD,2021-08-07,2023-08-03,PURCHASE_ORDER,EXPIRED,EMP-54753
CON-005019,VND-04674,30523.46,GBP,2019-05-07,2020-09-20,FRAMEWORK,ACTIVE,EMP-67844
CON-005020,VND-00443,496308.49,USD,2020-09-09,2022-09-19,FRAMEWORK,TERMINATED,EMP-43152
CON-005021,VND-04429,1137368.77,USD,2021-04-19,2023-05-10,TIME_AND_MATERIAL,EXPIRED,EMP-21371
CON-005022,VND-00974,11203.58,EUR,2021-05-14,2023-12-05,FRAMEWORK,EXPIRED,EMP-10382
CON-005023,VND-03127,71686.66,EUR,2020-02-26,2021-05-05,TIME_AND_MATERIAL,EXPIRED,EMP-42021
CON-005024,VND-00400,33733.99,GBP,2021-08-29,2023-02-24,MASTER_SERVICE,EXPIRED,EMP-6130
CON-005025,VND-01656,5640.2,INR,2021-10-23,2023-10-06,TIME_AND_MATERIAL,EXPIRED,EMP-40249
CON-005026,VND-02627,135922.44,USD,2020-01-11,2022-03-18,RETAINER,EXPIRED,EMP-29112
CON-005027,VND-03884,252216.5,EUR,2023-08-20,2026-08-11,FIXED_PRICE,ACTIVE,EMP-62457
CON-005028,VND-01929,98008.49,USD,2018-08-11,2020-02-05,FRAMEWORK,EXPIRED,EMP-61212
CON-005029,VND-00248,849510.8,USD,2023-02-19,2024-08-23,PURCHASE_ORDER,EXPIRED,EMP-67258
CON-005030,VND-02261,17240.31,USD,2021-10-22,2022-05-11,PURCHASE_ORDER,EXPIRED,EMP-57196
CON-005031,VND-03120,183094.25,USD,2020-07-10,2021-11-08,TIME_AND_MATERIAL,TERMINATED,EMP-68376
CON-005032,VND-02203,903879.56,CAD,2021-05-05,2023-12-11,FRAMEWORK,EXPIRED,EMP-64511
CON-005033,VND-02357,28248.99,EUR,2018-04-18,2019-11-23,FIXED_PRICE,TERMINATED,EMP-49959
CON-005034,VND-01745,753617.86,USD,2022-09-29,2024-05-21,MASTER_SERVICE,TERMINATED,EMP-22346
CON-005035,VND-04944,5536691.32,EUR,2022-08-28,2024-03-14,MASTER_SERVICE,EXPIRED,EMP-52784
CON-005036,VND-03684,4828633.23,GBP,2018-06-13,2019-09-03,PURCHASE_ORDER,EXPIRED,EMP-66769
CON-005037,VND-01526,158246.53,USD,2020-06-28,2021-07-10,SLA,ACTIVE,EMP-62127
CON-005038,VND-01275,19562.93,USD,2018-11-01,2021-05-04,RETAINER,EXPIRED,EMP-21492
CON-005039,VND-04446,2435201.75,USD,2023-04-15,2024-04-24,FIXED_PRICE,ACTIVE,EMP-42559
CON-005040,VND-00276,109804.18,USD,2023-08-08,2026-04-15,FIXED_PRICE,ACTIVE,EMP-3150
CON-005041,VND-04681,23633.23,SGD,2022-07-09,2024-07-23,RETAINER,EXPIRED,EMP-43952
CON-005042,VND-03411,5000.0,USD,2022-04-29,2024-01-09,SLA,EXPIRED,EMP-8485
CON-005043,VND-00725,953505.91,USD,2021-08-05,2022-03-06,FIXED_PRICE,EXPIRED,EMP-23282
CON-005044,VND-01474,182954.3,USD,2019-07-29,2022-04-11,FIXED_PRICE,EXPIRED,EMP-64607
CON-005045,VND-00447,3332844.62,INR,2021-06-02,2022-06-21,FRAMEWORK,EXPIRED,EMP-30238
CON-005046,VND-04233,82150.46,USD,2023-11-05,2025-01-29,TIME_AND_MATERIAL,EXPIRED,EMP-67093
CON-005047,VND-04855,604565.52,USD,2020-05-29,2023-04-21,FRAMEWORK,ACTIVE,EMP-26852
CON-005048,VND-00741,476625.16,USD,2021-10-09,2024-06-04,SLA,TERMINATED,EMP-17435
CON-005049,VND-04679,5000.0,USD,2019-09-18,2022-08-19,FIXED_PRICE,EXPIRED,EMP-32887
CON-005050,VND-01331,458118.06,GBP,2019-04-03,2021-10-06,MASTER_SERVICE,EXPIRED,EMP-33346
CON-005051,VND-00496,210660.9,GBP,2019-03-29,2021-02-08,SLA,EXPIRED,EMP-7893
CON-005052,VND-02900,927652.25,SGD,2021-11-16,2022-08-20,MASTER_SERVICE,EXPIRED,EMP-42787
CON-005053,VND-03088,85051.68,USD,2019-01-11,2020-05-13,SLA,EXPIRED,EMP-8735
CON-005054,VND-02505,9572.54,INR,2022-08-15,2024-07-01,PURCHASE_ORDER,EXPIRED,EMP-18801
CON-005055,VND-00736,23268.15,INR,2018-03-07,2020-01-29,MASTER_SERVICE,EXPIRED,EMP-6730
CON-005056,VND-03220,88640.44,USD,2019-02-27,2020-03-20,FRAMEWORK,EXPIRED,EMP-43455
CON-005057,VND-04310,272178.01,USD,2022-01-10,2023-08-27,TIME_AND_MATERIAL,EXPIRED,EMP-72200
CON-005058,VND-01760,338244.73,GBP,2022-12-21,2024-10-31,MASTER_SERVICE,TERMINATED,EMP-33215
CON-005059,VND-01892,4663937.88,EUR,2019-12-18,2021-06-16,FIXED_PRICE,EXPIRED,EMP-37559
CON-005060,VND-01622,5737.71,INR,2020-02-24,2023-01-07,FRAMEWORK,EXPIRED,EMP-41813
CON-005061,VND-00496,5000.0,USD,2018-05-07,2018-11-28,MASTER_SERVICE,EXPIRED,EMP-2569
CON-005062,VND-03681,5000.0,GBP,2022-03-19,2024-12-03,FIXED_PRICE,ACTIVE,EMP-CORP-00130
CON-005063,VND-04770,229201.12,USD,2023-04-13,2025-04-19,FRAMEWORK,EXPIRED,EMP-16824
CON-005064,VND-04121,52317.67,EUR,2023-08-16,2024-12-01,FRAMEWORK,EXPIRED,EMP-6660
CON-005065,VND-02077,928763.36,INR,2019-09-01,2020-05-17,SLA,EXPIRED,EMP-23923
CON-005066,VND-02354,1443684.45,USD,2023-04-21,2025-05-10,SLA,TERMINATED,EMP-2276
CON-005067,VND-03544,5000.0,CAD,2019-03-30,2020-12-16,FIXED_PRICE,EXPIRED,EMP-50063
CON-005068,VND-04819,1414228.92,USD,2023-08-26,2025-11-26,RETAINER,ACTIVE,EMP-60959
CON-005069,VND-01252,403887.01,INR,2020-08-22,2023-01-25,FIXED_PRICE,TERMINATED,EMP-69672
CON-005070,VND-02528,364463.2,INR,2021-06-09,2022-11-29,MASTER_SERVICE,EXPIRED,EMP-71702
CON-005071,VND-03815,4169692.77,EUR,2020-05-14,2021-05-29,PURCHASE_ORDER,EXPIRED,EMP-CORP-00123
CON-005072,VND-00381,11419.39,EUR,2023-10-07,2024-09-16,PURCHASE_ORDER,TERMINATED,EMP-24009
CON-005073,VND-02952,5000.0,SGD,2019-10-01,2021-08-19,RETAINER,EXPIRED,EMP-2867
CON-005074,VND-01896,348282.22,INR,2021-06-07,2022-10-13,FRAMEWORK,EXPIRED,EMP-19260
CON-005075,VND-02413,11280.48,EUR,2020-12-04,2022-10-07,FIXED_PRICE,EXPIRED,EMP-78
CON-005076,VND-00994,5030.0,USD,2019-02-08,2019-10-31,PURCHASE_ORDER,TERMINATED,EMP-47741
CON-005077,VND-01356,290241.16,GBP,2018-10-31,2021-09-29,RETAINER,EXPIRED,EMP-71430
CON-005078,VND-04429,14725.8,EUR,2018-10-23,2019-10-05,TIME_AND_MATERIAL,EXPIRED,EMP-24416
CON-005079,VND-03374,1055482.8,USD,2018-05-16,2020-04-15,FIXED_PRICE,ACTIVE,EMP-39680
CON-005080,VND-01943,7862.82,USD,2019-02-19,2019-10-30,FRAMEWORK,EXPIRED,EMP-71870
CON-005081,VND-02644,1089501.06,USD,2020-12-19,2023-01-27,RETAINER,EXPIRED,EMP-22004
CON-005082,VND-01713,11435.55,CAD,2023-04-08,2024-11-19,MASTER_SERVICE,EXPIRED,EMP-CORP-00582
CON-005083,VND-01758,1011005.64,USD,2019-10-11,2021-01-17,SLA,TERMINATED,EMP-RM589
CON-005084,VND-04188,322971.14,GBP,2021-04-13,2021-12-29,MASTER_SERVICE,TERMINATED,EMP-61925
CON-005085,VND-03590,5000.0,INR,2021-11-07,2024-04-01,FRAMEWORK,TERMINATED,MGR-3.0
CON-005086,VND-01004,5250223.17,USD,2020-08-07,2023-03-20,FIXED_PRICE,EXPIRED,EMP-69800
CON-005087,VND-02149,339100.01,GBP,2023-09-11,2025-06-18,SLA,ACTIVE,EMP-45268
CON-005088,VND-04616,41340.8,USD,2022-09-20,2024-04-22,MASTER_SERVICE,ACTIVE,EMP-71365
CON-005089,VND-00762,36722.51,USD,2022-12-02,2023-10-26,SLA,EXPIRED,EMP-31157
CON-005090,VND-01776,350632.81,EUR,2018-08-06,2021-08-02,FIXED_PRICE,TERMINATED,EMP-8681
CON-005091,VND-01312,587303.48,USD,2019-05-30,2021-08-08,PURCHASE_ORDER,EXPIRED,EMP-53782
CON-005092,VND-01642,103599.59,USD,2022-07-19,2025-01-07,MASTER_SERVICE,EXPIRED,EMP-72028
CON-005093,VND-00807,227314.04,EUR,2018-03-05,2020-11-09,TIME_AND_MATERIAL,TERMINATED,EMP-45356
CON-005094,VND-02664,763699.39,USD,2020-07-09,2022-06-19,RETAINER,TERMINATED,EMP-64231
CON-005095,VND-01307,32380.05,INR,2023-03-25,2025-11-08,MASTER_SERVICE,ACTIVE,EMP-7275
CON-005096,VND-00306,4216899.72,AUD,2023-03-12,2025-05-05,SLA,EXPIRED,EMP-70048
CON-005097,VND-04720,2877327.84,USD,2018-11-23,2020-01-08,RETAINER,EXPIRED,EMP-22786
CON-005098,VND-04288,15626.45,SGD,2023-10-29,2026-05-24,FIXED_PRICE,ACTIVE,EMP-55097
CON-005099,VND-04789,161552.11,GBP,2019-05-09,2021-01-10,RETAINER,EXPIRED,EMP-CORP-00541
CON-005100,VND-03868,907902.52,EUR,2023-11-25,2025-08-06,MASTER_SERVICE,ACTIVE,EMP-45634
CON-005101,VND-02703,473188.84,GBP,2022-10-09,2024-10-21,MASTER_SERVICE,EXPIRED,EMP-65430
CON-005102,VND-01196,59948.74,USD,2023-10-15,2025-04-21,RETAINER,EXPIRED,EMP-40158
CON-005103,VND-02763,17679.63,EUR,2018-12-08,2021-04-18,FRAMEWORK,EXPIRED,EMP-52722
CON-005104,VND-04568,17989.48,GBP,2019-01-02,2019-10-17,FRAMEWORK,EXPIRED,EMP-43446
CON-005105,VND-04016,37942.24,CAD,2023-06-30,2024-07-18,SLA,ACTIVE,EMP-13059
CON-005106,VND-02625,933467.83,GBP,2020-10-30,2023-01-17,MASTER_SERVICE,TERMINATED,EMP-22850
CON-005107,VND-03753,116335.14,USD,2019-02-15,2021-07-26,RETAINER,EXPIRED,EMP-69697
CON-005108,VND-01152,10466.18,USD,2019-01-20,2021-09-26,PURCHASE_ORDER,EXPIRED,EMP-37708
CON-005109,VND-03154,453731.23,INR,2020-03-15,2022-05-31,TIME_AND_MATERIAL,EXPIRED,EMP-71011
CON-005110,VND-02819,49217.74,GBP,2019-01-25,2020-03-05,FIXED_PRICE,EXPIRED,EMP-7939
CON-005111,VND-03801,49526.22,USD,2018-07-06,2019-04-20,MASTER_SERVICE,ACTIVE,EMP-37195
CON-005112,VND-01195,13684.99,EUR,2021-01-14,2024-01-04,PURCHASE_ORDER,EXPIRED,EMP-52416
CON-005113,VND-03647,192825.56,AUD,2020-02-14,2020-09-26,SLA,EXPIRED,EMP-14657
CON-005114,VND-03813,13262.55,AUD,2018-07-30,2019-11-03,FIXED_PRICE,EXPIRED,EMP-10558
CON-005115,VND-03462,1135427.66,USD,2019-10-20,2020-09-18,PURCHASE_ORDER,TERMINATED,EMP-66026
CON-005116,VND-03623,622322.84,GBP,2019-11-20,2020-09-16,FIXED_PRICE,EXPIRED,EMP-44645
CON-005117,VND-01633,587725.59,GBP,2022-12-28,2023-11-05,PURCHASE_ORDER,EXPIRED,EMP-63883
CON-005118,VND-03252,52729.27,EUR,2022-02-18,2023-05-24,FIXED_PRICE,EXPIRED,EMP-60788
CON-005119,VND-04078,41569.9,CAD,2018-03-09,2019-05-09,PURCHASE_ORDER,EXPIRED,EMP-1321
CON-005120,VND-02093,700928.68,AUD,2018-09-06,2020-08-04,FRAMEWORK,EXPIRED,EMP-31233
CON-005121,VND-03283,7148.97,USD,2019-07-23,2021-08-18,TIME_AND_MATERIAL,EXPIRED,EMP-28932
CON-005122,VND-02280,258604.48,AUD,2022-09-16,2024-07-26,TIME_AND_MATERIAL,EXPIRED,EMP-67429
CON-005123,VND-00691,684757.92,GBP,2018-10-15,2020-06-25,TIME_AND_MATERIAL,TERMINATED,EMP-RM929
CON-005124,VND-04285,94360.93,USD,2018-04-30,2018-12-02,SLA,TERMINATED,EMP-22880
CON-005125,VND-01365,21168.57,EUR,2023-12-14,2025-12-13,RETAINER,ACTIVE,EMP-23963
CON-005126,VND-03627,654750.19,EUR,2023-06-23,2023-12-22,TIME_AND_MATERIAL,TERMINATED,EMP-40782
CON-005127,VND-00320,779402.55,SGD,2018-10-11,2020-02-26,SLA,TERMINATED,EMP-21343
CON-005128,VND-01417,5000.0,INR,2021-03-07,2022-05-15,FRAMEWORK,TERMINATED,EMP-45636
CON-005129,VND-04699,210100.46,EUR,2019-08-08,2020-05-10,PURCHASE_ORDER,EXPIRED,EMP-67496
CON-005130,VND-02163,25639.65,CAD,2018-05-25,2018-12-27,SLA,ACTIVE,EMP-3179
CON-005131,VND-02159,496698.27,SGD,2023-07-29,2024-02-18,PURCHASE_ORDER,EXPIRED,EMP-73164
CON-005132,VND-04212,5000.0,USD,2019-05-15,2021-05-22,SLA,EXPIRED,EMP-2702
CON-005133,VND-03744,42762.64,USD,2021-05-21,2024-03-08,MASTER_SERVICE,EXPIRED,EMP-59201
CON-005134,VND-02708,96915.38,USD,2021-06-12,2022-11-27,RETAINER,TERMINATED,EMP-54645
CON-005135,VND-04048,21195.11,EUR,2022-01-06,2024-06-06,RETAINER,EXPIRED,EMP-23901
CON-005136,VND-03021,1489734.33,SGD,2019-02-01,2021-03-31,TIME_AND_MATERIAL,EXPIRED,EMP-CORP-00569
CON-005137,VND-02449,13966.43,USD,2022-12-05,2024-02-22,FIXED_PRICE,EXPIRED,EMP-RM1422
CON-005138,VND-04402,75250.16,USD,2020-11-06,2021-10-21,FIXED_PRICE,EXPIRED,EMP-24115
CON-005139,VND-03783,146001.68,EUR,2023-06-12,2024-10-03,MASTER_SERVICE,EXPIRED,EMP-37020
CON-005140,VND-02445,12398.2,USD,2022-07-27,2024-04-12,MASTER_SERVICE,TERMINATED,EMP-6886
CON-005141,VND-00209,6824.35,INR,2018-10-15,2020-06-29,MASTER_SERVICE,TERMINATED,EMP-29143
CON-005142,VND-02216,1158544.35,USD,2019-04-15,2022-02-11,RETAINER,EXPIRED,EMP-3989
CON-005143,VND-03739,6051.87,INR,2020-01-02,2022-07-27,FIXED_PRICE,EXPIRED,EMP-39146
CON-005144,VND-01336,5000.0,AUD,2020-01-12,2020-10-12,FIXED_PRICE,EXPIRED,EMP-15905
CON-005145,VND-00153,101958.16,USD,2018-07-13,2020-02-01,PURCHASE_ORDER,EXPIRED,EMP-67862
CON-005146,VND-04846,1117800.72,USD,2021-02-25,2022-05-14,PURCHASE_ORDER,EXPIRED,EMP-66349
CON-005147,VND-02819,64298.96,EUR,2022-11-20,2025-10-14,SLA,ACTIVE,EMP-23831
CON-005148,VND-03227,383065.44,CAD,2019-05-21,2021-11-10,RETAINER,EXPIRED,EMP-18009
CON-005149,VND-03752,45386.11,EUR,2019-07-18,2022-04-16,SLA,EXPIRED,EMP-37559
CON-005150,VND-04665,72723.01,USD,2018-06-01,2020-02-15,FIXED_PRICE,EXPIRED,EMP-11186
CON-005151,VND-00142,5000.0,USD,2022-12-20,2024-04-01,PURCHASE_ORDER,EXPIRED,EMP-16477
CON-005152,VND-04725,5000.0,SGD,2018-11-09,2021-03-21,TIME_AND_MATERIAL,EXPIRED,EMP-31590
CON-005153,VND-01214,12997.35,USD,2018-10-31,2020-01-14,SLA,EXPIRED,EMP-30263
CON-005154,VND-03798,20121.99,USD,2018-11-14,2021-10-13,RETAINER,EXPIRED,EMP-70081
CON-005155,VND-04895,165822.28,EUR,2018-02-10,2019-12-28,PURCHASE_ORDER,EXPIRED,EMP-60808
CON-005156,VND-02392,66075.16,USD,2023-03-09,2023-12-31,PURCHASE_ORDER,EXPIRED,EMP-52416
CON-005157,VND-02439,134686.17,USD,2018-08-21,2020-04-18,FIXED_PRICE,EXPIRED,EMP-24441
CON-005158,VND-01051,936231.22,GBP,2019-06-08,2020-10-22,SLA,EXPIRED,EMP-54168
CON-005159,VND-02383,2527054.88,GBP,2018-04-26,2019-08-05,MASTER_SERVICE,TERMINATED,EMP-56773
CON-005160,VND-01336,282439.45,GBP,2019-04-26,2020-07-21,FRAMEWORK,EXPIRED,EMP-32119
CON-005161,VND-02522,279565.5,USD,2022-06-05,2023-07-13,FIXED_PRICE,EXPIRED,EMP-1100
CON-005162,VND-00738,154729.52,GBP,2018-07-02,2020-01-27,PURCHASE_ORDER,EXPIRED,EMP-44672
CON-005163,VND-04738,12686.8,GBP,2023-05-09,2025-07-31,TIME_AND_MATERIAL,ACTIVE,EMP-36249
CON-005164,VND-02917,383739.16,GBP,2021-02-22,2022-09-12,FIXED_PRICE,EXPIRED,EMP-52386
CON-005165,VND-02094,514506.05,EUR,2019-01-16,2020-02-25,TIME_AND_MATERIAL,EXPIRED,EMP-25943
CON-005166,VND-02281,167140.95,GBP,2020-05-20,2021-05-05,MASTER_SERVICE,EXPIRED,EMP-32501
CON-005167,VND-02096,29530.31,AUD,2021-12-17,2023-01-05,RETAINER,TERMINATED,EMP-61633
CON-005168,VND-02351,7240.15,USD,2019-06-30,2020-04-27,RETAINER,EXPIRED,EMP-18382
CON-005169,VND-04688,207920.21,USD,2020-02-24,2021-07-10,TIME_AND_MATERIAL,EXPIRED,EMP-11362
CON-005170,VND-04115,11339.11,EUR,2020-02-26,2021-10-30,MASTER_SERVICE,EXPIRED,EMP-55125
CON-005171,VND-00470,692187.69,USD,2018-12-17,2020-12-15,FRAMEWORK,EXPIRED,EMP-43809
CON-005172,VND-03747,34921.9,CAD,2018-05-16,2018-12-19,TIME_AND_MATERIAL,ACTIVE,EMP-3350
CON-005173,VND-02094,5000.0,USD,2018-03-11,2020-03-15,MASTER_SERVICE,EXPIRED,EMP-74309
CON-005174,VND-00483,16012.87,USD,2020-05-16,2021-10-09,RETAINER,ACTIVE,EMP-16681
CON-005175,VND-03521,156451.96,USD,2018-06-03,2019-04-07,FRAMEWORK,EXPIRED,EMP-41225
CON-005176,VND-01223,2495498.19,USD,2018-06-28,2020-11-05,RETAINER,EXPIRED,EMP-9609
CON-005177,VND-01567,44652.51,GBP,2019-02-13,2020-01-07,SLA,EXPIRED,EMP-66752
CON-005178,VND-02760,13392.43,EUR,2022-01-01,2024-02-08,TIME_AND_MATERIAL,TERMINATED,EMP-40741
CON-005179,VND-01417,584770.9,USD,2018-10-15,2020-12-25,FRAMEWORK,EXPIRED,EMP-34652
CON-005180,VND-02644,419807.1,USD,2020-06-06,2021-12-26,SLA,EXPIRED,EMP-14712
CON-005181,VND-03854,84208.15,USD,2018-01-02,2019-01-26,SLA,EXPIRED,EMP-29670
CON-005182,VND-02910,13094.17,USD,2020-03-29,2021-11-05,PURCHASE_ORDER,EXPIRED,EMP-27323
CON-005183,VND-03849,1345176.3,USD,2019-10-02,2022-07-20,TIME_AND_MATERIAL,EXPIRED,EMP-32233
CON-005184,VND-04469,608625.4,EUR,2018-09-16,2019-06-24,MASTER_SERVICE,TERMINATED,EMP-39477
CON-005185,VND-04085,1159119.46,USD,2022-04-03,2023-01-26,PURCHASE_ORDER,EXPIRED,EMP-30496
CON-005186,VND-01001,4928112.43,USD,2020-05-05,2022-05-13,FRAMEWORK,TERMINATED,EMP-71103
CON-005187,VND-01673,21273.79,USD,2021-08-27,2023-11-27,FRAMEWORK,EXPIRED,EMP-43164
CON-005188,VND-00721,37808.08,AUD,2019-03-16,2020-02-14,PURCHASE_ORDER,TERMINATED,EMP-68547
CON-005189,VND-01513,320927.72,USD,2020-03-21,2021-06-05,FRAMEWORK,EXPIRED,EMP-53631
CON-005190,VND-04954,1582361.24,USD,2020-04-04,2022-09-12,MASTER_SERVICE,ACTIVE,EMP-63771
CON-005191,VND-01860,589021.07,USD,2021-02-04,2023-12-31,TIME_AND_MATERIAL,EXPIRED,EMP-63140
CON-005192,VND-02388,282317.17,USD,2019-04-08,2021-09-16,FIXED_PRICE,EXPIRED,EMP-22817
CON-005193,VND-04883,52147.7,USD,2021-02-26,2022-05-15,TIME_AND_MATERIAL,EXPIRED,EMP-RM094
CON-005194,VND-03488,200656.21,SGD,2018-04-25,2020-02-25,MASTER_SERVICE,EXPIRED,EMP-47737
CON-005195,VND-01548,1683014.39,INR,2020-08-22,2021-09-22,FRAMEWORK,EXPIRED,EMP-37306
CON-005196,VND-02256,15315.02,GBP,2022-12-20,2024-06-10,MASTER_SERVICE,EXPIRED,EMP-27577
CON-005197,VND-02866,17453.71,EUR,2022-02-14,2024-02-12,FIXED_PRICE,ACTIVE,EMP-25598
CON-005198,VND-01956,500211.57,USD,2022-10-11,2024-10-31,TIME_AND_MATERIAL,TERMINATED,EMP-62969
CON-005199,VND-01155,79745.13,USD,2021-10-26,2024-06-17,PURCHASE_ORDER,EXPIRED,EMP-70636
CON-005200,VND-03927,66383.68,USD,2020-04-22,2020-11-30,SLA,EXPIRED,MGR-3796
CON-005201,VND-04634,5000.0,GBP,2023-12-07,2025-04-21,FRAMEWORK,EXPIRED,EMP-8831
CON-005202,VND-03309,836074.77,AUD,2020-03-04,2020-12-09,FIXED_PRICE,EXPIRED,EMP-8485
CON-005203,VND-03313,375569.04,EUR,2020-01-02,2022-06-06,RETAINER,EXPIRED,MGR-6467
CON-005204,VND-03760,6701.95,USD,2021-06-14,2023-04-26,FRAMEWORK,EXPIRED,EMP-57723
CON-005205,VND-02354,52320.5,USD,2022-01-08,2024-03-20,PURCHASE_ORDER,EXPIRED,EMP-42627
CON-005206,VND-04670,851166.71,EUR,2019-10-23,2021-07-19,FRAMEWORK,EXPIRED,EMP-65481
CON-005207,VND-04188,408935.79,USD,2021-12-09,2024-11-28,MASTER_SERVICE,EXPIRED,EMP-30236
CON-005208,VND-02408,1005122.66,GBP,2019-12-21,2022-01-07,MASTER_SERVICE,EXPIRED,EMP-27771
CON-005209,VND-00153,7300.93,EUR,2021-02-23,2023-02-28,FIXED_PRICE,EXPIRED,EMP-73584
CON-005210,VND-01299,38532.58,USD,2019-09-28,2020-12-25,TIME_AND_MATERIAL,EXPIRED,EMP-11011
CON-005211,VND-02664,67133.55,USD,2018-07-01,2020-02-16,SLA,EXPIRED,EMP-4120
CON-005212,VND-04838,26375.57,GBP,2020-07-02,2022-11-11,SLA,TERMINATED,EMP-14158
CON-005213,VND-00218,999742.99,USD,2019-08-17,2022-07-25,FIXED_PRICE,EXPIRED,EMP-CORP-00571
CON-005214,VND-00899,231056.18,SGD,2019-07-17,2021-09-03,TIME_AND_MATERIAL,TERMINATED,EMP-51859
CON-005215,VND-03857,355588.58,USD,2021-12-24,2024-09-08,FRAMEWORK,EXPIRED,EMP-14835
CON-005216,VND-00998,1101468.56,USD,2022-08-13,2024-07-09,RETAINER,EXPIRED,EMP-14602
CON-005217,VND-03890,354485.14,INR,2021-06-26,2023-06-04,TIME_AND_MATERIAL,EXPIRED,EMP-40958
CON-005218,VND-03378,64775.68,GBP,2021-08-12,2022-11-26,FRAMEWORK,ACTIVE,EMP-43638
CON-005219,VND-04059,10697.45,CAD,2021-11-24,2024-01-31,MASTER_SERVICE,EXPIRED,EMP-56837
CON-005220,VND-04812,10521.73,SGD,2019-03-30,2022-01-21,FRAMEWORK,EXPIRED,EMP-34682
CON-005221,VND-03649,388120.36,USD,2019-10-21,2021-12-01,FIXED_PRICE,EXPIRED,EMP-48666
CON-005222,VND-00356,20028.6,EUR,2019-04-22,2022-01-12,RETAINER,EXPIRED,EMP-74422
CON-005223,VND-01449,2119018.55,INR,2018-12-27,2021-05-25,PURCHASE_ORDER,EXPIRED,EMP-RM967
CON-005224,VND-01173,1388899.76,USD,2023-09-29,2026-08-20,FRAMEWORK,ACTIVE,EMP-12774
CON-005225,VND-02150,1894437.16,USD,2019-11-30,2021-08-23,RETAINER,EXPIRED,EMP-RM650
CON-005226,VND-02168,275611.46,INR,2021-08-28,2023-11-12,FRAMEWORK,ACTIVE,EMP-3173
CON-005227,VND-04632,346974.71,USD,2019-04-20,2020-03-30,FRAMEWORK,TERMINATED,EMP-22615
CON-005228,VND-02526,988866.61,GBP,2022-12-22,2024-07-07,SLA,EXPIRED,EMP-CORP-00013
CON-005229,VND-02801,83288.34,GBP,2023-08-26,2024-10-01,MASTER_SERVICE,EXPIRED,EMP-18525
CON-005230,VND-00346,9797.32,GBP,2019-11-03,2020-11-14,RETAINER,EXPIRED,EMP-11478
CON-005231,VND-00186,529740.7,USD,2023-09-19,2024-09-22,FIXED_PRICE,ACTIVE,EMP-22456
CON-005232,VND-03016,74680.81,INR,2019-05-06,2022-01-09,TIME_AND_MATERIAL,EXPIRED,EMP-50606
CON-005233,VND-03642,5000.0,INR,2021-09-17,2022-06-08,TIME_AND_MATERIAL,TERMINATED,EMP-14696
CON-005234,VND-01492,17168.59,EUR,2020-12-17,2022-07-03,RETAINER,EXPIRED,EMP-10398
CON-005235,VND-04640,193215.9,EUR,2019-12-13,2021-02-03,FIXED_PRICE,EXPIRED,EMP-40451
CON-005236,VND-04202,39407.79,INR,2023-10-21,2025-03-05,SLA,EXPIRED,EMP-36601
CON-005237,VND-01277,525607.33,EUR,2022-12-03,2024-10-07,TIME_AND_MATERIAL,EXPIRED,EMP-48443
CON-005238,VND-04517,426585.42,USD,2021-12-25,2024-01-17,FRAMEWORK,TERMINATED,EMP-23959
CON-005239,VND-01293,16077.2,USD,2018-06-05,2019-10-27,SLA,ACTIVE,EMP-19386
CON-005240,VND-04734,433996.2,GBP,2020-02-01,2022-04-05,MASTER_SERVICE,EXPIRED,EMP-71426
CON-005241,VND-03670,29161.56,GBP,2020-10-14,2023-02-08,PURCHASE_ORDER,TERMINATED,EMP-6557
CON-005242,VND-00235,9275.28,INR,2022-10-21,2025-05-22,SLA,EXPIRED,EMP-14405
CON-005243,VND-00609,5317.88,EUR,2018-12-17,2021-02-27,FIXED_PRICE,EXPIRED,EMP-65896
CON-005244,VND-03524,59032.17,GBP,2019-06-28,2021-08-25,PURCHASE_ORDER,EXPIRED,EMP-39428
CON-005245,VND-03392,451437.36,USD,2018-10-17,2021-09-27,PURCHASE_ORDER,EXPIRED,EMP-15559
CON-005246,VND-04568,61438.89,USD,2022-03-22,2023-04-16,RETAINER,TERMINATED,EMP-34347
CON-005247,VND-00134,1300754.71,SGD,2022-08-23,2024-03-27,PURCHASE_ORDER,TERMINATED,EMP-20378
CON-005248,VND-00442,39166.25,USD,2022-04-30,2024-07-29,PURCHASE_ORDER,TERMINATED,MGR-17.0
CON-005249,VND-04118,97101.62,INR,2018-03-23,2019-08-26,FRAMEWORK,EXPIRED,EMP-2801
CON-005250,VND-04520,5000.0,INR,2021-09-21,2023-09-30,FIXED_PRICE,EXPIRED,EMP-54694
CON-005251,VND-03843,24682.89,USD,2019-05-20,2021-02-14,FIXED_PRICE,EXPIRED,EMP-1866
CON-005252,VND-00086,62231.49,EUR,2021-04-19,2022-01-16,PURCHASE_ORDER,EXPIRED,EMP-33120
CON-005253,VND-01414,22732.58,EUR,2023-12-04,2025-09-05,SLA,ACTIVE,EMP-71964
CON-005254,VND-00708,5000.0,USD,2021-01-07,2023-05-24,TIME_AND_MATERIAL,EXPIRED,EMP-48542
CON-005255,VND-00124,41175.37,USD,2018-03-25,2020-05-31,SLA,EXPIRED,EMP-41190
CON-005256,VND-03873,240690.38,GBP,2018-10-22,2021-02-03,RETAINER,EXPIRED,EMP-37088
CON-005257,VND-00872,1208198.58,USD,2021-08-23,2024-07-04,MASTER_SERVICE,EXPIRED,EMP-9489
CON-005258,VND-00247,2223764.12,USD,2019-07-18,2021-04-07,SLA,EXPIRED,EMP-47337
CON-005259,VND-00931,709667.06,INR,2018-09-19,2019-07-13,FRAMEWORK,EXPIRED,EMP-51036
CON-005260,VND-01871,21721.97,INR,2021-12-07,2022-12-17,TIME_AND_MATERIAL,EXPIRED,EMP-31262
CON-005261,VND-02649,6981.49,USD,2019-05-21,2020-11-11,RETAINER,EXPIRED,MGR-4911
CON-005262,VND-02683,13851.19,SGD,2018-08-13,2021-06-09,SLA,EXPIRED,EMP-5118
CON-005263,VND-03935,22648.11,GBP,2018-11-04,2021-05-31,SLA,EXPIRED,EMP-51358
CON-005264,VND-03831,30877.25,AUD,2018-09-10,2020-04-05,MASTER_SERVICE,EXPIRED,EMP-40038
CON-005265,VND-00491,76825.24,USD,2022-09-16,2024-01-05,RETAINER,EXPIRED,EMP-68686
CON-005266,VND-01459,5000.0,AUD,2021-02-02,2021-08-23,TIME_AND_MATERIAL,EXPIRED,EMP-3050
CON-005267,VND-02298,6687.37,EUR,2023-02-04,2025-04-29,MASTER_SERVICE,EXPIRED,EMP-CORP-00164
CON-005268,VND-01572,18398.32,GBP,2020-07-11,2021-04-20,FRAMEWORK,EXPIRED,EMP-69359
CON-005269,VND-00895,51509.77,USD,2022-01-07,2022-12-13,FRAMEWORK,EXPIRED,EMP-68647
CON-005270,VND-02033,56358.98,USD,2018-11-20,2020-03-14,FRAMEWORK,TERMINATED,EMP-70899
CON-005271,VND-03399,92802.43,USD,2019-06-30,2022-06-08,RETAINER,EXPIRED,EMP-46172
CON-005272,VND-01430,5000.0,GBP,2020-09-09,2022-09-08,FIXED_PRICE,ACTIVE,EMP-52623
CON-005273,VND-04101,14551.39,USD,2021-08-19,2023-04-08,TIME_AND_MATERIAL,TERMINATED,EMP-21855
CON-005274,VND-02663,1039796.96,INR,2022-07-20,2024-06-21,SLA,EXPIRED,EMP-5500
CON-005275,VND-01764,42855.76,EUR,2022-03-16,2024-01-28,MASTER_SERVICE,EXPIRED,EMP-42611
CON-005276,VND-00850,19219.69,CAD,2020-09-26,2022-11-23,PURCHASE_ORDER,TERMINATED,EMP-36862
CON-005277,VND-04980,126693.45,USD,2020-06-10,2020-12-12,FRAMEWORK,EXPIRED,EMP-35858
CON-005278,VND-03724,46608.67,AUD,2023-08-20,2024-11-10,SLA,EXPIRED,EMP-1102
CON-005279,VND-01382,14971.14,USD,2020-08-15,2021-04-11,SLA,TERMINATED,EMP-50300
CON-005280,VND-03164,7796.14,EUR,2021-09-13,2024-02-13,SLA,ACTIVE,EMP-23850
CON-005281,VND-03457,71304.57,USD,2018-11-04,2019-07-20,MASTER_SERVICE,EXPIRED,EMP-26786
CON-005282,VND-00259,417631.84,EUR,2018-10-25,2021-07-04,TIME_AND_MATERIAL,EXPIRED,EMP-41581
CON-005283,VND-00798,53471.33,USD,2020-06-16,2022-04-11,RETAINER,EXPIRED,EMP-13735
CON-005284,VND-03761,277920.87,USD,2023-09-15,2026-01-12,MASTER_SERVICE,ACTIVE,EMP-34320
CON-005285,VND-02589,75165.44,GBP,2020-08-01,2023-04-01,SLA,EXPIRED,EMP-18349
CON-005286,VND-03850,202677.26,USD,2019-01-02,2021-10-25,PURCHASE_ORDER,EXPIRED,EMP-52390
CON-005287,VND-00709,235481.4,GBP,2021-01-21,2022-07-25,MASTER_SERVICE,EXPIRED,EMP-31309
CON-005288,VND-02897,70178.18,GBP,2023-11-22,2026-03-06,SLA,ACTIVE,EMP-27821
CON-005289,VND-00726,741528.12,USD,2022-11-12,2023-11-03,FRAMEWORK,TERMINATED,EMP-63015
CON-005290,VND-04368,47214.36,USD,2023-11-05,2026-03-02,TIME_AND_MATERIAL,ACTIVE,EMP-62079
CON-005291,VND-00875,21460.43,EUR,2020-09-09,2022-06-19,FRAMEWORK,EXPIRED,EMP-11035
CON-005292,VND-03021,66180.82,USD,2022-10-26,2025-07-09,FRAMEWORK,ACTIVE,EMP-26575
CON-005293,VND-02286,123095.43,AUD,2020-08-06,2022-01-31,TIME_AND_MATERIAL,EXPIRED,EMP-55556
CON-005294,VND-04033,21810.0,INR,2019-08-10,2021-05-25,PURCHASE_ORDER,TERMINATED,EMP-13762
CON-005295,VND-04977,5000.0,USD,2018-06-17,2019-08-13,RETAINER,EXPIRED,EMP-3388
CON-005296,VND-00798,483142.44,GBP,2019-11-28,2022-09-10,MASTER_SERVICE,EXPIRED,EMP-71964
CON-005297,VND-02609,21103.55,SGD,2020-06-17,2021-07-15,SLA,EXPIRED,EMP-52642
CON-005298,VND-02843,5000.0,EUR,2018-10-06,2021-01-03,RETAINER,EXPIRED,EMP-74331
CON-005299,VND-02170,538941.43,GBP,2022-11-03,2025-10-09,SLA,ACTIVE,EMP-60875
CON-005300,VND-04275,74157.15,CAD,2018-11-30,2019-09-12,TIME_AND_MATERIAL,EXPIRED,EMP-46251
CON-005301,VND-00385,276909.85,SGD,2022-03-28,2025-02-15,FIXED_PRICE,EXPIRED,EMP-23500
CON-005302,VND-04735,110713.67,CAD,2021-07-27,2023-07-25,FRAMEWORK,EXPIRED,EMP-59197
CON-005303,VND-00370,23808.61,GBP,2019-08-14,2021-02-21,FRAMEWORK,EXPIRED,EMP-RM608
CON-005304,VND-04860,43424.21,USD,2022-07-23,2024-05-22,RETAINER,EXPIRED,EMP-RM1178
CON-005305,VND-04814,387495.24,USD,2022-04-15,2022-11-11,FIXED_PRICE,TERMINATED,EMP-60230
CON-005306,VND-04488,32247.19,USD,2023-04-08,2024-05-11,RETAINER,EXPIRED,EMP-45790
CON-005307,VND-04505,14021.98,AUD,2022-01-17,2023-10-25,MASTER_SERVICE,EXPIRED,EMP-32119
CON-005308,VND-03571,88553.86,EUR,2022-04-24,2024-09-08,PURCHASE_ORDER,EXPIRED,EMP-26721
CON-005309,VND-01875,551589.11,USD,2019-11-24,2021-11-09,FRAMEWORK,EXPIRED,EMP-28863
CON-005310,VND-03253,770201.41,INR,2021-08-22,2024-03-15,TIME_AND_MATERIAL,EXPIRED,EMP-33510
CON-005311,VND-03304,684735.75,INR,2023-11-29,2026-01-05,TIME_AND_MATERIAL,ACTIVE,EMP-48850
CON-005312,VND-01960,88773.75,USD,2018-10-16,2021-01-11,PURCHASE_ORDER,TERMINATED,EMP-70724
CON-005313,VND-00259,88869.25,USD,2021-05-02,2022-03-07,FRAMEWORK,EXPIRED,EMP-52204
CON-005314,VND-04359,10527.84,USD,2021-11-19,2023-07-18,SLA,EXPIRED,EMP-12844
CON-005315,VND-02558,5000.0,USD,2019-11-21,2021-02-07,FIXED_PRICE,EXPIRED,EMP-15387
CON-005316,VND-03316,12174.89,CAD,2019-01-11,2020-09-16,PURCHASE_ORDER,EXPIRED,EMP-62599
CON-005317,VND-02358,25657.14,GBP,2019-01-26,2020-12-04,SLA,EXPIRED,EMP-40517
CON-005318,VND-04803,547677.49,USD,2020-11-19,2023-09-21,MASTER_SERVICE,EXPIRED,EMP-12011
CON-005319,VND-01087,1852473.51,GBP,2018-06-10,2020-02-15,RETAINER,EXPIRED,EMP-40438
CON-005320,VND-04102,9567.12,AUD,2021-08-28,2023-04-28,MASTER_SERVICE,EXPIRED,EMP-59964
CON-005321,VND-04581,34812.18,EUR,2019-02-01,2021-05-03,RETAINER,EXPIRED,EMP-19932
CON-005322,VND-00096,36458.19,USD,2019-07-31,2020-11-04,FIXED_PRICE,EXPIRED,EMP-67355
CON-005323,VND-00147,114186.09,GBP,2022-12-27,2025-12-03,SLA,ACTIVE,EMP-10079
CON-005324,VND-03208,1495930.14,SGD,2020-07-13,2021-10-21,FIXED_PRICE,TERMINATED,EMP-19201
CON-005325,VND-03575,5000.0,GBP,2019-01-01,2021-07-23,MASTER_SERVICE,EXPIRED,EMP-42079
CON-005326,VND-04551,2592038.22,USD,2021-01-15,2023-02-23,FRAMEWORK,EXPIRED,EMP-RM1302
CON-005327,VND-00554,538293.38,USD,2023-07-27,2026-04-08,FIXED_PRICE,ACTIVE,EMP-20727
CON-005328,VND-03614,20415.29,GBP,2021-08-04,2022-06-25,MASTER_SERVICE,EXPIRED,EMP-27483
CON-005329,VND-03853,14323.67,USD,2022-10-29,2024-09-25,MASTER_SERVICE,EXPIRED,EMP-25583
CON-005330,VND-00222,22821.63,GBP,2022-11-26,2024-02-10,MASTER_SERVICE,TERMINATED,EMP-53499
CON-005331,VND-00641,1080676.33,AUD,2020-06-15,2021-04-28,PURCHASE_ORDER,EXPIRED,EMP-11778
CON-005332,VND-03343,1364596.67,USD,2020-11-04,2022-11-21,PURCHASE_ORDER,EXPIRED,EMP-6566
CON-005333,VND-01981,10304.26,SGD,2019-08-12,2021-02-22,FIXED_PRICE,EXPIRED,EMP-17943
CON-005334,VND-02729,10655.12,EUR,2020-09-08,2021-03-14,PURCHASE_ORDER,EXPIRED,EMP-9275
CON-005335,VND-04094,11974.98,GBP,2022-04-06,2023-03-21,RETAINER,EXPIRED,EMP-8098
CON-005336,VND-00757,6371.29,EUR,2018-09-18,2019-04-21,MASTER_SERVICE,EXPIRED,EMP-51086
CON-005337,VND-02848,95067.27,INR,2023-09-10,2026-08-02,RETAINER,ACTIVE,EMP-RM808
CON-005338,VND-01661,616162.06,GBP,2019-09-01,2021-10-07,RETAINER,EXPIRED,EMP-42236
CON-005339,VND-03154,463167.01,USD,2019-04-08,2020-08-06,SLA,EXPIRED,EMP-1868
CON-005340,VND-04600,145745.42,USD,2022-01-27,2025-01-06,FIXED_PRICE,EXPIRED,EMP-39840
CON-005341,VND-01662,350780.85,USD,2018-11-03,2019-10-30,FIXED_PRICE,EXPIRED,EMP-42623
CON-005342,VND-04306,13464.33,USD,2018-11-22,2019-10-01,TIME_AND_MATERIAL,EXPIRED,EMP-34157
CON-005343,VND-01275,5000.0,USD,2020-09-10,2023-05-27,MASTER_SERVICE,EXPIRED,EMP-13855
CON-005344,VND-00370,1561465.4,INR,2022-05-02,2022-12-07,RETAINER,EXPIRED,EMP-39146
CON-005345,VND-03637,7825.57,GBP,2022-01-09,2023-10-23,TIME_AND_MATERIAL,EXPIRED,EMP-42524
CON-005346,VND-03569,231160.61,GBP,2021-04-30,2023-08-16,RETAINER,EXPIRED,EMP-RM724
CON-005347,VND-01130,135005.76,CAD,2023-05-16,2024-03-20,MASTER_SERVICE,EXPIRED,EMP-30255
CON-005348,VND-00051,25080.95,USD,2023-07-22,2025-02-15,PURCHASE_ORDER,EXPIRED,EMP-4555
CON-005349,VND-01939,159196.02,GBP,2023-10-01,2026-08-31,MASTER_SERVICE,ACTIVE,EMP-36026
CON-005350,VND-01277,24866.45,AUD,2019-07-08,2022-04-25,RETAINER,EXPIRED,EMP-1126
CON-005351,VND-02095,55487.77,USD,2019-05-29,2020-05-16,SLA,ACTIVE,EMP-16434
CON-005352,VND-00747,5488.7,EUR,2022-05-25,2024-12-14,PURCHASE_ORDER,EXPIRED,EMP-31349
CON-005353,VND-03533,5643.64,USD,2019-03-21,2020-05-14,SLA,EXPIRED,EMP-32806
CON-005354,VND-02850,191857.73,USD,2019-02-12,2021-11-14,FIXED_PRICE,TERMINATED,EMP-47834
CON-005355,VND-01015,135909.93,EUR,2020-09-26,2022-08-11,RETAINER,EXPIRED,EMP-69174
CON-005356,VND-00444,28670.54,AUD,2020-01-09,2022-08-06,TIME_AND_MATERIAL,TERMINATED,EMP-17258
CON-005357,VND-01442,2188849.43,EUR,2019-09-14,2020-05-29,RETAINER,EXPIRED,EMP-74158
CON-005358,VND-00246,1250058.17,EUR,2020-06-03,2022-10-09,TIME_AND_MATERIAL,EXPIRED,EMP-3964
CON-005359,VND-01748,21817.82,EUR,2020-04-26,2020-12-09,PURCHASE_ORDER,TERMINATED,EMP-CORP-00034
CON-005360,VND-04954,71443.21,USD,2022-09-28,2025-07-15,MASTER_SERVICE,ACTIVE,EMP-29935
CON-005361,VND-04603,618734.8,USD,2022-07-26,2024-11-24,TIME_AND_MATERIAL,EXPIRED,EMP-49883
CON-005362,VND-04470,18596.3,EUR,2020-12-25,2022-02-19,MASTER_SERVICE,EXPIRED,EMP-47738
CON-005363,VND-03455,315556.42,USD,2020-10-13,2023-10-02,PURCHASE_ORDER,EXPIRED,EMP-57226
CON-005364,VND-02969,387769.34,GBP,2023-11-20,2026-07-19,TIME_AND_MATERIAL,ACTIVE,EMP-13877
CON-005365,VND-04099,79013.67,USD,2023-02-17,2024-10-06,MASTER_SERVICE,EXPIRED,EMP-71461
CON-005366,VND-02325,10832.08,EUR,2020-12-06,2022-03-10,FIXED_PRICE,EXPIRED,EMP-71461
CON-005367,VND-04339,736287.37,USD,2022-04-12,2023-07-14,RETAINER,EXPIRED,EMP-71603
CON-005368,VND-03865,5000.0,USD,2019-08-18,2021-09-26,MASTER_SERVICE,EXPIRED,EMP-29037
CON-005369,VND-01188,136066.44,USD,2019-09-19,2022-01-01,SLA,EXPIRED,EMP-68074
CON-005370,VND-02468,34785.0,GBP,2022-05-04,2024-05-06,FIXED_PRICE,EXPIRED,EMP-17327
CON-005371,VND-01559,717357.81,GBP,2019-03-18,2020-08-22,RETAINER,EXPIRED,EMP-16021
CON-005372,VND-03413,1491486.12,USD,2023-11-20,2026-05-25,RETAINER,ACTIVE,EMP-11704
CON-005373,VND-04414,53007.36,GBP,2020-10-29,2023-10-22,SLA,EXPIRED,EMP-12203
CON-005374,VND-03725,120242.39,USD,2020-02-11,2022-06-07,TIME_AND_MATERIAL,TERMINATED,EMP-37549
CON-005375,VND-02135,643766.6,GBP,2022-12-28,2023-08-24,FRAMEWORK,EXPIRED,EMP-44645
CON-005376,VND-04859,60269.93,INR,2022-07-30,2025-04-29,FIXED_PRICE,EXPIRED,EMP-10524
CON-005377,VND-03473,5000.0,EUR,2022-03-09,2024-02-18,FIXED_PRICE,TERMINATED,EMP-46626
CON-005378,VND-04970,5000.0,USD,2021-12-06,2023-09-28,SLA,EXPIRED,EMP-27660
CON-005379,VND-00786,271827.65,USD,2018-02-28,2019-02-23,FRAMEWORK,EXPIRED,EMP-71152
CON-005380,VND-04828,69650.29,USD,2018-02-17,2019-09-06,FIXED_PRICE,EXPIRED,EMP-8817
CON-005381,VND-01457,503623.42,GBP,2022-01-23,2022-08-14,SLA,EXPIRED,EMP-5847
CON-005382,VND-00153,5144.04,INR,2021-01-16,2023-01-12,SLA,ACTIVE,EMP-71146
CON-005383,VND-03236,5000.0,CAD,2018-09-29,2020-09-23,RETAINER,EXPIRED,EMP-72724
CON-005384,VND-02591,398436.53,GBP,2022-07-08,2024-06-22,FIXED_PRICE,EXPIRED,EMP-36947
CON-005385,VND-04903,11715.48,USD,2018-02-18,2020-05-28,RETAINER,EXPIRED,EMP-34347
CON-005386,VND-00388,148076.13,GBP,2022-10-03,2024-03-29,PURCHASE_ORDER,EXPIRED,EMP-48645
CON-005387,VND-03838,5000.0,USD,2022-10-02,2024-06-21,FRAMEWORK,EXPIRED,EMP-41050
CON-005388,VND-00054,1805291.22,USD,2023-02-13,2023-10-05,TIME_AND_MATERIAL,EXPIRED,EMP-12063
CON-005389,VND-01635,31929.23,CAD,2020-03-08,2022-12-18,PURCHASE_ORDER,EXPIRED,EMP-46375
CON-005390,VND-00731,15112.46,INR,2023-04-09,2025-10-17,SLA,ACTIVE,EMP-27427
CON-005391,VND-03461,49249.73,CAD,2020-07-06,2021-04-10,RETAINER,EXPIRED,EMP-16853
CON-005392,VND-02109,4929712.76,USD,2019-08-19,2021-03-21,MASTER_SERVICE,TERMINATED,EMP-71657
CON-005393,VND-02718,18667.96,USD,2023-11-03,2026-09-12,RETAINER,ACTIVE,EMP-69694
CON-005394,VND-01387,467874.02,AUD,2018-12-10,2019-07-25,PURCHASE_ORDER,ACTIVE,EMP-23385
CON-005395,VND-02757,27424.29,USD,2023-04-25,2025-03-31,FIXED_PRICE,EXPIRED,EMP-47706
CON-005396,VND-03046,51068.66,EUR,2021-04-04,2022-02-15,SLA,EXPIRED,EMP-50794
CON-005397,VND-03437,53410.67,USD,2023-09-23,2024-09-14,FIXED_PRICE,EXPIRED,EMP-63885
CON-005398,VND-00652,74107.07,AUD,2023-09-18,2025-09-25,SLA,ACTIVE,EMP-50670
CON-005399,VND-02099,14257.92,USD,2018-11-02,2021-08-19,MASTER_SERVICE,TERMINATED,EMP-37223
CON-005400,VND-02915,600460.68,EUR,2019-02-27,2021-10-27,SLA,EXPIRED,EMP-39029
CON-005401,VND-01389,5000.0,INR,2019-07-29,2021-05-17,RETAINER,EXPIRED,EMP-43883
CON-005402,VND-02156,301412.15,GBP,2020-08-12,2022-02-23,FIXED_PRICE,EXPIRED,EMP-72948
CON-005403,VND-04403,130615.37,GBP,2020-03-17,2021-08-03,SLA,EXPIRED,EMP-65398
CON-005404,VND-02340,453147.15,USD,2023-03-03,2023-12-21,FRAMEWORK,EXPIRED,EMP-60125
CON-005405,VND-03673,38898.44,EUR,2023-02-08,2025-04-07,FRAMEWORK,EXPIRED,EMP-26912
CON-005406,VND-00212,28579.74,USD,2018-10-31,2019-09-07,FIXED_PRICE,EXPIRED,EMP-70968
CON-005407,VND-01188,12016.85,USD,2019-03-17,2020-08-17,RETAINER,TERMINATED,EMP-45295
CON-005408,VND-03596,5000.0,SGD,2023-01-25,2024-10-28,PURCHASE_ORDER,TERMINATED,EMP-20295
CON-005409,VND-00844,22838.51,GBP,2021-10-09,2023-10-12,FRAMEWORK,EXPIRED,EMP-8014
CON-005410,VND-02212,871821.6,GBP,2019-09-10,2020-11-12,PURCHASE_ORDER,EXPIRED,EMP-CORP-00536
CON-005411,VND-01986,31115.02,AUD,2023-09-03,2025-06-12,PURCHASE_ORDER,ACTIVE,EMP-18753
CON-005412,VND-04105,17675.16,SGD,2018-06-03,2021-04-11,FRAMEWORK,EXPIRED,EMP-31913
CON-005413,VND-04890,268594.15,GBP,2023-06-15,2025-08-07,TIME_AND_MATERIAL,ACTIVE,EMP-CORP-00452
CON-005414,VND-00038,238117.57,SGD,2022-07-21,2025-01-19,MASTER_SERVICE,EXPIRED,EMP-58550
CON-005415,VND-03623,62841.27,EUR,2020-04-18,2023-02-04,TIME_AND_MATERIAL,EXPIRED,EMP-35750
CON-005416,VND-01595,7527638.82,EUR,2018-05-12,2021-04-14,FIXED_PRICE,TERMINATED,EMP-55911
CON-005417,VND-04253,2299139.77,INR,2018-06-20,2020-12-17,TIME_AND_MATERIAL,EXPIRED,EMP-42486
CON-005418,VND-01499,86783.86,USD,2018-03-09,2020-01-29,SLA,EXPIRED,EMP-9306
CON-005419,VND-01994,781835.29,GBP,2018-10-16,2021-09-30,TIME_AND_MATERIAL,TERMINATED,EMP-70408
CON-005420,VND-01068,535100.4,SGD,2018-01-23,2019-12-23,FRAMEWORK,EXPIRED,EMP-64880
CON-005421,VND-01228,41908.39,USD,2022-03-31,2023-06-21,RETAINER,EXPIRED,EMP-33451
CON-005422,VND-03369,31473.69,AUD,2020-03-02,2022-09-12,RETAINER,EXPIRED,EMP-20100
CON-005423,VND-02695,3740436.28,EUR,2022-02-05,2023-06-12,MASTER_SERVICE,EXPIRED,EMP-3092
CON-005424,VND-02359,570268.19,USD,2018-02-17,2020-09-24,TIME_AND_MATERIAL,EXPIRED,EMP-58306
CON-005425,VND-03926,66984.53,AUD,2020-01-12,2020-07-17,FRAMEWORK,EXPIRED,EMP-58480
CON-005426,VND-01223,1276066.91,USD,2021-05-29,2024-02-20,PURCHASE_ORDER,EXPIRED,EMP-12537
CON-005427,VND-01439,71480.98,USD,2021-03-10,2022-03-22,SLA,EXPIRED,EMP-57637
CON-005428,VND-02015,1776269.39,USD,2023-03-05,2026-02-03,RETAINER,ACTIVE,EMP-48263
CON-005429,VND-04387,5000.0,GBP,2021-04-28,2024-02-18,TIME_AND_MATERIAL,EXPIRED,EMP-66849
CON-005430,VND-04972,279475.37,USD,2022-09-14,2024-01-31,SLA,EXPIRED,EMP-CORP-00299
CON-005431,VND-03813,857408.33,USD,2019-03-23,2020-03-17,FRAMEWORK,EXPIRED,EMP-31358
CON-005432,VND-02603,7819.85,USD,2018-07-15,2019-12-14,SLA,EXPIRED,EMP-CORP-00375
CON-005433,VND-02205,76198.34,USD,2018-05-26,2019-07-16,FIXED_PRICE,TERMINATED,EMP-20295
CON-005434,VND-01563,15443.68,USD,2023-12-30,2026-12-11,FIXED_PRICE,ACTIVE,EMP-62122
CON-005435,VND-00085,56267.09,EUR,2022-08-03,2023-11-10,TIME_AND_MATERIAL,EXPIRED,EMP-64107
CON-005436,VND-02967,819360.06,CAD,2022-02-09,2022-09-17,FRAMEWORK,EXPIRED,EMP-9107
CON-005437,VND-00061,5000.0,USD,2023-12-12,2024-10-23,MASTER_SERVICE,TERMINATED,EMP-4649
CON-005438,VND-04854,32539.97,EUR,2020-06-19,2021-01-25,MASTER_SERVICE,TERMINATED,EMP-49546
CON-005439,VND-03040,396008.78,USD,2023-06-14,2024-02-05,FRAMEWORK,EXPIRED,EMP-35143
CON-005440,VND-00015,6579425.46,USD,2022-04-15,2023-07-19,SLA,EXPIRED,EMP-17177
CON-005441,VND-04172,10969.78,CAD,2020-01-15,2021-01-03,PURCHASE_ORDER,EXPIRED,EMP-39429
CON-005442,VND-04728,6164.92,AUD,2018-09-10,2019-05-27,FRAMEWORK,EXPIRED,EMP-61362
CON-005443,VND-01295,408039.35,AUD,2019-05-11,2020-06-16,RETAINER,EXPIRED,EMP-28757
CON-005444,VND-04426,14646.87,USD,2023-09-09,2026-09-08,FRAMEWORK,DRAFT,EMP-19945
CON-005445,VND-02597,109795.41,USD,2019-12-06,2020-10-21,MASTER_SERVICE,EXPIRED,EMP-44687
CON-005446,VND-03216,5000.0,USD,2019-01-17,2019-09-07,SLA,EXPIRED,EMP-35465
CON-005447,VND-01833,229325.03,INR,2019-08-05,2020-05-05,RETAINER,EXPIRED,EMP-22233
CON-005448,VND-02435,1392852.27,USD,2020-01-04,2022-10-12,RETAINER,TERMINATED,EMP-13182
CON-005449,VND-02403,1292779.86,INR,2020-10-07,2023-01-16,RETAINER,EXPIRED,EMP-32879
CON-005450,VND-02496,1824838.74,EUR,2019-05-16,2021-08-12,RETAINER,EXPIRED,EMP-71232
CON-005451,VND-00711,5000.0,USD,2022-07-24,2023-09-24,FIXED_PRICE,EXPIRED,EMP-58940
CON-005452,VND-02850,5000.0,USD,2020-05-06,2022-11-21,FRAMEWORK,EXPIRED,EMP-14301
CON-005453,VND-00642,1002275.63,SGD,2021-04-12,2022-01-29,RETAINER,EXPIRED,EMP-RM838
CON-005454,VND-04587,95161.09,GBP,2019-07-16,2022-04-25,TIME_AND_MATERIAL,EXPIRED,EMP-68381
CON-005455,VND-01194,137767.48,USD,2018-05-02,2020-08-03,RETAINER,EXPIRED,EMP-38691
CON-005456,VND-04054,50744.21,USD,2022-11-11,2025-07-03,PURCHASE_ORDER,ACTIVE,EMP-71620
CON-005457,VND-04997,181713.76,USD,2019-06-20,2021-01-02,FIXED_PRICE,EXPIRED,EMP-69802
CON-005458,VND-02584,43374.38,CAD,2021-12-07,2023-07-31,FIXED_PRICE,EXPIRED,EMP-59917
CON-005459,VND-03487,54752.56,USD,2018-10-21,2021-10-19,FIXED_PRICE,EXPIRED,EMP-73705
CON-005460,VND-02221,1538424.13,GBP,2018-03-19,2018-12-23,RETAINER,EXPIRED,EMP-13119
CON-005461,VND-01070,38789.81,EUR,2020-04-07,2021-06-15,FRAMEWORK,EXPIRED,EMP-67252
CON-005462,VND-03725,647191.42,GBP,2018-06-28,2020-04-07,SLA,EXPIRED,EMP-64930
CON-005463,VND-04490,612252.18,USD,2023-04-20,2025-05-03,TIME_AND_MATERIAL,TERMINATED,EMP-35905
CON-005464,VND-00498,26950.9,USD,2019-07-13,2022-04-26,RETAINER,EXPIRED,EMP-27945
CON-005465,VND-00370,1060530.96,EUR,2018-02-27,2019-01-17,FRAMEWORK,EXPIRED,EMP-12069
CON-005466,VND-02095,260230.51,USD,2018-09-06,2019-06-15,FRAMEWORK,EXPIRED,EMP-9066
CON-005467,VND-02806,367394.9,USD,2020-12-08,2022-11-18,SLA,EXPIRED,EMP-18117
CON-005468,VND-02380,32957.15,USD,2020-02-01,2022-07-23,FRAMEWORK,EXPIRED,EMP-24322
CON-005469,VND-02798,22471.99,EUR,2022-11-15,2024-03-17,RETAINER,EXPIRED,EMP-45072
CON-005470,VND-01193,5000.0,USD,2019-05-23,2020-05-11,TIME_AND_MATERIAL,EXPIRED,EMP-49916
CON-005471,VND-01826,414959.07,USD,2022-01-11,2023-02-25,FRAMEWORK,EXPIRED,EMP-5695
CON-005472,VND-01134,550597.6,USD,2023-02-02,2024-12-30,FIXED_PRICE,EXPIRED,EMP-70150
CON-005473,VND-01445,139430.99,GBP,2018-07-24,2020-06-18,SLA,EXPIRED,EMP-45613
CON-005474,VND-03278,368517.95,USD,2021-10-16,2024-01-03,FRAMEWORK,ACTIVE,EMP-29412
CON-005475,VND-00425,172775.95,USD,2022-01-07,2023-09-26,FRAMEWORK,EXPIRED,EMP-25296
CON-005476,VND-04784,109245.51,CAD,2023-04-13,2025-11-12,SLA,ACTIVE,EMP-10269
CON-005477,VND-02832,215323.94,SGD,2020-10-25,2023-10-06,MASTER_SERVICE,EXPIRED,EMP-19442
CON-005478,VND-02465,1793784.57,USD,2019-07-28,2022-03-07,SLA,EXPIRED,EMP-6494
CON-005479,VND-02993,1101029.69,GBP,2018-12-22,2019-12-23,FRAMEWORK,EXPIRED,EMP-71479
CON-005480,VND-04673,465595.2,USD,2021-03-12,2024-03-08,SLA,TERMINATED,EMP-60702
CON-005481,VND-04208,5108.29,GBP,2019-07-31,2021-10-27,PURCHASE_ORDER,EXPIRED,EMP-33554
CON-005482,VND-02425,106614.48,USD,2022-12-01,2025-11-26,PURCHASE_ORDER,SUSPENDED,EMP-31522
CON-005483,VND-02280,826428.31,GBP,2021-08-06,2024-05-25,TIME_AND_MATERIAL,EXPIRED,MGR-18.0
CON-005484,VND-04354,168777.91,EUR,2022-04-05,2024-09-28,RETAINER,TERMINATED,EMP-1559
CON-005485,VND-04531,5000.0,AUD,2019-11-22,2021-10-20,SLA,EXPIRED,EMP-47549
CON-005486,VND-04618,170703.85,INR,2019-10-21,2021-04-09,SLA,EXPIRED,EMP-47336
CON-005487,VND-02313,197533.76,GBP,2019-10-15,2020-12-18,FIXED_PRICE,ACTIVE,EMP-36778
CON-005488,VND-03025,1479315.58,USD,2022-02-19,2023-09-21,SLA,EXPIRED,EMP-CORP-00557
CON-005489,VND-00397,3054108.69,EUR,2021-04-24,2024-02-08,RETAINER,EXPIRED,EMP-16477
CON-005490,VND-00333,5000.0,GBP,2021-11-28,2023-07-06,MASTER_SERVICE,EXPIRED,EMP-8901
CON-005491,VND-02700,14931.49,AUD,2022-07-11,2024-08-09,RETAINER,EXPIRED,EMP-69987
CON-005492,VND-03630,41316.8,USD,2021-10-25,2024-01-16,PURCHASE_ORDER,EXPIRED,EMP-4496
CON-005493,VND-03139,103798.93,SGD,2019-09-01,2021-03-11,SLA,TERMINATED,EMP-13552
CON-005494,VND-00832,45740.8,GBP,2022-05-29,2023-03-30,RETAINER,TERMINATED,EMP-22264
CON-005495,VND-03222,9616.5,USD,2021-07-16,2023-05-01,SLA,EXPIRED,EMP-41837
CON-005496,VND-03137,730502.57,USD,2021-10-25,2023-09-25,FRAMEWORK,EXPIRED,EMP-19585
CON-005497,VND-03461,20024.28,USD,2022-08-02,2024-05-13,TIME_AND_MATERIAL,EXPIRED,EMP-9042
CON-005498,VND-02300,327857.07,INR,2022-07-24,2023-06-27,TIME_AND_MATERIAL,EXPIRED,EMP-5036
CON-005499,VND-01411,28825.7,USD,2021-07-16,2022-04-07,TIME_AND_MATERIAL,EXPIRED,EMP-24287
CON-005500,VND-04069,247659.21,AUD,2021-03-11,2022-12-05,TIME_AND_MATERIAL,EXPIRED,EMP-5297
CON-005501,VND-01768,583741.66,EUR,2020-10-09,2022-06-05,PURCHASE_ORDER,EXPIRED,EMP-42292
CON-005502,VND-04406,51567.52,USD,2023-05-12,2024-12-04,FIXED_PRICE,EXPIRED,EMP-28673
CON-005503,VND-02743,540956.19,GBP,2020-04-19,2021-09-17,MASTER_SERVICE,TERMINATED,EMP-7130
CON-005504,VND-02970,740293.27,GBP,2018-08-15,2020-11-14,FRAMEWORK,EXPIRED,EMP-15146
CON-005505,VND-02471,127159.35,GBP,2023-07-17,2025-02-01,TIME_AND_MATERIAL,EXPIRED,EMP-60052
CON-005506,VND-03206,5000.0,USD,2022-10-24,2025-07-18,FRAMEWORK,ACTIVE,MGR-15.0
CON-005507,VND-01385,626814.18,EUR,2019-06-18,2021-06-17,FRAMEWORK,EXPIRED,EMP-24830
CON-005508,VND-00807,20068.78,GBP,2019-08-04,2020-04-29,TIME_AND_MATERIAL,EXPIRED,EMP-48579
CON-005509,VND-03431,5000.0,EUR,2020-08-06,2022-10-16,FIXED_PRICE,TERMINATED,EMP-15519
CON-005510,VND-01301,16044.77,GBP,2023-07-20,2026-03-01,FIXED_PRICE,ACTIVE,EMP-58697
CON-005511,VND-03060,5000.0,GBP,2023-01-02,2024-08-26,RETAINER,EXPIRED,EMP-18362
CON-005512,VND-02889,145418.36,USD,2023-04-08,2025-07-09,RETAINER,ACTIVE,EMP-52204
CON-005513,VND-03236,9648.88,AUD,2019-06-05,2022-03-18,MASTER_SERVICE,TERMINATED,EMP-1498
CON-005514,VND-02091,53214.61,INR,2021-10-21,2024-05-02,SLA,EXPIRED,EMP-60745
CON-005515,VND-00716,1051425.55,USD,2022-10-30,2024-01-30,FIXED_PRICE,TERMINATED,EMP-41743
CON-005516,VND-02468,260363.12,INR,2023-11-22,2026-03-02,SLA,ACTIVE,EMP-40727
CON-005517,VND-03919,25014.15,EUR,2018-10-18,2020-11-11,TIME_AND_MATERIAL,EXPIRED,EMP-49300
CON-005518,VND-00103,5000.0,EUR,2020-09-05,2023-04-09,PURCHASE_ORDER,EXPIRED,EMP-2535
CON-005519,VND-00078,206329.43,EUR,2020-03-02,2022-12-21,FRAMEWORK,ACTIVE,EMP-14107
CON-005520,VND-02689,934017.55,GBP,2020-03-27,2022-04-02,MASTER_SERVICE,EXPIRED,EMP-56022
CON-005521,VND-01498,4266383.84,USD,2022-01-31,2023-09-29,FRAMEWORK,EXPIRED,EMP-71592
CON-005522,VND-00111,5000.0,SGD,2022-12-11,2025-11-20,TIME_AND_MATERIAL,ACTIVE,EMP-2712
CON-005523,VND-00232,7607.04,USD,2018-08-14,2021-05-16,FRAMEWORK,EXPIRED,EMP-48206
CON-005524,VND-03245,1327488.13,USD,2019-02-05,2020-02-26,FIXED_PRICE,EXPIRED,EMP-6509
CON-005525,VND-04311,315180.32,USD,2020-03-04,2022-04-10,FRAMEWORK,EXPIRED,EMP-41115
CON-005526,VND-04219,27539.76,USD,2018-03-23,2020-02-28,SLA,EXPIRED,EMP-45127
CON-005527,VND-04774,15909.05,USD,2023-06-09,2024-12-08,TIME_AND_MATERIAL,ACTIVE,EMP-70628
CON-005528,VND-02459,144613.65,INR,2020-09-25,2022-08-19,SLA,TERMINATED,EMP-71316
CON-005529,VND-04902,16719.6,CAD,2019-08-06,2021-05-16,SLA,EXPIRED,EMP-67479
CON-005530,VND-02156,881281.45,USD,2021-01-05,2022-06-13,RETAINER,EXPIRED,EMP-1649
CON-005531,VND-02802,97382.03,INR,2022-11-28,2025-09-04,SLA,ACTIVE,EMP-RM409
CON-005532,VND-04919,5000.0,SGD,2019-06-26,2021-01-31,FRAMEWORK,EXPIRED,EMP-3491
CON-005533,VND-03648,1249661.04,GBP,2023-10-22,2024-10-10,RETAINER,EXPIRED,EMP-41393
CON-005534,VND-03479,260468.62,USD,2022-11-15,2023-12-19,PURCHASE_ORDER,EXPIRED,EMP-37959
CON-005535,VND-03369,31999.73,GBP,2022-11-29,2025-02-18,PURCHASE_ORDER,EXPIRED,EMP-32996
CON-005536,VND-01986,30730.69,INR,2020-03-24,2023-03-02,PURCHASE_ORDER,EXPIRED,EMP-RM838
CON-005537,VND-02048,6991.76,USD,2021-09-27,2023-06-27,FIXED_PRICE,EXPIRED,EMP-14808
CON-005538,VND-02698,7919.73,GBP,2018-05-19,2021-03-25,RETAINER,EXPIRED,EMP-33088
CON-005539,VND-01258,335547.26,USD,2019-12-27,2021-01-15,TIME_AND_MATERIAL,EXPIRED,EMP-3906
CON-005540,VND-02146,256352.01,USD,2020-03-07,2021-05-06,SLA,EXPIRED,EMP-40748
CON-005541,VND-02644,54150.01,EUR,2021-06-24,2023-09-13,FIXED_PRICE,EXPIRED,EMP-7929
CON-005542,VND-03481,578348.2,SGD,2022-04-06,2024-03-02,MASTER_SERVICE,EXPIRED,EMP-57124
CON-005543,VND-04188,6928.15,SGD,2018-05-17,2019-04-07,FIXED_PRICE,EXPIRED,EMP-51993
CON-005544,VND-02682,130426.0,GBP,2020-08-13,2023-08-10,SLA,TERMINATED,EMP-RM412
CON-005545,VND-04789,5000.0,GBP,2018-08-16,2020-06-15,RETAINER,EXPIRED,EMP-17164
CON-005546,VND-00334,320463.49,INR,2022-11-22,2024-09-08,TIME_AND_MATERIAL,EXPIRED,EMP-29229
CON-005547,VND-01851,29273.23,SGD,2022-01-30,2024-05-29,FRAMEWORK,TERMINATED,EMP-60074
CON-005548,VND-00926,1670734.69,USD,2022-01-25,2025-01-08,SLA,TERMINATED,EMP-39423
CON-005549,VND-03190,35689.95,USD,2022-07-29,2024-12-20,MASTER_SERVICE,EXPIRED,EMP-39200
CON-005550,VND-01341,6899.16,EUR,2018-10-12,2019-10-11,PURCHASE_ORDER,EXPIRED,EMP-39025
CON-005551,VND-01307,28204.76,EUR,2023-08-26,2024-12-07,FIXED_PRICE,ACTIVE,EMP-1321
CON-005552,VND-00708,253764.73,USD,2018-06-23,2019-07-10,FIXED_PRICE,EXPIRED,EMP-18831
CON-005553,VND-00360,39192.98,CAD,2019-08-21,2021-07-20,FIXED_PRICE,EXPIRED,EMP-55712
CON-005554,VND-00073,24589.05,INR,2019-07-14,2020-11-03,FRAMEWORK,EXPIRED,EMP-353
CON-005555,VND-00629,25214.57,USD,2022-10-31,2024-10-18,RETAINER,EXPIRED,EMP-65673
CON-005556,VND-00598,5000.0,EUR,2018-09-25,2021-09-07,SLA,EXPIRED,EMP-62517
CON-005557,VND-04509,6186.8,GBP,2023-12-04,2025-09-06,FRAMEWORK,DRAFT,EMP-32717
CON-005558,VND-03101,9655.58,USD,2022-10-22,2025-05-12,FIXED_PRICE,EXPIRED,EMP-6515
CON-005559,VND-00216,303780.3,GBP,2023-06-23,2024-07-20,RETAINER,EXPIRED,EMP-35172
CON-005560,VND-04048,31807.79,USD,2022-11-07,2025-09-21,FRAMEWORK,ACTIVE,EMP-37800
CON-005561,VND-04300,19239.74,AUD,2019-11-16,2021-05-29,TIME_AND_MATERIAL,EXPIRED,EMP-21554
CON-005562,VND-02762,403923.88,EUR,2021-11-27,2023-02-09,SLA,EXPIRED,EMP-36702
CON-005563,VND-04419,5000.0,EUR,2020-11-06,2021-10-28,FIXED_PRICE,EXPIRED,EMP-32168
CON-005564,VND-00367,473547.04,INR,2021-02-27,2023-07-29,FRAMEWORK,TERMINATED,EMP-51406
CON-005565,VND-02163,150356.26,EUR,2023-09-24,2025-11-16,RETAINER,ACTIVE,EMP-CORP-00267
CON-005566,VND-03487,9188.52,AUD,2018-07-22,2020-07-19,SLA,EXPIRED,EMP-44732
CON-005567,VND-01804,138018.46,CAD,2020-07-28,2022-11-30,TIME_AND_MATERIAL,EXPIRED,EMP-49241
CON-005568,VND-03079,10049.66,USD,2022-10-02,2025-06-10,FIXED_PRICE,ACTIVE,EMP-64399
CON-005569,VND-03925,34581.39,USD,2023-10-10,2024-12-08,MASTER_SERVICE,EXPIRED,EMP-44302
CON-005570,VND-04306,17284.02,INR,2021-05-13,2023-08-18,RETAINER,EXPIRED,EMP-41994
CON-005571,VND-00068,768109.72,GBP,2022-02-12,2023-03-21,RETAINER,EXPIRED,EMP-10621
CON-005572,VND-00652,265704.78,INR,2022-05-06,2024-03-23,RETAINER,EXPIRED,EMP-63978
CON-005573,VND-04540,5000.0,USD,2021-11-12,2024-02-15,MASTER_SERVICE,EXPIRED,EMP-12022
CON-005574,VND-01075,449349.08,USD,2019-12-04,2021-06-15,TIME_AND_MATERIAL,TERMINATED,EMP-65471
CON-005575,VND-02352,658191.32,USD,2018-01-28,2020-02-18,TIME_AND_MATERIAL,EXPIRED,EMP-57494
CON-005576,VND-04151,28852.29,EUR,2020-04-09,2021-01-14,TIME_AND_MATERIAL,EXPIRED,EMP-59623
CON-005577,VND-03186,24276.33,USD,2023-11-03,2025-06-14,SLA,ACTIVE,EMP-54018
CON-005578,VND-04504,17594.36,USD,2018-12-06,2020-07-01,FRAMEWORK,EXPIRED,EMP-63090
CON-005579,VND-04088,788379.71,USD,2023-01-28,2025-09-15,TIME_AND_MATERIAL,SUSPENDED,EMP-54330
CON-005580,VND-02678,50684.12,USD,2022-08-12,2023-08-25,FIXED_PRICE,EXPIRED,EMP-4099
CON-005581,VND-03465,23841.4,EUR,2018-05-11,2019-05-10,PURCHASE_ORDER,EXPIRED,EMP-52535
CON-005582,VND-04447,205734.45,GBP,2022-08-25,2024-02-01,RETAINER,EXPIRED,EMP-69134
CON-005583,VND-03434,935521.73,USD,2023-03-01,2024-04-02,FIXED_PRICE,EXPIRED,EMP-64251
CON-005584,VND-00791,3460127.53,USD,2019-11-13,2021-02-18,MASTER_SERVICE,EXPIRED,EMP-37387
CON-005585,VND-03953,89338.02,EUR,2023-09-09,2026-08-02,TIME_AND_MATERIAL,ACTIVE,EMP-71630
CON-005586,VND-02852,18255.42,USD,2022-08-11,2024-07-16,MASTER_SERVICE,EXPIRED,EMP-11137
CON-005587,VND-04368,165120.87,USD,2018-08-27,2020-07-30,TIME_AND_MATERIAL,EXPIRED,EMP-62589
CON-005588,VND-03062,5000.0,EUR,2022-09-12,2023-03-22,TIME_AND_MATERIAL,EXPIRED,EMP-49098
CON-005589,VND-00167,164808.93,USD,2022-12-31,2025-06-23,FRAMEWORK,ACTIVE,EMP-RM228
CON-005590,VND-01056,42835.3,EUR,2020-02-18,2022-08-01,FRAMEWORK,EXPIRED,EMP-61244
CON-005591,VND-00802,101014.42,CAD,2022-10-11,2023-08-24,MASTER_SERVICE,EXPIRED,EMP-33176
CON-005592,VND-03656,426299.6,GBP,2023-08-25,2025-03-04,MASTER_SERVICE,EXPIRED,EMP-41969
CON-005593,VND-03816,1353675.02,USD,2019-05-04,2020-11-27,SLA,EXPIRED,EMP-27634
CON-005594,VND-04290,326449.13,CAD,2022-07-03,2023-05-24,MASTER_SERVICE,TERMINATED,EMP-24475
CON-005595,VND-03232,46611.43,USD,2019-04-01,2020-01-01,SLA,EXPIRED,EMP-72422
CON-005596,VND-04576,114895.54,USD,2021-02-22,2023-10-21,PURCHASE_ORDER,EXPIRED,EMP-40598
CON-005597,VND-01070,333036.69,INR,2018-07-06,2020-11-16,FIXED_PRICE,TERMINATED,EMP-72228
CON-005598,VND-04549,625415.64,USD,2023-03-18,2024-06-28,RETAINER,EXPIRED,EMP-15158
CON-005599,VND-00498,326977.13,USD,2023-09-17,2026-06-06,SLA,SUSPENDED,EMP-3039
CON-005600,VND-00012,291299.85,EUR,2022-01-24,2024-04-26,FRAMEWORK,EXPIRED,EMP-4766
CON-005601,VND-03184,61353.89,GBP,2021-10-20,2023-07-05,FIXED_PRICE,EXPIRED,EMP-61131
CON-005602,VND-03351,346650.08,USD,2023-10-19,2024-07-03,TIME_AND_MATERIAL,EXPIRED,EMP-37325
CON-005603,VND-04848,360726.18,CAD,2019-06-17,2021-11-01,SLA,EXPIRED,EMP-25264
CON-005604,VND-01662,55740.08,USD,2020-04-14,2021-04-21,FIXED_PRICE,ACTIVE,EMP-34932
CON-005605,VND-04264,8107.25,CAD,2021-05-10,2022-09-19,MASTER_SERVICE,EXPIRED,EMP-9444
CON-005606,VND-01195,92669.39,INR,2023-11-04,2025-03-01,MASTER_SERVICE,EXPIRED,EMP-16777
CON-005607,VND-04765,448420.01,GBP,2019-06-08,2020-03-09,MASTER_SERVICE,ACTIVE,EMP-16521
CON-005608,VND-02107,343018.45,GBP,2021-02-04,2023-08-01,RETAINER,EXPIRED,EMP-60410
CON-005609,VND-00650,37614.48,GBP,2019-11-19,2020-05-29,SLA,EXPIRED,EMP-74186
CON-005610,VND-00225,181029.58,GBP,2019-05-08,2021-06-14,MASTER_SERVICE,EXPIRED,EMP-21553
CON-005611,VND-03053,15248.84,GBP,2018-09-27,2020-12-28,PURCHASE_ORDER,EXPIRED,EMP-16021
CON-005612,VND-03322,197239.55,INR,2020-10-30,2022-02-19,PURCHASE_ORDER,EXPIRED,EMP-26636
CON-005613,VND-01280,272686.93,GBP,2018-06-05,2020-02-09,RETAINER,EXPIRED,EMP-54515
CON-005614,VND-03446,131164.41,GBP,2023-07-23,2024-03-14,SLA,EXPIRED,EMP-69771
CON-005615,VND-00386,1397919.0,AUD,2018-07-29,2020-08-26,MASTER_SERVICE,ACTIVE,EMP-49684
CON-005616,VND-02991,74127.68,USD,2021-12-18,2023-02-10,FIXED_PRICE,TERMINATED,EMP-57557
CON-005617,VND-03712,15022.57,EUR,2020-11-10,2023-04-13,TIME_AND_MATERIAL,EXPIRED,EMP-25593
CON-005618,VND-00588,134152.9,USD,2021-12-06,2024-10-25,SLA,EXPIRED,EMP-48319
CON-005619,VND-00513,70841.75,EUR,2023-04-20,2026-02-25,RETAINER,ACTIVE,EMP-72945
CON-005620,VND-02696,198226.97,EUR,2023-08-31,2026-04-16,SLA,ACTIVE,EMP-33506
CON-005621,VND-03518,219581.89,EUR,2020-08-24,2022-10-29,PURCHASE_ORDER,EXPIRED,EMP-20537
CON-005622,VND-03793,163960.08,CAD,2022-01-31,2023-11-30,MASTER_SERVICE,TERMINATED,EMP-7606
CON-005623,VND-00870,95707.22,EUR,2018-07-20,2021-05-13,MASTER_SERVICE,TERMINATED,EMP-36515
CON-005624,VND-02388,15303.93,INR,2022-11-14,2025-03-14,MASTER_SERVICE,EXPIRED,EMP-42021
CON-005625,VND-00315,6322.71,GBP,2018-08-14,2019-08-27,SLA,TERMINATED,EMP-25047
CON-005626,VND-00519,5000.0,GBP,2022-09-29,2025-08-11,FRAMEWORK,ACTIVE,EMP-39477
CON-005627,VND-02404,18679.77,INR,2020-06-08,2022-04-01,PURCHASE_ORDER,EXPIRED,EMP-25047
CON-005628,VND-03470,244130.07,USD,2020-08-28,2021-06-17,PURCHASE_ORDER,TERMINATED,EMP-52399
CON-005629,VND-00761,8901.11,AUD,2022-06-01,2024-10-29,PURCHASE_ORDER,EXPIRED,EMP-71183
CON-005630,VND-01286,5000.0,GBP,2019-06-12,2021-01-24,TIME_AND_MATERIAL,EXPIRED,EMP-30255
CON-005631,VND-01098,163765.08,AUD,2019-01-20,2020-03-12,MASTER_SERVICE,TERMINATED,EMP-663
CON-005632,VND-04174,38575.73,EUR,2023-08-08,2025-04-26,SLA,EXPIRED,EMP-12508
CON-005633,VND-03228,107057.36,INR,2023-08-20,2024-06-07,PURCHASE_ORDER,EXPIRED,EMP-36716
CON-005634,VND-03201,4195910.62,USD,2023-11-03,2025-11-08,RETAINER,ACTIVE,EMP-70996
CON-005635,VND-02861,452711.57,GBP,2020-02-04,2022-06-22,TIME_AND_MATERIAL,EXPIRED,EMP-36882
CON-005636,VND-04301,169913.7,INR,2023-12-09,2024-10-28,TIME_AND_MATERIAL,EXPIRED,EMP-5537
CON-005637,VND-04266,6662.24,EUR,2023-12-27,2024-10-17,FIXED_PRICE,EXPIRED,EMP-59199
CON-005638,VND-01218,15863.98,INR,2019-06-17,2021-07-02,PURCHASE_ORDER,EXPIRED,EMP-56229
CON-005639,VND-01500,251037.6,EUR,2023-02-17,2024-07-08,RETAINER,EXPIRED,EMP-57493
CON-005640,VND-00406,1890332.59,SGD,2021-07-30,2022-11-14,FRAMEWORK,EXPIRED,EMP-5303
CON-005641,VND-02436,395938.72,USD,2021-08-15,2023-02-06,FIXED_PRICE,EXPIRED,EMP-12684
CON-005642,VND-03449,647291.65,AUD,2018-06-16,2021-03-23,SLA,EXPIRED,EMP-51673
CON-005643,VND-02453,1352000.37,USD,2019-04-26,2020-08-02,TIME_AND_MATERIAL,EXPIRED,EMP-70764
CON-005644,VND-03867,1200319.63,AUD,2023-02-24,2025-01-30,SLA,EXPIRED,EMP-59921
CON-005645,VND-01669,749908.72,CAD,2022-04-17,2022-10-24,RETAINER,TERMINATED,EMP-34617
CON-005646,VND-02489,324615.71,USD,2023-08-03,2025-10-12,FRAMEWORK,ACTIVE,EMP-38204
CON-005647,VND-03818,423860.98,USD,2023-02-06,2024-03-04,PURCHASE_ORDER,EXPIRED,EMP-66669
CON-005648,VND-01648,105000.97,AUD,2019-08-27,2020-11-10,FIXED_PRICE,EXPIRED,EMP-15343
CON-005649,VND-00987,12501.44,USD,2019-10-14,2021-05-02,PURCHASE_ORDER,EXPIRED,EMP-CORP-00288
CON-005650,VND-01984,27703.84,USD,2019-10-27,2022-10-07,FIXED_PRICE,EXPIRED,EMP-53321
CON-005651,VND-04186,558299.31,INR,2020-08-23,2023-07-23,FRAMEWORK,TERMINATED,EMP-43453
CON-005652,VND-03969,564000.92,EUR,2023-09-12,2025-10-20,MASTER_SERVICE,ACTIVE,EMP-35750
CON-005653,VND-00181,197471.6,USD,2020-11-30,2021-07-03,FIXED_PRICE,ACTIVE,EMP-54604
CON-005654,VND-04542,5166712.66,USD,2022-05-25,2025-03-23,TIME_AND_MATERIAL,TERMINATED,EMP-8448
CON-005655,VND-04017,24128.12,INR,2019-06-02,2020-08-24,FIXED_PRICE,EXPIRED,EMP-69394
CON-005656,VND-04914,3148442.57,CAD,2020-09-25,2021-07-16,RETAINER,EXPIRED,EMP-39901
CON-005657,VND-03969,5000.0,USD,2021-03-13,2021-10-05,TIME_AND_MATERIAL,EXPIRED,EMP-49652
CON-005658,VND-02732,82347.05,USD,2021-01-24,2023-04-03,TIME_AND_MATERIAL,EXPIRED,EMP-11113
CON-005659,VND-03440,66044.32,USD,2019-10-23,2021-08-05,RETAINER,TERMINATED,EMP-52608
CON-005660,VND-02966,113181.84,INR,2018-08-27,2021-04-22,MASTER_SERVICE,EXPIRED,EMP-RM1008
CON-005661,VND-02977,5000.0,CAD,2022-12-11,2023-11-08,PURCHASE_ORDER,EXPIRED,EMP-21279
CON-005662,VND-02148,988898.41,USD,2023-11-19,2025-03-31,MASTER_SERVICE,EXPIRED,EMP-41615
CON-005663,VND-00963,40771.5,USD,2021-04-04,2022-08-27,FRAMEWORK,EXPIRED,EMP-57544
CON-005664,VND-01758,285802.51,EUR,2020-09-26,2023-03-01,RETAINER,EXPIRED,EMP-23344
CON-005665,VND-01925,5077.98,EUR,2023-03-07,2023-09-04,FIXED_PRICE,EXPIRED,EMP-56322
CON-005666,VND-04491,5000.0,AUD,2019-07-17,2022-03-10,FIXED_PRICE,TERMINATED,EMP-55316
CON-005667,VND-02889,1256312.9,USD,2019-01-29,2021-03-20,FIXED_PRICE,EXPIRED,EMP-52438
CON-005668,VND-01585,20141.42,EUR,2022-12-04,2024-05-16,MASTER_SERVICE,EXPIRED,EMP-40744
CON-005669,VND-03333,13626.8,CAD,2019-01-21,2020-08-11,SLA,EXPIRED,EMP-45351
CON-005670,VND-01611,298213.95,USD,2018-01-27,2018-09-01,SLA,EXPIRED,EMP-73830
CON-005671,VND-00179,6564.07,EUR,2021-04-12,2022-11-24,FIXED_PRICE,EXPIRED,EMP-10624
CON-005672,VND-01409,1181775.98,USD,2023-08-16,2024-10-15,TIME_AND_MATERIAL,EXPIRED,EMP-33046
CON-005673,VND-00675,22222.69,INR,2018-04-29,2019-04-29,RETAINER,EXPIRED,EMP-42900
CON-005674,VND-03304,233428.9,INR,2023-09-24,2026-02-23,PURCHASE_ORDER,ACTIVE,EMP-26200
CON-005675,VND-01259,5000.0,USD,2018-08-12,2019-10-02,SLA,EXPIRED,EMP-61276
CON-005676,VND-03530,23798.74,EUR,2023-11-26,2024-08-19,FRAMEWORK,EXPIRED,EMP-13931
CON-005677,VND-01512,116436.37,EUR,2023-04-02,2025-03-25,FRAMEWORK,EXPIRED,EMP-RM589
CON-005678,VND-00878,13111.98,USD,2020-06-30,2021-01-13,PURCHASE_ORDER,EXPIRED,EMP-24652
CON-005679,VND-03487,27093.52,USD,2018-06-16,2019-02-21,MASTER_SERVICE,EXPIRED,EMP-50710
CON-005680,VND-02003,691867.89,INR,2023-05-21,2024-06-21,MASTER_SERVICE,TERMINATED,EMP-43716
CON-005681,VND-00502,147799.81,INR,2018-11-10,2021-02-11,SLA,EXPIRED,EMP-58755
CON-005682,VND-01629,712841.57,USD,2022-08-29,2024-02-18,RETAINER,TERMINATED,EMP-51234
CON-005683,VND-00635,15678.87,AUD,2022-12-20,2025-09-16,MASTER_SERVICE,ACTIVE,EMP-29402
CON-005684,VND-02851,18780.6,INR,2018-07-29,2019-03-01,RETAINER,EXPIRED,EMP-10989
CON-005685,VND-03781,13101.8,USD,2021-08-10,2023-07-07,MASTER_SERVICE,TERMINATED,EMP-56747
CON-005686,VND-00683,900171.81,USD,2018-09-16,2021-07-19,RETAINER,TERMINATED,EMP-72239
CON-005687,VND-02481,25849.31,USD,2019-11-10,2022-09-01,MASTER_SERVICE,TERMINATED,EMP-62973
CON-005688,VND-00931,71042.77,EUR,2023-08-26,2025-06-02,PURCHASE_ORDER,SUSPENDED,EMP-29595
CON-005689,VND-01489,7799.84,EUR,2023-03-30,2025-12-25,FIXED_PRICE,ACTIVE,EMP-66172
CON-005690,VND-02018,5000.0,USD,2018-02-03,2019-10-25,TIME_AND_MATERIAL,EXPIRED,EMP-5493
CON-005691,VND-04038,587039.14,USD,2019-01-17,2019-08-17,MASTER_SERVICE,EXPIRED,EMP-73465
CON-005692,VND-03125,125876.32,CAD,2023-08-17,2026-05-05,RETAINER,ACTIVE,EMP-29595
CON-005693,VND-03355,34383.0,EUR,2018-06-22,2020-07-20,MASTER_SERVICE,EXPIRED,EMP-7157
CON-005694,VND-01962,466764.74,GBP,2018-09-25,2021-07-07,FRAMEWORK,EXPIRED,EMP-24076
CON-005695,VND-01515,1263369.29,USD,2023-04-22,2025-07-08,FRAMEWORK,ACTIVE,EMP-72422
CON-005696,VND-01881,413292.01,USD,2020-03-01,2022-09-16,RETAINER,EXPIRED,EMP-7667
CON-005697,VND-04729,20677.09,USD,2018-10-14,2021-10-13,SLA,EXPIRED,EMP-66910
CON-005698,VND-03090,14959.19,SGD,2021-01-11,2023-11-20,SLA,EXPIRED,EMP-42204
CON-005699,VND-03024,5000.0,USD,2021-09-16,2023-08-15,TIME_AND_MATERIAL,EXPIRED,EMP-65289
CON-005700,VND-03689,13690.47,GBP,2018-12-14,2020-10-06,FIXED_PRICE,EXPIRED,EMP-50803
CON-005701,VND-03870,7670.72,AUD,2022-11-11,2023-09-21,FIXED_PRICE,EXPIRED,EMP-73399
CON-005702,VND-03195,158939.01,USD,2018-05-19,2019-09-02,MASTER_SERVICE,EXPIRED,EMP-23886
CON-005703,VND-03873,522365.51,USD,2021-11-30,2023-01-23,PURCHASE_ORDER,EXPIRED,EMP-52343
CON-005704,VND-02637,5000.0,GBP,2023-03-28,2025-03-26,TIME_AND_MATERIAL,EXPIRED,EMP-52087
CON-005705,VND-00954,164068.11,AUD,2018-01-03,2018-09-03,FIXED_PRICE,EXPIRED,EMP-18756
CON-005706,VND-03821,122137.05,USD,2021-07-12,2022-03-11,FRAMEWORK,EXPIRED,EMP-RM402
CON-005707,VND-02118,532219.47,CAD,2021-06-06,2022-08-02,FRAMEWORK,EXPIRED,EMP-14720
CON-005708,VND-04933,65458.21,USD,2022-06-26,2024-02-04,PURCHASE_ORDER,EXPIRED,EMP-25959
CON-005709,VND-00785,64280.93,USD,2023-11-10,2024-08-26,TIME_AND_MATERIAL,EXPIRED,EMP-395
CON-005710,VND-02289,14837.35,EUR,2021-05-31,2022-02-16,RETAINER,EXPIRED,EMP-24557
CON-005711,VND-01305,1005829.8,GBP,2023-03-04,2024-12-25,FIXED_PRICE,EXPIRED,EMP-32684
CON-005712,VND-04370,1116436.77,USD,2022-08-13,2023-06-09,TIME_AND_MATERIAL,EXPIRED,EMP-48781
CON-005713,VND-01680,5000.0,EUR,2019-04-23,2020-06-24,MASTER_SERVICE,ACTIVE,EMP-24754
CON-005714,VND-04109,1426537.3,GBP,2018-10-04,2021-06-30,FIXED_PRICE,EXPIRED,EMP-69674
CON-005715,VND-04297,2188679.43,CAD,2019-11-10,2021-12-14,RETAINER,EXPIRED,EMP-23014
CON-005716,VND-03693,21386.54,INR,2019-07-31,2022-05-14,FIXED_PRICE,EXPIRED,EMP-30970
CON-005717,VND-00044,18748.2,GBP,2022-08-26,2023-09-01,SLA,EXPIRED,EMP-16758
CON-005718,VND-03148,8330.04,GBP,2022-06-06,2022-12-06,RETAINER,TERMINATED,EMP-72217
CON-005719,VND-04235,536466.81,AUD,2018-04-18,2021-01-15,TIME_AND_MATERIAL,TERMINATED,EMP-18899
CON-005720,VND-01282,311924.55,GBP,2023-09-02,2025-08-15,SLA,ACTIVE,EMP-55956
CON-005721,VND-04577,659116.19,EUR,2018-04-15,2020-01-07,FRAMEWORK,EXPIRED,EMP-67355
CON-005722,VND-00220,74418.61,EUR,2021-01-03,2023-10-21,PURCHASE_ORDER,ACTIVE,EMP-29128
CON-005723,VND-03669,34344.64,USD,2020-02-21,2022-01-11,PURCHASE_ORDER,EXPIRED,EMP-24463
CON-005724,VND-04655,5000.0,CAD,2018-03-02,2019-07-31,SLA,TERMINATED,EMP-7052
CON-005725,VND-00460,5000.0,USD,2019-10-19,2021-03-19,MASTER_SERVICE,TERMINATED,EMP-20962
CON-005726,VND-03671,259598.33,USD,2020-11-24,2022-11-14,MASTER_SERVICE,EXPIRED,EMP-49852
CON-005727,VND-01673,599302.09,AUD,2020-10-14,2023-06-19,MASTER_SERVICE,TERMINATED,EMP-RM1375
CON-005728,VND-02218,12399.13,USD,2023-06-24,2024-04-22,SLA,TERMINATED,EMP-RM1467
CON-005729,VND-01788,31752.2,USD,2023-04-24,2024-01-30,SLA,EXPIRED,EMP-40194
CON-005730,VND-03967,18132.99,USD,2023-10-11,2024-11-20,FRAMEWORK,EXPIRED,EMP-60747
CON-005731,VND-00453,132413.32,USD,2019-08-10,2020-03-12,MASTER_SERVICE,ACTIVE,EMP-62753
CON-005732,VND-01174,1347399.99,SGD,2019-12-12,2020-07-28,FIXED_PRICE,TERMINATED,EMP-33335
CON-005733,VND-03866,245666.57,USD,2022-02-03,2024-07-31,TIME_AND_MATERIAL,EXPIRED,EMP-40271
CON-005734,VND-04142,599880.87,INR,2023-01-12,2023-12-02,FIXED_PRICE,TERMINATED,EMP-4020
CON-005735,VND-03820,43484.21,AUD,2022-10-02,2024-03-15,PURCHASE_ORDER,EXPIRED,EMP-36008
CON-005736,VND-04775,38673.04,USD,2019-08-30,2022-07-17,FRAMEWORK,EXPIRED,EMP-66174
CON-005737,VND-00888,56266.95,EUR,2018-02-02,2021-01-14,MASTER_SERVICE,EXPIRED,EMP-37113
CON-005738,VND-04199,28602.19,USD,2018-11-17,2020-01-04,PURCHASE_ORDER,EXPIRED,EMP-24283
CON-005739,VND-04842,52445.92,EUR,2020-03-18,2022-08-24,RETAINER,EXPIRED,EMP-32095
CON-005740,VND-03355,507813.72,GBP,2023-09-09,2025-08-08,FRAMEWORK,ACTIVE,EMP-CORP-00458
CON-005741,VND-03095,393371.23,GBP,2022-09-21,2023-05-28,MASTER_SERVICE,EXPIRED,EMP-22928
CON-005742,VND-02796,661381.58,USD,2018-08-15,2021-08-12,RETAINER,EXPIRED,EMP-39906
CON-005743,VND-04993,281716.73,USD,2023-05-15,2025-05-12,MASTER_SERVICE,TERMINATED,EMP-40931
CON-005744,VND-00478,5121.71,USD,2020-03-18,2021-06-17,SLA,EXPIRED,EMP-11565
CON-005745,VND-00504,5000.0,INR,2023-10-21,2025-10-04,PURCHASE_ORDER,DRAFT,EMP-4845
CON-005746,VND-04870,513364.01,GBP,2018-08-20,2020-07-23,MASTER_SERVICE,EXPIRED,EMP-57197
CON-005747,VND-03096,9509.57,AUD,2020-10-08,2022-02-20,RETAINER,EXPIRED,EMP-61046
CON-005748,VND-04158,1576032.6,GBP,2022-10-04,2025-05-19,MASTER_SERVICE,EXPIRED,EMP-23351
CON-005749,VND-01671,35224.84,USD,2022-05-28,2023-10-26,TIME_AND_MATERIAL,EXPIRED,EMP-46697
CON-005750,VND-01004,17226.86,GBP,2022-06-01,2025-03-08,PURCHASE_ORDER,EXPIRED,EMP-38223
CON-005751,VND-01118,13530.73,CAD,2020-12-09,2023-01-13,PURCHASE_ORDER,EXPIRED,EMP-66036
CON-005752,VND-01795,217702.51,USD,2023-07-19,2025-05-14,FRAMEWORK,EXPIRED,EMP-36835
CON-005753,VND-00835,298179.05,USD,2023-12-25,2025-09-03,MASTER_SERVICE,ACTIVE,EMP-58896
CON-005754,VND-02573,461572.28,USD,2023-07-11,2024-04-24,SLA,EXPIRED,EMP-52643
CON-005755,VND-01102,606684.67,GBP,2023-02-11,2023-12-07,PURCHASE_ORDER,EXPIRED,EMP-52057
CON-005756,VND-03467,131136.91,USD,2022-11-22,2024-05-20,SLA,EXPIRED,EMP-7852
CON-005757,VND-02323,111620.55,EUR,2018-12-10,2021-03-29,PURCHASE_ORDER,TERMINATED,EMP-44464
CON-005758,VND-03697,118915.54,USD,2022-10-04,2024-02-02,PURCHASE_ORDER,EXPIRED,EMP-46881
CON-005759,VND-00645,5000.0,GBP,2019-10-25,2021-02-22,RETAINER,EXPIRED,EMP-72503
CON-005760,VND-02465,228678.43,USD,2021-08-09,2023-01-31,MASTER_SERVICE,TERMINATED,EMP-42522
CON-005761,VND-02032,5000.0,INR,2018-12-07,2020-02-13,MASTER_SERVICE,EXPIRED,EMP-46469
CON-005762,VND-00392,819452.82,USD,2023-08-17,2024-07-25,PURCHASE_ORDER,EXPIRED,EMP-1234
CON-005763,VND-00134,12653.86,USD,2018-12-12,2021-08-06,FIXED_PRICE,EXPIRED,EMP-53306
CON-005764,VND-01864,659402.47,INR,2022-07-25,2024-03-18,PURCHASE_ORDER,TERMINATED,EMP-45551
CON-005765,VND-02360,428193.12,USD,2019-07-31,2021-06-16,TIME_AND_MATERIAL,EXPIRED,EMP-65635
CON-005766,VND-02428,47839.73,EUR,2020-02-08,2021-01-26,FIXED_PRICE,EXPIRED,MGR-8925
CON-005767,VND-02706,6266.47,USD,2022-02-06,2023-05-09,SLA,TERMINATED,EMP-31903
CON-005768,VND-03897,823965.43,EUR,2023-02-14,2025-07-16,PURCHASE_ORDER,ACTIVE,EMP-48622
CON-005769,VND-00760,125914.23,INR,2023-08-10,2024-05-29,FIXED_PRICE,EXPIRED,EMP-36721
CON-005770,VND-02349,616482.81,GBP,2021-06-23,2022-06-27,FRAMEWORK,EXPIRED,EMP-48375
CON-005771,VND-01747,327485.23,USD,2019-12-13,2021-03-15,SLA,TERMINATED,EMP-8033
CON-005772,VND-04792,109406.05,EUR,2022-03-02,2023-07-24,RETAINER,EXPIRED,EMP-20810
CON-005773,VND-00946,23750.6,GBP,2018-07-23,2019-02-25,PURCHASE_ORDER,ACTIVE,EMP-7379
CON-005774,VND-04552,33252.14,USD,2018-06-29,2020-01-19,MASTER_SERVICE,EXPIRED,EMP-22569
CON-005775,VND-04918,1305899.07,USD,2022-11-29,2024-07-02,FIXED_PRICE,ACTIVE,EMP-20942
CON-005776,VND-04652,174069.2,INR,2020-06-28,2022-08-08,TIME_AND_MATERIAL,EXPIRED,EMP-12574
CON-005777,VND-04700,34188.78,CAD,2022-01-25,2023-12-20,MASTER_SERVICE,TERMINATED,EMP-69694
CON-005778,VND-02539,772595.31,USD,2020-01-22,2021-04-28,TIME_AND_MATERIAL,EXPIRED,EMP-28062
CON-005779,VND-04334,730400.76,USD,2018-01-17,2020-11-23,TIME_AND_MATERIAL,EXPIRED,EMP-57400
CON-005780,VND-00148,680544.1,EUR,2019-03-15,2021-10-19,FIXED_PRICE,EXPIRED,EMP-CORP-00571
CON-005781,VND-01955,294663.05,USD,2018-10-26,2019-05-24,TIME_AND_MATERIAL,EXPIRED,EMP-24503
CON-005782,VND-03599,8744.02,GBP,2018-10-16,2020-11-09,PURCHASE_ORDER,EXPIRED,EMP-46469
CON-005783,VND-00532,69690.08,INR,2020-10-13,2022-02-19,FIXED_PRICE,EXPIRED,EMP-34607
CON-005784,VND-04157,321336.9,USD,2018-03-25,2020-11-02,FRAMEWORK,EXPIRED,EMP-60037
CON-005785,VND-00502,840677.56,INR,2018-02-02,2018-10-13,RETAINER,EXPIRED,EMP-15371
CON-005786,VND-01951,10664.46,EUR,2023-01-17,2025-01-27,FRAMEWORK,EXPIRED,EMP-2284
CON-005787,VND-00196,64066.6,INR,2022-01-17,2023-03-18,MASTER_SERVICE,TERMINATED,EMP-22006
CON-005788,VND-01108,16321.22,USD,2020-09-04,2023-07-11,RETAINER,EXPIRED,EMP-CORP-00175
CON-005789,VND-04115,266295.99,USD,2019-05-22,2021-12-08,RETAINER,EXPIRED,EMP-22085
CON-005790,VND-00371,5045.79,EUR,2023-07-24,2024-10-04,MASTER_SERVICE,EXPIRED,EMP-54755
CON-005791,VND-02069,9685.47,USD,2019-11-16,2020-12-29,PURCHASE_ORDER,EXPIRED,EMP-64928
CON-005792,VND-02618,6134.82,USD,2023-04-26,2024-03-12,FIXED_PRICE,EXPIRED,EMP-10585
CON-005793,VND-03943,775381.88,USD,2019-07-21,2020-06-26,PURCHASE_ORDER,EXPIRED,EMP-57820
CON-005794,VND-04109,112211.61,USD,2020-10-10,2023-01-25,SLA,EXPIRED,EMP-46139
CON-005795,VND-03103,29194.29,GBP,2020-06-07,2021-06-06,MASTER_SERVICE,EXPIRED,EMP-31556
CON-005796,VND-00822,12962.51,GBP,2021-12-20,2023-12-10,FIXED_PRICE,EXPIRED,EMP-34121
CON-005797,VND-01794,43504.89,CAD,2023-09-09,2026-06-06,MASTER_SERVICE,ACTIVE,EMP-31361
CON-005798,VND-00684,1126045.35,USD,2019-08-11,2020-11-28,RETAINER,TERMINATED,EMP-39585
CON-005799,VND-00897,60549.13,EUR,2019-11-30,2022-01-31,SLA,EXPIRED,EMP-38161
CON-005800,VND-03036,676256.83,CAD,2019-07-17,2021-06-21,PURCHASE_ORDER,EXPIRED,EMP-25889
CON-005801,VND-01806,1801992.49,INR,2023-07-01,2026-02-21,TIME_AND_MATERIAL,ACTIVE,EMP-72716
CON-005802,VND-01444,5000.0,USD,2020-08-02,2022-03-22,TIME_AND_MATERIAL,EXPIRED,EMP-33127
CON-005803,VND-02864,1131846.31,AUD,2021-01-09,2023-09-04,FRAMEWORK,EXPIRED,EMP-56814
CON-005804,VND-02507,254797.22,USD,2023-03-13,2024-04-23,PURCHASE_ORDER,EXPIRED,EMP-50511
CON-005805,VND-01894,5000.0,GBP,2020-11-05,2022-10-31,PURCHASE_ORDER,EXPIRED,EMP-60272
CON-005806,VND-03666,83137.0,USD,2020-06-15,2022-04-30,RETAINER,EXPIRED,EMP-37902
CON-005807,VND-00626,628932.82,USD,2022-05-14,2023-10-13,MASTER_SERVICE,EXPIRED,EMP-22515
CON-005808,VND-02838,5000.0,GBP,2022-03-30,2023-12-25,FIXED_PRICE,TERMINATED,EMP-55182
CON-005809,VND-03914,6538.91,USD,2023-05-16,2024-02-15,MASTER_SERVICE,EXPIRED,EMP-29976
CON-005810,VND-01885,957510.0,INR,2020-07-16,2021-09-06,SLA,EXPIRED,MGR-11.0
CON-005811,VND-03047,10185.39,USD,2018-03-12,2019-01-11,FRAMEWORK,EXPIRED,EMP-21559
CON-005812,VND-00451,86710.95,GBP,2020-09-21,2023-04-05,RETAINER,EXPIRED,EMP-71162
CON-005813,VND-01578,733984.24,USD,2019-07-23,2020-02-12,SLA,EXPIRED,EMP-11906
CON-005814,VND-00263,1275355.85,USD,2023-02-08,2024-03-27,MASTER_SERVICE,EXPIRED,EMP-56446
CON-005815,VND-03524,786505.02,SGD,2018-06-11,2021-03-05,SLA,EXPIRED,EMP-45981
CON-005816,VND-03391,9338.13,GBP,2020-08-01,2021-01-28,FIXED_PRICE,EXPIRED,EMP-18463
CON-005817,VND-02326,486907.17,EUR,2022-07-28,2025-04-24,TIME_AND_MATERIAL,EXPIRED,EMP-57919
CON-005818,VND-03712,22431.16,EUR,2022-10-25,2024-11-17,FRAMEWORK,EXPIRED,EMP-43684
CON-005819,VND-02720,49001.99,USD,2018-11-28,2019-08-23,TIME_AND_MATERIAL,EXPIRED,EMP-3755
CON-005820,VND-04767,1993002.17,USD,2020-04-30,2022-04-18,RETAINER,EXPIRED,EMP-36769
CON-005821,VND-01200,344220.47,USD,2022-02-20,2023-03-01,FIXED_PRICE,EXPIRED,EMP-21567
CON-005822,VND-04102,2032911.02,SGD,2022-06-12,2023-06-22,RETAINER,EXPIRED,EMP-15463
CON-005823,VND-00670,28640.49,USD,2020-09-20,2023-04-01,SLA,EXPIRED,EMP-69147
CON-005824,VND-01616,39428.79,USD,2019-12-05,2021-01-30,PURCHASE_ORDER,ACTIVE,EMP-63287
CON-005825,VND-00801,13157.96,USD,2022-03-26,2023-10-16,RETAINER,EXPIRED,EMP-63087
CON-005826,VND-02777,283111.58,GBP,2022-04-28,2023-08-21,MASTER_SERVICE,EXPIRED,EMP-46034
CON-005827,VND-02730,192783.9,EUR,2019-08-27,2020-09-06,TIME_AND_MATERIAL,EXPIRED,EMP-866
CON-005828,VND-04600,31898.68,USD,2022-11-07,2024-12-24,PURCHASE_ORDER,EXPIRED,EMP-7366
CON-005829,VND-03731,291301.84,EUR,2020-03-26,2021-04-01,MASTER_SERVICE,EXPIRED,EMP-42644
CON-005830,VND-04129,115679.28,USD,2023-12-17,2025-04-23,SLA,EXPIRED,EMP-69253
CON-005831,VND-01649,1178525.23,GBP,2020-12-31,2023-03-25,RETAINER,EXPIRED,EMP-27416
CON-005832,VND-01743,5000.0,CAD,2023-10-22,2025-10-12,TIME_AND_MATERIAL,ACTIVE,EMP-60690
CON-005833,VND-01319,8498657.68,EUR,2018-02-03,2019-06-16,TIME_AND_MATERIAL,EXPIRED,EMP-64418
CON-005834,VND-01187,5000.0,INR,2022-09-21,2023-07-25,PURCHASE_ORDER,EXPIRED,EMP-55103
CON-005835,VND-04031,558178.84,USD,2020-04-27,2022-10-23,PURCHASE_ORDER,EXPIRED,EMP-CORP-00440
CON-005836,VND-00322,21559.82,CAD,2022-01-22,2024-09-03,MASTER_SERVICE,TERMINATED,EMP-70213
CON-005837,VND-04912,130131.76,SGD,2023-10-10,2025-02-10,FIXED_PRICE,EXPIRED,EMP-16729
CON-005838,VND-01266,946106.48,SGD,2018-05-18,2020-07-01,RETAINER,TERMINATED,EMP-33939
CON-005839,VND-03321,13924.34,USD,2022-10-14,2025-02-26,SLA,EXPIRED,EMP-33042
CON-005840,VND-04944,178764.37,USD,2021-09-30,2022-10-20,FRAMEWORK,EXPIRED,EMP-2742
CON-005841,VND-01144,16301.38,EUR,2020-05-29,2021-12-22,PURCHASE_ORDER,TERMINATED,EMP-17984
CON-005842,VND-00652,14646.03,USD,2023-05-27,2026-01-25,FRAMEWORK,ACTIVE,EMP-67731
CON-005843,VND-03948,9200.7,GBP,2019-09-17,2020-10-01,FIXED_PRICE,EXPIRED,EMP-22297
CON-005844,VND-00324,173775.05,USD,2021-01-24,2022-06-04,TIME_AND_MATERIAL,TERMINATED,EMP-2959
CON-005845,VND-00682,54065.07,USD,2021-03-19,2023-10-19,FIXED_PRICE,TERMINATED,EMP-3452
CON-005846,VND-00603,44793.71,USD,2018-12-01,2020-08-18,FIXED_PRICE,EXPIRED,EMP-73762
CON-005847,VND-00254,344023.31,EUR,2020-03-30,2022-01-15,FIXED_PRICE,TERMINATED,EMP-18287
CON-005848,VND-03049,57990.16,GBP,2020-12-06,2022-11-29,TIME_AND_MATERIAL,EXPIRED,EMP-18117
CON-005849,VND-00268,5000.0,USD,2020-05-17,2023-01-28,MASTER_SERVICE,EXPIRED,EMP-68647
CON-005850,VND-01177,375270.5,SGD,2021-08-09,2024-05-28,TIME_AND_MATERIAL,EXPIRED,EMP-22098
CON-005851,VND-01710,35390.53,INR,2021-10-11,2023-10-03,PURCHASE_ORDER,EXPIRED,EMP-52806
CON-005852,VND-01076,37892.82,USD,2021-04-09,2023-11-24,PURCHASE_ORDER,EXPIRED,EMP-43369
CON-005853,VND-00997,92126.51,GBP,2021-01-30,2023-10-26,FRAMEWORK,TERMINATED,EMP-48921
CON-005854,VND-03199,1636975.73,USD,2021-10-14,2024-05-24,SLA,EXPIRED,EMP-8081
CON-005855,VND-01240,157234.37,USD,2019-05-24,2021-03-31,FRAMEWORK,EXPIRED,EMP-72948
CON-005856,VND-04436,28955.91,USD,2020-08-18,2022-11-07,FRAMEWORK,EXPIRED,EMP-3451
CON-005857,VND-04646,14436.15,GBP,2020-10-16,2023-04-05,MASTER_SERVICE,EXPIRED,EMP-19889
CON-005858,VND-03539,58164.21,SGD,2018-02-12,2020-10-03,TIME_AND_MATERIAL,TERMINATED,EMP-51580
CON-005859,VND-04545,3148867.26,USD,2021-04-10,2023-11-06,FIXED_PRICE,EXPIRED,EMP-12337
CON-005860,VND-03649,72199.95,USD,2022-10-04,2025-02-09,SLA,EXPIRED,EMP-CORP-00187
CON-005861,VND-01208,156196.19,EUR,2023-07-07,2026-04-02,FRAMEWORK,ACTIVE,EMP-63488
CON-005862,VND-02671,608553.4,USD,2023-02-12,2024-09-01,SLA,EXPIRED,EMP-37977
CON-005863,VND-03548,3649934.08,SGD,2018-06-14,2019-06-16,FRAMEWORK,EXPIRED,EMP-23886
CON-005864,VND-02437,1148505.76,USD,2021-02-11,2023-08-12,FIXED_PRICE,EXPIRED,EMP-6328
CON-005865,VND-03833,60135.07,USD,2020-09-23,2022-01-17,FIXED_PRICE,EXPIRED,EMP-27218
CON-005866,VND-00335,10194.7,GBP,2019-03-23,2020-04-02,MASTER_SERVICE,EXPIRED,EMP-59687
CON-005867,VND-01305,10369.21,USD,2023-11-10,2024-07-26,RETAINER,EXPIRED,EMP-54267
CON-005868,VND-00379,608353.43,USD,2022-09-15,2025-04-17,FRAMEWORK,ACTIVE,EMP-62551
CON-005869,VND-00545,7232.18,USD,2023-07-11,2025-10-19,RETAINER,ACTIVE,EMP-12954
CON-005870,VND-03097,13336.65,USD,2023-07-21,2025-04-26,SLA,EXPIRED,EMP-27821
CON-005871,VND-01189,12985.12,EUR,2018-07-20,2019-07-31,RETAINER,EXPIRED,EMP-52595
CON-005872,VND-03799,5000.0,GBP,2018-03-14,2020-09-18,TIME_AND_MATERIAL,EXPIRED,EMP-64550
CON-005873,VND-01599,122872.82,INR,2020-10-05,2022-08-30,PURCHASE_ORDER,EXPIRED,EMP-72832
CON-005874,VND-02776,1085131.68,EUR,2021-10-18,2022-04-26,FRAMEWORK,EXPIRED,EMP-5718
CON-005875,VND-01006,257314.12,GBP,2019-05-21,2020-01-08,TIME_AND_MATERIAL,EXPIRED,EMP-RM272
CON-005876,VND-02334,19111.21,USD,2018-08-09,2020-04-22,FRAMEWORK,TERMINATED,EMP-73833
CON-005877,VND-03547,924101.93,USD,2018-05-15,2020-09-22,PURCHASE_ORDER,EXPIRED,EMP-51536
CON-005878,VND-00515,36038.32,EUR,2021-11-26,2022-08-20,FIXED_PRICE,EXPIRED,EMP-67521
CON-005879,VND-01614,5000.0,USD,2018-06-02,2019-09-04,FIXED_PRICE,EXPIRED,EMP-11197
CON-005880,VND-02977,21636.3,EUR,2020-08-22,2022-09-09,PURCHASE_ORDER,TERMINATED,EMP-58102
CON-005881,VND-00488,127475.14,USD,2018-04-21,2018-10-24,SLA,EXPIRED,EMP-30967
CON-005882,VND-03333,14601.29,SGD,2020-04-20,2023-01-20,RETAINER,EXPIRED,EMP-13508
CON-005883,VND-01696,6944.33,INR,2019-04-25,2020-04-29,TIME_AND_MATERIAL,EXPIRED,EMP-54144
CON-005884,VND-01586,115043.37,USD,2020-05-27,2022-02-06,RETAINER,EXPIRED,EMP-6266
CON-005885,VND-04043,859720.92,USD,2018-08-18,2019-06-26,FIXED_PRICE,EXPIRED,EMP-3014
CON-005886,VND-03651,133768.89,USD,2023-04-09,2024-06-05,PURCHASE_ORDER,EXPIRED,EMP-8234
CON-005887,VND-01982,126370.68,GBP,2022-11-15,2025-09-14,MASTER_SERVICE,ACTIVE,EMP-46407
CON-005888,VND-04967,35982.89,USD,2021-01-05,2022-08-01,MASTER_SERVICE,EXPIRED,EMP-46060
CON-005889,VND-04848,5000.0,USD,2020-08-26,2023-03-21,SLA,EXPIRED,EMP-39344
CON-005890,VND-02243,7149.63,USD,2018-10-04,2021-01-29,FRAMEWORK,EXPIRED,EMP-9396
CON-005891,VND-01530,5000.0,INR,2022-12-02,2025-02-13,SLA,TERMINATED,EMP-RM191
CON-005892,VND-01417,13309334.45,CAD,2021-08-21,2023-01-27,PURCHASE_ORDER,EXPIRED,EMP-65084
CON-005893,VND-00880,466631.17,EUR,2020-12-04,2023-06-08,TIME_AND_MATERIAL,EXPIRED,EMP-56489
CON-005894,VND-00313,11635.69,EUR,2022-04-22,2022-11-13,FIXED_PRICE,EXPIRED,EMP-15284
CON-005895,VND-00722,1870150.75,USD,2022-04-09,2025-03-22,RETAINER,TERMINATED,EMP-44210
CON-005896,VND-01011,82825.62,EUR,2020-03-20,2021-05-28,PURCHASE_ORDER,EXPIRED,EMP-68896
CON-005897,VND-00255,5000.0,USD,2020-06-18,2021-06-26,FRAMEWORK,EXPIRED,EMP-22199
CON-005898,VND-02187,33088.73,USD,2022-03-14,2024-11-20,SLA,EXPIRED,EMP-56665
CON-005899,VND-03407,17593.88,USD,2021-09-06,2024-08-17,MASTER_SERVICE,EXPIRED,EMP-25349
CON-005900,VND-02686,143577.33,INR,2019-03-24,2020-09-24,TIME_AND_MATERIAL,EXPIRED,EMP-56969
CON-005901,VND-03988,188789.26,SGD,2020-10-30,2022-12-03,RETAINER,EXPIRED,EMP-42728
CON-005902,VND-00240,7439860.31,USD,2018-03-09,2020-07-21,FIXED_PRICE,EXPIRED,EMP-17860
CON-005903,VND-02818,5414.16,AUD,2018-09-12,2020-04-16,FIXED_PRICE,EXPIRED,EMP-578
CON-005904,VND-01358,38571.84,USD,2020-12-23,2023-01-05,PURCHASE_ORDER,EXPIRED,EMP-15132
CON-005905,VND-03900,2207921.62,USD,2022-08-06,2024-06-15,MASTER_SERVICE,EXPIRED,EMP-57919
CON-005906,VND-00150,382400.86,INR,2018-03-19,2019-03-20,SLA,EXPIRED,EMP-21566
CON-005907,VND-03652,20965.89,SGD,2022-09-23,2024-01-26,SLA,EXPIRED,EMP-1704
CON-005908,VND-04562,2450824.92,USD,2018-04-28,2019-01-17,FIXED_PRICE,EXPIRED,EMP-27812
CON-005909,VND-03576,1546852.06,USD,2019-07-05,2020-12-06,FIXED_PRICE,EXPIRED,EMP-21902
CON-005910,VND-03045,1924073.68,USD,2022-09-25,2025-06-12,MASTER_SERVICE,ACTIVE,EMP-36138
CON-005911,VND-01434,44222.81,USD,2019-03-24,2021-12-03,FIXED_PRICE,TERMINATED,EMP-CORP-00293
CON-005912,VND-04308,540337.55,USD,2021-04-12,2023-03-04,RETAINER,EXPIRED,EMP-RM1125
CON-005913,VND-01003,46347.7,USD,2022-09-26,2024-09-15,PURCHASE_ORDER,EXPIRED,EMP-48935
CON-005914,VND-02253,520418.59,USD,2022-03-21,2023-05-12,FRAMEWORK,EXPIRED,EMP-4929
CON-005915,VND-01099,23969.21,USD,2023-01-18,2025-10-26,SLA,ACTIVE,EMP-69878
CON-005916,VND-01019,268467.52,EUR,2019-07-03,2020-04-19,MASTER_SERVICE,EXPIRED,EMP-41376
CON-005917,VND-04114,101532.58,INR,2023-08-24,2024-12-14,RETAINER,ACTIVE,EMP-23014
CON-005918,VND-01380,21554.93,EUR,2020-05-11,2021-02-07,FIXED_PRICE,ACTIVE,EMP-63230
CON-005919,VND-02091,32035.11,INR,2018-04-23,2020-02-09,FIXED_PRICE,EXPIRED,EMP-2643
CON-005920,VND-02766,34353.67,USD,2019-03-21,2021-05-12,PURCHASE_ORDER,EXPIRED,EMP-23155
CON-005921,VND-01098,1916914.57,USD,2020-06-12,2021-04-12,PURCHASE_ORDER,EXPIRED,EMP-2840
CON-005922,VND-00650,2589267.56,SGD,2022-01-24,2025-01-01,MASTER_SERVICE,EXPIRED,EMP-55014
CON-005923,VND-03704,261175.39,CAD,2018-02-04,2019-04-23,RETAINER,EXPIRED,EMP-64149
CON-005924,VND-04370,23823.64,USD,2023-09-21,2026-01-20,RETAINER,ACTIVE,EMP-62010
CON-005925,VND-03103,38394.66,USD,2018-05-26,2019-10-09,RETAINER,EXPIRED,EMP-17059
CON-005926,VND-01368,478049.05,INR,2021-02-08,2022-07-28,TIME_AND_MATERIAL,EXPIRED,EMP-35963
CON-005927,VND-04618,20097.75,USD,2023-02-20,2025-07-31,PURCHASE_ORDER,ACTIVE,EMP-22869
CON-005928,VND-00028,5000.0,GBP,2021-04-13,2023-05-18,FIXED_PRICE,EXPIRED,EMP-53217
CON-005929,VND-03397,18520.47,EUR,2021-02-25,2022-02-22,SLA,EXPIRED,EMP-26095
CON-005930,VND-01367,451701.48,INR,2019-02-20,2021-02-14,MASTER_SERVICE,EXPIRED,EMP-74239
CON-005931,VND-04903,6997.05,USD,2020-03-18,2021-02-12,RETAINER,EXPIRED,EMP-RM412
CON-005932,VND-00653,104525.75,CAD,2022-03-26,2023-03-17,MASTER_SERVICE,TERMINATED,EMP-27069
CON-005933,VND-03404,133722.02,USD,2018-05-22,2021-05-08,TIME_AND_MATERIAL,ACTIVE,EMP-55316
CON-005934,VND-04705,9547.59,EUR,2022-02-11,2024-05-11,FIXED_PRICE,EXPIRED,EMP-68094
CON-005935,VND-01232,432871.93,GBP,2023-08-25,2026-06-20,MASTER_SERVICE,DRAFT,EMP-RM224
CON-005936,VND-02869,457257.09,USD,2018-08-17,2020-12-23,RETAINER,EXPIRED,EMP-36401
CON-005937,VND-02291,165739.67,USD,2018-07-25,2021-04-17,MASTER_SERVICE,EXPIRED,EMP-57785
CON-005938,VND-03376,252090.85,SGD,2023-02-06,2023-12-21,MASTER_SERVICE,EXPIRED,EMP-11880
CON-005939,VND-04639,16541.94,INR,2020-11-27,2023-11-10,FRAMEWORK,EXPIRED,EMP-3330
CON-005940,VND-03505,5000.0,CAD,2018-10-29,2020-10-30,MASTER_SERVICE,EXPIRED,EMP-CORP-00552
CON-005941,VND-01411,17879.35,USD,2019-04-19,2021-03-18,RETAINER,EXPIRED,EMP-61424
CON-005942,VND-00205,350408.89,GBP,2021-01-29,2023-04-09,FRAMEWORK,TERMINATED,EMP-2031
CON-005943,VND-04518,8242268.83,CAD,2023-04-02,2024-11-12,TIME_AND_MATERIAL,EXPIRED,EMP-17740
CON-005944,VND-01022,130047.32,EUR,2022-03-05,2023-12-19,MASTER_SERVICE,EXPIRED,EMP-22894
CON-005945,VND-01286,10378.8,GBP,2023-05-01,2024-06-20,MASTER_SERVICE,TERMINATED,EMP-17910
CON-005946,VND-02635,12775.29,EUR,2023-04-23,2026-04-19,FRAMEWORK,ACTIVE,EMP-3993
CON-005947,VND-01353,36704.98,GBP,2018-06-25,2019-07-05,TIME_AND_MATERIAL,EXPIRED,EMP-35252
CON-005948,VND-02569,351394.45,SGD,2023-03-16,2024-10-09,MASTER_SERVICE,ACTIVE,EMP-8943
CON-005949,VND-01885,1421442.3,AUD,2023-05-10,2024-04-06,RETAINER,EXPIRED,EMP-60327
CON-005950,VND-00233,13597.38,CAD,2020-02-23,2021-08-08,FIXED_PRICE,EXPIRED,EMP-2499
CON-005951,VND-00961,10608.04,INR,2022-01-13,2022-09-26,RETAINER,EXPIRED,EMP-20801
CON-005952,VND-04946,14128.72,EUR,2019-12-17,2022-03-15,MASTER_SERVICE,EXPIRED,EMP-50993
CON-005953,VND-03544,5000.0,EUR,2020-06-11,2022-11-08,MASTER_SERVICE,EXPIRED,EMP-CORP-00095
CON-005954,VND-00216,6187118.16,USD,2023-03-21,2026-02-21,FIXED_PRICE,ACTIVE,EMP-59715
CON-005955,VND-01361,176299.3,EUR,2020-11-05,2023-05-09,MASTER_SERVICE,EXPIRED,EMP-5685
CON-005956,VND-03898,1520560.18,INR,2022-01-14,2024-03-27,TIME_AND_MATERIAL,EXPIRED,EMP-62698
CON-005957,VND-02479,6038.41,USD,2020-10-20,2022-03-17,FRAMEWORK,TERMINATED,EMP-RM859
CON-005958,VND-03419,115429.37,USD,2019-12-10,2022-10-01,FIXED_PRICE,TERMINATED,EMP-5847
CON-005959,VND-01561,29538.44,EUR,2022-12-23,2024-02-14,SLA,EXPIRED,EMP-2909
CON-005960,VND-00294,76527.6,AUD,2018-10-13,2020-03-15,TIME_AND_MATERIAL,EXPIRED,EMP-63419
CON-005961,VND-03731,2359505.54,USD,2020-07-16,2021-08-19,FIXED_PRICE,EXPIRED,EMP-66254
CON-005962,VND-02382,299528.62,GBP,2021-05-25,2023-01-01,RETAINER,EXPIRED,EMP-CORP-00160
CON-005963,VND-03672,8137.49,GBP,2020-06-28,2021-03-03,FRAMEWORK,EXPIRED,EMP-1234
CON-005964,VND-03506,5000.0,GBP,2022-12-22,2024-05-02,TIME_AND_MATERIAL,EXPIRED,EMP-11658
CON-005965,VND-00581,1359701.13,USD,2023-11-14,2026-01-11,FRAMEWORK,ACTIVE,EMP-44647
CON-005966,VND-01077,532662.22,EUR,2019-02-05,2021-06-29,TIME_AND_MATERIAL,EXPIRED,EMP-7586
CON-005967,VND-04649,5000.0,EUR,2021-02-02,2022-11-06,FRAMEWORK,EXPIRED,EMP-14868
CON-005968,VND-03383,2524682.45,USD,2022-09-05,2024-08-23,SLA,EXPIRED,EMP-24310
CON-005969,VND-03643,1526854.71,EUR,2019-10-17,2021-04-18,SLA,TERMINATED,EMP-28563
CON-005970,VND-01551,9205.67,USD,2019-09-03,2020-12-06,SLA,TERMINATED,EMP-1135
CON-005971,VND-04272,216010.08,USD,2018-10-27,2019-09-11,RETAINER,ACTIVE,EMP-40696
CON-005972,VND-01594,794468.04,USD,2022-12-08,2023-09-21,TIME_AND_MATERIAL,ACTIVE,EMP-13308
CON-005973,VND-00391,5000.0,SGD,2020-10-08,2022-11-12,PURCHASE_ORDER,EXPIRED,EMP-62254
CON-005974,VND-04829,1914601.28,EUR,2018-09-10,2021-08-22,MASTER_SERVICE,EXPIRED,EMP-39866
CON-005975,VND-02132,801155.09,USD,2019-02-04,2021-03-05,TIME_AND_MATERIAL,EXPIRED,EMP-63771
CON-005976,VND-04639,56895.28,USD,2019-02-01,2019-11-22,FRAMEWORK,EXPIRED,EMP-39817
CON-005977,VND-01452,697536.11,USD,2018-09-19,2019-06-01,FRAMEWORK,EXPIRED,EMP-36924
CON-005978,VND-02446,194671.29,USD,2023-02-16,2025-06-04,RETAINER,ACTIVE,EMP-CORP-00558
CON-005979,VND-04982,166422.78,USD,2021-01-22,2023-08-23,FIXED_PRICE,EXPIRED,EMP-9738
CON-005980,VND-03784,1295873.33,USD,2019-04-29,2021-12-18,PURCHASE_ORDER,EXPIRED,EMP-5494
CON-005981,VND-00601,54604.1,GBP,2019-07-13,2021-05-18,RETAINER,EXPIRED,EMP-53232
CON-005982,VND-04203,7301.57,USD,2020-11-02,2023-09-16,RETAINER,EXPIRED,EMP-15111
CON-005983,VND-02467,83830.58,AUD,2022-12-16,2024-07-14,FRAMEWORK,ACTIVE,EMP-26671
CON-005984,VND-03761,18547.06,AUD,2019-02-02,2019-10-29,PURCHASE_ORDER,EXPIRED,EMP-67889
CON-005985,VND-01478,603658.18,USD,2022-04-17,2024-02-07,FRAMEWORK,EXPIRED,EMP-72994
CON-005986,VND-01839,150552.65,GBP,2020-04-21,2021-04-03,MASTER_SERVICE,EXPIRED,EMP-44380
CON-005987,VND-00638,7375.77,INR,2022-09-17,2024-08-09,PURCHASE_ORDER,TERMINATED,EMP-50728
CON-005988,VND-00281,5000.0,GBP,2021-04-10,2022-12-21,RETAINER,EXPIRED,EMP-15347
CON-005989,VND-03622,7995.18,USD,2018-05-18,2020-03-09,FRAMEWORK,TERMINATED,EMP-45948
CON-005990,VND-00891,608743.14,INR,2023-05-11,2025-08-07,TIME_AND_MATERIAL,ACTIVE,EMP-32005
CON-005991,VND-00182,5000.0,EUR,2020-11-06,2022-11-26,TIME_AND_MATERIAL,TERMINATED,EMP-17352
CON-005992,VND-03701,705974.48,USD,2019-03-11,2019-11-20,RETAINER,TERMINATED,EMP-13510
CON-005993,VND-00116,180474.75,USD,2020-04-17,2022-11-28,FIXED_PRICE,TERMINATED,EMP-20408
CON-005994,VND-00291,2426713.83,CAD,2018-08-21,2021-05-16,FRAMEWORK,EXPIRED,EMP-57905
CON-005995,VND-01334,14194.33,INR,2019-12-01,2020-12-13,SLA,EXPIRED,EMP-40159
CON-005996,VND-04764,62276.87,USD,2023-02-13,2025-03-10,SLA,TERMINATED,EMP-36209
CON-005997,VND-01738,1280420.81,AUD,2023-04-29,2024-06-16,MASTER_SERVICE,EXPIRED,EMP-1280
CON-005998,VND-03318,98466.76,INR,2019-03-26,2021-05-06,FIXED_PRICE,ACTIVE,EMP-4039
CON-005999,VND-03591,161986.5,CAD,2018-10-03,2020-04-24,TIME_AND_MATERIAL,EXPIRED,EMP-72529
CON-006000,VND-02219,1053918.14,EUR,2022-11-11,2025-08-01,MASTER_SERVICE,ACTIVE,EMP-57229
CON-006001,VND-04039,12602.69,USD,2018-08-11,2020-05-07,MASTER_SERVICE,EXPIRED,EMP-42846
CON-006002,VND-03704,29410.13,GBP,2019-07-30,2020-04-22,MASTER_SERVICE,EXPIRED,EMP-41254
CON-006003,VND-00156,10436.18,EUR,2022-07-10,2025-02-16,TIME_AND_MATERIAL,EXPIRED,EMP-47720
CON-006004,VND-01666,7070.77,USD,2020-11-01,2022-12-02,SLA,EXPIRED,EMP-53795
CON-006005,VND-03534,6167806.68,USD,2023-10-30,2025-06-25,FIXED_PRICE,ACTIVE,EMP-58731
CON-006006,VND-00077,1019710.54,USD,2021-05-14,2023-05-18,FRAMEWORK,ACTIVE,EMP-CORP-00532
CON-006007,VND-00142,130107.37,USD,2019-03-10,2020-01-13,FIXED_PRICE,EXPIRED,EMP-45404
CON-006008,VND-03850,17344.93,GBP,2019-03-12,2020-06-10,MASTER_SERVICE,EXPIRED,EMP-55593
CON-006009,VND-03966,20805.68,CAD,2022-02-12,2024-01-31,MASTER_SERVICE,ACTIVE,EMP-47375
CON-006010,VND-04036,247884.36,USD,2019-02-06,2021-08-20,TIME_AND_MATERIAL,EXPIRED,EMP-69828
CON-006011,VND-01761,435765.61,USD,2018-11-11,2021-01-04,RETAINER,EXPIRED,EMP-6535
CON-006012,VND-03439,8936.54,USD,2022-09-19,2025-07-03,TIME_AND_MATERIAL,ACTIVE,EMP-73444
CON-006013,VND-01095,5000.0,AUD,2022-05-20,2023-01-23,RETAINER,EXPIRED,EMP-RM739
CON-006014,VND-01107,17883.12,USD,2019-09-11,2021-07-12,TIME_AND_MATERIAL,EXPIRED,EMP-35373
CON-006015,VND-04972,804127.77,USD,2020-05-21,2022-04-03,TIME_AND_MATERIAL,EXPIRED,EMP-42318
CON-006016,VND-01285,15506.69,GBP,2021-06-11,2022-05-22,FIXED_PRICE,EXPIRED,EMP-45486
CON-006017,VND-01735,23295.49,INR,2018-12-23,2020-03-15,MASTER_SERVICE,TERMINATED,EMP-43853
CON-006018,VND-01121,157174.58,USD,2021-01-01,2022-03-02,FIXED_PRICE,ACTIVE,EMP-58118
CON-006019,VND-03327,732951.63,EUR,2023-06-11,2025-01-21,PURCHASE_ORDER,EXPIRED,EMP-3920
CON-006020,VND-03558,520717.68,USD,2021-07-15,2023-02-08,MASTER_SERVICE,ACTIVE,EMP-29888
CON-006021,VND-00192,81206.54,INR,2022-07-04,2024-02-06,FIXED_PRICE,EXPIRED,EMP-66281
CON-006022,VND-04064,851893.49,GBP,2021-05-28,2022-10-31,PURCHASE_ORDER,ACTIVE,EMP-45554
CON-006023,VND-00053,1808694.29,GBP,2018-08-02,2019-04-16,TIME_AND_MATERIAL,EXPIRED,EMP-6287
CON-006024,VND-04543,15973.17,CAD,2018-08-28,2021-08-17,MASTER_SERVICE,EXPIRED,EMP-59980
CON-006025,VND-02986,5950196.76,GBP,2018-01-06,2019-01-29,RETAINER,TERMINATED,EMP-52057
CON-006026,VND-01406,5000.0,USD,2023-04-29,2024-09-20,PURCHASE_ORDER,ACTIVE,EMP-8733
CON-006027,VND-01717,22331.86,EUR,2020-01-28,2022-08-02,PURCHASE_ORDER,ACTIVE,EMP-1975
CON-006028,VND-02246,94786.61,USD,2020-01-17,2021-05-01,FIXED_PRICE,EXPIRED,EMP-72631
CON-006029,VND-03703,52285.05,EUR,2021-10-07,2023-12-05,SLA,EXPIRED,EMP-51619
CON-006030,VND-03960,14646.17,INR,2018-08-11,2021-05-03,SLA,EXPIRED,EMP-32096
CON-006031,VND-00534,36150.34,GBP,2021-09-06,2023-03-25,MASTER_SERVICE,EXPIRED,EMP-10079
CON-006032,VND-02503,11750.02,USD,2022-03-07,2024-02-22,MASTER_SERVICE,EXPIRED,EMP-40972
CON-006033,VND-00186,75526.34,GBP,2023-07-23,2026-01-06,RETAINER,ACTIVE,EMP-63419
CON-006034,VND-00139,10014.99,GBP,2021-09-21,2023-08-05,FIXED_PRICE,EXPIRED,EMP-37628
CON-006035,VND-02029,10406.83,GBP,2020-01-19,2020-10-23,SLA,EXPIRED,EMP-56454
CON-006036,VND-02545,15241.7,GBP,2021-02-02,2023-08-04,PURCHASE_ORDER,TERMINATED,EMP-46921
CON-006037,VND-02997,108814.36,USD,2021-08-17,2022-05-05,FRAMEWORK,EXPIRED,EMP-17609
CON-006038,VND-00414,37378.14,AUD,2019-12-27,2022-06-19,RETAINER,EXPIRED,EMP-46678
CON-006039,VND-03457,122509.88,AUD,2019-10-05,2021-06-06,FIXED_PRICE,EXPIRED,EMP-66349
CON-006040,VND-00797,12806.79,EUR,2018-09-24,2021-08-08,FIXED_PRICE,EXPIRED,EMP-52659
CON-006041,VND-05000,29116.35,GBP,2022-05-14,2023-11-14,RETAINER,EXPIRED,EMP-24686
CON-006042,VND-00847,225886.5,SGD,2022-07-27,2024-10-11,FRAMEWORK,ACTIVE,EMP-58691
CON-006043,VND-00631,163115.86,EUR,2020-06-29,2023-04-12,SLA,EXPIRED,EMP-34207
CON-006044,VND-02255,41739.82,USD,2019-11-30,2020-11-21,MASTER_SERVICE,EXPIRED,EMP-66572
CON-006045,VND-02054,231049.45,USD,2021-06-16,2023-04-12,FRAMEWORK,EXPIRED,EMP-16924
CON-006046,VND-00522,15778.49,USD,2018-08-01,2019-10-15,PURCHASE_ORDER,EXPIRED,EMP-44302
CON-006047,VND-04266,389396.31,USD,2020-08-06,2021-12-24,SLA,EXPIRED,EMP-61710
CON-006048,VND-02308,56472.48,USD,2023-03-28,2023-10-26,PURCHASE_ORDER,TERMINATED,EMP-43052
CON-006049,VND-01497,127304.69,USD,2018-09-19,2019-08-19,RETAINER,EXPIRED,EMP-6357
CON-006050,VND-02745,303926.61,GBP,2019-07-06,2022-01-07,PURCHASE_ORDER,EXPIRED,EMP-39878
CON-006051,VND-03303,302713.59,GBP,2019-12-30,2022-04-30,RETAINER,EXPIRED,EMP-24065
CON-006052,VND-03379,29285.09,EUR,2018-06-27,2021-05-04,SLA,EXPIRED,EMP-CORP-00081
CON-006053,VND-04490,46581.11,INR,2021-05-29,2022-02-03,FRAMEWORK,EXPIRED,EMP-44723
CON-006054,VND-01079,7362.37,USD,2019-01-04,2020-07-04,MASTER_SERVICE,EXPIRED,EMP-67143
CON-006055,VND-03027,245683.35,SGD,2020-11-07,2023-05-13,SLA,ACTIVE,EMP-59427
CON-006056,VND-00747,676732.76,USD,2021-01-23,2021-09-26,RETAINER,EXPIRED,EMP-36398
CON-006057,VND-04272,868903.71,USD,2023-04-17,2024-12-03,TIME_AND_MATERIAL,EXPIRED,EMP-61276
CON-006058,VND-00208,346370.6,USD,2020-10-30,2023-01-27,RETAINER,EXPIRED,EMP-22623
CON-006059,VND-00896,5689.79,USD,2023-08-18,2025-02-25,RETAINER,EXPIRED,EMP-32076
CON-006060,VND-00769,353436.83,USD,2020-04-07,2022-02-13,SLA,EXPIRED,EMP-48685
CON-006061,VND-01046,50649.84,USD,2020-05-05,2021-01-19,PURCHASE_ORDER,EXPIRED,EMP-14481
CON-006062,VND-03403,11565.43,EUR,2023-08-28,2024-03-28,FIXED_PRICE,EXPIRED,EMP-30722
CON-006063,VND-02814,1540575.72,USD,2023-01-06,2024-06-06,SLA,TERMINATED,EMP-54232
CON-006064,VND-04007,413252.74,USD,2018-08-21,2020-02-06,MASTER_SERVICE,EXPIRED,EMP-RM1077
CON-006065,VND-01580,174333.86,USD,2019-08-22,2021-11-15,SLA,EXPIRED,EMP-45404
CON-006066,VND-00764,1044961.72,INR,2018-06-27,2020-12-23,FIXED_PRICE,ACTIVE,EMP-26516
CON-006067,VND-02017,30533.54,USD,2021-08-30,2024-03-12,TIME_AND_MATERIAL,EXPIRED,EMP-17034
CON-006068,VND-01596,686986.72,USD,2019-01-17,2020-06-12,FIXED_PRICE,EXPIRED,EMP-69051
CON-006069,VND-04061,26704.2,GBP,2019-08-31,2020-07-03,FRAMEWORK,ACTIVE,EMP-65408
CON-006070,VND-04200,5000.0,SGD,2022-05-02,2022-12-05,SLA,EXPIRED,EMP-36303
CON-006071,VND-02687,270211.59,USD,2019-01-17,2020-07-20,FIXED_PRICE,TERMINATED,EMP-33144
CON-006072,VND-01544,34605.56,USD,2021-03-09,2023-01-26,TIME_AND_MATERIAL,TERMINATED,EMP-1126
CON-006073,VND-02311,5000.0,EUR,2021-10-13,2023-07-22,SLA,EXPIRED,EMP-10993
CON-006074,VND-02755,21602.77,GBP,2018-04-29,2020-06-17,MASTER_SERVICE,EXPIRED,EMP-36433
CON-006075,VND-03082,184302.06,CAD,2020-05-31,2023-03-18,MASTER_SERVICE,TERMINATED,EMP-18602
CON-006076,VND-01098,5000.0,USD,2021-10-25,2024-05-12,RETAINER,EXPIRED,EMP-67724
CON-006077,VND-00207,23864.54,USD,2023-04-02,2026-01-07,TIME_AND_MATERIAL,ACTIVE,EMP-47087
CON-006078,VND-03362,476685.03,INR,2023-05-22,2025-01-19,FIXED_PRICE,EXPIRED,EMP-23582
CON-006079,VND-04547,10710.53,USD,2022-12-31,2025-07-17,SLA,SUSPENDED,EMP-24941
CON-006080,VND-04162,556193.25,INR,2018-09-29,2019-04-04,MASTER_SERVICE,EXPIRED,EMP-RM224
CON-006081,VND-03555,9358.91,USD,2019-12-02,2020-11-26,FIXED_PRICE,ACTIVE,EMP-7288
CON-006082,VND-00946,1399455.76,EUR,2023-01-10,2023-08-14,FRAMEWORK,EXPIRED,EMP-70804
CON-006083,VND-00760,5000.0,USD,2018-11-11,2021-03-19,FIXED_PRICE,EXPIRED,EMP-51024
CON-006084,VND-04034,489272.33,INR,2018-06-17,2019-11-21,RETAINER,EXPIRED,EMP-61152
CON-006085,VND-02524,278606.27,USD,2021-02-24,2022-04-30,SLA,EXPIRED,EMP-60361
CON-006086,VND-03520,4151178.87,SGD,2022-07-06,2024-07-26,PURCHASE_ORDER,EXPIRED,EMP-64981
CON-006087,VND-01508,195237.33,USD,2022-06-23,2024-12-27,TIME_AND_MATERIAL,TERMINATED,EMP-35080
CON-006088,VND-00656,561019.72,INR,2022-01-30,2022-12-16,MASTER_SERVICE,EXPIRED,EMP-2404
CON-006089,VND-03272,648877.1,USD,2018-07-21,2020-04-02,FRAMEWORK,EXPIRED,EMP-23585
CON-006090,VND-02829,814183.15,USD,2018-09-07,2021-04-13,FRAMEWORK,EXPIRED,EMP-41335
CON-006091,VND-02261,20871.55,USD,2019-07-31,2021-02-24,TIME_AND_MATERIAL,EXPIRED,EMP-53832
CON-006092,VND-02778,74606.74,USD,2020-10-06,2023-01-03,FIXED_PRICE,EXPIRED,EMP-22913
CON-006093,VND-01271,123628.69,AUD,2018-10-25,2019-07-25,FRAMEWORK,EXPIRED,EMP-58261
CON-006094,VND-01573,14236.68,USD,2023-07-03,2024-09-02,FIXED_PRICE,EXPIRED,EMP-60702
CON-006095,VND-00541,532468.87,INR,2021-11-02,2022-09-13,MASTER_SERVICE,EXPIRED,EMP-32304
CON-006096,VND-01303,207349.16,EUR,2022-11-11,2025-06-11,SLA,ACTIVE,EMP-15644
CON-006097,VND-04814,6800.14,GBP,2018-06-11,2020-04-02,FIXED_PRICE,EXPIRED,EMP-29256
CON-006098,VND-00821,6395.09,EUR,2019-01-19,2019-08-11,PURCHASE_ORDER,EXPIRED,EMP-19293
CON-006099,VND-03510,371706.88,USD,2023-11-02,2026-06-27,SLA,ACTIVE,EMP-RM1431
CON-006100,VND-01153,24480.37,CAD,2018-02-09,2020-06-25,PURCHASE_ORDER,TERMINATED,EMP-33269
CON-006101,VND-03681,451406.29,INR,2021-07-04,2022-09-12,FRAMEWORK,EXPIRED,EMP-69649
CON-006102,VND-03240,582816.81,USD,2019-09-30,2020-08-14,FRAMEWORK,EXPIRED,EMP-21741
CON-006103,VND-03561,209922.85,USD,2020-03-23,2021-01-09,MASTER_SERVICE,EXPIRED,EMP-6477
CON-006104,VND-02170,1667872.86,USD,2020-02-25,2022-02-28,PURCHASE_ORDER,EXPIRED,EMP-39694
CON-006105,VND-02006,54907.68,USD,2023-05-08,2025-11-04,PURCHASE_ORDER,ACTIVE,EMP-28645
CON-006106,VND-01500,616675.28,USD,2022-01-30,2023-08-11,PURCHASE_ORDER,TERMINATED,EMP-66707
CON-006107,VND-01502,11526.25,USD,2018-02-08,2019-12-01,RETAINER,EXPIRED,EMP-59692
CON-006108,VND-04244,1553125.16,USD,2019-11-02,2022-01-12,FIXED_PRICE,EXPIRED,EMP-33120
CON-006109,VND-01075,12512.22,CAD,2023-08-27,2026-08-18,RETAINER,ACTIVE,EMP-33471
CON-006110,VND-01356,166474.11,SGD,2019-05-27,2021-08-26,SLA,TERMINATED,EMP-59871
CON-006111,VND-00098,97966.32,AUD,2018-04-23,2020-11-13,RETAINER,EXPIRED,EMP-570
CON-006112,VND-03465,223868.84,SGD,2023-01-14,2023-08-24,TIME_AND_MATERIAL,EXPIRED,EMP-62774
CON-006113,VND-00712,559201.03,CAD,2020-12-18,2023-04-08,TIME_AND_MATERIAL,TERMINATED,EMP-69292
CON-006114,VND-02319,271527.8,INR,2018-06-20,2019-02-18,FRAMEWORK,EXPIRED,EMP-21574
CON-006115,VND-00739,8370.22,EUR,2019-10-25,2020-08-30,RETAINER,TERMINATED,EMP-29352
CON-006116,VND-01522,9680.1,SGD,2019-09-30,2021-06-23,PURCHASE_ORDER,EXPIRED,EMP-35874
CON-006117,VND-02941,5000.0,USD,2018-05-21,2021-05-05,SLA,EXPIRED,EMP-21929
CON-006118,VND-03944,153723.44,USD,2021-02-20,2023-05-17,FIXED_PRICE,EXPIRED,EMP-57571
CON-006119,VND-02615,6536.06,INR,2023-04-22,2025-02-16,PURCHASE_ORDER,EXPIRED,EMP-1955
CON-006120,VND-03369,15596.65,CAD,2022-12-16,2023-08-17,SLA,EXPIRED,EMP-48943
CON-006121,VND-02818,862322.25,USD,2021-03-20,2022-09-18,MASTER_SERVICE,EXPIRED,EMP-10204
CON-006122,VND-03194,8288.5,USD,2021-08-15,2023-01-28,MASTER_SERVICE,ACTIVE,EMP-6087
CON-006123,VND-04436,15138.24,EUR,2021-10-17,2023-11-21,TIME_AND_MATERIAL,EXPIRED,EMP-15914
CON-006124,VND-04639,1555072.86,USD,2018-09-13,2019-10-23,SLA,EXPIRED,EMP-18038
CON-006125,VND-04729,157060.99,USD,2021-10-01,2022-11-01,FRAMEWORK,EXPIRED,EMP-68196
CON-006126,VND-00576,25146.56,USD,2018-08-12,2021-05-12,PURCHASE_ORDER,EXPIRED,EMP-21878
CON-006127,VND-00858,29835.03,GBP,2022-10-15,2023-07-25,SLA,TERMINATED,EMP-46518
CON-006128,VND-03438,882706.91,SGD,2021-12-31,2022-09-30,PURCHASE_ORDER,EXPIRED,EMP-16139
CON-006129,VND-00819,29692.64,INR,2018-05-04,2019-03-31,RETAINER,EXPIRED,EMP-13867
CON-006130,VND-02036,15854.52,INR,2019-01-21,2019-12-13,PURCHASE_ORDER,TERMINATED,EMP-37020
CON-006131,VND-04101,46379.16,EUR,2018-01-07,2018-08-31,MASTER_SERVICE,EXPIRED,EMP-32997
CON-006132,VND-04495,261193.9,USD,2023-05-17,2024-01-29,RETAINER,EXPIRED,EMP-34935
CON-006133,VND-00304,188084.94,USD,2020-10-04,2023-09-12,FRAMEWORK,EXPIRED,EMP-52804
CON-006134,VND-04439,787966.47,USD,2022-08-03,2024-03-25,FIXED_PRICE,ACTIVE,EMP-38103
CON-006135,VND-01711,18902.24,CAD,2020-10-13,2022-05-03,TIME_AND_MATERIAL,TERMINATED,EMP-40276
CON-006136,VND-01974,35665.35,USD,2020-05-13,2021-12-08,TIME_AND_MATERIAL,EXPIRED,EMP-28669
CON-006137,VND-04649,1524011.95,USD,2021-06-27,2023-03-10,RETAINER,EXPIRED,EMP-42824
CON-006138,VND-00124,1232638.55,USD,2021-05-16,2023-05-01,FRAMEWORK,EXPIRED,EMP-60183
CON-006139,VND-01232,9932.2,INR,2023-03-13,2025-05-16,FRAMEWORK,EXPIRED,EMP-33207
CON-006140,VND-00467,5000.0,USD,2023-05-24,2025-03-22,SLA,EXPIRED,EMP-2120
CON-006141,VND-01721,168035.52,GBP,2018-06-12,2020-08-16,PURCHASE_ORDER,EXPIRED,EMP-6738
CON-006142,VND-01093,123784.73,USD,2018-05-18,2020-03-26,FRAMEWORK,EXPIRED,EMP-69174
CON-006143,VND-04505,328004.4,USD,2018-07-07,2020-05-04,FRAMEWORK,TERMINATED,EMP-14107
CON-006144,VND-01068,777112.24,INR,2023-05-16,2024-03-21,PURCHASE_ORDER,EXPIRED,EMP-10558
CON-006145,VND-01834,689181.02,INR,2023-07-21,2025-06-26,MASTER_SERVICE,ACTIVE,EMP-7313
CON-006146,VND-03961,1553984.18,EUR,2021-01-23,2021-09-14,PURCHASE_ORDER,EXPIRED,EMP-62468
CON-006147,VND-03312,57749.21,USD,2023-02-10,2023-08-21,FIXED_PRICE,TERMINATED,EMP-15914
CON-006148,VND-03624,52771.54,USD,2022-07-17,2024-05-13,TIME_AND_MATERIAL,EXPIRED,EMP-22678
CON-006149,VND-03349,772465.29,USD,2019-05-17,2021-11-08,FIXED_PRICE,TERMINATED,EMP-40695
CON-006150,VND-03311,115684.12,EUR,2022-02-21,2024-12-12,RETAINER,EXPIRED,EMP-30636
CON-006151,VND-04312,292006.7,AUD,2019-12-16,2020-12-31,PURCHASE_ORDER,EXPIRED,EMP-49587
CON-006152,VND-03777,31208.91,INR,2020-06-20,2021-10-26,MASTER_SERVICE,EXPIRED,EMP-18037
CON-006153,VND-03020,12432.86,EUR,2020-08-06,2022-03-14,RETAINER,EXPIRED,EMP-51962
CON-006154,VND-04015,1270381.09,EUR,2021-04-16,2022-09-24,FIXED_PRICE,EXPIRED,EMP-17435
CON-006155,VND-04393,1738768.6,EUR,2022-04-02,2024-03-09,PURCHASE_ORDER,EXPIRED,EMP-33745
CON-006156,VND-04293,11654.48,INR,2018-09-11,2020-10-30,RETAINER,EXPIRED,EMP-22645
CON-006157,VND-03195,21056.85,GBP,2021-04-12,2023-10-20,FRAMEWORK,TERMINATED,EMP-63319
CON-006158,VND-02908,529925.6,INR,2021-10-06,2024-08-05,PURCHASE_ORDER,EXPIRED,EMP-67026
CON-006159,VND-01495,77215.02,CAD,2021-12-09,2023-05-02,SLA,EXPIRED,EMP-51756
CON-006160,VND-01577,42633.16,USD,2023-03-24,2024-04-12,MASTER_SERVICE,EXPIRED,EMP-4151
CON-006161,VND-01430,38936.84,USD,2023-10-25,2025-08-20,FIXED_PRICE,ACTIVE,EMP-9350
CON-006162,VND-00931,2291568.8,GBP,2021-10-19,2024-09-28,SLA,EXPIRED,EMP-68807
CON-006163,VND-01706,6129113.94,EUR,2020-03-18,2022-09-07,MASTER_SERVICE,EXPIRED,EMP-27945
CON-006164,VND-03516,144168.96,EUR,2021-01-16,2022-03-01,FIXED_PRICE,EXPIRED,EMP-62123
CON-006165,VND-04350,229842.2,GBP,2020-08-19,2021-10-20,TIME_AND_MATERIAL,EXPIRED,EMP-35223
CON-006166,VND-02594,201885.02,USD,2022-11-11,2025-10-01,MASTER_SERVICE,ACTIVE,EMP-59559
CON-006167,VND-04378,50394.12,INR,2023-09-25,2025-09-03,SLA,ACTIVE,EMP-6635
CON-006168,VND-02830,48907.02,USD,2020-08-10,2021-05-03,MASTER_SERVICE,TERMINATED,EMP-28177
CON-006169,VND-04628,366890.99,EUR,2023-01-10,2024-01-30,FIXED_PRICE,EXPIRED,EMP-13116
CON-006170,VND-03188,986056.94,USD,2020-04-16,2022-04-17,RETAINER,EXPIRED,EMP-CORP-00503
CON-006171,VND-03734,382609.45,INR,2019-02-10,2020-01-31,TIME_AND_MATERIAL,TERMINATED,EMP-35918
CON-006172,VND-01003,905326.01,INR,2022-10-05,2024-03-01,FIXED_PRICE,EXPIRED,EMP-RM532
CON-006173,VND-04528,47000.06,EUR,2019-06-19,2020-07-28,TIME_AND_MATERIAL,EXPIRED,EMP-66394
CON-006174,VND-00282,1569311.01,GBP,2019-02-17,2020-06-02,FRAMEWORK,EXPIRED,EMP-67400
CON-006175,VND-01048,126111.13,USD,2020-08-28,2021-09-23,PURCHASE_ORDER,TERMINATED,EMP-CORP-00177
CON-006176,VND-03289,50063.17,SGD,2020-01-06,2022-02-18,FIXED_PRICE,EXPIRED,EMP-48801
CON-006177,VND-02514,5000.0,USD,2023-07-06,2026-06-08,RETAINER,ACTIVE,EMP-55441
CON-006178,VND-02931,468329.12,INR,2020-03-12,2020-10-31,MASTER_SERVICE,EXPIRED,EMP-41039
CON-006179,VND-00284,31815.72,USD,2018-02-02,2019-02-19,RETAINER,TERMINATED,EMP-57280
CON-006180,VND-03004,830735.86,INR,2018-05-20,2021-04-07,FIXED_PRICE,EXPIRED,EMP-35932
CON-006181,VND-01272,45149.03,USD,2020-09-18,2023-06-11,FIXED_PRICE,TERMINATED,EMP-23360
CON-006182,VND-04069,627705.12,USD,2020-08-16,2022-11-15,TIME_AND_MATERIAL,TERMINATED,EMP-65201
CON-006183,VND-01209,1210926.19,GBP,2021-02-02,2023-10-08,RETAINER,EXPIRED,EMP-CORP-00057
CON-006184,VND-04002,458501.97,SGD,2019-05-19,2022-03-28,TIME_AND_MATERIAL,EXPIRED,EMP-46324
CON-006185,VND-03455,6123.96,SGD,2020-03-26,2020-11-13,MASTER_SERVICE,EXPIRED,EMP-70144
CON-006186,VND-03046,2172353.88,USD,2020-09-12,2023-09-11,FIXED_PRICE,ACTIVE,EMP-37695
CON-006187,VND-01394,22288.36,USD,2019-01-22,2020-07-13,RETAINER,EXPIRED,EMP-CORP-00401
CON-006188,VND-02317,1212321.65,EUR,2019-10-20,2021-07-31,MASTER_SERVICE,EXPIRED,EMP-17884
CON-006189,VND-00831,5000.0,GBP,2023-10-02,2025-11-23,PURCHASE_ORDER,ACTIVE,EMP-37070
CON-006190,VND-02102,448602.54,CAD,2019-08-21,2022-04-03,PURCHASE_ORDER,EXPIRED,EMP-9373
CON-006191,VND-03912,237173.94,AUD,2023-08-08,2025-07-17,RETAINER,ACTIVE,EMP-36469
CON-006192,VND-02247,5000.0,USD,2023-05-01,2024-12-26,PURCHASE_ORDER,EXPIRED,EMP-12673
CON-006193,VND-03914,14195.79,USD,2019-09-10,2020-05-16,FIXED_PRICE,TERMINATED,EMP-67655
CON-006194,VND-02565,337679.29,GBP,2019-07-24,2020-03-25,MASTER_SERVICE,EXPIRED,EMP-16681
CON-006195,VND-00986,54486.23,USD,2020-12-15,2023-11-26,MASTER_SERVICE,EXPIRED,EMP-46243
CON-006196,VND-02635,27208.0,CAD,2023-08-24,2024-08-28,FRAMEWORK,EXPIRED,EMP-19932
CON-006197,VND-00527,615834.98,USD,2019-06-05,2022-02-14,RETAINER,EXPIRED,EMP-34235
CON-006198,VND-04887,192510.87,USD,2022-07-28,2023-12-30,FRAMEWORK,EXPIRED,EMP-67204
CON-006199,VND-01785,596579.76,USD,2023-09-27,2026-02-07,RETAINER,ACTIVE,EMP-RM648
CON-006200,VND-01827,5960.41,INR,2020-09-25,2023-03-22,PURCHASE_ORDER,EXPIRED,EMP-30567
CON-006201,VND-04516,1658656.72,SGD,2022-02-27,2023-03-22,TIME_AND_MATERIAL,ACTIVE,EMP-70245
CON-006202,VND-00544,176364.11,EUR,2018-09-03,2019-07-04,FIXED_PRICE,EXPIRED,EMP-28307
CON-006203,VND-00748,5000.0,USD,2019-10-06,2020-08-04,RETAINER,TERMINATED,EMP-2678
CON-006204,VND-02164,5000.0,USD,2020-10-19,2023-09-15,TIME_AND_MATERIAL,EXPIRED,EMP-CORP-00298
CON-006205,VND-01672,15444.32,USD,2019-02-23,2020-10-08,MASTER_SERVICE,EXPIRED,EMP-23711
CON-006206,VND-00564,413532.85,USD,2020-01-13,2023-01-05,MASTER_SERVICE,EXPIRED,EMP-54768
CON-006207,VND-00409,21734.13,AUD,2018-01-19,2019-09-26,TIME_AND_MATERIAL,EXPIRED,EMP-23035
CON-006208,VND-04682,28359.91,EUR,2022-05-16,2024-03-08,SLA,EXPIRED,EMP-60700
CON-006209,VND-03596,10361.17,GBP,2018-04-14,2019-04-27,TIME_AND_MATERIAL,EXPIRED,EMP-47046
CON-006210,VND-01908,1074503.25,GBP,2020-05-31,2022-11-09,RETAINER,EXPIRED,EMP-14359
CON-006211,VND-03619,17387.37,USD,2018-05-01,2020-05-04,FRAMEWORK,EXPIRED,EMP-64231
CON-006212,VND-04023,463013.1,SGD,2019-03-16,2020-08-04,FIXED_PRICE,EXPIRED,EMP-16204
CON-006213,VND-03083,16479.61,INR,2020-08-23,2021-07-25,FRAMEWORK,EXPIRED,EMP-15054
CON-006214,VND-03166,1706542.81,EUR,2019-03-14,2021-12-17,PURCHASE_ORDER,EXPIRED,EMP-10568
CON-006215,VND-04877,22993.15,INR,2022-09-19,2023-03-19,TIME_AND_MATERIAL,EXPIRED,EMP-15009
CON-006216,VND-01307,579079.2,USD,2020-04-08,2021-06-19,FIXED_PRICE,EXPIRED,EMP-9528
CON-006217,VND-00160,46215.76,USD,2021-03-04,2023-02-06,SLA,EXPIRED,EMP-1734
CON-006218,VND-00576,14368.7,INR,2020-04-29,2022-05-01,FIXED_PRICE,EXPIRED,EMP-24130
CON-006219,VND-03643,609549.8,USD,2020-04-22,2022-09-30,PURCHASE_ORDER,EXPIRED,EMP-63522
CON-006220,VND-02804,11213.19,INR,2019-10-28,2021-04-09,RETAINER,TERMINATED,EMP-26429
CON-006221,VND-04975,35190.65,USD,2022-06-21,2025-02-10,RETAINER,TERMINATED,EMP-6640
CON-006222,VND-01556,5614.85,USD,2022-05-08,2024-06-08,MASTER_SERVICE,EXPIRED,EMP-10126
CON-006223,VND-04420,9383.86,GBP,2023-09-21,2025-04-01,SLA,EXPIRED,EMP-10424
CON-006224,VND-01981,74219.23,GBP,2021-03-30,2022-05-18,SLA,EXPIRED,EMP-57407
CON-006225,VND-03670,202658.59,AUD,2020-05-19,2021-08-24,RETAINER,ACTIVE,EMP-60436
CON-006226,VND-03567,55453.35,USD,2023-03-05,2024-08-13,RETAINER,TERMINATED,EMP-RM927
CON-006227,VND-00763,1596954.56,EUR,2021-03-20,2022-02-18,FRAMEWORK,EXPIRED,EMP-69788
CON-006228,VND-00325,421608.19,USD,2022-02-15,2023-09-01,TIME_AND_MATERIAL,TERMINATED,EMP-20411
CON-006229,VND-00385,10689.12,AUD,2021-08-08,2024-01-16,RETAINER,EXPIRED,EMP-68753
CON-006230,VND-04882,11624.65,EUR,2022-11-06,2024-02-08,MASTER_SERVICE,TERMINATED,EMP-1316
CON-006231,VND-01444,954197.87,USD,2019-02-24,2021-02-25,MASTER_SERVICE,EXPIRED,EMP-41039
CON-006232,VND-04683,6286.71,INR,2020-10-30,2023-05-15,FRAMEWORK,EXPIRED,EMP-2831
CON-006233,VND-00018,2194557.6,USD,2019-03-18,2020-02-14,TIME_AND_MATERIAL,EXPIRED,EMP-60142
CON-006234,VND-03160,37017.58,EUR,2020-01-02,2020-08-21,FIXED_PRICE,EXPIRED,EMP-48116
CON-006235,VND-01025,166199.05,CAD,2021-02-14,2022-11-21,FRAMEWORK,TERMINATED,EMP-48605
CON-006236,VND-03514,202684.06,USD,2020-11-30,2022-06-06,FIXED_PRICE,EXPIRED,EMP-27443
CON-006237,VND-04841,75743.82,USD,2021-12-31,2022-11-12,PURCHASE_ORDER,EXPIRED,EMP-1556
CON-006238,VND-03639,7057.72,USD,2022-12-24,2024-08-12,FRAMEWORK,EXPIRED,EMP-32928
CON-006239,VND-00064,44923.39,USD,2022-01-05,2023-09-06,MASTER_SERVICE,EXPIRED,EMP-53555
CON-006240,VND-00399,53308.82,INR,2020-10-29,2021-05-17,RETAINER,EXPIRED,EMP-68633
CON-006241,VND-04879,8294.86,EUR,2023-12-15,2025-09-24,PURCHASE_ORDER,ACTIVE,EMP-71430
CON-006242,VND-02962,19287.36,USD,2020-05-29,2021-07-15,TIME_AND_MATERIAL,EXPIRED,EMP-42760
CON-006243,VND-01370,841698.71,SGD,2021-05-12,2022-07-22,PURCHASE_ORDER,ACTIVE,EMP-47191
CON-006244,VND-01233,720301.71,USD,2018-02-21,2018-11-27,TIME_AND_MATERIAL,EXPIRED,EMP-46065
CON-006245,VND-03988,7816.49,EUR,2018-11-06,2021-04-09,TIME_AND_MATERIAL,EXPIRED,EMP-20545
CON-006246,VND-04816,293873.55,CAD,2020-09-21,2022-09-27,SLA,EXPIRED,EMP-19260
CON-006247,VND-02134,71374.92,USD,2021-02-08,2023-05-11,PURCHASE_ORDER,EXPIRED,EMP-55718
CON-006248,VND-04577,5000.0,GBP,2018-08-15,2021-05-19,FRAMEWORK,EXPIRED,EMP-67874
CON-006249,VND-04528,7499.55,EUR,2023-03-16,2025-11-21,TIME_AND_MATERIAL,ACTIVE,EMP-10676
CON-006250,VND-01627,425448.77,AUD,2019-04-12,2021-04-21,SLA,EXPIRED,EMP-15311
CON-006251,VND-01574,964256.81,USD,2019-02-22,2021-03-23,FRAMEWORK,EXPIRED,EMP-48776
CON-006252,VND-01549,6131.02,CAD,2020-10-06,2022-02-10,SLA,EXPIRED,EMP-66028
CON-006253,VND-02002,78838.7,EUR,2020-08-18,2021-10-20,SLA,EXPIRED,EMP-CORP-00021
CON-006254,VND-01676,352575.81,USD,2020-07-30,2021-12-26,RETAINER,EXPIRED,EMP-22912
CON-006255,VND-04800,748196.24,EUR,2021-10-22,2023-11-23,TIME_AND_MATERIAL,EXPIRED,EMP-23222
CON-006256,VND-00099,9019.33,GBP,2021-10-01,2022-06-06,FRAMEWORK,EXPIRED,EMP-32589
CON-006257,VND-02466,6049.67,GBP,2020-01-20,2021-11-03,PURCHASE_ORDER,EXPIRED,EMP-72903
CON-006258,VND-02401,183717.52,USD,2018-06-06,2019-09-13,FIXED_PRICE,EXPIRED,EMP-29193
CON-006259,VND-04346,69468.26,USD,2018-07-03,2019-10-03,RETAINER,EXPIRED,EMP-CORP-00226
CON-006260,VND-04947,39688.91,INR,2021-04-09,2023-07-12,PURCHASE_ORDER,EXPIRED,EMP-57157
CON-006261,VND-03731,5000.0,USD,2020-09-08,2022-08-11,FIXED_PRICE,EXPIRED,EMP-7149
CON-006262,VND-00930,989108.2,USD,2018-02-06,2019-02-24,PURCHASE_ORDER,EXPIRED,EMP-71702
CON-006263,VND-04851,506270.16,USD,2019-02-06,2021-08-29,MASTER_SERVICE,EXPIRED,EMP-15625
CON-006264,VND-03730,37689.59,EUR,2023-01-09,2024-02-14,TIME_AND_MATERIAL,EXPIRED,EMP-35352
CON-006265,VND-00571,12889.3,GBP,2022-09-26,2023-09-11,PURCHASE_ORDER,EXPIRED,EMP-59384
CON-006266,VND-03983,211189.8,USD,2021-03-02,2021-11-10,TIME_AND_MATERIAL,EXPIRED,EMP-44061
CON-006267,VND-01097,720620.95,INR,2019-04-24,2020-06-02,MASTER_SERVICE,EXPIRED,EMP-28957
CON-006268,VND-00558,5277.66,INR,2022-07-17,2024-03-31,TIME_AND_MATERIAL,TERMINATED,EMP-16491
CON-006269,VND-02528,8771.29,EUR,2021-08-11,2023-06-29,MASTER_SERVICE,EXPIRED,EMP-69147
CON-006270,VND-02791,711672.41,AUD,2023-09-11,2026-01-14,RETAINER,ACTIVE,EMP-57527
CON-006271,VND-03195,350490.66,USD,2023-09-15,2026-01-18,TIME_AND_MATERIAL,ACTIVE,EMP-44313
CON-006272,VND-02533,319484.08,USD,2022-01-29,2023-03-12,MASTER_SERVICE,TERMINATED,EMP-4853
CON-006273,VND-01738,5857.27,USD,2018-09-28,2021-05-22,MASTER_SERVICE,EXPIRED,EMP-57415
CON-006274,VND-02215,287226.75,EUR,2022-07-22,2024-01-19,FRAMEWORK,EXPIRED,EMP-58930
CON-006275,VND-01381,563198.98,USD,2023-02-06,2025-12-02,FIXED_PRICE,ACTIVE,EMP-10847
CON-006276,VND-01845,147869.91,USD,2022-03-18,2023-01-26,TIME_AND_MATERIAL,EXPIRED,EMP-4903
CON-006277,VND-03611,1081310.91,USD,2018-05-01,2020-08-27,SLA,EXPIRED,EMP-858
CON-006278,VND-01524,227643.53,AUD,2019-07-24,2021-04-27,SLA,TERMINATED,EMP-22100
CON-006279,VND-01142,2101512.16,GBP,2020-03-28,2022-11-13,FIXED_PRICE,ACTIVE,EMP-46201
CON-006280,VND-00903,774278.98,USD,2018-09-17,2019-09-29,FIXED_PRICE,EXPIRED,EMP-46338
CON-006281,VND-04306,114555.06,USD,2023-07-10,2025-06-08,MASTER_SERVICE,ACTIVE,EMP-55160
CON-006282,VND-02628,5659.15,GBP,2020-02-09,2021-06-24,MASTER_SERVICE,EXPIRED,EMP-56409
CON-006283,VND-02546,67692.16,INR,2018-10-20,2021-05-25,PURCHASE_ORDER,EXPIRED,EMP-CORP-00218
CON-006284,VND-02770,2789946.16,USD,2022-06-06,2023-03-06,FIXED_PRICE,EXPIRED,EMP-65248
CON-006285,VND-02694,3858134.91,USD,2023-06-21,2025-08-28,FIXED_PRICE,ACTIVE,EMP-72239
CON-006286,VND-01333,61143.13,USD,2018-12-12,2019-09-30,FIXED_PRICE,EXPIRED,EMP-42170
CON-006287,VND-02794,126034.21,INR,2022-07-21,2024-01-30,MASTER_SERVICE,EXPIRED,EMP-60802
CON-006288,VND-00056,92636.79,USD,2022-10-01,2024-09-30,MASTER_SERVICE,EXPIRED,EMP-60747
CON-006289,VND-01282,35160.54,USD,2021-05-27,2022-04-11,MASTER_SERVICE,EXPIRED,EMP-72789
CON-006290,VND-02282,19720.71,EUR,2018-02-09,2019-05-02,FIXED_PRICE,TERMINATED,EMP-54741
CON-006291,VND-02591,5000.0,USD,2018-11-05,2019-11-25,MASTER_SERVICE,EXPIRED,EMP-51605
CON-006292,VND-04593,11022.89,USD,2020-08-28,2021-07-18,TIME_AND_MATERIAL,TERMINATED,EMP-52399
CON-006293,VND-04507,208919.46,USD,2022-12-19,2024-05-12,RETAINER,TERMINATED,EMP-69898
CON-006294,VND-03140,8066.53,USD,2021-05-04,2022-08-10,TIME_AND_MATERIAL,EXPIRED,EMP-52130
CON-006295,VND-01032,1742042.81,EUR,2019-04-21,2021-11-12,TIME_AND_MATERIAL,EXPIRED,EMP-62069
CON-006296,VND-03570,30252.16,INR,2021-10-30,2023-10-12,RETAINER,EXPIRED,EMP-7461
CON-006297,VND-03852,5000.0,GBP,2022-10-01,2023-08-16,TIME_AND_MATERIAL,EXPIRED,EMP-32785
CON-006298,VND-04742,5000.0,EUR,2023-07-20,2025-10-07,TIME_AND_MATERIAL,ACTIVE,EMP-18211
CON-006299,VND-02067,296480.44,USD,2018-03-09,2020-01-22,TIME_AND_MATERIAL,EXPIRED,EMP-43853
CON-006300,VND-00978,5000.0,GBP,2021-12-13,2022-08-12,FIXED_PRICE,EXPIRED,EMP-63791
CON-006301,VND-02850,637534.72,SGD,2020-06-21,2022-10-09,MASTER_SERVICE,EXPIRED,EMP-38290
CON-006302,VND-04220,16879.26,SGD,2022-01-05,2023-10-15,MASTER_SERVICE,EXPIRED,EMP-20920
CON-006303,VND-04990,40147.26,USD,2022-09-06,2024-09-28,RETAINER,EXPIRED,EMP-47865
CON-006304,VND-04639,1817888.11,AUD,2023-12-12,2026-04-06,MASTER_SERVICE,ACTIVE,EMP-33479
CON-006305,VND-00472,42431.69,USD,2021-06-12,2023-03-07,RETAINER,ACTIVE,EMP-14258
CON-006306,VND-02367,452162.15,USD,2023-08-13,2025-01-17,MASTER_SERVICE,EXPIRED,EMP-25196
CON-006307,VND-00553,59077.25,EUR,2020-04-19,2020-11-12,SLA,EXPIRED,EMP-35680
CON-006308,VND-02445,14455.71,GBP,2019-06-27,2021-08-15,TIME_AND_MATERIAL,EXPIRED,EMP-38751
CON-006309,VND-01285,98918.72,USD,2023-08-08,2024-09-28,MASTER_SERVICE,EXPIRED,EMP-1090
CON-006310,VND-00817,5196.39,INR,2022-05-22,2023-07-12,FRAMEWORK,EXPIRED,EMP-CORP-00480
CON-006311,VND-03983,515609.24,EUR,2023-08-26,2024-07-17,FIXED_PRICE,EXPIRED,EMP-5679
CON-006312,VND-00783,5000.0,INR,2021-02-27,2022-12-23,FRAMEWORK,EXPIRED,EMP-8919
CON-006313,VND-04971,5000.0,EUR,2021-12-30,2023-05-27,TIME_AND_MATERIAL,EXPIRED,EMP-26499
CON-006314,VND-01878,5000.0,USD,2018-05-08,2020-01-24,FRAMEWORK,EXPIRED,EMP-66027
CON-006315,VND-01547,5000.0,USD,2018-05-04,2020-02-25,SLA,EXPIRED,EMP-48975
CON-006316,VND-01045,5000.0,CAD,2023-06-10,2025-07-11,TIME_AND_MATERIAL,ACTIVE,EMP-CORP-00426
CON-006317,VND-01121,503133.5,INR,2019-05-21,2022-01-15,PURCHASE_ORDER,EXPIRED,EMP-29931
CON-006318,VND-00068,1233916.98,EUR,2020-07-29,2021-07-03,RETAINER,EXPIRED,EMP-1250
CON-006319,VND-04109,93700.68,USD,2023-04-26,2026-01-14,TIME_AND_MATERIAL,ACTIVE,EMP-7453
CON-006320,VND-00475,489878.93,USD,2021-12-13,2022-10-31,RETAINER,TERMINATED,EMP-6806
CON-006321,VND-04295,57206.23,INR,2019-03-24,2022-03-07,FRAMEWORK,TERMINATED,EMP-17000
CON-006322,VND-04061,87498.3,GBP,2023-03-08,2024-08-14,FIXED_PRICE,EXPIRED,EMP-52780
CON-006323,VND-01571,2670211.23,USD,2023-06-07,2025-03-29,RETAINER,EXPIRED,EMP-15585
CON-006324,VND-00953,696395.65,USD,2021-10-02,2024-03-29,FIXED_PRICE,TERMINATED,EMP-40707
CON-006325,VND-01387,500386.59,GBP,2018-03-21,2020-12-27,TIME_AND_MATERIAL,EXPIRED,EMP-21002
CON-006326,VND-04932,11533.54,EUR,2022-12-04,2025-06-30,MASTER_SERVICE,ACTIVE,EMP-31233
CON-006327,VND-00435,62620.68,EUR,2022-11-21,2025-01-26,SLA,EXPIRED,EMP-14339
CON-006328,VND-00439,311267.25,AUD,2019-03-02,2020-12-26,TIME_AND_MATERIAL,EXPIRED,EMP-7909
CON-006329,VND-03683,5067.5,USD,2021-08-03,2023-11-14,SLA,TERMINATED,MGR-22.0
CON-006330,VND-00909,32125.57,EUR,2019-12-11,2022-06-30,MASTER_SERVICE,TERMINATED,EMP-51612
CON-006331,VND-03099,5703.8,EUR,2018-11-19,2019-07-27,FRAMEWORK,EXPIRED,EMP-29317
CON-006332,VND-00406,12118.95,INR,2020-08-11,2023-01-02,PURCHASE_ORDER,EXPIRED,EMP-14454
CON-006333,VND-02115,6874.73,USD,2018-03-26,2020-12-24,TIME_AND_MATERIAL,EXPIRED,EMP-33754
CON-006334,VND-03469,16729.36,USD,2023-10-29,2025-12-28,TIME_AND_MATERIAL,ACTIVE,EMP-66908
CON-006335,VND-04922,1235705.2,USD,2018-11-05,2019-06-12,MASTER_SERVICE,EXPIRED,EMP-23537
CON-006336,VND-00093,17082.97,USD,2023-06-10,2026-01-16,FRAMEWORK,ACTIVE,EMP-61201
CON-006337,VND-04549,324522.87,INR,2023-07-29,2024-05-03,MASTER_SERVICE,EXPIRED,EMP-CORP-00588
CON-006338,VND-00183,9158.28,USD,2023-04-27,2025-07-12,SLA,ACTIVE,EMP-46065
CON-006339,VND-01923,269095.55,CAD,2020-10-14,2022-05-23,FIXED_PRICE,EXPIRED,EMP-12928
CON-006340,VND-03643,561712.09,USD,2019-09-11,2022-06-03,FIXED_PRICE,EXPIRED,EMP-7072
CON-006341,VND-03162,1170464.35,CAD,2020-09-20,2021-07-22,FIXED_PRICE,EXPIRED,EMP-28957
CON-006342,VND-02782,612296.27,GBP,2019-02-19,2021-02-01,PURCHASE_ORDER,EXPIRED,EMP-14022
CON-006343,VND-03195,60359.27,USD,2020-12-16,2023-05-10,PURCHASE_ORDER,EXPIRED,EMP-61413
CON-006344,VND-01670,140573.97,USD,2021-04-11,2023-05-30,RETAINER,TERMINATED,EMP-22350
CON-006345,VND-01168,18327.43,USD,2019-10-03,2021-05-24,FIXED_PRICE,TERMINATED,EMP-24013
CON-006346,VND-04596,32113.52,USD,2018-01-27,2019-04-09,PURCHASE_ORDER,EXPIRED,EMP-21125
CON-006347,VND-02764,625149.27,INR,2023-12-11,2026-02-23,RETAINER,ACTIVE,EMP-7424
CON-006348,VND-03715,24225.62,CAD,2019-11-24,2021-12-07,FIXED_PRICE,EXPIRED,EMP-4478
CON-006349,VND-03556,432957.29,USD,2018-04-07,2020-12-20,FIXED_PRICE,EXPIRED,EMP-7521
CON-006350,VND-00191,40159.68,USD,2019-03-05,2020-12-13,FIXED_PRICE,EXPIRED,EMP-46486
CON-006351,VND-00307,164509.6,USD,2022-10-17,2024-02-19,PURCHASE_ORDER,EXPIRED,EMP-8034
CON-006352,VND-03377,6879.0,GBP,2021-04-16,2023-12-30,RETAINER,EXPIRED,EMP-14782
CON-006353,VND-02936,514633.06,SGD,2022-10-30,2024-06-05,FIXED_PRICE,EXPIRED,EMP-48367
CON-006354,VND-01693,539073.08,AUD,2020-07-23,2023-03-14,FRAMEWORK,EXPIRED,EMP-7443
CON-006355,VND-03115,34836.59,GBP,2019-11-21,2021-01-11,RETAINER,EXPIRED,EMP-7073
CON-006356,VND-02030,117824.45,GBP,2022-10-17,2023-08-15,FIXED_PRICE,ACTIVE,EMP-15146
CON-006357,VND-04044,42293.17,USD,2022-08-07,2024-06-10,FIXED_PRICE,EXPIRED,EMP-71918
CON-006358,VND-02069,5267.79,INR,2021-11-28,2024-08-29,TIME_AND_MATERIAL,EXPIRED,EMP-29458
CON-006359,VND-01366,1774451.55,USD,2018-12-15,2021-07-19,FRAMEWORK,TERMINATED,EMP-40533
CON-006360,VND-02843,291318.94,INR,2022-03-09,2023-11-18,RETAINER,EXPIRED,EMP-7178
CON-006361,VND-01154,165368.08,USD,2019-05-25,2021-08-27,FIXED_PRICE,EXPIRED,EMP-5835
CON-006362,VND-02182,126677.32,EUR,2023-05-26,2025-03-16,FIXED_PRICE,EXPIRED,EMP-47335
CON-006363,VND-01940,404078.86,EUR,2021-10-23,2024-07-05,TIME_AND_MATERIAL,EXPIRED,EMP-28089
CON-006364,VND-03166,1165359.7,USD,2019-10-05,2022-02-22,RETAINER,EXPIRED,MGR-21.0
CON-006365,VND-00736,1481033.73,GBP,2021-07-22,2024-02-18,PURCHASE_ORDER,EXPIRED,EMP-68964
CON-006366,VND-04292,17569.81,USD,2021-07-07,2022-03-27,SLA,EXPIRED,EMP-60893
CON-006367,VND-00607,11307.58,EUR,2018-04-10,2019-11-05,SLA,EXPIRED,EMP-49452
CON-006368,VND-02616,85207.13,GBP,2020-08-22,2022-05-29,PURCHASE_ORDER,EXPIRED,EMP-18979
CON-006369,VND-03406,711583.43,SGD,2019-04-19,2020-09-22,MASTER_SERVICE,EXPIRED,EMP-43509
CON-006370,VND-03914,98656.05,USD,2020-02-21,2022-01-20,SLA,EXPIRED,EMP-16485
CON-006371,VND-00615,5000.0,USD,2018-09-12,2020-03-10,SLA,EXPIRED,EMP-65028
CON-006372,VND-03921,29027.25,INR,2022-08-17,2024-06-20,FIXED_PRICE,EXPIRED,EMP-68021
CON-006373,VND-04356,62203.25,GBP,2022-04-11,2023-07-31,FIXED_PRICE,EXPIRED,EMP-57400
CON-006374,VND-01860,2591886.89,GBP,2019-05-19,2019-12-31,PURCHASE_ORDER,TERMINATED,EMP-43257
CON-006375,VND-03277,181796.65,INR,2020-03-01,2020-11-24,MASTER_SERVICE,EXPIRED,EMP-35575
CON-006376,VND-03011,43982.2,USD,2020-08-23,2022-10-03,PURCHASE_ORDER,EXPIRED,EMP-1903
CON-006377,VND-01350,135124.5,USD,2022-02-21,2023-12-24,FIXED_PRICE,EXPIRED,EMP-CORP-00057
CON-006378,VND-01437,8180.06,USD,2019-07-27,2020-03-21,FIXED_PRICE,TERMINATED,EMP-18707
CON-006379,VND-01344,34114.14,GBP,2018-10-22,2019-09-25,FRAMEWORK,EXPIRED,EMP-7930
CON-006380,VND-02791,292893.89,EUR,2022-06-28,2024-05-18,FRAMEWORK,EXPIRED,EMP-28535
CON-006381,VND-02899,37460.6,CAD,2023-02-26,2023-10-08,RETAINER,EXPIRED,EMP-3632
CON-006382,VND-04251,174926.51,GBP,2023-02-23,2023-09-24,MASTER_SERVICE,EXPIRED,EMP-27595
CON-006383,VND-01607,8155.93,USD,2022-09-12,2023-05-25,TIME_AND_MATERIAL,EXPIRED,EMP-24223
CON-006384,VND-00847,186417.05,GBP,2020-03-05,2021-08-18,FRAMEWORK,EXPIRED,EMP-40228
CON-006385,VND-04560,5000.0,EUR,2018-07-05,2021-04-05,MASTER_SERVICE,EXPIRED,EMP-14729
CON-006386,VND-04365,58160.43,USD,2020-02-29,2022-11-10,FIXED_PRICE,EXPIRED,EMP-43446
CON-006387,VND-04925,8446.54,USD,2019-07-29,2022-07-02,FIXED_PRICE,TERMINATED,EMP-61305
CON-006388,VND-02154,5870.09,EUR,2021-02-27,2022-09-28,FIXED_PRICE,EXPIRED,EMP-15965
CON-006389,VND-01363,2257314.51,EUR,2019-11-20,2022-03-27,PURCHASE_ORDER,EXPIRED,EMP-31232
CON-006390,VND-02643,329923.15,EUR,2022-08-29,2025-02-15,FIXED_PRICE,TERMINATED,EMP-39474
CON-006391,VND-04965,610671.05,INR,2020-02-16,2021-07-15,PURCHASE_ORDER,EXPIRED,EMP-18066
CON-006392,VND-02842,1734177.4,INR,2023-03-24,2025-11-11,MASTER_SERVICE,ACTIVE,EMP-55980
CON-006393,VND-04772,560090.36,GBP,2023-03-12,2025-02-19,PURCHASE_ORDER,EXPIRED,EMP-12955
CON-006394,VND-03379,113633.71,SGD,2023-04-05,2025-10-10,TIME_AND_MATERIAL,ACTIVE,EMP-56303
CON-006395,VND-01658,42185.25,USD,2022-01-24,2023-08-19,FIXED_PRICE,TERMINATED,EMP-19600
CON-006396,VND-04900,5423.57,USD,2022-07-30,2024-04-16,RETAINER,EXPIRED,EMP-CORP-00212
CON-006397,VND-02492,14569.17,EUR,2023-05-04,2025-05-18,TIME_AND_MATERIAL,EXPIRED,EMP-2054
CON-006398,VND-00196,5000.0,USD,2018-07-30,2019-12-29,MASTER_SERVICE,EXPIRED,EMP-38527
CON-006399,VND-01137,142363.09,USD,2022-03-17,2023-07-21,RETAINER,EXPIRED,EMP-69253
CON-006400,VND-02996,25824.3,EUR,2020-09-07,2022-01-29,TIME_AND_MATERIAL,ACTIVE,EMP-9526
CON-006401,VND-04529,15744.46,USD,2018-03-29,2020-09-06,TIME_AND_MATERIAL,EXPIRED,EMP-60814
CON-006402,VND-03667,805656.69,AUD,2020-01-09,2021-10-02,PURCHASE_ORDER,TERMINATED,EMP-34617
CON-006403,VND-03735,20441.18,USD,2022-06-18,2023-05-12,MASTER_SERVICE,EXPIRED,EMP-20366
CON-006404,VND-03862,17370.87,AUD,2019-11-19,2022-10-26,RETAINER,EXPIRED,EMP-53122
CON-006405,VND-04414,298609.25,GBP,2018-09-08,2020-11-19,RETAINER,TERMINATED,EMP-4359
CON-006406,VND-04694,519261.81,GBP,2020-08-30,2023-03-10,TIME_AND_MATERIAL,EXPIRED,EMP-14196
CON-006407,VND-04017,508724.26,USD,2020-09-10,2022-04-22,RETAINER,EXPIRED,EMP-17989
CON-006408,VND-04611,10041.36,USD,2023-05-07,2024-06-09,RETAINER,EXPIRED,EMP-68753
CON-006409,VND-01161,14923.22,EUR,2023-03-17,2024-03-04,SLA,EXPIRED,EMP-54676
CON-006410,VND-02420,23681.53,EUR,2019-01-27,2021-04-19,RETAINER,EXPIRED,EMP-65767
CON-006411,VND-01051,7599.65,INR,2023-01-19,2024-03-22,RETAINER,EXPIRED,EMP-27323
CON-006412,VND-02749,5781.76,USD,2022-06-07,2023-08-11,TIME_AND_MATERIAL,EXPIRED,EMP-36846
CON-006413,VND-01142,215566.61,CAD,2022-10-25,2023-09-12,FIXED_PRICE,EXPIRED,EMP-40109
CON-006414,VND-03479,6084.39,USD,2020-07-02,2022-08-26,FIXED_PRICE,TERMINATED,EMP-64428
CON-006415,VND-03156,803678.09,USD,2020-04-14,2021-05-14,FIXED_PRICE,EXPIRED,EMP-59214
CON-006416,VND-01214,17179.74,USD,2018-04-21,2018-10-27,TIME_AND_MATERIAL,EXPIRED,EMP-69426
CON-006417,VND-03360,62403.45,SGD,2020-03-11,2020-11-19,MASTER_SERVICE,EXPIRED,EMP-56755
CON-006418,VND-02040,87317.15,USD,2019-04-07,2020-03-15,FIXED_PRICE,EXPIRED,EMP-44261
CON-006419,VND-04490,1382206.45,GBP,2020-11-18,2022-05-03,TIME_AND_MATERIAL,EXPIRED,EMP-35522
CON-006420,VND-02878,111531.8,USD,2018-11-29,2021-05-01,SLA,TERMINATED,EMP-9042
CON-006421,VND-04342,54323.33,CAD,2021-10-30,2023-11-23,RETAINER,EXPIRED,EMP-32081
CON-006422,VND-03134,5000.0,GBP,2018-11-07,2019-12-22,FIXED_PRICE,TERMINATED,EMP-1620
CON-006423,VND-00132,15142.96,USD,2018-03-08,2021-02-25,TIME_AND_MATERIAL,EXPIRED,EMP-21386
CON-006424,VND-02389,88181.08,USD,2018-02-10,2020-07-28,PURCHASE_ORDER,EXPIRED,EMP-70286
CON-006425,VND-04736,49353.71,SGD,2020-07-08,2023-05-13,FRAMEWORK,EXPIRED,EMP-70900
CON-006426,VND-03471,630132.45,USD,2018-06-10,2021-03-29,FRAMEWORK,EXPIRED,EMP-50810
CON-006427,VND-04140,415030.8,INR,2023-12-25,2026-03-11,FRAMEWORK,ACTIVE,EMP-13498
CON-006428,VND-00511,5000.0,INR,2018-08-02,2021-03-22,PURCHASE_ORDER,EXPIRED,EMP-9668
CON-006429,VND-00557,386403.18,INR,2020-04-11,2021-07-25,RETAINER,EXPIRED,EMP-40853
CON-006430,VND-00226,5000.0,USD,2021-11-21,2023-06-29,FIXED_PRICE,EXPIRED,EMP-8728
CON-006431,VND-03867,350642.75,GBP,2022-08-18,2024-06-24,PURCHASE_ORDER,EXPIRED,EMP-2134
CON-006432,VND-04420,418403.04,INR,2022-12-07,2024-10-25,TIME_AND_MATERIAL,EXPIRED,EMP-11384
CON-006433,VND-01626,70922.04,GBP,2022-09-07,2024-04-07,TIME_AND_MATERIAL,EXPIRED,EMP-37905
CON-006434,VND-01706,137268.0,AUD,2021-05-11,2023-08-31,SLA,EXPIRED,EMP-25041
CON-006435,VND-04182,16871.28,USD,2020-04-16,2021-02-01,TIME_AND_MATERIAL,TERMINATED,EMP-57451
CON-006436,VND-01634,1146308.72,USD,2023-08-04,2025-09-12,RETAINER,ACTIVE,EMP-RM1117
CON-006437,VND-02470,71797.02,USD,2018-04-30,2019-09-29,PURCHASE_ORDER,EXPIRED,EMP-48845
CON-006438,VND-02937,55894.58,USD,2019-12-05,2021-07-12,SLA,ACTIVE,EMP-7127
CON-006439,VND-04417,222079.31,GBP,2022-03-13,2023-05-15,MASTER_SERVICE,TERMINATED,EMP-48827
CON-006440,VND-00971,240625.73,USD,2018-03-09,2021-03-06,MASTER_SERVICE,EXPIRED,EMP-5500
CON-006441,VND-02723,23464.64,USD,2018-01-09,2018-07-31,MASTER_SERVICE,EXPIRED,EMP-65664
CON-006442,VND-00027,495043.27,GBP,2023-04-07,2024-03-25,MASTER_SERVICE,TERMINATED,EMP-8250
CON-006443,VND-00834,20040.51,EUR,2023-02-10,2024-08-02,FIXED_PRICE,TERMINATED,EMP-58977
CON-006444,VND-02005,576043.37,AUD,2021-09-27,2024-07-29,SLA,EXPIRED,EMP-3377
CON-006445,VND-01291,5224.61,USD,2023-07-25,2024-10-13,PURCHASE_ORDER,EXPIRED,EMP-16096
CON-006446,VND-02666,988990.77,EUR,2019-01-28,2021-04-26,TIME_AND_MATERIAL,EXPIRED,EMP-25296
CON-006447,VND-02535,61289.55,GBP,2021-08-28,2022-05-26,FIXED_PRICE,EXPIRED,EMP-28076
CON-006448,VND-01731,263146.23,INR,2019-03-28,2021-12-07,RETAINER,EXPIRED,EMP-RM949
CON-006449,VND-04593,274596.66,EUR,2023-09-26,2025-11-17,RETAINER,ACTIVE,EMP-53360
CON-006450,VND-04572,770952.44,GBP,2021-05-25,2022-03-08,SLA,TERMINATED,EMP-46675
CON-006451,VND-01856,11382.2,USD,2021-12-30,2022-11-11,RETAINER,EXPIRED,EMP-42460
CON-006452,VND-04337,1681523.6,INR,2020-05-29,2021-03-04,PURCHASE_ORDER,ACTIVE,EMP-42219
CON-006453,VND-01246,11963.25,CAD,2019-09-03,2020-04-10,FRAMEWORK,EXPIRED,EMP-44282
CON-006454,VND-04233,190960.58,USD,2018-05-05,2019-08-24,TIME_AND_MATERIAL,EXPIRED,EMP-15850
CON-006455,VND-04443,729002.43,INR,2019-12-11,2022-12-01,FIXED_PRICE,EXPIRED,EMP-27192
CON-006456,VND-00004,55183.67,CAD,2022-12-22,2025-12-08,TIME_AND_MATERIAL,ACTIVE,EMP-41734
CON-006457,VND-03568,212611.09,GBP,2022-04-19,2022-12-23,MASTER_SERVICE,EXPIRED,EMP-37866
CON-006458,VND-04323,5883.68,GBP,2023-12-31,2026-07-03,TIME_AND_MATERIAL,ACTIVE,EMP-64705
CON-006459,VND-01506,18976.58,USD,2022-09-27,2024-05-11,FIXED_PRICE,EXPIRED,EMP-CORP-00203
CON-006460,VND-01937,103575.81,USD,2020-07-21,2022-07-13,SLA,ACTIVE,EMP-31235
CON-006461,VND-03275,26138.9,USD,2019-01-09,2020-10-21,MASTER_SERVICE,EXPIRED,EMP-19581
CON-006462,VND-04866,201555.54,GBP,2022-02-16,2024-09-15,RETAINER,EXPIRED,EMP-73594
CON-006463,VND-00086,5000.0,GBP,2020-11-14,2023-03-03,FRAMEWORK,EXPIRED,EMP-46542
CON-006464,VND-01577,52930.46,EUR,2019-05-14,2020-07-30,FIXED_PRICE,EXPIRED,EMP-16173
CON-006465,VND-01790,38252.28,SGD,2020-07-27,2021-06-26,MASTER_SERVICE,EXPIRED,EMP-RM837
CON-006466,VND-03089,93917.72,GBP,2023-04-23,2026-01-24,SLA,ACTIVE,EMP-CORP-00292
CON-006467,VND-03221,1289149.46,GBP,2019-03-21,2019-09-28,SLA,TERMINATED,EMP-26825
CON-006468,VND-00508,1009914.88,USD,2022-04-09,2024-03-13,FIXED_PRICE,EXPIRED,EMP-69040
CON-006469,VND-00465,5000.0,EUR,2022-10-07,2024-01-24,RETAINER,TERMINATED,EMP-21700
CON-006470,VND-02359,1160404.78,EUR,2021-11-22,2022-09-03,FRAMEWORK,EXPIRED,EMP-51857
CON-006471,VND-01148,157028.92,USD,2020-12-07,2023-08-26,TIME_AND_MATERIAL,EXPIRED,EMP-23836
CON-006472,VND-00903,601330.41,EUR,2022-09-28,2024-06-11,SLA,EXPIRED,EMP-40242
CON-006473,VND-01330,2272003.05,INR,2021-01-10,2022-12-28,RETAINER,EXPIRED,EMP-16180
CON-006474,VND-02635,205015.59,USD,2021-05-14,2023-10-26,FIXED_PRICE,EXPIRED,EMP-9690
CON-006475,VND-04091,557551.76,CAD,2020-03-23,2021-05-05,FRAMEWORK,EXPIRED,EMP-29412
CON-006476,VND-01698,599289.27,USD,2023-12-24,2024-09-19,TIME_AND_MATERIAL,EXPIRED,EMP-20214
CON-006477,VND-03140,6736.83,SGD,2022-12-04,2025-07-25,RETAINER,ACTIVE,EMP-41121
CON-006478,VND-01114,911167.1,USD,2020-01-15,2021-05-26,SLA,EXPIRED,EMP-30302
CON-006479,VND-03871,66175.55,USD,2021-09-12,2023-07-04,PURCHASE_ORDER,EXPIRED,EMP-39075
CON-006480,VND-01555,4463547.46,INR,2021-08-19,2024-03-19,MASTER_SERVICE,EXPIRED,EMP-28998
CON-006481,VND-03460,1082680.26,USD,2019-03-02,2020-04-07,PURCHASE_ORDER,TERMINATED,EMP-24108
CON-006482,VND-02336,45628.89,USD,2021-02-02,2022-04-30,SLA,ACTIVE,EMP-16177
CON-006483,VND-02551,162423.76,EUR,2021-08-13,2023-12-23,FRAMEWORK,EXPIRED,EMP-15982
CON-006484,VND-04092,95411.12,SGD,2018-10-03,2019-07-17,FRAMEWORK,EXPIRED,EMP-25184
CON-006485,VND-01658,285164.0,EUR,2020-06-30,2022-02-07,RETAINER,TERMINATED,EMP-68643
CON-006486,VND-03536,583892.13,SGD,2018-10-02,2020-02-13,MASTER_SERVICE,EXPIRED,EMP-40793
CON-006487,VND-04734,10296.82,INR,2023-02-21,2025-01-08,TIME_AND_MATERIAL,EXPIRED,MGR-12.0
CON-006488,VND-02239,29562.57,INR,2022-01-30,2024-07-11,FRAMEWORK,EXPIRED,EMP-27749
CON-006489,VND-03722,130080.97,GBP,2021-06-19,2022-03-12,FIXED_PRICE,EXPIRED,EMP-55070
CON-006490,VND-02065,5000.0,USD,2018-04-29,2019-09-24,SLA,EXPIRED,EMP-39878
CON-006491,VND-04899,33324.2,USD,2019-12-15,2020-10-28,PURCHASE_ORDER,EXPIRED,EMP-18960
CON-006492,VND-00484,9930.08,SGD,2023-02-07,2024-02-06,FRAMEWORK,EXPIRED,EMP-49946
CON-006493,VND-01813,24549.7,USD,2022-11-19,2023-08-20,PURCHASE_ORDER,EXPIRED,EMP-3291
CON-006494,VND-04692,131749.18,USD,2020-06-28,2022-10-10,TIME_AND_MATERIAL,EXPIRED,EMP-72128
CON-006495,VND-01361,184565.88,EUR,2019-02-14,2021-01-23,FIXED_PRICE,EXPIRED,EMP-72943
CON-006496,VND-00417,29237.88,AUD,2022-08-31,2025-07-08,MASTER_SERVICE,ACTIVE,EMP-59449
CON-006497,VND-00038,27190.28,USD,2019-07-30,2022-05-05,RETAINER,EXPIRED,EMP-38789
CON-006498,VND-03347,43158.23,CAD,2020-10-05,2021-11-27,RETAINER,TERMINATED,EMP-CORP-00446
CON-006499,VND-04741,22647.44,USD,2022-07-30,2023-06-25,FIXED_PRICE,TERMINATED,EMP-26294
CON-006500,VND-01305,561399.03,USD,2019-12-23,2022-08-03,RETAINER,EXPIRED,EMP-37933
CON-006501,VND-04656,21431.6,GBP,2023-02-10,2024-02-01,FIXED_PRICE,ACTIVE,EMP-71990
CON-006502,VND-04038,149906.56,GBP,2020-10-30,2022-10-31,SLA,ACTIVE,EMP-6784
CON-006503,VND-04160,5000.0,USD,2018-02-13,2019-05-24,PURCHASE_ORDER,TERMINATED,EMP-1742
CON-006504,VND-03783,298785.58,SGD,2020-06-11,2021-04-02,FIXED_PRICE,EXPIRED,EMP-62975
CON-006505,VND-01379,7200.38,USD,2023-05-26,2025-05-23,RETAINER,EXPIRED,EMP-32007
CON-006506,VND-03918,22329.79,USD,2023-04-11,2024-03-19,TIME_AND_MATERIAL,EXPIRED,EMP-65814
CON-006507,VND-02235,14006.68,USD,2022-04-15,2023-09-12,MASTER_SERVICE,EXPIRED,EMP-1049
CON-006508,VND-04684,466496.22,USD,2022-02-23,2023-03-29,RETAINER,TERMINATED,EMP-41907
CON-006509,VND-03063,26500.69,USD,2020-12-15,2022-12-28,TIME_AND_MATERIAL,TERMINATED,EMP-44619
CON-006510,VND-01565,13475.45,USD,2021-01-12,2021-08-16,RETAINER,EXPIRED,EMP-67851
CON-006511,VND-04404,5000.0,USD,2021-04-28,2022-10-13,RETAINER,EXPIRED,EMP-1316
CON-006512,VND-01177,49379.1,EUR,2023-11-19,2024-07-22,PURCHASE_ORDER,EXPIRED,EMP-48567
CON-006513,VND-01531,19409.69,EUR,2019-05-06,2021-06-03,PURCHASE_ORDER,EXPIRED,EMP-CORP-00515
CON-006514,VND-03933,29210.46,USD,2022-01-09,2024-04-21,FIXED_PRICE,EXPIRED,EMP-30932
CON-006515,VND-03146,1295557.44,USD,2020-08-06,2022-02-02,FIXED_PRICE,TERMINATED,EMP-CORP-00484
CON-006516,VND-04761,1436881.32,EUR,2022-08-07,2024-06-16,MASTER_SERVICE,EXPIRED,EMP-48235
CON-006517,VND-01154,106890.14,INR,2020-08-09,2023-01-12,SLA,TERMINATED,EMP-74087
CON-006518,VND-03338,134519.84,USD,2023-08-09,2026-04-10,SLA,ACTIVE,EMP-CORP-00488
CON-006519,VND-04269,3820276.08,EUR,2020-10-18,2023-10-12,RETAINER,EXPIRED,EMP-19436
CON-006520,VND-04225,46033.69,SGD,2019-11-13,2021-10-15,RETAINER,EXPIRED,EMP-RM1038
CON-006521,VND-04756,20011.06,USD,2023-08-07,2025-05-14,FIXED_PRICE,EXPIRED,EMP-6009
CON-006522,VND-04744,707157.91,USD,2023-09-03,2025-01-15,SLA,EXPIRED,EMP-43222
CON-006523,VND-01147,147087.93,GBP,2022-11-07,2024-11-08,PURCHASE_ORDER,EXPIRED,EMP-32879
CON-006524,VND-01896,717430.98,USD,2020-09-28,2021-08-18,FIXED_PRICE,EXPIRED,EMP-62028
CON-006525,VND-03078,64865.29,AUD,2019-06-20,2020-02-29,MASTER_SERVICE,EXPIRED,EMP-57513
CON-006526,VND-01440,947656.68,USD,2020-01-16,2022-01-14,RETAINER,EXPIRED,EMP-35494
CON-006527,VND-00852,7186.52,USD,2020-12-01,2023-06-16,RETAINER,EXPIRED,EMP-13247
CON-006528,VND-04704,433152.44,EUR,2022-08-29,2025-03-14,PURCHASE_ORDER,EXPIRED,EMP-61805
CON-006529,VND-02713,41529.13,USD,2023-08-27,2024-04-19,RETAINER,EXPIRED,EMP-55827
CON-006530,VND-02656,91208.86,USD,2019-11-13,2020-08-22,RETAINER,EXPIRED,EMP-5654
CON-006531,VND-04665,221528.58,USD,2018-10-14,2019-09-18,FIXED_PRICE,EXPIRED,EMP-45433
CON-006532,VND-04501,69611.38,EUR,2021-05-03,2023-11-30,RETAINER,EXPIRED,EMP-15877
CON-006533,VND-01840,5000.0,USD,2023-11-03,2024-06-25,MASTER_SERVICE,EXPIRED,EMP-64660
CON-006534,VND-04258,434042.86,GBP,2019-02-28,2020-10-26,MASTER_SERVICE,EXPIRED,EMP-11695
CON-006535,VND-01592,181808.53,USD,2020-10-23,2023-08-22,PURCHASE_ORDER,EXPIRED,EMP-9812
CON-006536,VND-03540,557823.88,USD,2022-06-26,2023-11-23,MASTER_SERVICE,EXPIRED,EMP-65598
CON-006537,VND-00069,122427.56,AUD,2023-11-03,2026-07-06,SLA,ACTIVE,EMP-41166
CON-006538,VND-03871,267812.19,AUD,2022-11-24,2023-10-03,PURCHASE_ORDER,EXPIRED,EMP-50324
CON-006539,VND-02320,6728.82,USD,2022-08-16,2024-06-18,RETAINER,EXPIRED,EMP-48527
CON-006540,VND-03606,189008.14,GBP,2019-07-29,2021-05-02,PURCHASE_ORDER,EXPIRED,EMP-55025
CON-006541,VND-03146,5000.0,EUR,2020-10-29,2023-02-01,FIXED_PRICE,EXPIRED,EMP-19304
CON-006542,VND-02457,19707.37,USD,2022-10-14,2024-05-10,FIXED_PRICE,TERMINATED,EMP-8021
CON-006543,VND-02822,25112.5,USD,2022-03-20,2022-10-10,TIME_AND_MATERIAL,EXPIRED,EMP-72016
CON-006544,VND-04506,113373.11,CAD,2023-04-29,2024-11-20,FRAMEWORK,EXPIRED,EMP-10879
CON-006545,VND-02844,229784.91,EUR,2019-12-15,2020-12-17,FIXED_PRICE,EXPIRED,EMP-64418
CON-006546,VND-00486,49573.27,INR,2023-10-14,2025-10-03,PURCHASE_ORDER,ACTIVE,EMP-12611
CON-006547,VND-01961,14293.74,INR,2019-02-27,2019-10-26,FIXED_PRICE,EXPIRED,EMP-4910
CON-006548,VND-04285,933120.99,AUD,2022-04-05,2022-12-02,PURCHASE_ORDER,EXPIRED,EMP-54232
CON-006549,VND-03727,27622.19,CAD,2018-08-14,2020-05-25,FRAMEWORK,EXPIRED,EMP-42743
CON-006550,VND-01188,5000.0,GBP,2018-10-31,2020-08-07,PURCHASE_ORDER,EXPIRED,EMP-70317
CON-006551,VND-02493,22581.89,AUD,2023-08-14,2024-04-21,SLA,ACTIVE,EMP-9014
CON-006552,VND-00550,623117.24,EUR,2020-04-10,2022-09-13,FIXED_PRICE,EXPIRED,EMP-68650
CON-006553,VND-02225,311759.67,GBP,2022-10-05,2025-09-19,PURCHASE_ORDER,ACTIVE,EMP-55910
CON-006554,VND-00672,18755.76,GBP,2019-01-23,2020-03-21,TIME_AND_MATERIAL,TERMINATED,EMP-26516
CON-006555,VND-03747,13497.67,INR,2023-03-22,2024-02-13,PURCHASE_ORDER,TERMINATED,EMP-68865
CON-006556,VND-04131,78402.02,GBP,2020-11-13,2023-04-02,SLA,EXPIRED,EMP-59824
CON-006557,VND-01515,5496.57,USD,2020-08-29,2022-07-31,SLA,EXPIRED,EMP-14692
CON-006558,VND-04869,5000.0,USD,2022-07-26,2023-04-03,FRAMEWORK,EXPIRED,EMP-48884
CON-006559,VND-03335,647742.08,USD,2021-02-14,2021-10-26,SLA,EXPIRED,EMP-14748
CON-006560,VND-02094,36819.2,USD,2018-12-23,2019-11-22,RETAINER,TERMINATED,EMP-56292
CON-006561,VND-01190,644906.94,GBP,2023-10-26,2024-05-23,PURCHASE_ORDER,EXPIRED,EMP-43066
CON-006562,VND-04923,110493.76,CAD,2023-09-23,2024-03-25,SLA,TERMINATED,EMP-20662
CON-006563,VND-02436,28643.78,EUR,2019-09-11,2022-04-13,FIXED_PRICE,TERMINATED,EMP-32402
CON-006564,VND-02003,202540.61,GBP,2022-09-25,2024-04-23,TIME_AND_MATERIAL,EXPIRED,EMP-23368
CON-006565,VND-01719,178317.5,AUD,2022-05-08,2024-02-15,FIXED_PRICE,EXPIRED,EMP-CORP-00028
CON-006566,VND-01418,1164895.13,EUR,2021-05-20,2023-08-13,FIXED_PRICE,EXPIRED,EMP-54144
CON-006567,VND-01941,12170.89,USD,2022-12-18,2025-05-06,TIME_AND_MATERIAL,EXPIRED,EMP-35053
CON-006568,VND-04510,30115.59,USD,2020-02-26,2021-03-29,RETAINER,EXPIRED,EMP-24851
CON-006569,VND-02401,276380.83,EUR,2023-06-30,2024-04-19,FIXED_PRICE,EXPIRED,EMP-47084
CON-006570,VND-04596,36333.68,USD,2020-01-24,2023-01-06,TIME_AND_MATERIAL,EXPIRED,EMP-52643
CON-006571,VND-04143,5680.43,GBP,2018-09-21,2019-11-17,TIME_AND_MATERIAL,EXPIRED,EMP-25464
CON-006572,VND-02194,871159.92,EUR,2022-02-21,2023-11-22,FRAMEWORK,EXPIRED,EMP-28194
CON-006573,VND-02485,70216.2,USD,2018-12-15,2021-01-17,MASTER_SERVICE,EXPIRED,EMP-10424
CON-006574,VND-04268,387031.66,INR,2023-06-25,2025-03-17,PURCHASE_ORDER,EXPIRED,EMP-65942
CON-006575,VND-01524,9972.44,INR,2019-12-01,2021-09-16,SLA,TERMINATED,EMP-36293
CON-006576,VND-01236,44647.82,INR,2022-03-18,2024-01-01,FRAMEWORK,EXPIRED,EMP-37265
CON-006577,VND-03137,21348.62,INR,2020-10-04,2022-07-31,PURCHASE_ORDER,TERMINATED,EMP-13027
CON-006578,VND-01646,14552.89,USD,2019-04-30,2022-04-02,FRAMEWORK,ACTIVE,EMP-645
CON-006579,VND-03411,265393.78,USD,2018-08-05,2020-07-25,FRAMEWORK,EXPIRED,EMP-39143
CON-006580,VND-03600,356009.74,USD,2018-10-07,2019-11-13,FIXED_PRICE,EXPIRED,EMP-4523
CON-006581,VND-03507,5000.0,USD,2021-02-01,2022-07-03,TIME_AND_MATERIAL,EXPIRED,EMP-62006
CON-006582,VND-02578,3435683.13,USD,2021-05-03,2022-04-14,FRAMEWORK,TERMINATED,EMP-29158
CON-006583,VND-02281,26686.93,EUR,2022-11-29,2024-05-16,FRAMEWORK,EXPIRED,EMP-70072
CON-006584,VND-03668,58095.52,USD,2019-06-29,2021-11-01,RETAINER,EXPIRED,EMP-48824
CON-006585,VND-01376,29374.2,SGD,2023-06-03,2025-08-16,PURCHASE_ORDER,ACTIVE,EMP-3675
CON-006586,VND-04692,31145.85,GBP,2022-04-11,2024-04-06,RETAINER,EXPIRED,EMP-65178
CON-006587,VND-03420,78868.15,EUR,2019-05-10,2022-03-30,MASTER_SERVICE,EXPIRED,EMP-44758
CON-006588,VND-03267,84685.08,USD,2019-01-23,2019-10-13,FRAMEWORK,TERMINATED,EMP-34358
CON-006589,VND-02984,2774689.53,GBP,2019-02-26,2021-11-22,FRAMEWORK,EXPIRED,EMP-60293
CON-006590,VND-03276,5000.0,EUR,2018-05-02,2019-10-28,RETAINER,EXPIRED,EMP-16577
CON-006591,VND-01522,19062.98,USD,2019-03-06,2020-03-12,RETAINER,EXPIRED,EMP-33126
CON-006592,VND-01752,58317.15,AUD,2018-05-21,2018-12-11,TIME_AND_MATERIAL,EXPIRED,EMP-50176
CON-006593,VND-04989,132110.17,GBP,2020-08-16,2022-07-02,TIME_AND_MATERIAL,EXPIRED,EMP-48850
CON-006594,VND-04793,138539.5,INR,2019-04-13,2019-10-23,RETAINER,EXPIRED,EMP-21578
CON-006595,VND-04320,111596.22,USD,2019-11-23,2022-09-16,FIXED_PRICE,EXPIRED,EMP-4649
CON-006596,VND-00055,6175.43,USD,2019-03-28,2020-12-09,RETAINER,EXPIRED,EMP-16979
CON-006597,VND-02211,13027.51,SGD,2023-05-27,2024-05-29,SLA,EXPIRED,EMP-48487
CON-006598,VND-00262,53300.88,USD,2020-04-30,2021-09-30,MASTER_SERVICE,TERMINATED,EMP-5297
CON-006599,VND-01526,151410.19,USD,2018-08-04,2020-12-07,MASTER_SERVICE,TERMINATED,EMP-74170
CON-006600,VND-00890,5000.0,INR,2023-01-22,2025-01-12,RETAINER,TERMINATED,EMP-43420
CON-006601,VND-02662,145846.2,USD,2020-12-15,2021-11-07,PURCHASE_ORDER,EXPIRED,EMP-CORP-00046
CON-006602,VND-01613,56329.66,USD,2019-12-02,2022-05-02,FRAMEWORK,EXPIRED,EMP-18350
CON-006603,VND-02477,758929.18,USD,2018-01-30,2018-12-20,PURCHASE_ORDER,EXPIRED,EMP-49802
CON-006604,VND-00136,176595.15,GBP,2022-06-26,2024-09-27,PURCHASE_ORDER,EXPIRED,EMP-48952
CON-006605,VND-04749,9492.97,USD,2020-11-11,2023-08-29,MASTER_SERVICE,EXPIRED,EMP-27749
CON-006606,VND-04068,37963.83,USD,2020-07-30,2021-02-07,RETAINER,EXPIRED,EMP-37150
CON-006607,VND-00252,1281930.75,EUR,2022-12-28,2025-04-11,SLA,EXPIRED,EMP-60890
CON-006608,VND-03435,30921.46,USD,2022-04-09,2024-02-10,SLA,EXPIRED,EMP-19471
CON-006609,VND-01567,7439.17,USD,2020-09-19,2022-03-12,RETAINER,EXPIRED,EMP-25041
CON-006610,VND-03733,10235.71,USD,2018-10-13,2021-03-06,MASTER_SERVICE,EXPIRED,EMP-CORP-00046
CON-006611,VND-01621,306065.04,AUD,2022-06-22,2025-05-25,RETAINER,EXPIRED,EMP-6515
CON-006612,VND-02673,217861.44,USD,2022-09-23,2023-04-13,MASTER_SERVICE,EXPIRED,EMP-21794
CON-006613,VND-00923,308018.0,EUR,2020-08-25,2023-05-20,FIXED_PRICE,EXPIRED,EMP-65197
CON-006614,VND-02357,232555.43,GBP,2021-12-20,2024-05-14,SLA,EXPIRED,EMP-38527
CON-006615,VND-01377,128591.67,GBP,2020-09-14,2021-03-26,FRAMEWORK,EXPIRED,EMP-21311
CON-006616,VND-00031,16971.7,INR,2022-12-10,2025-10-10,PURCHASE_ORDER,SUSPENDED,EMP-58511
CON-006617,VND-04988,1966667.18,USD,2023-01-19,2023-12-03,PURCHASE_ORDER,EXPIRED,EMP-50356
CON-006618,VND-04951,401851.53,USD,2018-02-27,2018-09-11,FRAMEWORK,EXPIRED,EMP-35223
CON-006619,VND-00031,652741.28,USD,2020-02-03,2022-03-06,SLA,EXPIRED,EMP-51834
CON-006620,VND-04709,35837.16,EUR,2022-08-19,2024-02-10,SLA,TERMINATED,EMP-67969
CON-006621,VND-02936,861184.96,INR,2022-04-05,2023-07-10,RETAINER,EXPIRED,EMP-65197
CON-006622,VND-00750,16671.0,USD,2022-12-15,2023-08-17,SLA,TERMINATED,EMP-65722
CON-006623,VND-04860,12762.28,EUR,2021-04-10,2022-08-08,PURCHASE_ORDER,EXPIRED,EMP-31997
CON-006624,VND-02396,403340.39,CAD,2020-04-15,2021-05-22,RETAINER,EXPIRED,EMP-5554
CON-006625,VND-00306,123657.96,GBP,2018-07-26,2019-11-14,MASTER_SERVICE,EXPIRED,EMP-72500
CON-006626,VND-00012,9924.0,EUR,2018-04-29,2020-12-04,PURCHASE_ORDER,EXPIRED,EMP-20444
CON-006627,VND-02771,529456.04,CAD,2023-08-26,2025-07-08,SLA,ACTIVE,EMP-8820
CON-006628,VND-03712,5000.0,GBP,2019-09-20,2020-05-08,FRAMEWORK,EXPIRED,EMP-47191
CON-006629,VND-03219,800264.92,AUD,2020-05-17,2021-02-06,TIME_AND_MATERIAL,EXPIRED,EMP-53115
CON-006630,VND-01328,397818.19,USD,2019-04-25,2020-07-20,PURCHASE_ORDER,EXPIRED,EMP-7072
CON-006631,VND-04043,387746.7,GBP,2020-10-02,2021-04-07,SLA,ACTIVE,EMP-66189
CON-006632,VND-01083,5000.0,GBP,2022-08-22,2023-10-17,FIXED_PRICE,EXPIRED,EMP-26146
CON-006633,VND-01879,6300.53,GBP,2020-02-03,2021-06-30,SLA,EXPIRED,EMP-54388
CON-006634,VND-03161,71251.6,USD,2020-11-25,2022-12-07,FIXED_PRICE,EXPIRED,EMP-27220
CON-006635,VND-02247,830677.6,INR,2018-02-02,2019-03-25,PURCHASE_ORDER,EXPIRED,EMP-19762
CON-006636,VND-02541,14308.8,USD,2021-06-20,2022-08-28,MASTER_SERVICE,EXPIRED,EMP-61423
CON-006637,VND-04828,643619.63,GBP,2023-04-16,2025-09-27,TIME_AND_MATERIAL,ACTIVE,EMP-60814
CON-006638,VND-01974,1737023.31,USD,2020-04-07,2022-10-11,RETAINER,EXPIRED,EMP-39423
CON-006639,VND-01536,17165.05,CAD,2021-02-28,2021-09-08,TIME_AND_MATERIAL,EXPIRED,EMP-22602
CON-006640,VND-04149,26295.23,CAD,2022-08-13,2024-12-29,FRAMEWORK,EXPIRED,EMP-22623
CON-006641,VND-02750,1142520.88,INR,2018-10-10,2019-09-10,PURCHASE_ORDER,EXPIRED,EMP-9994
CON-006642,VND-00743,41493.89,GBP,2020-12-29,2023-01-15,FIXED_PRICE,EXPIRED,EMP-30538
CON-006643,VND-02884,21860.25,USD,2022-07-19,2023-10-09,TIME_AND_MATERIAL,EXPIRED,EMP-15676
CON-006644,VND-01110,7636.39,AUD,2023-10-22,2025-08-06,MASTER_SERVICE,ACTIVE,EMP-43708
CON-006645,VND-04490,84637.17,INR,2023-10-18,2025-01-26,SLA,EXPIRED,EMP-44900
CON-006646,VND-02172,32246.65,SGD,2019-07-08,2022-01-24,MASTER_SERVICE,EXPIRED,EMP-CORP-00020
CON-006647,VND-00371,51635.03,USD,2018-10-12,2019-11-28,FIXED_PRICE,EXPIRED,EMP-13334
CON-006648,VND-01171,1193622.61,GBP,2021-03-22,2022-12-05,FRAMEWORK,ACTIVE,EMP-18350
CON-006649,VND-03372,1237484.96,USD,2022-02-03,2024-06-13,MASTER_SERVICE,EXPIRED,EMP-37223
CON-006650,VND-02821,50195.71,USD,2018-12-11,2020-10-12,SLA,EXPIRED,EMP-42622
CON-006651,VND-03731,60275.88,USD,2020-01-31,2021-11-19,TIME_AND_MATERIAL,EXPIRED,EMP-65723
CON-006652,VND-02280,917761.03,GBP,2019-02-08,2020-11-09,FIXED_PRICE,EXPIRED,EMP-72868
CON-006653,VND-04100,24767.5,USD,2021-04-05,2023-02-24,FRAMEWORK,EXPIRED,EMP-46894
CON-006654,VND-00039,69488.76,EUR,2018-09-17,2021-02-13,TIME_AND_MATERIAL,EXPIRED,EMP-353
CON-006655,VND-03730,24799.12,USD,2018-08-12,2019-03-03,RETAINER,TERMINATED,EMP-62978
CON-006656,VND-00212,15263.23,USD,2021-04-28,2023-03-29,FIXED_PRICE,EXPIRED,EMP-67768
CON-006657,VND-02924,425290.37,USD,2023-09-14,2025-04-22,RETAINER,TERMINATED,EMP-17777
CON-006658,VND-00508,1009942.88,USD,2019-02-09,2020-05-25,SLA,EXPIRED,EMP-2463
CON-006659,VND-03174,5000.0,AUD,2021-09-09,2022-12-01,RETAINER,EXPIRED,EMP-72572
CON-006660,VND-01430,1350708.97,EUR,2022-08-12,2023-04-09,PURCHASE_ORDER,EXPIRED,EMP-33307
CON-006661,VND-01485,4482668.9,USD,2019-05-06,2021-03-01,SLA,EXPIRED,EMP-20314
CON-006662,VND-01182,787815.19,USD,2018-11-14,2020-12-04,RETAINER,EXPIRED,EMP-29015
CON-006663,VND-04756,34221.28,EUR,2023-06-02,2024-10-24,FIXED_PRICE,EXPIRED,EMP-4295
CON-006664,VND-02382,84671.85,INR,2022-06-16,2023-07-30,RETAINER,EXPIRED,EMP-45154
CON-006665,VND-04337,613245.84,CAD,2021-09-30,2023-11-22,FRAMEWORK,TERMINATED,EMP-7890
CON-006666,VND-04274,7399.03,EUR,2023-05-26,2025-11-02,TIME_AND_MATERIAL,ACTIVE,EMP-12839
CON-006667,VND-03635,56519.12,USD,2022-11-11,2023-11-29,MASTER_SERVICE,EXPIRED,EMP-66882
CON-006668,VND-03644,31965.68,GBP,2022-08-14,2025-04-05,PURCHASE_ORDER,EXPIRED,EMP-31409
CON-006669,VND-04251,648919.43,USD,2020-08-17,2022-04-15,MASTER_SERVICE,ACTIVE,EMP-27400
CON-006670,VND-03269,5000.0,USD,2018-07-14,2020-05-18,FRAMEWORK,EXPIRED,EMP-6924
CON-006671,VND-04413,523170.67,AUD,2018-04-29,2020-03-02,PURCHASE_ORDER,ACTIVE,EMP-6629
CON-006672,VND-03348,318882.12,USD,2021-02-15,2021-11-13,PURCHASE_ORDER,TERMINATED,EMP-33730
CON-006673,VND-02815,470131.37,USD,2019-03-21,2021-09-28,TIME_AND_MATERIAL,EXPIRED,EMP-73676
CON-006674,VND-00688,49968.28,USD,2019-11-25,2020-08-14,FRAMEWORK,EXPIRED,EMP-65196
CON-006675,VND-02801,9780.07,USD,2019-04-26,2020-07-06,RETAINER,EXPIRED,EMP-22973
CON-006676,VND-00500,22638.55,USD,2023-11-30,2026-06-11,MASTER_SERVICE,ACTIVE,EMP-CORP-00074
CON-006677,VND-00293,16528.44,GBP,2018-10-11,2019-06-09,FRAMEWORK,EXPIRED,EMP-34292
CON-006678,VND-04852,1719724.44,USD,2019-07-15,2022-01-15,FRAMEWORK,EXPIRED,EMP-51043
CON-006679,VND-01248,1583516.02,GBP,2020-10-08,2022-04-02,TIME_AND_MATERIAL,ACTIVE,EMP-64076
CON-006680,VND-00498,733830.95,USD,2018-02-14,2019-11-12,FIXED_PRICE,EXPIRED,EMP-63026
CON-006681,VND-04919,24049.38,USD,2023-05-15,2024-12-20,SLA,EXPIRED,EMP-42583
CON-006682,VND-04037,694574.71,USD,2018-07-10,2019-09-03,SLA,EXPIRED,EMP-16280
CON-006683,VND-01858,15412.3,CAD,2018-10-12,2020-07-23,FRAMEWORK,EXPIRED,EMP-46200
CON-006684,VND-00654,171514.57,USD,2019-03-08,2020-12-15,RETAINER,EXPIRED,EMP-43304
CON-006685,VND-03223,246870.53,EUR,2018-04-09,2019-01-10,MASTER_SERVICE,EXPIRED,EMP-17952
CON-006686,VND-01393,16672.32,USD,2018-06-05,2020-06-30,SLA,EXPIRED,EMP-45704
CON-006687,VND-03644,42162.86,USD,2018-05-22,2020-09-06,SLA,EXPIRED,EMP-63464
CON-006688,VND-01394,1307984.47,EUR,2019-01-14,2021-08-26,MASTER_SERVICE,TERMINATED,EMP-65770
CON-006689,VND-01006,1222723.9,SGD,2023-11-12,2026-08-22,FIXED_PRICE,ACTIVE,EMP-37938
CON-006690,VND-00742,305282.28,USD,2022-07-28,2023-09-27,FRAMEWORK,EXPIRED,EMP-52279
CON-006691,VND-03162,38494.11,EUR,2021-10-16,2024-02-05,RETAINER,EXPIRED,EMP-44864
CON-006692,VND-03172,1253109.32,INR,2022-08-26,2023-08-04,MASTER_SERVICE,EXPIRED,MGR-1.0
CON-006693,VND-03997,19494.92,EUR,2021-06-21,2023-08-29,SLA,EXPIRED,EMP-65508
CON-006694,VND-03852,23571.95,USD,2018-10-29,2021-08-08,MASTER_SERVICE,TERMINATED,EMP-24503
CON-006695,VND-02874,727220.53,USD,2021-03-29,2022-04-08,SLA,EXPIRED,EMP-67541
CON-006696,VND-01159,10697.84,USD,2023-06-27,2026-01-25,RETAINER,ACTIVE,EMP-56304
CON-006697,VND-02537,633507.38,CAD,2023-12-05,2026-08-19,FIXED_PRICE,ACTIVE,EMP-24625
CON-006698,VND-04643,281377.51,USD,2018-03-22,2019-06-30,SLA,EXPIRED,EMP-46696
CON-006699,VND-01959,130586.87,GBP,2020-05-09,2021-06-24,MASTER_SERVICE,EXPIRED,EMP-38586
CON-006700,VND-00582,39769.15,GBP,2021-10-03,2024-04-03,TIME_AND_MATERIAL,EXPIRED,EMP-71881
CON-006701,VND-00429,432366.05,CAD,2022-10-22,2024-01-08,SLA,EXPIRED,EMP-31990
CON-006702,VND-00244,5000.0,USD,2021-08-04,2023-06-07,RETAINER,TERMINATED,EMP-13742
CON-006703,VND-00101,9031.68,EUR,2019-09-21,2021-04-24,FIXED_PRICE,EXPIRED,EMP-70225
CON-006704,VND-03394,17995.63,INR,2021-11-24,2023-10-05,PURCHASE_ORDER,TERMINATED,EMP-67082
CON-006705,VND-02764,432534.95,USD,2022-12-21,2024-04-28,MASTER_SERVICE,EXPIRED,EMP-41425
CON-006706,VND-04318,9502.65,CAD,2019-06-16,2020-10-31,TIME_AND_MATERIAL,EXPIRED,EMP-27865
CON-006707,VND-02879,331797.01,CAD,2019-08-16,2021-03-19,FRAMEWORK,EXPIRED,EMP-73112
CON-006708,VND-00484,5000.0,EUR,2022-04-20,2024-12-07,SLA,EXPIRED,EMP-14475
CON-006709,VND-04620,1107267.74,USD,2021-03-02,2024-01-17,MASTER_SERVICE,EXPIRED,EMP-2473
CON-006710,VND-00085,104412.19,AUD,2020-06-02,2021-03-19,FIXED_PRICE,TERMINATED,EMP-73887
CON-006711,VND-02883,25013.78,EUR,2023-03-06,2025-11-10,MASTER_SERVICE,ACTIVE,EMP-23537
CON-006712,VND-03515,1283676.13,EUR,2023-03-30,2024-01-19,TIME_AND_MATERIAL,EXPIRED,EMP-71326
CON-006713,VND-01978,1721118.46,USD,2020-07-12,2022-07-31,SLA,EXPIRED,EMP-50911
CON-006714,VND-00437,53094.57,USD,2019-03-17,2020-01-10,MASTER_SERVICE,EXPIRED,EMP-10808
CON-006715,VND-00959,32003.33,INR,2022-04-14,2024-05-01,RETAINER,EXPIRED,EMP-33296
CON-006716,VND-02290,376039.12,USD,2020-03-01,2022-05-18,FIXED_PRICE,EXPIRED,EMP-7368
CON-006717,VND-03203,104415.2,INR,2018-02-15,2020-05-18,TIME_AND_MATERIAL,EXPIRED,EMP-34764
CON-006718,VND-03501,3160374.79,SGD,2020-06-23,2021-08-16,MASTER_SERVICE,EXPIRED,EMP-21574
CON-006719,VND-01717,561289.98,USD,2019-11-11,2020-11-12,TIME_AND_MATERIAL,EXPIRED,EMP-71726
CON-006720,VND-04070,12012.09,USD,2023-03-20,2025-08-24,PURCHASE_ORDER,ACTIVE,EMP-31141
CON-006721,VND-00231,5000.0,GBP,2018-09-22,2020-09-27,RETAINER,EXPIRED,EMP-41448
CON-006722,VND-01243,5000.0,EUR,2022-08-04,2024-10-23,MASTER_SERVICE,TERMINATED,EMP-69426
CON-006723,VND-03328,1726576.27,USD,2023-03-21,2025-03-29,FIXED_PRICE,EXPIRED,EMP-64448
CON-006724,VND-00082,2341544.64,USD,2020-11-07,2023-08-20,TIME_AND_MATERIAL,EXPIRED,EMP-42463
CON-006725,VND-00013,509809.12,GBP,2022-05-24,2024-11-09,MASTER_SERVICE,EXPIRED,EMP-CORP-00046
CON-006726,VND-04163,536493.9,CAD,2022-03-20,2023-09-13,TIME_AND_MATERIAL,EXPIRED,EMP-68363
CON-006727,VND-01986,1015991.62,EUR,2023-03-22,2026-02-09,FIXED_PRICE,ACTIVE,EMP-67824
CON-006728,VND-04050,265196.13,INR,2018-02-03,2018-08-04,FRAMEWORK,EXPIRED,EMP-5604
CON-006729,VND-00459,125061.94,USD,2020-04-19,2023-03-31,FRAMEWORK,EXPIRED,EMP-52416
CON-006730,VND-00575,441020.07,GBP,2018-01-26,2018-08-04,FRAMEWORK,EXPIRED,EMP-7630
CON-006731,VND-01559,30544.95,USD,2021-08-07,2023-12-03,FRAMEWORK,EXPIRED,EMP-40966
CON-006732,VND-02690,32202.09,EUR,2018-10-09,2020-01-14,FIXED_PRICE,TERMINATED,EMP-45613
CON-006733,VND-02471,5000.0,USD,2023-01-23,2024-08-24,PURCHASE_ORDER,EXPIRED,EMP-71663
CON-006734,VND-02941,12221.31,SGD,2023-09-27,2024-07-23,FIXED_PRICE,EXPIRED,EMP-73740
CON-006735,VND-01895,28393.54,USD,2022-02-08,2023-01-07,RETAINER,EXPIRED,EMP-35791
CON-006736,VND-03503,1231611.22,USD,2020-12-02,2023-07-18,MASTER_SERVICE,EXPIRED,EMP-66859
CON-006737,VND-02115,11951.01,USD,2018-01-30,2018-10-07,RETAINER,EXPIRED,EMP-55346
CON-006738,VND-04589,11847.13,USD,2023-09-19,2024-06-06,TIME_AND_MATERIAL,EXPIRED,EMP-54778
CON-006739,VND-01528,52431.77,USD,2021-06-13,2024-06-08,FRAMEWORK,EXPIRED,EMP-42256
CON-006740,VND-02556,769650.9,USD,2020-01-20,2021-06-05,RETAINER,EXPIRED,EMP-74087
CON-006741,VND-04563,74897.17,EUR,2021-09-29,2022-08-20,FIXED_PRICE,EXPIRED,EMP-74069
CON-006742,VND-01315,5000.0,USD,2018-07-21,2020-04-06,MASTER_SERVICE,EXPIRED,EMP-58011
CON-006743,VND-00808,7162704.07,USD,2018-06-25,2019-01-31,RETAINER,EXPIRED,EMP-23104
CON-006744,VND-00626,30283.63,USD,2020-01-22,2022-08-09,PURCHASE_ORDER,EXPIRED,EMP-36498
CON-006745,VND-02493,14384.1,CAD,2018-12-13,2021-09-02,FRAMEWORK,EXPIRED,EMP-23168
CON-006746,VND-01716,2039374.23,EUR,2018-03-16,2019-03-18,SLA,EXPIRED,MGR-3517
CON-006747,VND-04572,43738.19,EUR,2021-08-27,2023-05-23,FRAMEWORK,TERMINATED,EMP-65667
CON-006748,VND-02192,863893.06,INR,2022-06-21,2022-12-25,PURCHASE_ORDER,EXPIRED,EMP-44671
CON-006749,VND-03222,167788.13,CAD,2022-03-15,2024-11-30,PURCHASE_ORDER,EXPIRED,EMP-28405
CON-006750,VND-01947,135477.52,USD,2021-07-21,2022-08-27,SLA,TERMINATED,EMP-65512
CON-006751,VND-03337,12760.61,USD,2019-05-14,2021-02-28,TIME_AND_MATERIAL,TERMINATED,EMP-52740
CON-006752,VND-02026,518805.7,USD,2023-06-14,2025-09-04,FIXED_PRICE,ACTIVE,EMP-62867
CON-006753,VND-03885,8019.76,INR,2022-05-12,2023-06-21,PURCHASE_ORDER,EXPIRED,EMP-16131
CON-006754,VND-01501,38638.02,USD,2023-06-03,2024-06-22,FIXED_PRICE,EXPIRED,EMP-29684
CON-006755,VND-04355,509036.94,GBP,2021-01-31,2023-02-09,FRAMEWORK,EXPIRED,EMP-CORP-00536
CON-006756,VND-01230,12184.91,USD,2019-02-17,2021-02-21,TIME_AND_MATERIAL,EXPIRED,EMP-57487
CON-006757,VND-00501,51876.1,EUR,2019-11-19,2021-05-02,SLA,TERMINATED,EMP-35063
CON-006758,VND-01250,428392.79,USD,2023-03-14,2024-03-31,FRAMEWORK,ACTIVE,EMP-57331
CON-006759,VND-01283,302038.26,USD,2018-05-08,2019-06-29,SLA,TERMINATED,EMP-56159
CON-006760,VND-02470,1078352.59,CAD,2022-02-05,2024-05-20,MASTER_SERVICE,EXPIRED,EMP-70724
CON-006761,VND-00002,5000.0,EUR,2019-01-28,2020-09-26,SLA,EXPIRED,EMP-RM264
CON-006762,VND-02959,5000.0,AUD,2018-09-07,2021-06-22,RETAINER,TERMINATED,EMP-40384
CON-006763,VND-01875,199730.8,USD,2023-08-08,2024-04-14,PURCHASE_ORDER,EXPIRED,EMP-23576
CON-006764,VND-00582,5349314.94,AUD,2019-06-20,2021-12-13,MASTER_SERVICE,ACTIVE,EMP-54501
CON-006765,VND-02367,630798.44,USD,2021-08-14,2022-11-03,FIXED_PRICE,EXPIRED,EMP-49150
CON-006766,VND-01367,2442956.36,GBP,2018-04-01,2020-12-15,SLA,TERMINATED,EMP-70276
CON-006767,VND-01398,200054.19,GBP,2021-07-20,2024-06-14,RETAINER,EXPIRED,EMP-1208
CON-006768,VND-03952,1016570.58,GBP,2023-09-21,2026-03-18,TIME_AND_MATERIAL,ACTIVE,EMP-149
CON-006769,VND-00260,178862.69,USD,2022-06-28,2023-06-30,MASTER_SERVICE,TERMINATED,EMP-5847
CON-006770,VND-03700,83062.06,EUR,2023-07-15,2024-12-17,SLA,EXPIRED,EMP-17602
CON-006771,VND-04862,114733.39,GBP,2019-12-30,2021-01-16,MASTER_SERVICE,EXPIRED,EMP-CORP-00403
CON-006772,VND-00141,22536.62,USD,2021-06-16,2023-09-30,RETAINER,EXPIRED,EMP-24112
CON-006773,VND-03437,9048.83,USD,2018-07-29,2021-02-07,FIXED_PRICE,EXPIRED,EMP-66648
CON-006774,VND-03872,11118.97,INR,2020-10-05,2021-06-14,PURCHASE_ORDER,EXPIRED,EMP-44872
CON-006775,VND-04125,2018065.78,EUR,2019-10-13,2020-08-30,SLA,EXPIRED,EMP-9753
CON-006776,VND-03678,5000.0,SGD,2018-02-04,2018-11-23,SLA,EXPIRED,EMP-42055
CON-006777,VND-02087,51453.01,USD,2021-11-09,2022-07-19,FRAMEWORK,TERMINATED,EMP-8209
CON-006778,VND-04002,7316.9,INR,2020-09-25,2021-12-16,MASTER_SERVICE,EXPIRED,EMP-59355
CON-006779,VND-03891,5000.0,INR,2021-08-16,2022-09-30,TIME_AND_MATERIAL,EXPIRED,EMP-8224
CON-006780,VND-03731,58403.3,EUR,2021-04-08,2022-06-09,RETAINER,TERMINATED,EMP-52724
CON-006781,VND-00830,4065154.42,USD,2022-04-06,2023-09-28,RETAINER,EXPIRED,EMP-RM345
CON-006782,VND-03361,1905014.21,INR,2018-08-13,2020-09-22,PURCHASE_ORDER,EXPIRED,EMP-4159
CON-006783,VND-02740,6372.82,USD,2022-06-06,2023-02-01,TIME_AND_MATERIAL,EXPIRED,EMP-18362
CON-006784,VND-01558,613141.22,CAD,2020-06-18,2023-03-02,RETAINER,EXPIRED,EMP-12980
CON-006785,VND-04481,9434.13,USD,2019-08-07,2020-02-16,PURCHASE_ORDER,EXPIRED,EMP-5801
CON-006786,VND-02759,12966.97,EUR,2019-10-25,2021-11-12,SLA,EXPIRED,EMP-17613
CON-006787,VND-02596,911620.54,USD,2023-01-05,2024-05-25,SLA,TERMINATED,EMP-71929
CON-006788,VND-03091,20113.16,EUR,2018-12-18,2019-07-19,FIXED_PRICE,EXPIRED,EMP-63935
CON-006789,VND-03383,16514.04,GBP,2018-01-31,2020-09-19,PURCHASE_ORDER,EXPIRED,EMP-23886
CON-006790,VND-02614,688530.82,INR,2020-09-19,2021-05-05,MASTER_SERVICE,EXPIRED,EMP-29391
CON-006791,VND-03213,16048.03,USD,2019-12-08,2022-02-18,SLA,EXPIRED,EMP-15387
CON-006792,VND-04082,505333.32,GBP,2023-07-06,2024-01-18,SLA,EXPIRED,EMP-19827
CON-006793,VND-01430,96566.66,USD,2021-12-29,2023-06-29,MASTER_SERVICE,EXPIRED,EMP-55552
CON-006794,VND-00902,879001.12,EUR,2019-02-26,2021-04-14,FIXED_PRICE,EXPIRED,EMP-28494
CON-006795,VND-02495,22127.7,GBP,2018-03-04,2019-05-14,MASTER_SERVICE,TERMINATED,EMP-62763
CON-006796,VND-02640,21647.94,USD,2023-07-29,2025-07-16,FRAMEWORK,ACTIVE,EMP-38356
CON-006797,VND-00460,14519.55,INR,2023-08-18,2025-08-02,RETAINER,ACTIVE,EMP-47595
CON-006798,VND-00885,47469.66,GBP,2023-12-04,2026-11-07,SLA,ACTIVE,EMP-28563
CON-006799,VND-02208,585140.24,USD,2018-02-21,2018-09-02,TIME_AND_MATERIAL,EXPIRED,EMP-58118
CON-006800,VND-01554,10447.38,USD,2022-03-11,2023-09-20,MASTER_SERVICE,EXPIRED,EMP-22163
CON-006801,VND-00944,805548.42,USD,2020-03-11,2021-09-18,FIXED_PRICE,TERMINATED,EMP-72029
CON-006802,VND-02296,659146.03,GBP,2021-12-26,2022-07-23,FRAMEWORK,ACTIVE,EMP-6287
CON-006803,VND-04325,29496.18,INR,2019-02-04,2021-10-27,TIME_AND_MATERIAL,EXPIRED,EMP-CORP-00430
CON-006804,VND-04386,64212.34,USD,2023-03-25,2025-02-04,TIME_AND_MATERIAL,TERMINATED,EMP-46678
CON-006805,VND-01093,2813022.02,USD,2023-08-11,2024-02-28,FRAMEWORK,EXPIRED,EMP-48786
CON-006806,VND-01323,1010947.84,USD,2020-02-26,2022-11-01,MASTER_SERVICE,EXPIRED,EMP-RM315
CON-006807,VND-00091,165468.0,USD,2021-05-21,2022-10-12,MASTER_SERVICE,EXPIRED,EMP-67226
CON-006808,VND-00895,109472.31,EUR,2021-03-26,2022-02-05,SLA,EXPIRED,EMP-12700
CON-006809,VND-04820,14389.81,USD,2021-09-05,2022-10-14,PURCHASE_ORDER,EXPIRED,EMP-66870
CON-006810,VND-04183,12413.17,USD,2022-08-09,2024-04-21,FRAMEWORK,EXPIRED,EMP-74099
CON-006811,VND-02207,98626.49,USD,2018-07-28,2020-11-23,TIME_AND_MATERIAL,TERMINATED,EMP-11075
CON-006812,VND-04663,77250.31,USD,2022-04-11,2024-11-03,PURCHASE_ORDER,TERMINATED,EMP-20103
CON-006813,VND-00432,5857.17,EUR,2023-01-20,2024-02-10,RETAINER,EXPIRED,EMP-49513
CON-006814,VND-03380,5545442.51,USD,2019-12-19,2021-02-14,RETAINER,EXPIRED,EMP-RM467
CON-006815,VND-03319,5696.12,EUR,2018-04-18,2020-12-29,PURCHASE_ORDER,EXPIRED,EMP-64565
CON-006816,VND-00464,15238.2,CAD,2018-05-21,2021-02-03,PURCHASE_ORDER,EXPIRED,EMP-49599
CON-006817,VND-02249,642276.21,USD,2022-06-18,2023-07-19,PURCHASE_ORDER,EXPIRED,EMP-29829
CON-006818,VND-04040,241332.75,INR,2022-03-06,2022-11-15,FRAMEWORK,EXPIRED,EMP-29391
CON-006819,VND-04261,283401.29,USD,2019-10-04,2020-10-09,PURCHASE_ORDER,EXPIRED,EMP-24253
CON-006820,VND-01335,2775825.37,USD,2018-01-29,2020-04-11,TIME_AND_MATERIAL,TERMINATED,EMP-43449
CON-006821,VND-03837,5000.0,EUR,2018-04-28,2019-01-15,FIXED_PRICE,EXPIRED,EMP-25393
CON-006822,VND-03794,59661.52,USD,2019-04-19,2021-01-25,RETAINER,EXPIRED,EMP-11806
CON-006823,VND-04596,74860.99,EUR,2022-06-14,2024-03-02,FIXED_PRICE,EXPIRED,EMP-39730
CON-006824,VND-02318,383630.91,GBP,2020-11-23,2022-04-05,RETAINER,TERMINATED,EMP-43356
CON-006825,VND-02343,1028942.05,EUR,2023-05-26,2026-05-23,PURCHASE_ORDER,DRAFT,EMP-39225
CON-006826,VND-01505,5000.0,EUR,2023-12-23,2024-09-04,FRAMEWORK,TERMINATED,EMP-42430
CON-006827,VND-00116,76479.46,USD,2019-01-24,2020-01-24,SLA,EXPIRED,EMP-52776
CON-006828,VND-02251,626296.6,GBP,2023-01-07,2024-01-15,FRAMEWORK,EXPIRED,EMP-49106
CON-006829,VND-00886,1266393.22,USD,2021-06-01,2024-04-17,RETAINER,EXPIRED,EMP-945
CON-006830,VND-00341,944269.55,AUD,2022-11-02,2025-05-12,FRAMEWORK,EXPIRED,EMP-37778
CON-006831,VND-02149,546806.31,INR,2022-11-04,2024-01-15,FRAMEWORK,EXPIRED,EMP-8638
CON-006832,VND-01457,435307.22,USD,2018-08-19,2019-10-16,TIME_AND_MATERIAL,EXPIRED,EMP-55723
CON-006833,VND-01255,1577262.4,CAD,2020-11-11,2022-08-14,SLA,EXPIRED,EMP-13508
CON-006834,VND-01836,1790893.36,INR,2023-01-16,2023-08-17,PURCHASE_ORDER,ACTIVE,EMP-47497
CON-006835,VND-02858,14274.74,SGD,2018-10-12,2019-11-19,MASTER_SERVICE,EXPIRED,EMP-64094
CON-006836,VND-01512,35764.74,USD,2019-08-20,2020-07-24,SLA,ACTIVE,EMP-68930
CON-006837,VND-02877,324842.85,EUR,2020-11-08,2023-07-13,TIME_AND_MATERIAL,EXPIRED,EMP-23841
CON-006838,VND-03883,19904.0,EUR,2021-04-27,2022-04-27,RETAINER,EXPIRED,EMP-58487
CON-006839,VND-01769,1546532.29,USD,2020-06-07,2021-05-28,MASTER_SERVICE,EXPIRED,EMP-48827
CON-006840,VND-02387,9412.65,USD,2022-12-18,2025-11-06,MASTER_SERVICE,SUSPENDED,EMP-53782
CON-006841,VND-02194,1382685.26,INR,2023-12-31,2025-07-11,SLA,SUSPENDED,EMP-3876
CON-006842,VND-03602,33219.19,GBP,2020-12-28,2022-12-11,RETAINER,EXPIRED,EMP-858
CON-006843,VND-01553,71167.26,INR,2023-05-16,2025-11-23,MASTER_SERVICE,ACTIVE,EMP-28018
CON-006844,VND-03925,206794.68,EUR,2021-04-05,2022-03-17,FIXED_PRICE,EXPIRED,EMP-6364
CON-006845,VND-02599,65178.27,SGD,2019-09-19,2021-05-03,MASTER_SERVICE,EXPIRED,EMP-RM791
CON-006846,VND-04423,65881.23,USD,2022-06-22,2025-04-19,SLA,EXPIRED,EMP-19191
CON-006847,VND-00410,292377.74,USD,2018-08-06,2019-09-19,SLA,EXPIRED,EMP-53599
CON-006848,VND-01131,1084337.12,USD,2018-12-02,2019-09-18,TIME_AND_MATERIAL,TERMINATED,EMP-43638
CON-006849,VND-02458,5000.0,USD,2021-04-01,2023-09-26,MASTER_SERVICE,EXPIRED,EMP-70799
CON-006850,VND-03900,6041.85,AUD,2023-09-22,2024-05-09,FRAMEWORK,EXPIRED,EMP-54621
CON-006851,VND-00031,24371.66,CAD,2018-07-10,2020-05-31,PURCHASE_ORDER,EXPIRED,EMP-67430
CON-006852,VND-00461,53248.64,USD,2018-11-24,2020-07-22,RETAINER,ACTIVE,EMP-52291
CON-006853,VND-04743,35441.02,EUR,2023-10-09,2024-06-11,FRAMEWORK,TERMINATED,EMP-62471
CON-006854,VND-00917,1442844.7,USD,2022-06-09,2024-10-08,TIME_AND_MATERIAL,EXPIRED,EMP-14236
CON-006855,VND-03297,118328.18,SGD,2018-07-28,2020-03-13,FIXED_PRICE,EXPIRED,EMP-29786
CON-006856,VND-04290,14395.42,USD,2021-03-21,2023-12-01,TIME_AND_MATERIAL,EXPIRED,EMP-61710
CON-006857,VND-02796,30690.63,USD,2021-01-21,2023-08-09,MASTER_SERVICE,EXPIRED,EMP-RM402
CON-006858,VND-02901,932774.55,USD,2023-08-19,2025-04-23,PURCHASE_ORDER,ACTIVE,EMP-63460
CON-006859,VND-00873,831747.77,GBP,2022-09-04,2024-02-03,PURCHASE_ORDER,EXPIRED,EMP-65017
CON-006860,VND-03643,5000.0,USD,2019-03-21,2020-09-02,PURCHASE_ORDER,EXPIRED,EMP-39816
CON-006861,VND-03819,5000.0,USD,2020-05-21,2021-05-22,SLA,EXPIRED,EMP-15175
CON-006862,VND-04529,5000.0,USD,2023-10-21,2025-05-02,FIXED_PRICE,ACTIVE,EMP-1996
CON-006863,VND-02670,50491.77,USD,2021-10-28,2023-06-26,TIME_AND_MATERIAL,EXPIRED,EMP-12121
CON-006864,VND-00011,218954.7,USD,2022-02-13,2024-06-10,FRAMEWORK,EXPIRED,EMP-RM327
CON-006865,VND-03558,331885.97,GBP,2020-08-25,2021-12-27,RETAINER,EXPIRED,EMP-20430
CON-006866,VND-01514,5000.0,USD,2023-10-31,2026-02-10,TIME_AND_MATERIAL,SUSPENDED,EMP-46029
CON-006867,VND-02861,122310.62,USD,2020-05-08,2021-12-12,MASTER_SERVICE,TERMINATED,EMP-17752
CON-006868,VND-04376,902754.2,USD,2022-07-09,2023-05-05,SLA,EXPIRED,EMP-46515
CON-006869,VND-00086,1168236.36,USD,2021-01-24,2023-08-06,RETAINER,EXPIRED,EMP-22681
CON-006870,VND-02843,15949.73,USD,2021-06-30,2023-04-19,RETAINER,EXPIRED,EMP-17969
CON-006871,VND-03869,12528.93,USD,2023-02-06,2025-05-11,FRAMEWORK,TERMINATED,EMP-15164
CON-006872,VND-00201,136655.48,GBP,2019-01-25,2019-11-16,FIXED_PRICE,EXPIRED,EMP-70628
CON-006873,VND-04536,7027.13,CAD,2021-11-15,2022-10-20,TIME_AND_MATERIAL,EXPIRED,EMP-40309
CON-006874,VND-02324,98309.39,GBP,2018-02-10,2019-01-28,SLA,EXPIRED,EMP-63090
CON-006875,VND-01311,11685.46,INR,2021-07-30,2024-06-28,PURCHASE_ORDER,EXPIRED,EMP-CORP-00447
CON-006876,VND-03549,32042.01,GBP,2020-05-28,2022-10-06,PURCHASE_ORDER,EXPIRED,EMP-42520
CON-006877,VND-02363,41606.82,USD,2018-10-17,2020-05-21,TIME_AND_MATERIAL,EXPIRED,EMP-11705
CON-006878,VND-02678,316941.15,SGD,2022-11-20,2023-08-31,FRAMEWORK,EXPIRED,EMP-12954
CON-006879,VND-02547,119339.89,USD,2021-08-17,2024-04-06,FIXED_PRICE,EXPIRED,EMP-36841
CON-006880,VND-02202,27660.0,EUR,2019-07-16,2020-12-05,SLA,EXPIRED,EMP-24723
CON-006881,VND-04853,433450.0,USD,2020-05-06,2021-05-25,TIME_AND_MATERIAL,EXPIRED,EMP-71721
CON-006882,VND-03669,20133.61,INR,2022-01-15,2023-01-26,FIXED_PRICE,TERMINATED,EMP-59866
CON-006883,VND-02215,5000.0,USD,2023-11-14,2026-06-03,MASTER_SERVICE,ACTIVE,EMP-57379
CON-006884,VND-03841,661265.87,EUR,2023-01-29,2024-01-01,TIME_AND_MATERIAL,EXPIRED,EMP-60541
CON-006885,VND-03745,5000.0,GBP,2018-10-29,2020-02-25,RETAINER,EXPIRED,EMP-12349
CON-006886,VND-02102,124360.19,USD,2023-12-02,2025-10-21,MASTER_SERVICE,ACTIVE,EMP-66553
CON-006887,VND-03540,7056.76,USD,2023-09-16,2025-09-02,MASTER_SERVICE,ACTIVE,EMP-38290
CON-006888,VND-02978,31086.91,SGD,2019-04-14,2020-11-13,PURCHASE_ORDER,EXPIRED,EMP-57494
CON-006889,VND-00765,127903.38,USD,2023-10-20,2024-06-07,MASTER_SERVICE,EXPIRED,EMP-11043
CON-006890,VND-02065,237595.7,INR,2021-07-29,2022-06-10,RETAINER,TERMINATED,EMP-2648
CON-006891,VND-01124,5000.0,USD,2022-02-02,2024-03-13,MASTER_SERVICE,EXPIRED,EMP-5312
CON-006892,VND-02026,1430667.94,SGD,2019-03-16,2021-10-19,TIME_AND_MATERIAL,EXPIRED,EMP-26873
CON-006893,VND-04385,5000.0,USD,2019-08-28,2021-05-17,FRAMEWORK,TERMINATED,EMP-23500
CON-006894,VND-03826,609010.16,USD,2018-04-17,2021-04-09,FIXED_PRICE,EXPIRED,EMP-24234
CON-006895,VND-01611,39881.65,USD,2018-09-09,2021-02-06,FIXED_PRICE,EXPIRED,EMP-64090
CON-006896,VND-04942,834637.58,USD,2023-11-12,2026-08-13,SLA,ACTIVE,EMP-65775
CON-006897,VND-02128,212382.86,AUD,2020-06-06,2022-01-24,RETAINER,EXPIRED,EMP-46556
CON-006898,VND-04686,99120.1,USD,2021-11-13,2023-03-27,MASTER_SERVICE,EXPIRED,EMP-42318
CON-006899,VND-04774,223770.37,USD,2022-06-09,2024-04-04,PURCHASE_ORDER,ACTIVE,EMP-13155
CON-006900,VND-00093,24462.56,AUD,2023-07-18,2025-03-13,FRAMEWORK,EXPIRED,EMP-8324
CON-006901,VND-00222,420869.88,CAD,2020-10-08,2022-03-09,FIXED_PRICE,EXPIRED,EMP-58496
CON-006902,VND-03997,20840.08,GBP,2023-02-28,2025-08-18,TIME_AND_MATERIAL,ACTIVE,EMP-71479
CON-006903,VND-04228,200861.05,USD,2022-04-14,2023-07-14,FRAMEWORK,EXPIRED,EMP-72464
CON-006904,VND-02784,1011116.89,EUR,2020-08-03,2021-10-09,TIME_AND_MATERIAL,TERMINATED,EMP-26255
CON-006905,VND-02615,5000.0,SGD,2022-07-24,2024-08-01,FRAMEWORK,EXPIRED,EMP-46833
CON-006906,VND-03632,8887.27,SGD,2021-01-29,2022-08-31,FIXED_PRICE,EXPIRED,EMP-61579
CON-006907,VND-03063,5000.0,EUR,2021-10-16,2023-11-14,RETAINER,EXPIRED,EMP-2247
CON-006908,VND-02165,1435553.21,EUR,2020-06-04,2021-07-26,PURCHASE_ORDER,EXPIRED,EMP-47762
CON-006909,VND-01971,352978.8,USD,2020-09-02,2022-12-13,FRAMEWORK,EXPIRED,EMP-27400
CON-006910,VND-01532,11731.72,USD,2022-09-04,2024-08-08,FIXED_PRICE,EXPIRED,EMP-13509
CON-006911,VND-03136,75731.92,USD,2019-03-01,2020-03-08,RETAINER,EXPIRED,EMP-67046
CON-006912,VND-01927,18769.38,USD,2023-06-07,2025-01-07,PURCHASE_ORDER,TERMINATED,EMP-25922
CON-006913,VND-04112,1520885.88,USD,2023-11-15,2024-08-27,FRAMEWORK,EXPIRED,EMP-41952
CON-006914,VND-00963,5000.0,USD,2021-08-24,2023-06-27,PURCHASE_ORDER,EXPIRED,EMP-5989
CON-006915,VND-01472,35689.96,INR,2022-11-09,2025-02-15,FRAMEWORK,EXPIRED,EMP-46682
CON-006916,VND-04209,5000.0,USD,2023-11-18,2024-05-21,MASTER_SERVICE,EXPIRED,EMP-866
CON-006917,VND-03208,73798.06,USD,2020-10-20,2023-01-02,MASTER_SERVICE,TERMINATED,EMP-33042
CON-006918,VND-03978,20856.25,GBP,2020-11-22,2023-01-01,TIME_AND_MATERIAL,EXPIRED,EMP-36734
CON-006919,VND-00803,1982507.43,USD,2023-01-31,2024-01-31,FIXED_PRICE,TERMINATED,EMP-24702
CON-006920,VND-03736,572503.25,USD,2018-10-24,2019-08-15,FRAMEWORK,EXPIRED,EMP-37684
CON-006921,VND-03693,105476.09,USD,2022-09-12,2025-03-03,TIME_AND_MATERIAL,EXPIRED,EMP-32857
CON-006922,VND-00497,48818.12,EUR,2019-10-31,2021-01-18,PURCHASE_ORDER,EXPIRED,EMP-43396
CON-006923,VND-00679,30191.32,USD,2021-08-12,2024-03-25,FRAMEWORK,EXPIRED,EMP-CORP-00374
CON-006924,VND-02130,5000.0,USD,2022-07-30,2024-06-09,RETAINER,EXPIRED,EMP-4006
CON-006925,VND-00053,56209.65,USD,2020-09-26,2022-06-27,FRAMEWORK,TERMINATED,EMP-45919
CON-006926,VND-04783,442937.33,USD,2023-12-06,2025-09-24,FRAMEWORK,ACTIVE,EMP-23886
CON-006927,VND-03377,5325.83,USD,2020-08-08,2021-11-01,RETAINER,ACTIVE,EMP-32005
CON-006928,VND-00299,170602.09,USD,2021-12-02,2023-09-16,MASTER_SERVICE,EXPIRED,EMP-69578
CON-006929,VND-03705,289105.71,GBP,2019-04-13,2021-03-12,TIME_AND_MATERIAL,EXPIRED,EMP-16719
CON-006930,VND-03984,67908.71,USD,2022-09-11,2023-07-28,MASTER_SERVICE,EXPIRED,EMP-19813
CON-006931,VND-03833,5000.0,USD,2021-09-27,2023-02-04,SLA,EXPIRED,EMP-68021
CON-006932,VND-02017,814713.0,USD,2021-11-10,2024-08-19,PURCHASE_ORDER,EXPIRED,EMP-68141
CON-006933,VND-03322,189091.62,EUR,2019-07-31,2020-09-05,MASTER_SERVICE,ACTIVE,EMP-61674
CON-006934,VND-02512,956298.93,USD,2023-11-29,2025-09-30,FIXED_PRICE,ACTIVE,EMP-59149
CON-006935,VND-04513,5000.0,SGD,2021-12-22,2024-07-13,FRAMEWORK,EXPIRED,EMP-51398
CON-006936,VND-02880,1600070.44,AUD,2023-01-25,2026-01-18,RETAINER,ACTIVE,EMP-47942
CON-006937,VND-00133,193619.3,EUR,2023-07-18,2025-06-15,TIME_AND_MATERIAL,ACTIVE,EMP-5490
CON-006938,VND-03425,391966.47,USD,2020-07-05,2022-09-23,FIXED_PRICE,EXPIRED,EMP-31345
CON-006939,VND-04679,513303.36,USD,2021-09-10,2024-06-15,FRAMEWORK,EXPIRED,EMP-67310
CON-006940,VND-02593,27131.57,USD,2019-05-12,2020-01-10,PURCHASE_ORDER,ACTIVE,EMP-RM190
CON-006941,VND-02125,311219.77,AUD,2023-12-07,2026-03-13,FIXED_PRICE,ACTIVE,EMP-8990
CON-006942,VND-01861,30421.95,EUR,2018-10-28,2019-11-28,PURCHASE_ORDER,EXPIRED,EMP-42934
CON-006943,VND-01112,667011.27,INR,2021-08-18,2024-01-26,PURCHASE_ORDER,EXPIRED,EMP-9494
CON-006944,VND-01613,542750.69,USD,2019-04-03,2019-11-14,FIXED_PRICE,EXPIRED,EMP-46533
CON-006945,VND-04554,5000.0,GBP,2019-03-07,2022-02-14,FRAMEWORK,EXPIRED,EMP-10078
CON-006946,VND-02248,253392.58,SGD,2018-06-21,2021-01-12,SLA,EXPIRED,EMP-9328
CON-006947,VND-03836,5000.0,USD,2022-06-28,2023-05-06,SLA,EXPIRED,EMP-15263
CON-006948,VND-03578,225235.66,USD,2018-06-01,2019-09-07,TIME_AND_MATERIAL,TERMINATED,EMP-62922
CON-006949,VND-00884,6426.68,USD,2023-10-01,2024-08-26,FRAMEWORK,TERMINATED,EMP-26431
CON-006950,VND-00001,837960.93,EUR,2019-08-24,2022-06-01,FIXED_PRICE,TERMINATED,EMP-68624
CON-006951,VND-02587,69847.79,AUD,2018-03-27,2018-12-02,SLA,EXPIRED,EMP-35373
CON-006952,VND-02390,55706.07,GBP,2018-11-20,2020-05-01,RETAINER,EXPIRED,EMP-18249
CON-006953,VND-04051,103851.53,USD,2021-09-14,2023-04-12,RETAINER,EXPIRED,EMP-23582
CON-006954,VND-02071,161108.06,USD,2018-11-12,2020-04-21,PURCHASE_ORDER,EXPIRED,EMP-2247
CON-006955,VND-02124,51297.72,USD,2020-08-09,2022-10-17,TIME_AND_MATERIAL,EXPIRED,EMP-67676
CON-006956,VND-01281,764142.22,AUD,2022-02-12,2024-08-01,PURCHASE_ORDER,EXPIRED,EMP-38642
CON-006957,VND-03919,135786.29,GBP,2019-11-16,2022-07-14,SLA,EXPIRED,EMP-RM702
CON-006958,VND-00854,5000.0,GBP,2020-08-14,2022-09-18,TIME_AND_MATERIAL,EXPIRED,EMP-5801
CON-006959,VND-03623,569844.95,USD,2020-03-26,2020-09-27,SLA,EXPIRED,EMP-CORP-00526
CON-006960,VND-01915,69592.93,SGD,2021-03-20,2023-03-07,FIXED_PRICE,EXPIRED,EMP-63975
CON-006961,VND-02909,40134.66,SGD,2021-03-22,2021-09-27,SLA,EXPIRED,EMP-44375
CON-006962,VND-03128,127414.46,EUR,2023-01-31,2024-10-04,RETAINER,EXPIRED,EMP-27056
CON-006963,VND-04090,14104.57,USD,2021-07-07,2024-02-15,RETAINER,EXPIRED,EMP-3034
CON-006964,VND-03142,15761.92,USD,2021-09-22,2023-06-09,FRAMEWORK,EXPIRED,EMP-52212
CON-006965,VND-00037,17642.0,EUR,2018-10-24,2021-05-15,MASTER_SERVICE,EXPIRED,EMP-11797
CON-006966,VND-01495,5000.0,USD,2018-02-21,2019-04-20,FRAMEWORK,EXPIRED,EMP-32887
CON-006967,VND-02535,19107.79,USD,2022-05-01,2023-08-02,PURCHASE_ORDER,EXPIRED,EMP-8070
CON-006968,VND-00192,5000.0,CAD,2018-07-02,2020-01-20,TIME_AND_MATERIAL,EXPIRED,EMP-10275
CON-006969,VND-02351,812184.38,USD,2021-01-14,2021-08-01,SLA,ACTIVE,EMP-1114
CON-006970,VND-03343,115571.51,USD,2022-02-19,2022-10-25,SLA,EXPIRED,EMP-48781
CON-006971,VND-01900,1738038.53,EUR,2018-02-21,2019-01-07,MASTER_SERVICE,EXPIRED,EMP-49418
CON-006972,VND-01038,15996.63,EUR,2020-12-28,2023-09-29,TIME_AND_MATERIAL,EXPIRED,EMP-38584
CON-006973,VND-02541,1122957.34,USD,2019-12-04,2022-09-16,SLA,EXPIRED,EMP-6775
CON-006974,VND-01608,824582.7,USD,2023-06-22,2025-08-04,RETAINER,ACTIVE,EMP-72789
CON-006975,VND-00531,803097.97,EUR,2021-09-09,2023-05-25,MASTER_SERVICE,TERMINATED,EMP-RM731
CON-006976,VND-04893,11334.99,GBP,2020-07-07,2023-01-13,MASTER_SERVICE,EXPIRED,EMP-14891
CON-006977,VND-02490,5000.0,EUR,2019-07-05,2021-11-16,FRAMEWORK,TERMINATED,EMP-5490
CON-006978,VND-03332,339325.19,EUR,2023-11-14,2026-01-23,SLA,ACTIVE,EMP-67437
CON-006979,VND-03987,720664.53,USD,2023-02-02,2025-11-10,TIME_AND_MATERIAL,ACTIVE,EMP-49302
CON-006980,VND-03543,6054.0,AUD,2022-01-18,2023-11-14,PURCHASE_ORDER,TERMINATED,EMP-6271
CON-006981,VND-00696,1182687.22,SGD,2019-06-03,2022-01-30,FRAMEWORK,EXPIRED,EMP-52416
CON-006982,VND-03750,118119.18,USD,2021-03-16,2023-03-26,TIME_AND_MATERIAL,EXPIRED,EMP-53056
CON-006983,VND-00195,121993.09,USD,2018-11-13,2021-06-15,MASTER_SERVICE,EXPIRED,EMP-67789
CON-006984,VND-01472,5000.0,USD,2022-03-01,2024-01-12,FRAMEWORK,EXPIRED,EMP-12413
CON-006985,VND-04187,6538.37,USD,2018-06-05,2020-11-21,SLA,TERMINATED,EMP-55216
CON-006986,VND-04248,98868.05,AUD,2018-07-31,2020-04-23,FIXED_PRICE,EXPIRED,EMP-9487
CON-006987,VND-00556,2960669.31,INR,2023-11-28,2026-06-06,FIXED_PRICE,ACTIVE,EMP-36310
CON-006988,VND-01091,16779.07,GBP,2018-08-26,2020-10-26,FRAMEWORK,EXPIRED,EMP-16574
CON-006989,VND-01880,304031.75,USD,2019-12-30,2020-11-22,PURCHASE_ORDER,EXPIRED,EMP-27916
CON-006990,VND-00739,5000.0,EUR,2022-01-10,2023-04-28,FIXED_PRICE,EXPIRED,EMP-22267
CON-006991,VND-01689,22838.99,USD,2018-09-05,2020-11-21,PURCHASE_ORDER,EXPIRED,EMP-51024
CON-006992,VND-01222,114542.86,AUD,2021-06-27,2023-07-12,PURCHASE_ORDER,EXPIRED,EMP-33984
CON-006993,VND-03426,1422394.87,USD,2023-10-19,2025-01-18,MASTER_SERVICE,EXPIRED,EMP-4180
CON-006994,VND-03592,6064.76,INR,2021-12-05,2023-10-07,TIME_AND_MATERIAL,EXPIRED,EMP-51419
CON-006995,VND-04849,7372.57,USD,2021-04-06,2023-04-26,SLA,EXPIRED,EMP-34329
CON-006996,VND-03228,802470.11,INR,2020-08-15,2021-09-09,FIXED_PRICE,EXPIRED,EMP-44723
CON-006997,VND-01261,5929.83,USD,2020-09-21,2023-04-24,MASTER_SERVICE,EXPIRED,EMP-7667
CON-006998,VND-03980,664604.21,USD,2018-02-15,2020-11-12,FRAMEWORK,EXPIRED,EMP-66548
CON-006999,VND-03915,5000.0,CAD,2021-01-03,2022-03-06,SLA,EXPIRED,EMP-46004
CON-007000,VND-02953,588820.96,USD,2023-01-04,2025-04-30,SLA,EXPIRED,EMP-38866
CON-007001,VND-03063,56612.22,INR,2019-08-06,2020-05-11,MASTER_SERVICE,TERMINATED,EMP-63259
CON-007002,VND-04589,404354.63,GBP,2018-12-19,2021-01-25,PURCHASE_ORDER,EXPIRED,EMP-63494
CON-007003,VND-02016,1845057.5,USD,2022-08-01,2023-04-28,TIME_AND_MATERIAL,EXPIRED,EMP-51218
CON-007004,VND-02467,9024.77,USD,2020-07-02,2023-06-24,MASTER_SERVICE,EXPIRED,EMP-10614
CON-007005,VND-03032,20197.03,GBP,2021-09-13,2023-11-06,FRAMEWORK,EXPIRED,EMP-44520
CON-007006,VND-01484,306278.06,AUD,2021-08-22,2024-06-02,MASTER_SERVICE,EXPIRED,EMP-26159
CON-007007,VND-02408,876354.42,EUR,2019-07-28,2020-01-26,SLA,TERMINATED,EMP-35963
CON-007008,VND-04029,83262.44,GBP,2020-10-07,2022-12-28,SLA,EXPIRED,EMP-63847
CON-007009,VND-00709,296001.6,AUD,2022-05-13,2024-11-01,MASTER_SERVICE,TERMINATED,EMP-56584
CON-007010,VND-01906,192054.97,USD,2018-01-18,2019-03-03,RETAINER,EXPIRED,EMP-33587
CON-007011,VND-02907,359714.19,USD,2021-06-02,2022-07-16,RETAINER,EXPIRED,EMP-40548
CON-007012,VND-01702,21158.61,GBP,2022-10-27,2025-04-12,SLA,EXPIRED,EMP-63772
CON-007013,VND-03896,15835.86,USD,2021-07-01,2024-06-18,RETAINER,EXPIRED,EMP-23368
CON-007014,VND-04164,176587.48,USD,2020-10-24,2022-03-09,PURCHASE_ORDER,EXPIRED,EMP-6924
CON-007015,VND-01859,5000.0,USD,2023-06-21,2024-05-12,TIME_AND_MATERIAL,TERMINATED,EMP-45351
CON-007016,VND-04688,11268.11,GBP,2018-07-22,2020-09-20,FIXED_PRICE,EXPIRED,EMP-26755
CON-007017,VND-04771,13050.66,USD,2018-11-21,2019-05-24,PURCHASE_ORDER,EXPIRED,EMP-CORP-00265
CON-007018,VND-03767,47356.97,USD,2018-09-02,2020-08-25,MASTER_SERVICE,EXPIRED,EMP-28673
CON-007019,VND-02797,3867463.01,INR,2023-12-23,2025-06-25,TIME_AND_MATERIAL,ACTIVE,EMP-RM271
CON-007020,VND-01648,123751.55,INR,2019-09-27,2020-05-27,RETAINER,EXPIRED,EMP-24431
CON-007021,VND-03049,2148556.61,USD,2021-01-19,2021-12-19,PURCHASE_ORDER,EXPIRED,EMP-13510
CON-007022,VND-00656,326818.43,USD,2019-11-29,2022-05-30,FRAMEWORK,EXPIRED,EMP-55281
CON-007023,VND-03415,16593.28,INR,2023-11-30,2025-07-20,FRAMEWORK,ACTIVE,EMP-5096
CON-007024,VND-03742,5000.0,INR,2020-05-17,2023-04-06,SLA,EXPIRED,EMP-40835
CON-007025,VND-03279,631128.81,GBP,2020-12-25,2023-03-04,RETAINER,TERMINATED,EMP-45448
CON-007026,VND-01648,1971367.68,USD,2023-12-04,2026-02-23,SLA,ACTIVE,EMP-RM467
CON-007027,VND-00847,29997.59,USD,2022-09-22,2024-04-10,PURCHASE_ORDER,EXPIRED,EMP-8881
CON-007028,VND-02624,369113.35,AUD,2023-01-02,2024-08-16,FRAMEWORK,TERMINATED,EMP-CORP-00028
CON-007029,VND-02359,25033.09,USD,2021-01-19,2022-05-28,TIME_AND_MATERIAL,EXPIRED,EMP-52023
CON-007030,VND-04215,6109.06,GBP,2019-09-26,2021-03-04,PURCHASE_ORDER,TERMINATED,EMP-11820
CON-007031,VND-04867,36320.88,INR,2023-06-07,2025-09-27,MASTER_SERVICE,ACTIVE,EMP-1396
CON-007032,VND-03757,300473.04,EUR,2020-01-29,2020-11-19,SLA,EXPIRED,EMP-41183
CON-007033,VND-03229,1684681.02,USD,2018-03-21,2019-03-08,FIXED_PRICE,EXPIRED,EMP-42846
CON-007034,VND-03363,5000.0,USD,2018-07-16,2019-05-11,FRAMEWORK,EXPIRED,EMP-44898
CON-007035,VND-00082,20134.47,GBP,2020-05-05,2021-09-16,RETAINER,EXPIRED,EMP-54685
CON-007036,VND-00034,207144.73,INR,2023-06-23,2024-04-14,RETAINER,EXPIRED,EMP-8522
CON-007037,VND-01775,150405.93,USD,2022-04-01,2023-07-29,TIME_AND_MATERIAL,EXPIRED,EMP-29360
CON-007038,VND-01241,22117.19,GBP,2022-10-02,2025-06-28,MASTER_SERVICE,ACTIVE,EMP-15320
CON-007039,VND-01545,210326.83,USD,2021-01-03,2022-03-14,FRAMEWORK,EXPIRED,EMP-2562
CON-007040,VND-03176,24604.95,USD,2021-05-17,2022-03-13,TIME_AND_MATERIAL,EXPIRED,EMP-RM334
CON-007041,VND-00998,24386.52,USD,2023-04-14,2026-01-17,TIME_AND_MATERIAL,ACTIVE,EMP-43312
CON-007042,VND-00330,947271.06,AUD,2019-10-27,2020-09-21,TIME_AND_MATERIAL,EXPIRED,EMP-72324
CON-007043,VND-03071,12751.03,USD,2020-06-28,2021-06-20,TIME_AND_MATERIAL,EXPIRED,EMP-12940
CON-007044,VND-00135,663087.77,USD,2023-08-02,2024-11-25,RETAINER,EXPIRED,EMP-45271
CON-007045,VND-03335,128403.09,EUR,2020-09-20,2023-08-03,PURCHASE_ORDER,EXPIRED,EMP-56935
CON-007046,VND-04094,154147.86,USD,2021-06-16,2024-06-10,FRAMEWORK,EXPIRED,EMP-9458
CON-007047,VND-01115,1023565.98,USD,2023-05-15,2025-01-17,PURCHASE_ORDER,TERMINATED,EMP-26762
CON-007048,VND-01009,1191983.6,GBP,2019-02-28,2020-10-20,TIME_AND_MATERIAL,EXPIRED,EMP-51811
CON-007049,VND-02114,31740.3,INR,2023-09-28,2025-04-10,PURCHASE_ORDER,EXPIRED,EMP-8628
CON-007050,VND-04767,1396606.47,SGD,2022-10-04,2024-05-19,TIME_AND_MATERIAL,TERMINATED,EMP-54448
CON-007051,VND-00248,63345.54,GBP,2023-09-14,2024-11-17,FRAMEWORK,EXPIRED,EMP-6211
CON-007052,VND-04789,5000.0,EUR,2021-04-28,2022-11-13,MASTER_SERVICE,EXPIRED,EMP-73777
CON-007053,VND-01906,72914.8,USD,2019-03-24,2021-04-02,RETAINER,EXPIRED,EMP-71259
CON-007054,VND-03833,6287.16,INR,2022-01-21,2023-03-22,FIXED_PRICE,EXPIRED,EMP-67496
CON-007055,VND-00365,842753.78,USD,2021-07-14,2023-11-11,TIME_AND_MATERIAL,EXPIRED,EMP-19827
CON-007056,VND-02178,17403.13,GBP,2020-10-11,2021-10-27,RETAINER,EXPIRED,EMP-26826
CON-007057,VND-04718,5000.0,AUD,2023-11-26,2026-07-24,SLA,ACTIVE,EMP-41417
CON-007058,VND-04240,37675.58,INR,2018-03-24,2019-03-03,TIME_AND_MATERIAL,EXPIRED,EMP-11985
CON-007059,VND-01443,54972.17,EUR,2018-01-20,2020-11-12,FIXED_PRICE,EXPIRED,EMP-RM938
CON-007060,VND-02990,5204994.75,EUR,2022-07-24,2025-04-29,RETAINER,EXPIRED,EMP-49168
CON-007061,VND-04896,266172.0,USD,2022-06-20,2025-01-21,PURCHASE_ORDER,EXPIRED,EMP-CORP-00277
CON-007062,VND-01208,75880.06,GBP,2018-08-05,2021-02-27,FIXED_PRICE,EXPIRED,EMP-7702
CON-007063,VND-00459,1073365.68,USD,2020-07-16,2023-04-10,FIXED_PRICE,TERMINATED,EMP-45448
CON-007064,VND-02626,31857.07,USD,2021-06-14,2022-12-11,FRAMEWORK,EXPIRED,EMP-5887
CON-007065,VND-00732,6096394.62,GBP,2021-02-13,2022-02-08,SLA,EXPIRED,EMP-7815
CON-007066,VND-00623,1562181.82,INR,2021-07-14,2022-01-31,FRAMEWORK,EXPIRED,EMP-16824
CON-007067,VND-04547,932128.87,AUD,2019-09-29,2022-06-24,PURCHASE_ORDER,EXPIRED,EMP-5490
CON-007068,VND-00277,1103085.1,USD,2018-02-07,2018-11-25,MASTER_SERVICE,EXPIRED,EMP-CORP-00074
CON-007069,VND-02480,5000.0,USD,2021-06-15,2024-01-01,RETAINER,EXPIRED,EMP-38006
CON-007070,VND-02599,296148.23,AUD,2018-05-24,2020-09-14,TIME_AND_MATERIAL,EXPIRED,EMP-62599
CON-007071,VND-03252,278112.02,GBP,2020-07-16,2021-12-17,RETAINER,EXPIRED,EMP-15899
CON-007072,VND-01560,8388.24,USD,2021-01-22,2022-07-21,FRAMEWORK,EXPIRED,EMP-9579
CON-007073,VND-02379,84460.19,EUR,2022-09-07,2024-09-26,FIXED_PRICE,EXPIRED,EMP-48913
CON-007074,VND-02076,77314.61,SGD,2023-08-06,2024-06-17,FRAMEWORK,EXPIRED,EMP-65217
CON-007075,VND-00704,5000.0,SGD,2018-03-30,2018-10-18,FIXED_PRICE,EXPIRED,EMP-11377
CON-007076,VND-04792,11700.42,EUR,2023-05-03,2025-02-10,FIXED_PRICE,EXPIRED,EMP-23120
CON-007077,VND-01449,109005.94,GBP,2019-06-28,2021-08-08,MASTER_SERVICE,EXPIRED,EMP-67026
CON-007078,VND-02797,417488.76,AUD,2022-01-19,2024-05-27,FRAMEWORK,EXPIRED,EMP-51243
CON-007079,VND-01903,36276.81,USD,2020-02-15,2023-01-01,MASTER_SERVICE,EXPIRED,EMP-44712
CON-007080,VND-03280,98120.78,USD,2022-01-07,2023-01-29,PURCHASE_ORDER,EXPIRED,EMP-25085
CON-007081,VND-04578,556900.68,EUR,2019-11-15,2022-10-13,FIXED_PRICE,EXPIRED,EMP-13584
CON-007082,VND-04792,29930.0,GBP,2023-03-28,2024-09-06,PURCHASE_ORDER,EXPIRED,EMP-21249
CON-007083,VND-01075,26874.39,EUR,2021-12-22,2022-09-29,FIXED_PRICE,EXPIRED,EMP-CORP-00350
CON-007084,VND-03108,57365.53,EUR,2018-04-06,2020-01-29,PURCHASE_ORDER,EXPIRED,EMP-36721
CON-007085,VND-02064,652651.09,USD,2023-03-24,2025-08-05,FIXED_PRICE,ACTIVE,EMP-4234
CON-007086,VND-03638,25330.61,USD,2020-12-01,2022-05-18,TIME_AND_MATERIAL,EXPIRED,EMP-CORP-00534
CON-007087,VND-01514,16658.62,EUR,2022-07-30,2023-11-28,PURCHASE_ORDER,EXPIRED,EMP-51358
CON-007088,VND-02656,405716.06,GBP,2022-03-18,2024-04-23,MASTER_SERVICE,EXPIRED,EMP-27177
CON-007089,VND-02177,24808.55,USD,2021-06-13,2021-12-15,FIXED_PRICE,EXPIRED,EMP-41639
CON-007090,VND-03898,13863234.05,USD,2018-02-20,2018-12-24,FRAMEWORK,EXPIRED,EMP-62814
CON-007091,VND-02986,1034995.66,SGD,2018-06-27,2019-10-04,FIXED_PRICE,EXPIRED,EMP-30700
CON-007092,VND-00517,448383.47,AUD,2020-08-08,2022-06-10,PURCHASE_ORDER,EXPIRED,EMP-72432
CON-007093,VND-01944,35142.96,USD,2023-06-26,2025-02-05,FRAMEWORK,EXPIRED,EMP-23288
CON-007094,VND-01242,11694.91,INR,2022-08-20,2024-02-06,TIME_AND_MATERIAL,EXPIRED,EMP-15587
CON-007095,VND-04843,31053.13,USD,2021-07-04,2022-10-17,MASTER_SERVICE,EXPIRED,EMP-62877
CON-007096,VND-00789,474701.99,EUR,2023-11-26,2025-07-30,FIXED_PRICE,ACTIVE,EMP-51580
CON-007097,VND-03232,23770.71,USD,2021-10-09,2024-08-20,MASTER_SERVICE,EXPIRED,EMP-63215
CON-007098,VND-04560,6269635.19,USD,2020-11-09,2022-02-22,MASTER_SERVICE,EXPIRED,EMP-18352
CON-007099,VND-02813,5600.07,USD,2019-03-11,2019-09-08,RETAINER,EXPIRED,EMP-13509
CON-007100,VND-03658,20054.79,CAD,2022-11-04,2023-05-28,RETAINER,EXPIRED,EMP-55049
CON-007101,VND-03001,70631.77,USD,2018-03-21,2018-10-19,PURCHASE_ORDER,EXPIRED,EMP-29698
CON-007102,VND-02301,21103.56,AUD,2022-01-13,2022-12-17,MASTER_SERVICE,EXPIRED,EMP-8034
CON-007103,VND-00697,365394.63,USD,2019-05-13,2020-07-17,PURCHASE_ORDER,EXPIRED,EMP-52140
CON-007104,VND-04307,5000.0,AUD,2019-05-06,2021-12-13,MASTER_SERVICE,EXPIRED,EMP-12613
CON-007105,VND-02882,123226.48,AUD,2020-02-13,2021-11-18,SLA,EXPIRED,EMP-71726
CON-007106,VND-03423,24154.78,USD,2018-04-11,2019-03-22,MASTER_SERVICE,EXPIRED,EMP-63494
CON-007107,VND-02806,83176.69,INR,2023-10-03,2025-04-30,RETAINER,EXPIRED,EMP-59878
CON-007108,VND-02111,6704.29,EUR,2018-05-01,2019-11-24,PURCHASE_ORDER,TERMINATED,EMP-CORP-00282
CON-007109,VND-03744,5000.0,CAD,2019-06-16,2022-06-08,TIME_AND_MATERIAL,EXPIRED,EMP-56591
CON-007110,VND-04598,1404276.89,USD,2021-11-29,2022-12-13,PURCHASE_ORDER,EXPIRED,EMP-1100
CON-007111,VND-01271,79782.92,USD,2021-07-08,2022-07-16,MASTER_SERVICE,EXPIRED,EMP-35252
CON-007112,VND-01914,5000.0,GBP,2019-12-14,2021-06-07,MASTER_SERVICE,EXPIRED,EMP-65196
CON-007113,VND-00515,15085.91,INR,2021-10-20,2024-04-18,TIME_AND_MATERIAL,EXPIRED,EMP-43744
CON-007114,VND-00124,5000.0,GBP,2021-03-28,2022-08-01,SLA,EXPIRED,EMP-24064
CON-007115,VND-00574,101859.34,USD,2018-11-14,2019-12-11,SLA,EXPIRED,EMP-35545
CON-007116,VND-02132,275689.24,EUR,2020-10-07,2022-04-09,FIXED_PRICE,EXPIRED,EMP-56570
CON-007117,VND-02271,1007448.83,GBP,2021-08-15,2024-08-07,TIME_AND_MATERIAL,EXPIRED,EMP-4253
CON-007118,VND-01460,743411.8,CAD,2022-10-10,2024-11-08,MASTER_SERVICE,EXPIRED,EMP-58511
CON-007119,VND-04181,27199.44,USD,2023-06-08,2024-07-09,FIXED_PRICE,TERMINATED,EMP-53937
CON-007120,VND-04889,209735.87,USD,2022-05-25,2025-02-12,FIXED_PRICE,TERMINATED,EMP-1281
CON-007121,VND-03449,390761.24,GBP,2018-12-09,2020-10-11,FRAMEWORK,EXPIRED,EMP-57425
CON-007122,VND-00983,1264128.83,USD,2021-12-02,2023-12-18,FRAMEWORK,EXPIRED,EMP-47817
CON-007123,VND-04446,401036.5,USD,2018-03-05,2020-05-19,PURCHASE_ORDER,TERMINATED,EMP-32608
CON-007124,VND-03101,38740.86,EUR,2018-06-11,2018-12-21,PURCHASE_ORDER,TERMINATED,EMP-12006
CON-007125,VND-00247,49149.77,USD,2020-08-12,2022-09-12,FIXED_PRICE,EXPIRED,EMP-RM120
CON-007126,VND-02501,5000.0,INR,2020-05-20,2022-07-24,MASTER_SERVICE,EXPIRED,EMP-12852
CON-007127,VND-03891,396123.18,EUR,2018-09-26,2020-09-20,SLA,EXPIRED,EMP-44368
CON-007128,VND-00391,6595.6,EUR,2020-11-30,2022-04-15,PURCHASE_ORDER,EXPIRED,EMP-39324
CON-007129,VND-01388,5339.59,USD,2018-06-27,2019-06-17,RETAINER,TERMINATED,EMP-48563
CON-007130,VND-01700,207372.66,INR,2023-04-14,2024-08-03,TIME_AND_MATERIAL,EXPIRED,EMP-67278
CON-007131,VND-04183,514315.58,USD,2018-02-09,2019-06-20,PURCHASE_ORDER,EXPIRED,EMP-CORP-00245
CON-007132,VND-01679,9257.26,AUD,2019-10-19,2022-07-17,TIME_AND_MATERIAL,EXPIRED,EMP-42907
CON-007133,VND-00299,32687.36,EUR,2020-06-13,2022-06-25,MASTER_SERVICE,TERMINATED,EMP-73472
CON-007134,VND-01332,10296.12,USD,2022-06-16,2024-04-03,PURCHASE_ORDER,EXPIRED,EMP-14073
CON-007135,VND-00524,185065.02,GBP,2021-03-24,2022-04-04,TIME_AND_MATERIAL,EXPIRED,EMP-39119
CON-007136,VND-01130,6169.0,USD,2023-01-08,2025-01-28,TIME_AND_MATERIAL,EXPIRED,EMP-47834
CON-007137,VND-00580,5000.0,INR,2020-11-19,2022-03-13,TIME_AND_MATERIAL,EXPIRED,EMP-17069
CON-007138,VND-00347,57119.36,EUR,2023-10-09,2025-09-26,FRAMEWORK,ACTIVE,EMP-2592
CON-007139,VND-00809,829248.07,GBP,2022-10-30,2024-11-14,SLA,EXPIRED,EMP-38597
CON-007140,VND-00706,5776.46,GBP,2022-11-05,2025-01-01,MASTER_SERVICE,EXPIRED,EMP-71159
CON-007141,VND-00220,7257.51,USD,2019-08-20,2020-09-05,MASTER_SERVICE,EXPIRED,EMP-67226
CON-007142,VND-00277,943391.89,AUD,2023-02-01,2023-11-20,FIXED_PRICE,TERMINATED,EMP-29015
CON-007143,VND-00186,51174.0,USD,2021-06-13,2022-08-17,FRAMEWORK,EXPIRED,EMP-66849
CON-007144,VND-03625,372205.58,INR,2023-09-08,2024-10-31,MASTER_SERVICE,TERMINATED,EMP-25775
CON-007145,VND-04023,118310.93,USD,2019-09-04,2022-05-17,RETAINER,EXPIRED,EMP-46080
CON-007146,VND-03615,59134.95,INR,2022-03-02,2025-02-25,FIXED_PRICE,TERMINATED,EMP-67429
CON-007147,VND-04907,648937.43,CAD,2019-12-15,2021-11-20,MASTER_SERVICE,EXPIRED,EMP-68125
CON-007148,VND-03786,169531.43,USD,2022-10-24,2025-07-17,FIXED_PRICE,DRAFT,EMP-28895
CON-007149,VND-02144,5493.09,AUD,2023-11-22,2025-08-03,FIXED_PRICE,ACTIVE,EMP-6980
CON-007150,VND-03246,10791.24,USD,2021-09-21,2024-01-16,MASTER_SERVICE,EXPIRED,EMP-72125
CON-007151,VND-02765,136888.74,USD,2020-08-29,2022-01-25,MASTER_SERVICE,TERMINATED,EMP-3574
CON-007152,VND-04087,25826.39,USD,2022-07-22,2023-03-29,TIME_AND_MATERIAL,EXPIRED,EMP-38744
CON-007153,VND-03801,138229.47,USD,2023-01-25,2023-08-13,FIXED_PRICE,ACTIVE,EMP-13807
CON-007154,VND-00280,4201641.66,SGD,2019-06-22,2021-01-26,TIME_AND_MATERIAL,EXPIRED,EMP-1065
CON-007155,VND-03358,447997.08,USD,2021-03-03,2022-09-18,SLA,EXPIRED,EMP-58348
CON-007156,VND-03668,5000.0,AUD,2023-02-16,2024-11-02,FRAMEWORK,EXPIRED,EMP-61110
CON-007157,VND-01991,62514.67,USD,2020-06-06,2023-01-03,RETAINER,EXPIRED,EMP-25206
CON-007158,VND-03218,389841.26,INR,2020-11-09,2022-12-07,TIME_AND_MATERIAL,EXPIRED,EMP-17807
CON-007159,VND-01052,5000.0,USD,2023-06-03,2024-10-29,FRAMEWORK,EXPIRED,EMP-48263
CON-007160,VND-00206,554967.54,INR,2020-02-27,2021-06-13,SLA,TERMINATED,EMP-65942
CON-007161,VND-03315,21356.48,USD,2020-04-04,2022-09-12,FIXED_PRICE,EXPIRED,EMP-56159
CON-007162,VND-03811,42899.3,USD,2022-04-29,2022-10-28,FIXED_PRICE,EXPIRED,EMP-43248
CON-007163,VND-01088,12414.91,INR,2018-11-06,2020-04-21,FIXED_PRICE,TERMINATED,EMP-CORP-00332
CON-007164,VND-03002,139023.66,EUR,2018-12-06,2019-06-09,FIXED_PRICE,TERMINATED,EMP-10934
CON-007165,VND-00999,5000.0,CAD,2018-08-30,2019-11-01,MASTER_SERVICE,EXPIRED,EMP-11733
CON-007166,VND-04704,474914.51,USD,2019-03-30,2021-07-07,PURCHASE_ORDER,EXPIRED,EMP-50974
CON-007167,VND-03551,126203.41,CAD,2023-08-15,2024-05-19,FRAMEWORK,EXPIRED,EMP-54144
CON-007168,VND-04626,5829.82,INR,2019-01-04,2020-01-22,SLA,EXPIRED,EMP-56713
CON-007169,VND-04905,71208.49,EUR,2020-10-09,2023-08-02,FRAMEWORK,EXPIRED,EMP-58795
CON-007170,VND-00488,5185980.33,USD,2020-09-11,2022-12-02,FIXED_PRICE,EXPIRED,EMP-38691
CON-007171,VND-04277,32623.72,INR,2023-07-10,2026-04-15,MASTER_SERVICE,ACTIVE,EMP-68478
CON-007172,VND-04037,10292.29,USD,2020-06-10,2021-02-14,MASTER_SERVICE,EXPIRED,EMP-56188
CON-007173,VND-02685,602881.01,AUD,2021-04-09,2024-01-02,MASTER_SERVICE,EXPIRED,EMP-2958
CON-007174,VND-00961,448821.4,EUR,2019-01-24,2021-07-01,PURCHASE_ORDER,ACTIVE,EMP-43894
CON-007175,VND-04302,94176.38,USD,2019-11-21,2022-01-10,RETAINER,EXPIRED,EMP-36936
CON-007176,VND-02623,6675.74,SGD,2020-10-14,2021-11-12,FRAMEWORK,EXPIRED,EMP-1250
CON-007177,VND-02937,537370.42,AUD,2021-04-16,2022-04-27,RETAINER,EXPIRED,EMP-28563
CON-007178,VND-01764,246580.49,USD,2020-01-22,2021-01-14,RETAINER,EXPIRED,EMP-19983
CON-007179,VND-00202,957402.37,AUD,2018-05-02,2021-03-05,FRAMEWORK,EXPIRED,EMP-74422
CON-007180,VND-02212,74167.02,INR,2018-08-04,2021-03-03,RETAINER,EXPIRED,EMP-48398
CON-007181,VND-03780,8676.35,GBP,2020-09-26,2023-05-17,PURCHASE_ORDER,EXPIRED,EMP-51036
CON-007182,VND-00819,12658.69,USD,2018-06-29,2020-04-14,RETAINER,EXPIRED,EMP-24735
CON-007183,VND-02365,6670.61,USD,2020-05-19,2021-11-20,RETAINER,TERMINATED,EMP-5610
CON-007184,VND-00585,217340.48,GBP,2021-03-24,2024-03-22,FRAMEWORK,TERMINATED,EMP-66692
CON-007185,VND-00783,33605.21,EUR,2021-02-08,2022-08-18,FIXED_PRICE,EXPIRED,EMP-2938
CON-007186,VND-00316,1502346.61,USD,2023-11-02,2025-09-08,MASTER_SERVICE,ACTIVE,EMP-34286
CON-007187,VND-00072,241471.93,USD,2022-06-11,2023-06-19,MASTER_SERVICE,EXPIRED,EMP-51933
CON-007188,VND-04811,348898.87,CAD,2019-11-05,2021-05-24,TIME_AND_MATERIAL,EXPIRED,EMP-4687
CON-007189,VND-03173,370258.03,USD,2019-04-01,2020-10-06,MASTER_SERVICE,EXPIRED,EMP-16835
CON-007190,VND-01080,79198.66,EUR,2023-03-30,2025-03-22,PURCHASE_ORDER,EXPIRED,EMP-51462
CON-007191,VND-00241,29523.36,CAD,2021-06-13,2023-03-26,RETAINER,EXPIRED,EMP-57947
CON-007192,VND-01994,1117113.69,USD,2020-05-03,2022-10-08,SLA,EXPIRED,EMP-61224
CON-007193,VND-01461,5000.0,CAD,2019-11-16,2021-12-17,PURCHASE_ORDER,EXPIRED,EMP-23318
CON-007194,VND-00954,59620.76,INR,2019-10-28,2022-07-30,RETAINER,EXPIRED,EMP-40403
CON-007195,VND-02906,13336.85,CAD,2023-09-07,2024-08-06,RETAINER,TERMINATED,EMP-63992
CON-007196,VND-03038,38183.6,SGD,2019-02-28,2019-10-10,MASTER_SERVICE,TERMINATED,EMP-44499
CON-007197,VND-04950,3420269.58,AUD,2021-11-08,2022-06-26,TIME_AND_MATERIAL,TERMINATED,EMP-49721
CON-007198,VND-01856,19036.01,USD,2022-06-09,2025-04-06,FRAMEWORK,EXPIRED,EMP-31590
CON-007199,VND-04494,820068.83,EUR,2019-02-05,2020-06-07,RETAINER,EXPIRED,EMP-67528
CON-007200,VND-03215,64621.98,AUD,2022-07-07,2024-07-04,MASTER_SERVICE,TERMINATED,EMP-8925
CON-007201,VND-02515,9859.86,SGD,2023-07-09,2026-01-14,FRAMEWORK,ACTIVE,EMP-19875
CON-007202,VND-02721,5000.0,INR,2019-07-23,2020-11-17,PURCHASE_ORDER,EXPIRED,EMP-14707
CON-007203,VND-04473,432035.93,USD,2022-12-19,2024-07-29,TIME_AND_MATERIAL,EXPIRED,EMP-59145
CON-007204,VND-00388,484334.92,SGD,2022-06-07,2024-07-08,FIXED_PRICE,EXPIRED,EMP-CORP-00306
CON-007205,VND-04572,1634644.42,USD,2018-04-19,2020-11-20,FIXED_PRICE,EXPIRED,EMP-6602
CON-007206,VND-00429,586563.5,INR,2022-09-07,2023-11-11,SLA,EXPIRED,EMP-53907
CON-007207,VND-03551,667966.41,USD,2023-11-24,2026-02-26,FIXED_PRICE,ACTIVE,EMP-44845
CON-007208,VND-03176,2114439.05,EUR,2021-11-13,2024-03-02,FIXED_PRICE,TERMINATED,EMP-2123
CON-007209,VND-03307,59204.27,USD,2019-07-11,2021-10-23,PURCHASE_ORDER,EXPIRED,EMP-CORP-00091
CON-007210,VND-00072,994633.81,USD,2021-12-15,2022-09-12,TIME_AND_MATERIAL,EXPIRED,EMP-10691
CON-007211,VND-04197,270467.52,EUR,2019-02-14,2020-09-08,RETAINER,EXPIRED,EMP-6328
CON-007212,VND-03016,261067.39,SGD,2018-04-12,2019-09-21,PURCHASE_ORDER,EXPIRED,EMP-16758
CON-007213,VND-04716,42551.9,GBP,2020-03-03,2021-01-26,TIME_AND_MATERIAL,EXPIRED,EMP-61977
CON-007214,VND-02231,286987.72,GBP,2022-03-15,2023-10-19,FIXED_PRICE,EXPIRED,EMP-34116
CON-007215,VND-03350,1043718.24,USD,2018-07-08,2019-06-14,TIME_AND_MATERIAL,EXPIRED,EMP-19783
CON-007216,VND-03597,1228733.7,USD,2022-08-20,2025-05-07,RETAINER,EXPIRED,EMP-35053
CON-007217,VND-00177,279290.95,EUR,2018-06-11,2020-06-17,PURCHASE_ORDER,EXPIRED,EMP-13537
CON-007218,VND-04829,788254.92,USD,2020-08-10,2023-06-13,TIME_AND_MATERIAL,EXPIRED,EMP-9037
CON-007219,VND-02041,9108.8,USD,2018-03-28,2020-03-21,MASTER_SERVICE,EXPIRED,EMP-22518
CON-007220,VND-02596,883293.11,GBP,2021-01-15,2023-12-17,TIME_AND_MATERIAL,EXPIRED,EMP-23256
CON-007221,VND-02913,155114.78,USD,2018-08-06,2020-05-11,PURCHASE_ORDER,TERMINATED,EMP-43752
CON-007222,VND-01473,483972.32,USD,2022-07-25,2025-07-24,FRAMEWORK,ACTIVE,EMP-53854
CON-007223,VND-03179,23577.07,USD,2018-08-06,2021-01-02,TIME_AND_MATERIAL,EXPIRED,EMP-7850
CON-007224,VND-01409,206342.64,INR,2023-08-12,2025-02-21,RETAINER,EXPIRED,EMP-31313
CON-007225,VND-03897,31322.96,CAD,2020-11-08,2023-06-10,FRAMEWORK,EXPIRED,EMP-10524
CON-007226,VND-01477,82796.19,USD,2022-09-04,2023-05-30,TIME_AND_MATERIAL,EXPIRED,EMP-17242
CON-007227,VND-03348,14143.03,CAD,2018-01-27,2019-08-16,SLA,EXPIRED,EMP-CORP-00476
CON-007228,VND-04927,10307.61,USD,2022-11-23,2024-09-14,SLA,EXPIRED,EMP-35690
CON-007229,VND-03777,89833.35,EUR,2022-07-07,2024-06-04,TIME_AND_MATERIAL,EXPIRED,EMP-17684
CON-007230,VND-04014,40782.48,SGD,2019-10-25,2021-03-23,TIME_AND_MATERIAL,EXPIRED,EMP-1468
CON-007231,VND-01266,103333.15,INR,2021-04-29,2022-02-27,RETAINER,EXPIRED,EMP-38624
CON-007232,VND-02979,32466.77,GBP,2018-10-12,2020-08-08,FIXED_PRICE,EXPIRED,EMP-6926
CON-007233,VND-01440,214824.3,USD,2023-12-29,2026-01-26,SLA,ACTIVE,EMP-64391
CON-007234,VND-02754,313630.46,USD,2020-12-14,2022-08-27,MASTER_SERVICE,EXPIRED,EMP-20327
CON-007235,VND-00534,10899.72,USD,2020-03-30,2020-11-23,FRAMEWORK,EXPIRED,EMP-19596
CON-007236,VND-01297,60966.87,USD,2020-08-28,2021-06-12,MASTER_SERVICE,ACTIVE,EMP-54997
CON-007237,VND-02680,127151.73,USD,2023-09-26,2026-04-02,RETAINER,ACTIVE,EMP-45064
CON-007238,VND-04456,260978.64,USD,2020-08-04,2022-12-16,PURCHASE_ORDER,EXPIRED,EMP-56372
CON-007239,VND-04948,303151.74,INR,2023-07-12,2024-10-25,MASTER_SERVICE,TERMINATED,EMP-48545
CON-007240,VND-03492,418885.63,USD,2023-03-25,2025-10-23,TIME_AND_MATERIAL,ACTIVE,EMP-31429
CON-007241,VND-03704,1776109.68,INR,2022-02-01,2025-01-03,RETAINER,EXPIRED,EMP-7635
CON-007242,VND-03743,939936.75,INR,2021-12-07,2023-11-16,RETAINER,ACTIVE,EMP-59916
CON-007243,VND-04618,492953.37,USD,2021-01-25,2022-11-17,PURCHASE_ORDER,EXPIRED,EMP-8800
CON-007244,VND-00398,589675.58,USD,2021-06-06,2024-05-04,FRAMEWORK,TERMINATED,EMP-30878
CON-007245,VND-00080,14956.67,EUR,2022-10-24,2023-05-29,RETAINER,ACTIVE,EMP-16336
CON-007246,VND-02517,67495.61,USD,2022-03-22,2023-05-14,PURCHASE_ORDER,EXPIRED,EMP-70628
CON-007247,VND-03510,26530.25,USD,2023-09-23,2025-07-18,FRAMEWORK,ACTIVE,EMP-28669
CON-007248,VND-02104,1178077.9,USD,2022-05-31,2024-08-07,TIME_AND_MATERIAL,EXPIRED,EMP-CORP-00574
CON-007249,VND-01637,81448.42,USD,2018-03-09,2019-12-02,FIXED_PRICE,EXPIRED,EMP-578
CON-007250,VND-00717,34558.82,USD,2018-09-29,2019-07-20,FRAMEWORK,TERMINATED,MGR-3073
CON-007251,VND-03535,200829.32,EUR,2018-06-27,2021-02-27,RETAINER,EXPIRED,EMP-65311
CON-007252,VND-03614,135994.61,CAD,2021-01-24,2023-11-23,FIXED_PRICE,EXPIRED,EMP-38008
CON-007253,VND-02810,5287.1,EUR,2021-05-07,2022-04-24,FIXED_PRICE,EXPIRED,EMP-64037
CON-007254,VND-00308,346179.86,SGD,2018-05-30,2019-01-29,MASTER_SERVICE,EXPIRED,EMP-43684
CON-007255,VND-03272,540199.74,EUR,2018-09-12,2019-07-09,PURCHASE_ORDER,EXPIRED,EMP-CORP-00355
CON-007256,VND-04572,1189261.1,USD,2018-01-20,2020-08-24,FIXED_PRICE,EXPIRED,EMP-RM091
CON-007257,VND-01338,66274.0,AUD,2019-09-06,2021-04-26,PURCHASE_ORDER,TERMINATED,EMP-47327
CON-007258,VND-02300,240127.01,CAD,2022-07-01,2023-11-09,FRAMEWORK,EXPIRED,EMP-39144
CON-007259,VND-00273,815681.9,USD,2023-05-15,2025-07-09,RETAINER,ACTIVE,EMP-46882
CON-007260,VND-04898,6002.99,INR,2019-05-31,2019-12-12,PURCHASE_ORDER,ACTIVE,EMP-RM190
CON-007261,VND-02677,5000.0,SGD,2019-06-18,2020-01-10,SLA,EXPIRED,EMP-24283
CON-007262,VND-02035,1569210.25,EUR,2020-06-04,2021-05-05,FRAMEWORK,TERMINATED,EMP-49263
CON-007263,VND-01657,8646.39,USD,2023-04-09,2023-11-15,RETAINER,EXPIRED,EMP-31931
CON-007264,VND-02547,30814.31,AUD,2022-09-24,2025-09-13,MASTER_SERVICE,ACTIVE,EMP-11691
CON-007265,VND-04619,1042525.16,USD,2021-06-06,2023-10-29,TIME_AND_MATERIAL,TERMINATED,EMP-44368
CON-007266,VND-03931,923239.44,GBP,2018-11-21,2020-07-29,RETAINER,EXPIRED,EMP-13616
CON-007267,VND-00802,661607.59,GBP,2021-08-11,2023-02-26,FIXED_PRICE,EXPIRED,EMP-55521
CON-007268,VND-04382,54522.43,USD,2018-09-20,2021-09-03,SLA,EXPIRED,EMP-14007
CON-007269,VND-00242,179748.44,SGD,2021-04-25,2022-09-30,MASTER_SERVICE,EXPIRED,EMP-40158
CON-007270,VND-00134,18586.84,USD,2019-01-20,2020-11-26,SLA,EXPIRED,EMP-69605
CON-007271,VND-04800,308472.63,USD,2019-02-27,2021-06-08,MASTER_SERVICE,EXPIRED,EMP-27006
CON-007272,VND-00981,412390.52,USD,2023-11-07,2025-10-15,SLA,ACTIVE,EMP-36393
CON-007273,VND-00741,29846.67,CAD,2018-04-28,2019-02-01,FIXED_PRICE,EXPIRED,EMP-2405
CON-007274,VND-03032,1089696.7,GBP,2021-05-02,2022-04-20,SLA,EXPIRED,EMP-38531
CON-007275,VND-01942,784622.95,GBP,2018-02-26,2020-05-13,FIXED_PRICE,EXPIRED,EMP-48487
CON-007276,VND-04796,191843.65,EUR,2021-08-20,2023-12-15,TIME_AND_MATERIAL,ACTIVE,EMP-19434
CON-007277,VND-00099,9820894.46,USD,2021-07-22,2023-08-14,RETAINER,EXPIRED,EMP-58393
CON-007278,VND-00945,144663.83,SGD,2021-09-30,2024-06-22,RETAINER,TERMINATED,EMP-3072
CON-007279,VND-03491,394263.44,EUR,2018-02-17,2020-01-14,PURCHASE_ORDER,EXPIRED,EMP-42160
CON-007280,VND-01121,860108.45,USD,2021-10-20,2022-08-12,RETAINER,TERMINATED,EMP-67994
CON-007281,VND-04594,565824.84,USD,2021-10-06,2022-12-09,RETAINER,EXPIRED,EMP-69590
CON-007282,VND-01462,36871.13,INR,2022-05-11,2023-06-25,SLA,EXPIRED,EMP-48734
CON-007283,VND-01796,13307.52,GBP,2021-04-21,2022-07-09,FRAMEWORK,EXPIRED,EMP-15905
CON-007284,VND-02779,160688.62,USD,2021-07-30,2022-11-19,SLA,EXPIRED,EMP-46327
CON-007285,VND-01976,6990640.81,SGD,2021-01-17,2021-08-15,RETAINER,EXPIRED,EMP-39917
CON-007286,VND-04640,127165.18,USD,2023-06-11,2026-05-03,FRAMEWORK,ACTIVE,EMP-54582
CON-007287,VND-03507,463200.57,EUR,2023-12-07,2024-11-04,FIXED_PRICE,EXPIRED,EMP-8010
CON-007288,VND-03706,7264.95,USD,2023-11-19,2026-11-02,FIXED_PRICE,ACTIVE,EMP-47672
CON-007289,VND-02917,862026.93,EUR,2020-08-04,2021-05-22,MASTER_SERVICE,EXPIRED,EMP-21926
CON-007290,VND-01795,262316.25,EUR,2023-08-13,2025-02-28,PURCHASE_ORDER,EXPIRED,EMP-73308
CON-007291,VND-03977,200435.13,EUR,2020-07-07,2022-01-31,PURCHASE_ORDER,EXPIRED,EMP-11997
CON-007292,VND-02713,1557585.99,USD,2023-08-21,2024-12-07,RETAINER,EXPIRED,EMP-8107
CON-007293,VND-00867,108351.2,USD,2020-11-22,2023-10-01,SLA,EXPIRED,EMP-55069
CON-007294,VND-04356,5000.0,USD,2023-11-25,2024-06-22,FIXED_PRICE,EXPIRED,EMP-68301
CON-007295,VND-00790,15436.47,AUD,2021-09-27,2022-09-24,MASTER_SERVICE,TERMINATED,EMP-10887
CON-007296,VND-03601,1151821.75,CAD,2018-12-14,2021-09-18,RETAINER,EXPIRED,EMP-34199
CON-007297,VND-01626,839302.68,USD,2018-08-03,2019-10-08,MASTER_SERVICE,EXPIRED,EMP-55039
CON-007298,VND-00803,28963.8,USD,2019-12-09,2021-11-30,FIXED_PRICE,EXPIRED,EMP-50128
CON-007299,VND-04512,5000.0,AUD,2023-08-29,2024-10-27,FIXED_PRICE,EXPIRED,EMP-23506
CON-007300,VND-00342,61694.34,GBP,2023-09-01,2025-01-03,PURCHASE_ORDER,EXPIRED,EMP-62363
CON-007301,VND-04460,3843400.21,GBP,2023-08-27,2024-05-05,PURCHASE_ORDER,EXPIRED,EMP-20646
CON-007302,VND-01373,67160.0,EUR,2023-04-08,2023-11-05,SLA,EXPIRED,EMP-52681
CON-007303,VND-04569,557482.72,USD,2019-05-28,2020-03-19,FIXED_PRICE,EXPIRED,EMP-66146
CON-007304,VND-03300,30267.9,CAD,2022-11-12,2025-01-21,MASTER_SERVICE,TERMINATED,EMP-55767
CON-007305,VND-02240,706717.62,USD,2020-10-26,2022-11-03,SLA,EXPIRED,EMP-45613
CON-007306,VND-03702,8084.34,USD,2020-03-20,2021-01-31,PURCHASE_ORDER,EXPIRED,EMP-46476
CON-007307,VND-04536,157119.74,EUR,2023-03-14,2024-02-21,MASTER_SERVICE,EXPIRED,EMP-22445
CON-007308,VND-02977,39691.95,CAD,2020-05-16,2023-04-07,FIXED_PRICE,EXPIRED,EMP-2050
CON-007309,VND-02176,12158.35,USD,2020-10-03,2023-10-01,RETAINER,EXPIRED,EMP-12006
CON-007310,VND-00138,1560476.47,USD,2021-03-18,2021-11-09,PURCHASE_ORDER,TERMINATED,EMP-16603
CON-007311,VND-04582,588163.87,USD,2020-05-13,2022-11-06,RETAINER,EXPIRED,EMP-67994
CON-007312,VND-01606,27654.09,INR,2023-01-25,2025-10-31,SLA,ACTIVE,EMP-34144
CON-007313,VND-03146,1104115.39,USD,2019-12-08,2021-05-22,SLA,EXPIRED,EMP-10012
CON-007314,VND-03489,79285.57,EUR,2023-04-17,2024-10-28,MASTER_SERVICE,TERMINATED,EMP-33208
CON-007315,VND-04458,1490485.55,GBP,2019-07-11,2022-07-01,RETAINER,TERMINATED,EMP-71069
CON-007316,VND-00263,16824.14,USD,2019-08-08,2020-04-13,MASTER_SERVICE,EXPIRED,EMP-51993
CON-007317,VND-04938,10523.93,AUD,2019-11-29,2020-12-26,TIME_AND_MATERIAL,EXPIRED,EMP-7369
CON-007318,VND-03640,1035886.59,USD,2021-02-21,2023-07-14,SLA,EXPIRED,EMP-51282
CON-007319,VND-03827,2739480.04,GBP,2018-01-11,2020-12-06,FIXED_PRICE,TERMINATED,EMP-30206
CON-007320,VND-00062,310732.12,GBP,2022-07-11,2023-10-31,FIXED_PRICE,EXPIRED,EMP-42215
CON-007321,VND-00308,374374.17,INR,2023-06-27,2024-04-07,FIXED_PRICE,EXPIRED,EMP-24526
CON-007322,VND-01278,17336.99,EUR,2020-08-19,2021-10-25,RETAINER,EXPIRED,EMP-50545
CON-007323,VND-02592,11588.72,USD,2018-12-30,2020-11-29,MASTER_SERVICE,EXPIRED,EMP-64755
CON-007324,VND-02203,7646838.59,USD,2020-03-28,2020-12-10,PURCHASE_ORDER,EXPIRED,EMP-13308
CON-007325,VND-02896,4404082.25,GBP,2023-01-18,2024-04-19,SLA,ACTIVE,EMP-53957
CON-007326,VND-03291,165670.38,GBP,2023-07-18,2024-11-21,RETAINER,EXPIRED,EMP-13182
CON-007327,VND-03698,20646.54,USD,2018-09-16,2020-10-17,FRAMEWORK,EXPIRED,EMP-42520
CON-007328,VND-04107,133239.29,USD,2021-07-30,2023-12-08,PURCHASE_ORDER,EXPIRED,EMP-11284
CON-007329,VND-02953,186125.19,SGD,2020-12-22,2022-09-24,FRAMEWORK,TERMINATED,EMP-4652
CON-007330,VND-02427,31886.65,INR,2022-02-28,2023-04-04,FIXED_PRICE,EXPIRED,EMP-70306
CON-007331,VND-01252,42923.16,GBP,2023-08-15,2025-09-08,PURCHASE_ORDER,ACTIVE,EMP-32411
CON-007332,VND-00024,46588.1,CAD,2023-05-20,2025-09-08,PURCHASE_ORDER,ACTIVE,EMP-16161
CON-007333,VND-04595,6377.48,EUR,2021-08-14,2023-05-23,MASTER_SERVICE,EXPIRED,EMP-52044
CON-007334,VND-03684,365775.15,EUR,2020-03-20,2021-04-16,RETAINER,EXPIRED,EMP-32533
CON-007335,VND-04511,1212099.39,GBP,2023-02-04,2024-09-10,TIME_AND_MATERIAL,EXPIRED,EMP-60690
CON-007336,VND-03547,108327.07,GBP,2018-06-08,2019-05-21,PURCHASE_ORDER,TERMINATED,EMP-1396
CON-007337,VND-02817,703059.55,EUR,2022-02-02,2024-07-20,PURCHASE_ORDER,EXPIRED,EMP-37176
CON-007338,VND-02902,5934.9,USD,2023-03-19,2025-06-09,SLA,ACTIVE,EMP-53725
CON-007339,VND-02176,353333.41,AUD,2022-06-28,2024-07-17,TIME_AND_MATERIAL,EXPIRED,EMP-CORP-00130
CON-007340,VND-02928,891418.09,USD,2019-05-10,2021-09-21,FRAMEWORK,EXPIRED,EMP-6848
CON-007341,VND-02068,15992.56,USD,2022-09-29,2024-06-18,FIXED_PRICE,EXPIRED,EMP-41770
CON-007342,VND-02130,542127.86,EUR,2018-01-17,2020-01-08,TIME_AND_MATERIAL,EXPIRED,EMP-49968
CON-007343,VND-02275,5000.0,GBP,2018-02-27,2018-10-07,FIXED_PRICE,EXPIRED,EMP-49872
CON-007344,VND-03404,471052.13,USD,2019-05-09,2021-11-28,PURCHASE_ORDER,EXPIRED,EMP-7940
CON-007345,VND-04462,44174.53,INR,2021-10-28,2023-08-06,FRAMEWORK,EXPIRED,EMP-71934
CON-007346,VND-01838,49944.75,USD,2023-10-22,2024-07-31,SLA,EXPIRED,EMP-64508
CON-007347,VND-04024,1257637.92,GBP,2022-05-01,2024-06-15,FIXED_PRICE,EXPIRED,EMP-RM435
CON-007348,VND-00714,67144.03,USD,2021-09-20,2023-12-08,SLA,EXPIRED,EMP-65510
CON-007349,VND-04703,119354.65,USD,2019-02-24,2020-12-01,FIXED_PRICE,EXPIRED,EMP-49706
CON-007350,VND-00807,5000.0,USD,2018-10-13,2019-10-22,SLA,EXPIRED,EMP-5811
CON-007351,VND-04621,5000.0,EUR,2018-10-26,2021-02-03,PURCHASE_ORDER,EXPIRED,EMP-4871
CON-007352,VND-01849,9834.36,EUR,2021-11-14,2024-03-23,FRAMEWORK,EXPIRED,EMP-74442
CON-007353,VND-03910,105301.7,USD,2019-10-04,2022-09-01,FIXED_PRICE,EXPIRED,EMP-6712
CON-007354,VND-00647,360581.46,GBP,2022-05-12,2023-05-09,SLA,EXPIRED,EMP-22407
CON-007355,VND-02208,72532.11,EUR,2023-04-22,2024-03-09,FIXED_PRICE,EXPIRED,EMP-57879
CON-007356,VND-04889,499125.87,USD,2020-03-07,2022-01-22,SLA,EXPIRED,EMP-72591
CON-007357,VND-03210,334495.13,USD,2020-04-03,2023-02-18,RETAINER,EXPIRED,EMP-1216
CON-007358,VND-04536,485111.83,GBP,2018-07-08,2019-06-26,MASTER_SERVICE,EXPIRED,EMP-6515
CON-007359,VND-02268,324326.14,AUD,2022-07-19,2024-01-10,RETAINER,EXPIRED,EMP-69980
CON-007360,VND-00354,3709546.95,USD,2019-07-28,2022-05-06,FRAMEWORK,EXPIRED,EMP-59033
CON-007361,VND-02544,5000.0,USD,2021-08-22,2022-12-28,PURCHASE_ORDER,EXPIRED,EMP-46232
CON-007362,VND-02615,27228.98,GBP,2022-11-01,2025-08-14,PURCHASE_ORDER,ACTIVE,EMP-1920
CON-007363,VND-04638,13684.3,EUR,2020-06-03,2021-11-09,RETAINER,EXPIRED,EMP-9225
CON-007364,VND-04522,523291.61,GBP,2020-12-24,2022-09-23,SLA,ACTIVE,EMP-51619
CON-007365,VND-02645,13505.7,USD,2018-11-28,2020-03-12,TIME_AND_MATERIAL,EXPIRED,EMP-70245
CON-007366,VND-01606,271468.27,USD,2019-09-03,2020-11-25,MASTER_SERVICE,ACTIVE,EMP-CORP-00112
CON-007367,VND-02092,156635.76,EUR,2019-10-14,2021-08-24,SLA,TERMINATED,EMP-38324
CON-007368,VND-04623,173830.57,SGD,2022-01-14,2024-09-24,MASTER_SERVICE,EXPIRED,EMP-52453
CON-007369,VND-04441,32678.72,USD,2023-05-30,2024-07-05,PURCHASE_ORDER,EXPIRED,EMP-54388
CON-007370,VND-03573,43314.15,EUR,2020-03-31,2022-06-12,TIME_AND_MATERIAL,EXPIRED,EMP-34823
CON-007371,VND-02624,82836.73,USD,2021-04-01,2023-03-19,MASTER_SERVICE,EXPIRED,EMP-63803
CON-007372,VND-03233,522821.61,USD,2018-02-23,2021-01-14,FIXED_PRICE,EXPIRED,EMP-39902
CON-007373,VND-02196,991816.18,INR,2023-09-14,2024-07-20,MASTER_SERVICE,TERMINATED,EMP-25970
CON-007374,VND-00430,914598.39,EUR,2020-01-19,2021-11-09,MASTER_SERVICE,EXPIRED,EMP-32974
CON-007375,VND-04924,621777.44,AUD,2019-12-31,2022-11-11,SLA,EXPIRED,EMP-33656
CON-007376,VND-03279,13933.53,USD,2023-07-26,2024-07-01,RETAINER,EXPIRED,EMP-18966
CON-007377,VND-02949,6312.16,USD,2023-07-05,2024-08-25,FIXED_PRICE,ACTIVE,EMP-58853
CON-007378,VND-03326,25284.39,USD,2022-12-27,2024-12-27,PURCHASE_ORDER,EXPIRED,EMP-69345
CON-007379,VND-03217,28753.73,EUR,2023-11-27,2026-11-06,MASTER_SERVICE,ACTIVE,EMP-9501
CON-007380,VND-01359,210585.7,USD,2023-10-12,2026-02-08,PURCHASE_ORDER,ACTIVE,EMP-7643
CON-007381,VND-04804,1307620.99,USD,2022-12-13,2023-09-29,FRAMEWORK,TERMINATED,EMP-23635
CON-007382,VND-00420,29522.93,USD,2020-03-06,2020-09-30,RETAINER,EXPIRED,EMP-51048
CON-007383,VND-02635,41122.61,EUR,2022-07-14,2024-07-24,TIME_AND_MATERIAL,EXPIRED,EMP-10016
CON-007384,VND-01219,220136.14,SGD,2023-02-01,2024-06-19,RETAINER,EXPIRED,EMP-CORP-00254
CON-007385,VND-01573,25777.93,USD,2019-02-03,2021-02-11,SLA,EXPIRED,EMP-44761
CON-007386,VND-01063,49310.27,USD,2018-12-22,2020-05-19,SLA,EXPIRED,EMP-15132
CON-007387,VND-00053,29433.18,SGD,2020-05-06,2022-10-21,TIME_AND_MATERIAL,EXPIRED,EMP-72125
CON-007388,VND-01514,40008.52,USD,2023-08-24,2025-06-14,PURCHASE_ORDER,ACTIVE,EMP-24977
CON-007389,VND-00128,268550.55,USD,2023-09-01,2026-06-21,TIME_AND_MATERIAL,ACTIVE,EMP-17329
CON-007390,VND-03330,5000.0,EUR,2018-09-18,2019-09-26,MASTER_SERVICE,ACTIVE,EMP-18595
CON-007391,VND-03026,37623.65,CAD,2018-09-12,2019-06-24,FIXED_PRICE,EXPIRED,EMP-41607
CON-007392,VND-03339,8108.86,INR,2019-03-19,2021-04-19,FIXED_PRICE,EXPIRED,EMP-43496
CON-007393,VND-01966,2666366.07,INR,2018-02-08,2019-01-23,SLA,EXPIRED,EMP-RM224
CON-007394,VND-04305,394839.07,EUR,2020-04-16,2021-03-03,MASTER_SERVICE,EXPIRED,EMP-66941
CON-007395,VND-04630,75404.89,USD,2022-07-23,2024-04-07,SLA,EXPIRED,EMP-4548
CON-007396,VND-01666,9840165.16,AUD,2021-02-28,2021-11-03,FIXED_PRICE,EXPIRED,EMP-56787
CON-007397,VND-04806,3344291.76,EUR,2018-10-20,2021-02-18,RETAINER,EXPIRED,EMP-CORP-00427
CON-007398,VND-01749,1473158.22,AUD,2021-10-20,2022-06-04,SLA,EXPIRED,EMP-11206
CON-007399,VND-02248,148445.98,SGD,2020-06-22,2021-01-10,FIXED_PRICE,EXPIRED,EMP-34036
CON-007400,VND-00227,34784.92,USD,2023-01-03,2024-04-13,SLA,ACTIVE,EMP-46374
CON-007401,VND-00811,95904.15,USD,2020-05-23,2022-09-06,SLA,EXPIRED,EMP-15368
CON-007402,VND-00255,969493.74,AUD,2018-09-16,2021-06-16,FIXED_PRICE,EXPIRED,EMP-37858
CON-007403,VND-03964,226828.84,USD,2021-02-07,2023-09-04,PURCHASE_ORDER,EXPIRED,EMP-50857
CON-007404,VND-04228,5974602.93,GBP,2022-02-18,2024-02-18,TIME_AND_MATERIAL,EXPIRED,EMP-RM428
CON-007405,VND-00613,212487.73,GBP,2021-03-07,2023-07-13,FIXED_PRICE,EXPIRED,EMP-2123
CON-007406,VND-01086,241669.31,GBP,2018-03-21,2019-11-08,PURCHASE_ORDER,EXPIRED,EMP-22155
CON-007407,VND-02251,5073.54,USD,2023-12-29,2026-02-26,PURCHASE_ORDER,ACTIVE,EMP-14395
CON-007408,VND-02932,5000.0,USD,2023-11-03,2026-06-24,TIME_AND_MATERIAL,DRAFT,EMP-CORP-00064
CON-007409,VND-04684,3459272.03,GBP,2018-06-21,2019-02-27,RETAINER,EXPIRED,MGR-5449
CON-007410,VND-00865,13544.31,USD,2018-10-14,2020-07-29,FRAMEWORK,EXPIRED,EMP-45210
CON-007411,VND-02306,7236.15,EUR,2022-10-30,2024-06-03,PURCHASE_ORDER,EXPIRED,EMP-46798
CON-007412,VND-02385,49244.09,GBP,2022-11-02,2024-04-08,RETAINER,EXPIRED,EMP-21794
CON-007413,VND-00157,14683.83,USD,2022-04-18,2024-03-15,FRAMEWORK,EXPIRED,EMP-45163
CON-007414,VND-01101,1226034.64,USD,2022-07-21,2024-01-09,FIXED_PRICE,TERMINATED,EMP-39253
CON-007415,VND-00303,5000.0,SGD,2022-01-21,2025-01-02,FIXED_PRICE,EXPIRED,EMP-49946
CON-007416,VND-01656,406669.41,INR,2022-08-25,2023-10-17,SLA,EXPIRED,EMP-57451
CON-007417,VND-01006,340151.07,USD,2020-11-29,2023-06-06,TIME_AND_MATERIAL,EXPIRED,EMP-38536
CON-007418,VND-02090,29979.02,USD,2020-10-11,2022-12-12,PURCHASE_ORDER,EXPIRED,EMP-73288
CON-007419,VND-03391,5000.0,AUD,2018-06-02,2020-02-18,PURCHASE_ORDER,EXPIRED,EMP-2924
CON-007420,VND-03826,209166.66,EUR,2018-09-10,2020-04-17,RETAINER,EXPIRED,EMP-74371
CON-007421,VND-00390,357079.87,GBP,2018-11-26,2020-12-07,RETAINER,EXPIRED,EMP-36572
CON-007422,VND-04796,460473.97,GBP,2020-04-01,2021-06-28,TIME_AND_MATERIAL,EXPIRED,EMP-39866
CON-007423,VND-03994,16638.42,USD,2019-11-06,2021-01-29,SLA,EXPIRED,EMP-28895
CON-007424,VND-00285,2152110.61,USD,2022-12-19,2025-12-01,RETAINER,ACTIVE,EMP-31666
CON-007425,VND-03788,806495.98,GBP,2023-02-21,2025-07-05,MASTER_SERVICE,ACTIVE,EMP-25379
CON-007426,VND-02503,20702.64,USD,2022-09-11,2025-07-01,TIME_AND_MATERIAL,ACTIVE,EMP-42868
CON-007427,VND-03383,875972.28,GBP,2023-12-21,2026-01-27,FRAMEWORK,ACTIVE,EMP-11704
CON-007428,VND-02579,167752.72,SGD,2018-02-15,2021-02-02,TIME_AND_MATERIAL,EXPIRED,EMP-33391
CON-007429,VND-00107,45993.95,EUR,2019-09-30,2021-04-09,MASTER_SERVICE,EXPIRED,EMP-20520
CON-007430,VND-00909,39275.11,USD,2022-06-04,2023-01-16,SLA,EXPIRED,EMP-54755
CON-007431,VND-02148,1763633.28,USD,2018-10-10,2021-08-26,FRAMEWORK,EXPIRED,EMP-58508
CON-007432,VND-01431,5000.0,INR,2018-10-29,2019-12-12,MASTER_SERVICE,EXPIRED,EMP-570
CON-007433,VND-04699,46136.18,GBP,2019-09-02,2021-08-22,PURCHASE_ORDER,EXPIRED,EMP-29771
CON-007434,VND-00015,53458.85,EUR,2023-06-18,2024-06-10,RETAINER,EXPIRED,EMP-71657
CON-007435,VND-01604,5000.0,EUR,2018-08-02,2021-06-07,PURCHASE_ORDER,TERMINATED,EMP-48797
CON-007436,VND-02645,22953.87,USD,2019-05-07,2020-03-26,PURCHASE_ORDER,EXPIRED,EMP-21247
CON-007437,VND-02217,4299358.34,GBP,2023-06-03,2024-10-05,MASTER_SERVICE,EXPIRED,EMP-47202
CON-007438,VND-02203,107370.8,INR,2023-09-29,2025-08-24,SLA,ACTIVE,EMP-11427
CON-007439,VND-00207,13652.68,GBP,2019-11-26,2022-01-20,RETAINER,EXPIRED,EMP-44441
CON-007440,VND-04800,1190139.94,USD,2018-03-30,2021-01-20,RETAINER,EXPIRED,EMP-48858
CON-007441,VND-04572,14682.54,AUD,2018-03-09,2021-01-09,PURCHASE_ORDER,EXPIRED,EMP-73451
CON-007442,VND-01085,36468.13,USD,2019-11-08,2022-08-23,FIXED_PRICE,EXPIRED,EMP-5728
CON-007443,VND-04725,306692.92,GBP,2020-02-15,2022-07-28,TIME_AND_MATERIAL,EXPIRED,EMP-12301
CON-007444,VND-02184,491617.77,USD,2018-11-04,2021-06-05,MASTER_SERVICE,EXPIRED,EMP-49963
CON-007445,VND-04394,5000.0,USD,2022-09-02,2023-12-25,FRAMEWORK,EXPIRED,EMP-6100
CON-007446,VND-01857,27002.8,USD,2019-08-20,2020-11-11,MASTER_SERVICE,EXPIRED,EMP-7130
CON-007447,VND-03681,16885.74,USD,2018-07-22,2020-02-21,TIME_AND_MATERIAL,EXPIRED,EMP-9328
CON-007448,VND-03697,745213.14,USD,2020-12-15,2023-05-01,PURCHASE_ORDER,EXPIRED,EMP-54846
CON-007449,VND-01112,46292.64,GBP,2022-11-21,2024-06-13,PURCHASE_ORDER,EXPIRED,EMP-61578
CON-007450,VND-01493,3486013.6,INR,2018-05-12,2020-09-15,PURCHASE_ORDER,EXPIRED,EMP-63309
CON-007451,VND-03778,772306.27,USD,2020-02-27,2022-08-16,PURCHASE_ORDER,EXPIRED,EMP-15315
CON-007452,VND-00124,17626.4,GBP,2021-12-27,2024-08-29,FRAMEWORK,EXPIRED,EMP-66626
CON-007453,VND-01363,1053806.43,USD,2023-07-08,2024-07-28,FIXED_PRICE,EXPIRED,EMP-58402
CON-007454,VND-03700,109156.56,CAD,2022-03-31,2024-10-07,SLA,EXPIRED,EMP-6361
CON-007455,VND-03894,25629.13,USD,2022-04-21,2023-06-08,RETAINER,EXPIRED,EMP-48580
CON-007456,VND-02379,145755.31,USD,2018-06-21,2019-01-11,RETAINER,TERMINATED,EMP-11834
CON-007457,VND-01300,13654.82,EUR,2022-11-14,2025-07-09,RETAINER,DRAFT,EMP-74349
CON-007458,VND-02948,1319575.83,EUR,2019-10-06,2021-08-04,MASTER_SERVICE,TERMINATED,EMP-RM937
CON-007459,VND-00236,333687.55,EUR,2019-10-17,2021-08-21,RETAINER,EXPIRED,EMP-50238
CON-007460,VND-01503,1473312.13,USD,2018-08-11,2019-02-15,MASTER_SERVICE,EXPIRED,EMP-4576
CON-007461,VND-00897,1124607.66,USD,2018-07-20,2019-03-08,MASTER_SERVICE,EXPIRED,EMP-50511
CON-007462,VND-00921,471122.38,EUR,2018-01-16,2019-02-02,SLA,EXPIRED,EMP-40958
CON-007463,VND-04192,5397789.82,EUR,2021-10-01,2022-07-25,MASTER_SERVICE,EXPIRED,EMP-36917
CON-007464,VND-01316,1070446.26,USD,2022-02-12,2023-05-30,FIXED_PRICE,EXPIRED,EMP-35127
CON-007465,VND-02305,267876.77,GBP,2019-07-26,2021-09-21,SLA,EXPIRED,EMP-25469
CON-007466,VND-01820,1060879.57,USD,2023-05-30,2024-01-15,TIME_AND_MATERIAL,ACTIVE,EMP-36579
CON-007467,VND-02479,33099.71,INR,2019-12-18,2022-06-11,PURCHASE_ORDER,EXPIRED,EMP-32533
CON-007468,VND-01633,49063.66,EUR,2023-11-01,2024-12-17,PURCHASE_ORDER,EXPIRED,EMP-32066
CON-007469,VND-02699,608126.11,USD,2020-11-08,2023-07-25,FRAMEWORK,EXPIRED,EMP-50063
CON-007470,VND-02387,22624.4,EUR,2022-07-17,2023-03-13,FIXED_PRICE,EXPIRED,EMP-12292
CON-007471,VND-02187,5000.0,CAD,2020-01-23,2020-08-14,PURCHASE_ORDER,EXPIRED,EMP-42170
CON-007472,VND-02392,27816.01,INR,2019-02-06,2019-09-14,PURCHASE_ORDER,EXPIRED,EMP-34548
CON-007473,VND-03617,9116.3,AUD,2018-04-16,2020-11-06,RETAINER,EXPIRED,EMP-25179
CON-007474,VND-02002,6389.49,USD,2019-10-20,2021-01-21,MASTER_SERVICE,ACTIVE,EMP-68326
CON-007475,VND-02854,132806.36,USD,2023-08-25,2026-02-12,MASTER_SERVICE,ACTIVE,EMP-5835
CON-007476,VND-01807,34717.47,CAD,2021-12-04,2023-10-26,SLA,EXPIRED,EMP-50794
CON-007477,VND-01008,14354.49,INR,2020-08-19,2023-06-05,SLA,EXPIRED,EMP-499
CON-007478,VND-04212,16748.35,EUR,2022-01-23,2022-10-15,MASTER_SERVICE,EXPIRED,EMP-61848
CON-007479,VND-04713,58548.78,EUR,2021-08-27,2022-10-09,MASTER_SERVICE,TERMINATED,EMP-62627
CON-007480,VND-04664,4865953.99,EUR,2021-11-16,2024-03-19,MASTER_SERVICE,TERMINATED,EMP-33822
CON-007481,VND-03957,14135.56,GBP,2021-05-22,2023-09-12,FIXED_PRICE,EXPIRED,EMP-66055
CON-007482,VND-01044,14164.8,USD,2020-02-06,2021-09-05,RETAINER,EXPIRED,EMP-17927
CON-007483,VND-02134,28584.0,USD,2021-04-10,2023-08-17,PURCHASE_ORDER,EXPIRED,EMP-28782
CON-007484,VND-04702,36800.53,AUD,2020-07-27,2021-06-27,FRAMEWORK,TERMINATED,EMP-62457
CON-007485,VND-00232,537564.41,USD,2021-08-03,2022-10-31,FRAMEWORK,EXPIRED,EMP-3857
CON-007486,VND-04537,10338.43,CAD,2022-12-22,2023-07-11,PURCHASE_ORDER,EXPIRED,EMP-2661
CON-007487,VND-01139,5000.0,USD,2022-09-23,2023-06-27,FIXED_PRICE,EXPIRED,EMP-RM703
CON-007488,VND-03867,9272694.25,EUR,2018-06-05,2020-09-16,FIXED_PRICE,EXPIRED,EMP-19877
CON-007489,VND-04318,31089.92,USD,2022-04-28,2024-09-24,TIME_AND_MATERIAL,EXPIRED,EMP-36936
CON-007490,VND-01788,112260.5,CAD,2020-03-22,2023-01-13,PURCHASE_ORDER,EXPIRED,EMP-14558
CON-007491,VND-04955,1567205.57,EUR,2021-11-05,2024-08-20,TIME_AND_MATERIAL,EXPIRED,EMP-16367
CON-007492,VND-00479,344617.62,EUR,2022-06-20,2024-11-24,FRAMEWORK,EXPIRED,EMP-38962
CON-007493,VND-00241,6185.48,CAD,2020-10-10,2023-03-29,SLA,EXPIRED,EMP-44145
CON-007494,VND-02746,181278.24,GBP,2020-05-31,2021-02-01,SLA,EXPIRED,EMP-33797
CON-007495,VND-01063,57255.34,USD,2021-05-24,2023-11-30,MASTER_SERVICE,EXPIRED,EMP-57838
CON-007496,VND-03687,65031.54,INR,2020-08-19,2023-04-14,FRAMEWORK,EXPIRED,EMP-13390
CON-007497,VND-03364,16376.05,USD,2018-11-18,2021-01-07,PURCHASE_ORDER,EXPIRED,EMP-35216
CON-007498,VND-02446,11458.31,USD,2023-01-25,2024-01-25,FRAMEWORK,EXPIRED,EMP-25081
CON-007499,VND-04213,21597.65,SGD,2022-10-04,2025-04-26,RETAINER,TERMINATED,EMP-35690
CON-007500,VND-02159,165890.29,EUR,2019-02-26,2019-12-26,FIXED_PRICE,EXPIRED,EMP-25449
CON-007501,VND-02440,340457.7,GBP,2021-10-11,2022-09-19,RETAINER,EXPIRED,EMP-60187
CON-007502,VND-00965,980998.76,USD,2021-09-13,2022-04-23,RETAINER,EXPIRED,EMP-39283
CON-007503,VND-00402,1587113.6,USD,2018-03-14,2021-02-09,SLA,EXPIRED,EMP-30140
CON-007504,VND-02422,43233.47,USD,2019-01-19,2019-09-18,FIXED_PRICE,EXPIRED,EMP-51469
CON-007505,VND-02031,248947.69,USD,2023-03-06,2023-12-18,RETAINER,EXPIRED,EMP-70824
CON-007506,VND-01096,177834.78,GBP,2023-02-11,2023-10-27,RETAINER,EXPIRED,EMP-19690
CON-007507,VND-00075,704883.01,EUR,2020-05-09,2021-04-09,FIXED_PRICE,EXPIRED,EMP-5696
CON-007508,VND-04568,181898.28,GBP,2021-12-10,2024-01-27,MASTER_SERVICE,TERMINATED,EMP-10757
CON-007509,VND-00504,8942.19,USD,2021-10-21,2023-03-16,FIXED_PRICE,EXPIRED,EMP-11806
CON-007510,VND-02707,446435.05,INR,2020-12-26,2021-12-25,PURCHASE_ORDER,EXPIRED,EMP-60528
CON-007511,VND-00251,653320.89,SGD,2022-03-22,2024-12-19,MASTER_SERVICE,EXPIRED,EMP-33052
CON-007512,VND-03206,12761.45,USD,2021-02-16,2023-10-16,FRAMEWORK,EXPIRED,EMP-30472
CON-007513,VND-00123,180650.54,USD,2020-10-13,2021-04-17,MASTER_SERVICE,EXPIRED,EMP-10415
CON-007514,VND-04316,309497.29,GBP,2019-10-13,2020-11-03,SLA,TERMINATED,EMP-CORP-00549
CON-007515,VND-04202,28050.13,USD,2023-09-30,2026-02-28,TIME_AND_MATERIAL,ACTIVE,EMP-68708
CON-007516,VND-00717,436873.0,EUR,2022-07-21,2023-08-07,FRAMEWORK,EXPIRED,EMP-18249
CON-007517,VND-02093,5000.0,USD,2020-12-22,2022-03-27,SLA,EXPIRED,EMP-43719
CON-007518,VND-04877,5162.59,INR,2018-10-01,2020-08-05,SLA,EXPIRED,EMP-35283
CON-007519,VND-00910,5968.66,USD,2021-06-15,2022-04-20,FIXED_PRICE,EXPIRED,EMP-50079
CON-007520,VND-01238,5000.0,USD,2018-01-29,2020-09-07,MASTER_SERVICE,EXPIRED,EMP-CORP-00538
CON-007521,VND-01307,7487.33,SGD,2019-04-10,2020-09-13,TIME_AND_MATERIAL,EXPIRED,EMP-20964
CON-007522,VND-01249,510352.3,USD,2020-10-11,2023-06-11,TIME_AND_MATERIAL,EXPIRED,EMP-34675
CON-007523,VND-00943,627221.88,USD,2021-10-05,2023-11-28,MASTER_SERVICE,EXPIRED,EMP-13662
CON-007524,VND-02139,34263.09,SGD,2021-02-23,2022-01-24,RETAINER,EXPIRED,EMP-23963
CON-007525,VND-01165,15472.78,INR,2022-08-28,2024-07-09,FRAMEWORK,TERMINATED,EMP-8032
CON-007526,VND-01007,7455.62,AUD,2019-02-28,2020-02-11,FIXED_PRICE,EXPIRED,EMP-64896
CON-007527,VND-02649,25523.86,USD,2021-09-15,2024-09-04,SLA,EXPIRED,EMP-59980
CON-007528,VND-03088,42781.0,USD,2023-09-23,2026-01-05,RETAINER,DRAFT,EMP-8033
CON-007529,VND-02291,5943.69,GBP,2018-08-15,2019-09-19,TIME_AND_MATERIAL,EXPIRED,EMP-44165
CON-007530,VND-04736,1778075.25,USD,2018-03-22,2020-10-01,PURCHASE_ORDER,EXPIRED,EMP-73833
CON-007531,VND-04164,8281895.42,GBP,2023-05-25,2024-10-13,RETAINER,EXPIRED,EMP-27812
CON-007532,VND-00658,57411.99,USD,2020-12-25,2021-12-26,PURCHASE_ORDER,EXPIRED,EMP-56292
CON-007533,VND-01928,5000.0,EUR,2018-03-27,2020-09-03,SLA,EXPIRED,EMP-42672
CON-007534,VND-01091,26617.01,GBP,2018-02-16,2019-08-05,RETAINER,TERMINATED,EMP-35718
CON-007535,VND-02336,35935.39,USD,2019-02-05,2020-05-27,SLA,EXPIRED,EMP-65845
CON-007536,VND-00729,752689.37,INR,2019-09-06,2021-08-26,MASTER_SERVICE,EXPIRED,EMP-18804
CON-007537,VND-00737,377311.86,INR,2022-06-06,2025-03-27,TIME_AND_MATERIAL,EXPIRED,EMP-2511
CON-007538,VND-03299,7963.55,GBP,2023-12-23,2025-08-22,RETAINER,ACTIVE,EMP-27056
CON-007539,VND-03907,26381.45,GBP,2023-04-26,2024-12-01,PURCHASE_ORDER,EXPIRED,EMP-57280
CON-007540,VND-02929,626613.3,USD,2018-02-15,2021-01-19,TIME_AND_MATERIAL,EXPIRED,EMP-30169
CON-007541,VND-00123,7417.45,GBP,2020-12-25,2022-05-06,PURCHASE_ORDER,EXPIRED,EMP-24037
CON-007542,VND-02312,201258.01,EUR,2023-08-19,2026-06-20,TIME_AND_MATERIAL,ACTIVE,EMP-34818
CON-007543,VND-03323,56313.3,USD,2018-11-01,2019-09-25,TIME_AND_MATERIAL,EXPIRED,EMP-54496
CON-007544,VND-00556,268151.77,USD,2020-01-06,2020-12-01,RETAINER,EXPIRED,EMP-1486
CON-007545,VND-04981,359429.68,USD,2022-09-16,2023-09-04,MASTER_SERVICE,EXPIRED,EMP-3940
CON-007546,VND-03034,11906.32,EUR,2018-04-01,2021-01-14,PURCHASE_ORDER,EXPIRED,EMP-38785
CON-007547,VND-00837,5000.0,SGD,2019-08-17,2021-09-08,SLA,EXPIRED,EMP-CORP-00022
CON-007548,VND-02365,4304602.35,USD,2018-03-23,2020-07-16,TIME_AND_MATERIAL,EXPIRED,EMP-9092
CON-007549,VND-01609,5000.0,EUR,2018-08-19,2021-06-02,FIXED_PRICE,TERMINATED,EMP-39122
CON-007550,VND-02120,11151.58,USD,2019-06-15,2020-04-12,RETAINER,EXPIRED,EMP-50750
CON-007551,VND-03717,5194.86,USD,2018-05-05,2019-08-29,MASTER_SERVICE,EXPIRED,EMP-18009
CON-007552,VND-01389,9133.8,CAD,2022-10-11,2023-09-16,TIME_AND_MATERIAL,EXPIRED,EMP-8925
CON-007553,VND-03893,44825.84,INR,2018-03-18,2020-01-19,RETAINER,EXPIRED,EMP-12850
CON-007554,VND-04815,5000.0,USD,2022-01-29,2024-04-27,RETAINER,EXPIRED,EMP-22708
CON-007555,VND-01821,5000.0,GBP,2018-12-21,2021-04-07,SLA,EXPIRED,EMP-14649
CON-007556,VND-02025,8967.16,USD,2022-01-16,2024-04-10,SLA,EXPIRED,EMP-6382
CON-007557,VND-03641,3559169.2,USD,2018-09-10,2020-06-29,FRAMEWORK,EXPIRED,EMP-25099
CON-007558,VND-02676,5000.0,USD,2018-04-11,2020-12-14,MASTER_SERVICE,TERMINATED,EMP-55765
CON-007559,VND-01724,1051419.83,EUR,2023-11-04,2025-07-03,MASTER_SERVICE,ACTIVE,EMP-28803
CON-007560,VND-02646,192451.65,GBP,2018-09-27,2021-08-29,TIME_AND_MATERIAL,EXPIRED,MGR-10.0
CON-007561,VND-03084,355986.7,USD,2022-05-13,2023-07-03,RETAINER,EXPIRED,EMP-12781
CON-007562,VND-00346,5000.0,INR,2019-04-27,2021-03-19,TIME_AND_MATERIAL,TERMINATED,EMP-73404
CON-007563,VND-01314,506775.69,USD,2019-01-23,2021-01-03,SLA,EXPIRED,EMP-69855
CON-007564,VND-02229,42246.37,GBP,2018-09-20,2020-12-06,RETAINER,EXPIRED,EMP-48399
CON-007565,VND-00264,1144450.54,GBP,2018-12-28,2020-10-03,FIXED_PRICE,EXPIRED,EMP-69174
CON-007566,VND-00150,5457.96,USD,2022-01-27,2024-07-22,FIXED_PRICE,EXPIRED,EMP-37673
CON-007567,VND-02415,18125.35,USD,2023-07-01,2025-05-19,SLA,ACTIVE,EMP-13494
CON-007568,VND-00473,49207.79,GBP,2020-02-18,2022-03-12,MASTER_SERVICE,EXPIRED,EMP-21991
CON-007569,VND-04432,1756782.97,INR,2018-10-21,2020-12-01,FIXED_PRICE,TERMINATED,EMP-59005
CON-007570,VND-01534,5000.0,GBP,2019-04-27,2021-03-06,MASTER_SERVICE,EXPIRED,EMP-34132
CON-007571,VND-03084,51011.23,EUR,2022-05-17,2023-03-02,TIME_AND_MATERIAL,EXPIRED,EMP-69828
CON-007572,VND-03737,8601.77,USD,2020-03-25,2023-03-09,RETAINER,EXPIRED,EMP-5000
CON-007573,VND-04299,59308.51,INR,2020-07-14,2022-11-23,MASTER_SERVICE,EXPIRED,EMP-64755
CON-007574,VND-02910,96445.45,CAD,2021-02-15,2023-05-22,RETAINER,EXPIRED,EMP-32074
CON-007575,VND-02380,5000.0,AUD,2020-08-08,2021-03-04,FRAMEWORK,TERMINATED,EMP-4601
CON-007576,VND-01974,7540.33,USD,2018-12-16,2021-05-19,SLA,EXPIRED,EMP-44063
CON-007577,VND-04574,5000.0,USD,2020-11-08,2021-06-01,TIME_AND_MATERIAL,EXPIRED,EMP-36531
CON-007578,VND-01143,19891.32,INR,2019-01-05,2020-09-19,TIME_AND_MATERIAL,TERMINATED,EMP-9463
CON-007579,VND-01785,187154.24,SGD,2020-02-04,2021-08-25,PURCHASE_ORDER,EXPIRED,EMP-16596
CON-007580,VND-04422,24331.47,USD,2023-09-13,2025-11-30,FRAMEWORK,ACTIVE,EMP-68303
CON-007581,VND-03039,107831.33,GBP,2021-08-08,2023-12-16,MASTER_SERVICE,EXPIRED,EMP-53631
CON-007582,VND-01161,91320.67,AUD,2018-04-24,2020-04-21,PURCHASE_ORDER,EXPIRED,EMP-24293
CON-007583,VND-03262,703241.65,USD,2023-05-26,2025-02-04,MASTER_SERVICE,EXPIRED,EMP-15210
CON-007584,VND-02115,187987.12,EUR,2021-09-24,2023-04-30,MASTER_SERVICE,EXPIRED,EMP-71918
CON-007585,VND-01266,2162179.71,USD,2021-04-18,2023-05-23,FIXED_PRICE,EXPIRED,EMP-15906
CON-007586,VND-00987,1646421.48,GBP,2023-10-15,2026-01-04,RETAINER,ACTIVE,EMP-RM466
CON-007587,VND-03475,56403.09,GBP,2020-07-24,2023-03-04,PURCHASE_ORDER,ACTIVE,EMP-31601
CON-007588,VND-02064,53173.42,USD,2023-09-07,2026-01-04,MASTER_SERVICE,ACTIVE,EMP-19442
CON-007589,VND-01351,10516.28,USD,2020-01-03,2022-02-17,SLA,EXPIRED,EMP-44758
CON-007590,VND-01829,382752.67,EUR,2020-02-25,2021-08-12,FRAMEWORK,EXPIRED,EMP-35127
CON-007591,VND-03186,30337.98,EUR,2023-05-22,2025-07-23,MASTER_SERVICE,ACTIVE,EMP-44502
CON-007592,VND-04877,25129.73,USD,2020-09-22,2023-09-16,TIME_AND_MATERIAL,EXPIRED,EMP-66314
CON-007593,VND-04914,208681.81,SGD,2020-02-06,2020-09-18,FRAMEWORK,EXPIRED,EMP-58392
CON-007594,VND-02005,33915.09,CAD,2023-07-09,2025-04-04,FRAMEWORK,EXPIRED,EMP-37020
CON-007595,VND-03517,69373.87,AUD,2020-03-14,2022-06-12,SLA,EXPIRED,EMP-57339
CON-007596,VND-01008,141458.6,EUR,2018-05-29,2019-02-22,TIME_AND_MATERIAL,EXPIRED,EMP-22008
CON-007597,VND-00544,10940.07,CAD,2020-04-03,2023-01-26,FRAMEWORK,ACTIVE,EMP-50789
CON-007598,VND-00443,5000.0,GBP,2020-11-25,2022-10-19,FIXED_PRICE,EXPIRED,EMP-22598
CON-007599,VND-01360,5000.0,INR,2021-11-22,2023-06-19,MASTER_SERVICE,EXPIRED,EMP-42387
CON-007600,VND-01133,7251.27,INR,2022-09-14,2024-12-16,RETAINER,EXPIRED,EMP-55992
CON-007601,VND-00441,5000.0,EUR,2022-05-05,2024-02-12,TIME_AND_MATERIAL,EXPIRED,EMP-16069
CON-007602,VND-04322,45544.24,CAD,2023-11-30,2024-06-06,RETAINER,EXPIRED,EMP-44343
CON-007603,VND-01625,18425.68,AUD,2019-06-11,2021-05-10,TIME_AND_MATERIAL,EXPIRED,EMP-46752
CON-007604,VND-00655,7655.34,USD,2022-12-17,2023-11-16,RETAINER,ACTIVE,EMP-23164
CON-007605,VND-04576,70540.98,INR,2019-03-11,2020-09-05,RETAINER,EXPIRED,EMP-3347
CON-007606,VND-04962,8786.22,USD,2023-09-03,2025-07-24,PURCHASE_ORDER,ACTIVE,EMP-60183
CON-007607,VND-01722,457019.29,USD,2023-04-14,2026-03-05,SLA,ACTIVE,EMP-65637
CON-007608,VND-01702,34178.29,USD,2021-12-24,2024-09-02,FRAMEWORK,EXPIRED,EMP-69993
CON-007609,VND-04342,13622.06,GBP,2023-08-30,2026-04-08,TIME_AND_MATERIAL,ACTIVE,EMP-16646
CON-007610,VND-00942,21185.87,USD,2022-02-25,2023-12-11,MASTER_SERVICE,EXPIRED,EMP-59930
CON-007611,VND-00948,412477.36,SGD,2023-12-30,2024-07-11,MASTER_SERVICE,EXPIRED,EMP-11934
CON-007612,VND-00075,176529.67,EUR,2019-03-20,2021-09-17,RETAINER,EXPIRED,EMP-12531
CON-007613,VND-00808,9120.84,USD,2020-08-31,2022-09-15,FRAMEWORK,ACTIVE,EMP-43613
CON-007614,VND-02778,493532.42,USD,2021-03-07,2021-10-02,SLA,TERMINATED,EMP-5604
CON-007615,VND-02787,3490468.91,USD,2022-10-06,2025-08-10,TIME_AND_MATERIAL,ACTIVE,EMP-56181
CON-007616,VND-02690,415214.95,GBP,2020-04-13,2020-10-27,FRAMEWORK,TERMINATED,EMP-47327
CON-007617,VND-00679,835311.99,USD,2022-09-14,2024-11-01,TIME_AND_MATERIAL,EXPIRED,EMP-2369
CON-007618,VND-00912,5000.0,AUD,2023-07-19,2025-03-22,FIXED_PRICE,EXPIRED,EMP-62173
CON-007619,VND-01194,10904.98,GBP,2023-05-20,2025-10-10,RETAINER,ACTIVE,EMP-25259
CON-007620,VND-03289,18446.83,AUD,2022-09-03,2024-09-15,TIME_AND_MATERIAL,TERMINATED,EMP-14969
CON-007621,VND-03299,5422.64,GBP,2019-08-15,2021-09-07,TIME_AND_MATERIAL,EXPIRED,EMP-32662
CON-007622,VND-03060,96258.39,USD,2020-06-14,2021-01-22,TIME_AND_MATERIAL,EXPIRED,EMP-50193
CON-007623,VND-03638,5000.0,USD,2022-05-31,2023-01-06,FIXED_PRICE,TERMINATED,EMP-65271
CON-007624,VND-00495,6746.84,GBP,2021-02-21,2023-07-15,PURCHASE_ORDER,TERMINATED,EMP-65271
CON-007625,VND-04229,233792.57,GBP,2023-07-15,2024-07-27,RETAINER,TERMINATED,EMP-12817
CON-007626,VND-03670,31047.8,AUD,2019-09-03,2020-11-11,SLA,EXPIRED,EMP-5020
CON-007627,VND-00249,12494.67,INR,2021-03-31,2022-09-23,TIME_AND_MATERIAL,EXPIRED,EMP-51536
CON-007628,VND-00852,12287.34,USD,2018-05-06,2019-02-21,PURCHASE_ORDER,TERMINATED,EMP-29158
CON-007629,VND-04456,61665.78,USD,2022-03-19,2023-04-08,MASTER_SERVICE,EXPIRED,EMP-37104
CON-007630,VND-02778,119796.7,INR,2019-07-05,2022-03-01,MASTER_SERVICE,EXPIRED,EMP-35226
CON-007631,VND-03592,24568.26,USD,2023-02-14,2025-10-19,SLA,ACTIVE,EMP-3497
CON-007632,VND-04355,5000.0,EUR,2021-06-21,2024-02-24,RETAINER,EXPIRED,EMP-68785
CON-007633,VND-01558,81533.24,USD,2022-01-06,2024-09-30,FRAMEWORK,EXPIRED,EMP-23747
CON-007634,VND-04305,63280.17,USD,2019-09-19,2020-08-10,SLA,TERMINATED,EMP-38029
CON-007635,VND-03670,1585794.87,EUR,2019-11-22,2022-03-28,FIXED_PRICE,EXPIRED,EMP-44079
CON-007636,VND-00676,1804695.98,USD,2019-03-08,2021-11-12,FIXED_PRICE,EXPIRED,EMP-32789
CON-007637,VND-02544,610747.99,USD,2021-11-07,2024-10-09,TIME_AND_MATERIAL,EXPIRED,EMP-48543
CON-007638,VND-03203,1445246.91,USD,2023-01-02,2025-06-08,TIME_AND_MATERIAL,ACTIVE,EMP-11978
CON-007639,VND-03211,29937.4,EUR,2020-04-26,2021-10-16,RETAINER,TERMINATED,EMP-24244
CON-007640,VND-04126,284049.17,GBP,2019-08-26,2020-04-06,SLA,EXPIRED,EMP-47879
CON-007641,VND-01410,82794.91,USD,2019-12-30,2022-03-18,TIME_AND_MATERIAL,EXPIRED,EMP-43970
CON-007642,VND-01900,502304.06,USD,2022-07-06,2024-09-28,MASTER_SERVICE,TERMINATED,EMP-6274
CON-007643,VND-00495,1942436.45,GBP,2022-08-09,2024-07-23,SLA,EXPIRED,EMP-67944
CON-007644,VND-00280,14585.74,USD,2019-11-06,2022-02-07,SLA,TERMINATED,EMP-71462
CON-007645,VND-01187,10810.31,EUR,2019-03-12,2021-10-21,SLA,EXPIRED,EMP-RM539
CON-007646,VND-01252,151067.04,EUR,2023-11-15,2025-08-27,PURCHASE_ORDER,ACTIVE,EMP-CORP-00362
CON-007647,VND-04678,69771.14,USD,2020-07-19,2023-03-06,RETAINER,EXPIRED,EMP-13708
CON-007648,VND-01053,19536.94,AUD,2021-10-08,2022-05-23,PURCHASE_ORDER,EXPIRED,EMP-64043
CON-007649,VND-04604,5000.0,USD,2019-01-10,2020-02-14,SLA,EXPIRED,EMP-41615
CON-007650,VND-00644,50155.18,USD,2023-04-11,2023-10-31,FRAMEWORK,EXPIRED,EMP-67838
CON-007651,VND-02178,1248976.05,GBP,2018-01-20,2019-07-05,FIXED_PRICE,EXPIRED,EMP-52255
CON-007652,VND-00979,5000.0,CAD,2018-04-10,2020-08-26,MASTER_SERVICE,EXPIRED,EMP-25099
CON-007653,VND-03380,86491.68,USD,2019-03-23,2021-09-07,RETAINER,EXPIRED,EMP-48115
CON-007654,VND-02418,103501.83,EUR,2021-11-23,2022-07-24,MASTER_SERVICE,TERMINATED,EMP-61798
CON-007655,VND-00827,14019.83,GBP,2021-06-06,2024-04-27,SLA,TERMINATED,EMP-10084
CON-007656,VND-02578,2625846.9,GBP,2020-11-20,2023-05-08,SLA,EXPIRED,EMP-CORP-00252
CON-007657,VND-04200,18380.42,USD,2023-03-28,2024-01-30,TIME_AND_MATERIAL,EXPIRED,EMP-35905
CON-007658,VND-02989,7670.68,USD,2021-02-22,2021-10-30,PURCHASE_ORDER,EXPIRED,EMP-67824
CON-007659,VND-02658,75891.67,INR,2018-02-12,2020-10-25,FRAMEWORK,EXPIRED,EMP-35814
CON-007660,VND-01599,46410.64,AUD,2022-08-04,2024-03-14,FRAMEWORK,EXPIRED,EMP-41771
CON-007661,VND-02414,176075.88,INR,2020-07-05,2021-12-28,TIME_AND_MATERIAL,EXPIRED,EMP-52354
CON-007662,VND-02595,26052.04,USD,2020-02-05,2021-10-18,FIXED_PRICE,EXPIRED,EMP-35475
CON-007663,VND-00065,64618.77,USD,2019-09-26,2020-12-04,MASTER_SERVICE,EXPIRED,EMP-63266
CON-007664,VND-04875,401149.33,GBP,2023-02-15,2025-10-15,FIXED_PRICE,ACTIVE,EMP-53385
CON-007665,VND-00650,28198.88,USD,2023-09-09,2024-07-25,TIME_AND_MATERIAL,EXPIRED,EMP-50613
CON-007666,VND-00340,38462.09,USD,2019-06-08,2020-01-28,FIXED_PRICE,EXPIRED,EMP-49371
CON-007667,VND-00944,453079.2,USD,2019-09-13,2022-07-05,MASTER_SERVICE,TERMINATED,EMP-59914
CON-007668,VND-01606,72265.39,USD,2019-03-28,2021-12-17,MASTER_SERVICE,EXPIRED,EMP-43613
CON-007669,VND-04897,353632.69,EUR,2022-08-06,2024-07-13,TIME_AND_MATERIAL,EXPIRED,EMP-49503
CON-007670,VND-03315,564279.89,SGD,2020-04-02,2021-07-08,FIXED_PRICE,EXPIRED,EMP-18718
CON-007671,VND-01964,5000.0,USD,2018-12-20,2019-12-22,TIME_AND_MATERIAL,TERMINATED,EMP-53472
CON-007672,VND-02082,2719320.33,USD,2022-06-30,2023-01-29,PURCHASE_ORDER,EXPIRED,EMP-12870
CON-007673,VND-01947,30192.23,CAD,2021-05-26,2023-11-07,FIXED_PRICE,EXPIRED,EMP-RM412
CON-007674,VND-02133,8504.63,GBP,2019-07-18,2021-11-07,FRAMEWORK,EXPIRED,EMP-RM166
CON-007675,VND-00117,428573.91,USD,2018-07-03,2020-01-02,TIME_AND_MATERIAL,TERMINATED,EMP-17515
CON-007676,VND-03358,215855.5,GBP,2019-01-03,2021-12-04,SLA,EXPIRED,EMP-56982
CON-007677,VND-00841,916005.59,USD,2020-11-19,2021-06-07,MASTER_SERVICE,EXPIRED,MGR-9536
CON-007678,VND-03283,524503.21,USD,2023-12-17,2026-01-25,PURCHASE_ORDER,ACTIVE,EMP-39730
CON-007679,VND-00316,5571.37,EUR,2021-06-14,2023-12-26,MASTER_SERVICE,EXPIRED,EMP-CORP-00392
CON-007680,VND-00375,505376.25,EUR,2021-10-19,2024-01-26,RETAINER,EXPIRED,EMP-70977
CON-007681,VND-00507,6552.95,AUD,2021-01-07,2021-10-26,FRAMEWORK,EXPIRED,EMP-13379
CON-007682,VND-01311,5000.0,USD,2022-12-22,2024-06-19,SLA,EXPIRED,EMP-34935
CON-007683,VND-00841,22688.06,USD,2020-02-16,2022-05-01,FRAMEWORK,EXPIRED,EMP-10887
CON-007684,VND-00193,31755.83,CAD,2022-09-03,2025-02-25,RETAINER,EXPIRED,EMP-17949
CON-007685,VND-04126,166333.96,AUD,2019-05-22,2022-01-19,RETAINER,EXPIRED,EMP-39193
CON-007686,VND-04653,211052.01,INR,2020-04-05,2022-08-25,MASTER_SERVICE,TERMINATED,EMP-20019
CON-007687,VND-01926,15181.44,USD,2022-01-04,2024-09-06,FIXED_PRICE,TERMINATED,EMP-38897
CON-007688,VND-01761,245815.82,USD,2018-01-05,2020-06-09,RETAINER,EXPIRED,EMP-1914
CON-007689,VND-04798,364760.61,EUR,2021-03-11,2022-06-24,RETAINER,TERMINATED,EMP-28068
CON-007690,VND-00536,17187.27,GBP,2020-11-09,2021-09-01,PURCHASE_ORDER,TERMINATED,EMP-56690
CON-007691,VND-00961,27023.31,USD,2019-02-08,2021-12-02,FIXED_PRICE,EXPIRED,EMP-64209
CON-007692,VND-03406,23605.0,INR,2018-08-22,2020-04-17,MASTER_SERVICE,EXPIRED,EMP-62361
CON-007693,VND-03094,363581.72,USD,2018-01-27,2019-01-31,FIXED_PRICE,EXPIRED,EMP-RM425
CON-007694,VND-03890,43086.71,GBP,2019-03-07,2020-12-27,SLA,ACTIVE,EMP-12654
CON-007695,VND-04416,28322.17,CAD,2021-09-01,2024-02-28,RETAINER,EXPIRED,EMP-12349
CON-007696,VND-00581,75446.43,GBP,2021-11-11,2024-06-01,MASTER_SERVICE,EXPIRED,EMP-26860
CON-007697,VND-04519,45140.69,GBP,2022-10-03,2025-06-25,SLA,DRAFT,EMP-9369
CON-007698,VND-01039,13453.42,GBP,2021-07-23,2023-03-20,RETAINER,EXPIRED,EMP-9484
CON-007699,VND-05000,121649.06,USD,2018-01-12,2019-06-05,RETAINER,EXPIRED,EMP-42709
CON-007700,VND-03469,31520.66,USD,2022-04-09,2024-06-07,RETAINER,EXPIRED,EMP-39916
CON-007701,VND-02364,297713.82,CAD,2021-07-21,2022-06-14,MASTER_SERVICE,EXPIRED,EMP-43909
CON-007702,VND-03372,25437.8,GBP,2022-11-01,2024-12-03,RETAINER,EXPIRED,EMP-38204
CON-007703,VND-04673,78627.33,USD,2018-02-11,2018-10-01,SLA,EXPIRED,EMP-54529
CON-007704,VND-03279,5000.0,AUD,2018-02-18,2019-05-11,SLA,EXPIRED,EMP-28466
CON-007705,VND-03474,1018357.6,USD,2018-06-20,2019-10-10,FRAMEWORK,ACTIVE,EMP-12167
CON-007706,VND-01727,263674.62,USD,2020-08-20,2021-12-25,TIME_AND_MATERIAL,EXPIRED,EMP-30719
CON-007707,VND-03028,1512093.73,EUR,2023-06-09,2026-01-14,FRAMEWORK,ACTIVE,EMP-55788
CON-007708,VND-01822,5000.0,USD,2023-04-19,2025-03-18,MASTER_SERVICE,TERMINATED,EMP-33003
CON-007709,VND-02053,5000.0,USD,2022-03-25,2022-10-05,FRAMEWORK,EXPIRED,EMP-CORP-00267
CON-007710,VND-01247,2493173.45,USD,2019-05-04,2020-05-19,MASTER_SERVICE,EXPIRED,EMP-70394
CON-007711,VND-04671,1214808.59,GBP,2020-10-19,2023-02-11,SLA,EXPIRED,EMP-39916
CON-007712,VND-00671,29870.47,EUR,2020-03-23,2022-11-11,PURCHASE_ORDER,ACTIVE,EMP-53229
CON-007713,VND-01314,340757.38,GBP,2023-03-28,2025-04-11,RETAINER,EXPIRED,EMP-67989
CON-007714,VND-02568,6801.66,INR,2023-05-22,2024-07-12,RETAINER,TERMINATED,EMP-CORP-00228
CON-007715,VND-02357,1266092.06,AUD,2022-04-06,2022-11-21,TIME_AND_MATERIAL,EXPIRED,EMP-CORP-00568
CON-007716,VND-03561,583099.01,AUD,2020-12-26,2022-11-02,FIXED_PRICE,EXPIRED,EMP-36396
CON-007717,VND-03317,89136.43,USD,2020-06-22,2021-09-13,RETAINER,EXPIRED,EMP-46678
CON-007718,VND-00879,7939.93,USD,2021-09-07,2024-07-09,RETAINER,EXPIRED,EMP-1674
CON-007719,VND-02570,5000.0,INR,2023-09-18,2024-11-08,SLA,EXPIRED,EMP-15371
CON-007720,VND-01952,66994.55,USD,2018-08-04,2020-04-19,FIXED_PRICE,EXPIRED,EMP-41716
CON-007721,VND-03597,251214.07,INR,2023-10-31,2026-02-03,SLA,ACTIVE,EMP-3388
CON-007722,VND-02758,393520.5,USD,2019-12-29,2021-11-19,TIME_AND_MATERIAL,EXPIRED,EMP-9683
CON-007723,VND-04371,38905.81,USD,2022-03-18,2025-01-04,FRAMEWORK,TERMINATED,EMP-52379
CON-007724,VND-00619,8232.97,USD,2018-11-13,2021-04-23,FIXED_PRICE,TERMINATED,EMP-56639
CON-007725,VND-02570,1300290.31,USD,2019-01-20,2020-02-25,RETAINER,TERMINATED,EMP-10485
CON-007726,VND-03402,1045711.25,USD,2020-03-17,2021-10-06,PURCHASE_ORDER,EXPIRED,EMP-21621
CON-007727,VND-03167,107648.4,EUR,2018-07-14,2019-12-15,SLA,EXPIRED,EMP-36311
CON-007728,VND-04464,41991.59,USD,2021-07-21,2022-06-14,PURCHASE_ORDER,EXPIRED,EMP-58244
CON-007729,VND-01580,364344.42,EUR,2023-09-03,2025-07-27,SLA,ACTIVE,EMP-15914
CON-007730,VND-02336,34067.61,EUR,2021-05-08,2024-03-06,MASTER_SERVICE,TERMINATED,EMP-778
CON-007731,VND-04350,914573.66,USD,2019-07-18,2021-09-14,SLA,EXPIRED,EMP-44272
CON-007732,VND-04071,65029.43,AUD,2022-09-14,2023-06-22,FIXED_PRICE,EXPIRED,EMP-53026
CON-007733,VND-00067,311172.5,USD,2022-10-17,2023-07-31,RETAINER,EXPIRED,EMP-70777
CON-007734,VND-01761,2604794.05,USD,2021-07-09,2022-03-16,FIXED_PRICE,EXPIRED,EMP-5112
CON-007735,VND-02958,18406.36,GBP,2022-06-02,2024-08-07,FIXED_PRICE,EXPIRED,EMP-31959
CON-007736,VND-01495,1093353.85,USD,2021-09-21,2023-11-17,SLA,EXPIRED,EMP-71483
CON-007737,VND-01449,231192.26,EUR,2019-02-18,2021-08-21,SLA,EXPIRED,EMP-58068
CON-007738,VND-02597,10031.21,USD,2021-08-09,2024-05-20,PURCHASE_ORDER,EXPIRED,EMP-68334
CON-007739,VND-00776,22698.53,GBP,2020-10-22,2021-10-19,RETAINER,TERMINATED,EMP-30325
CON-007740,VND-01580,741427.36,USD,2021-08-28,2024-05-27,PURCHASE_ORDER,EXPIRED,EMP-2436
CON-007741,VND-02154,1490800.38,USD,2020-07-06,2021-01-25,RETAINER,EXPIRED,EMP-1925
CON-007742,VND-00275,178734.75,GBP,2018-05-30,2019-05-19,SLA,EXPIRED,EMP-61579
CON-007743,VND-02407,534976.28,USD,2023-05-23,2025-02-07,RETAINER,EXPIRED,EMP-CORP-00164
CON-007744,VND-04625,11576.58,EUR,2018-10-04,2021-01-18,FRAMEWORK,ACTIVE,EMP-68403
CON-007745,VND-00846,92741.93,GBP,2019-09-07,2021-08-07,FIXED_PRICE,TERMINATED,EMP-59356
CON-007746,VND-00915,1360560.88,EUR,2019-09-14,2021-07-25,TIME_AND_MATERIAL,EXPIRED,EMP-31332
CON-007747,VND-03987,5000.0,GBP,2020-04-03,2023-01-10,TIME_AND_MATERIAL,EXPIRED,EMP-46353
CON-007748,VND-02831,69107.34,USD,2023-01-19,2025-09-14,RETAINER,ACTIVE,EMP-CORP-00488
CON-007749,VND-01138,21705.49,USD,2019-09-23,2020-07-31,MASTER_SERVICE,EXPIRED,EMP-8772
CON-007750,VND-04014,117851.84,EUR,2018-04-23,2018-11-23,FIXED_PRICE,EXPIRED,EMP-1779
CON-007751,VND-02822,12003.08,USD,2021-11-03,2024-04-08,SLA,EXPIRED,EMP-62692
CON-007752,VND-04474,388108.45,EUR,2020-10-09,2021-11-19,TIME_AND_MATERIAL,EXPIRED,EMP-68331
CON-007753,VND-04686,282785.45,INR,2020-10-04,2022-04-08,FIXED_PRICE,EXPIRED,EMP-2409
CON-007754,VND-03250,25992.43,USD,2020-11-06,2021-05-26,SLA,EXPIRED,EMP-46534
CON-007755,VND-03248,501349.28,EUR,2020-05-03,2021-03-19,FRAMEWORK,EXPIRED,EMP-53811
CON-007756,VND-02760,473022.54,USD,2018-10-11,2020-03-16,MASTER_SERVICE,EXPIRED,EMP-60340
CON-007757,VND-03529,5000.0,USD,2020-10-10,2023-02-19,RETAINER,EXPIRED,EMP-62602
CON-007758,VND-01325,13483.46,USD,2018-02-19,2019-08-06,FRAMEWORK,EXPIRED,EMP-69633
CON-007759,VND-01060,5000.0,USD,2021-07-18,2023-08-09,PURCHASE_ORDER,EXPIRED,EMP-23726
CON-007760,VND-04684,15789.86,AUD,2019-01-18,2021-01-03,FRAMEWORK,EXPIRED,EMP-60964
CON-007761,VND-01283,343206.43,AUD,2018-07-01,2019-09-28,SLA,EXPIRED,EMP-9953
CON-007762,VND-04093,237626.02,SGD,2023-04-03,2024-04-08,RETAINER,EXPIRED,EMP-11390
CON-007763,VND-01332,797984.73,CAD,2018-12-27,2019-10-13,SLA,EXPIRED,EMP-17846
CON-007764,VND-01309,1226456.11,USD,2020-06-28,2023-05-26,RETAINER,EXPIRED,EMP-64271
CON-007765,VND-04332,167766.17,USD,2023-02-21,2025-12-21,FRAMEWORK,ACTIVE,EMP-RM967
CON-007766,VND-03522,27888.21,GBP,2019-05-17,2022-03-05,FRAMEWORK,EXPIRED,EMP-58450
CON-007767,VND-01941,6372.3,GBP,2020-02-17,2021-11-07,RETAINER,EXPIRED,EMP-12314
CON-007768,VND-03833,104199.07,AUD,2023-06-09,2025-12-20,RETAINER,ACTIVE,EMP-71045
CON-007769,VND-04967,5000.0,CAD,2020-08-20,2021-07-21,FIXED_PRICE,EXPIRED,EMP-61244
CON-007770,VND-00292,5539.86,USD,2018-03-13,2021-03-04,FRAMEWORK,EXPIRED,EMP-15759
CON-007771,VND-02712,6080292.17,GBP,2022-02-23,2024-01-27,MASTER_SERVICE,EXPIRED,EMP-55765
CON-007772,VND-04272,58866.76,INR,2019-11-22,2021-04-22,SLA,EXPIRED,EMP-38164
CON-007773,VND-01215,322754.54,GBP,2021-12-17,2024-04-16,FRAMEWORK,EXPIRED,EMP-9526
CON-007774,VND-03720,25171.84,USD,2022-11-18,2024-12-18,FRAMEWORK,TERMINATED,EMP-46129
CON-007775,VND-01554,52704.17,USD,2019-06-24,2020-06-03,PURCHASE_ORDER,EXPIRED,EMP-24075
CON-007776,VND-01610,10178.57,USD,2020-01-29,2022-06-15,MASTER_SERVICE,EXPIRED,EMP-27922
CON-007777,VND-02482,17314.15,USD,2021-03-27,2021-10-02,TIME_AND_MATERIAL,EXPIRED,EMP-15161
CON-007778,VND-02458,472535.01,EUR,2021-01-28,2022-09-02,FRAMEWORK,EXPIRED,EMP-71091
CON-007779,VND-04952,18094.75,USD,2019-07-01,2021-05-23,SLA,EXPIRED,EMP-46232
CON-007780,VND-01986,38634.5,EUR,2020-12-10,2022-09-29,PURCHASE_ORDER,EXPIRED,EMP-51430
CON-007781,VND-02158,576183.32,INR,2020-09-08,2023-06-28,FRAMEWORK,EXPIRED,EMP-6813
CON-007782,VND-04527,248467.98,EUR,2019-09-09,2021-02-14,SLA,EXPIRED,EMP-4253
CON-007783,VND-02362,162721.54,GBP,2019-10-29,2022-05-31,TIME_AND_MATERIAL,EXPIRED,EMP-39032
CON-007784,VND-02987,54551.21,USD,2023-07-10,2025-03-25,FRAMEWORK,TERMINATED,EMP-27738
CON-007785,VND-00872,10572.7,USD,2018-04-11,2018-10-11,PURCHASE_ORDER,EXPIRED,EMP-69243
CON-007786,VND-00435,184268.8,GBP,2019-08-25,2020-10-03,FIXED_PRICE,EXPIRED,EMP-49217
CON-007787,VND-04619,460834.68,CAD,2019-03-19,2021-02-13,PURCHASE_ORDER,TERMINATED,EMP-28466
CON-007788,VND-03168,740724.35,SGD,2021-03-23,2023-05-06,RETAINER,TERMINATED,EMP-64231
CON-007789,VND-02736,89702.53,INR,2022-08-26,2023-03-05,FIXED_PRICE,EXPIRED,EMP-33701
CON-007790,VND-01160,5000.0,EUR,2021-07-04,2022-03-22,FRAMEWORK,EXPIRED,EMP-4853
CON-007791,VND-03344,12010.03,USD,2019-07-31,2021-05-12,MASTER_SERVICE,EXPIRED,EMP-41668
CON-007792,VND-03939,170211.38,SGD,2021-06-20,2023-09-17,SLA,EXPIRED,EMP-11989
CON-007793,VND-02444,173104.27,USD,2022-11-20,2024-04-11,PURCHASE_ORDER,EXPIRED,EMP-50063
CON-007794,VND-03605,71360.31,USD,2022-02-16,2023-12-10,MASTER_SERVICE,EXPIRED,EMP-47621
CON-007795,VND-00675,5000.0,SGD,2023-09-30,2025-07-13,FRAMEWORK,ACTIVE,EMP-3064
CON-007796,VND-00097,26110.45,AUD,2019-07-31,2020-07-05,PURCHASE_ORDER,EXPIRED,EMP-16495
CON-007797,VND-03055,19543.2,GBP,2022-12-02,2024-06-19,RETAINER,EXPIRED,EMP-55589
CON-007798,VND-00045,20624.37,GBP,2023-11-09,2026-01-19,SLA,ACTIVE,EMP-64981
CON-007799,VND-03458,289303.57,USD,2019-04-27,2022-01-31,TIME_AND_MATERIAL,EXPIRED,EMP-53893
CON-007800,VND-02476,13869.92,USD,2023-08-29,2026-01-12,RETAINER,SUSPENDED,EMP-11626
CON-007801,VND-04302,274801.82,AUD,2018-02-24,2021-01-24,RETAINER,EXPIRED,EMP-72503
CON-007802,VND-04213,566247.38,CAD,2019-10-22,2021-01-05,PURCHASE_ORDER,EXPIRED,EMP-9065
CON-007803,VND-01946,10814.64,GBP,2019-06-22,2022-02-22,FRAMEWORK,EXPIRED,EMP-35175
CON-007804,VND-04129,5000.0,GBP,2023-02-16,2024-07-08,FRAMEWORK,EXPIRED,EMP-9187
CON-007805,VND-02765,314255.61,INR,2021-07-19,2023-03-06,MASTER_SERVICE,EXPIRED,EMP-27667
CON-007806,VND-01918,50429.12,USD,2023-06-28,2024-05-16,RETAINER,EXPIRED,EMP-20130
CON-007807,VND-02233,33269.71,USD,2018-05-20,2019-02-21,PURCHASE_ORDER,EXPIRED,EMP-57173
CON-007808,VND-04050,1169351.89,USD,2023-05-19,2025-10-22,FRAMEWORK,DRAFT,EMP-CORP-00341
CON-007809,VND-03199,154570.76,GBP,2023-10-29,2025-05-02,RETAINER,TERMINATED,EMP-3589
CON-007810,VND-00248,105367.66,GBP,2018-03-13,2020-07-14,FRAMEWORK,EXPIRED,EMP-42520
CON-007811,VND-04882,5000.0,EUR,2023-04-16,2024-10-16,SLA,EXPIRED,EMP-23182
CON-007812,VND-00677,836354.75,INR,2023-12-05,2026-07-31,TIME_AND_MATERIAL,ACTIVE,EMP-45814
CON-007813,VND-02081,11680.76,AUD,2021-11-09,2023-02-19,MASTER_SERVICE,TERMINATED,EMP-34434
CON-007814,VND-02933,11320.32,GBP,2018-11-29,2021-05-16,PURCHASE_ORDER,EXPIRED,EMP-CORP-00040
CON-007815,VND-04280,53109.06,EUR,2022-02-05,2024-02-14,MASTER_SERVICE,EXPIRED,EMP-13557
CON-007816,VND-01121,5000.0,USD,2018-01-07,2019-05-27,RETAINER,EXPIRED,EMP-56229
CON-007817,VND-02282,69061.05,CAD,2019-05-31,2021-11-19,FRAMEWORK,EXPIRED,EMP-3975
CON-007818,VND-04122,15717.13,EUR,2022-04-27,2023-03-30,FRAMEWORK,EXPIRED,EMP-10559
CON-007819,VND-02528,180135.59,USD,2022-01-28,2022-08-30,TIME_AND_MATERIAL,EXPIRED,EMP-23965
CON-007820,VND-01431,155645.31,SGD,2021-08-21,2024-03-01,PURCHASE_ORDER,EXPIRED,EMP-31449
CON-007821,VND-00208,16367.68,USD,2023-08-10,2026-02-13,FRAMEWORK,SUSPENDED,EMP-56268
CON-007822,VND-00265,5000.0,USD,2018-05-15,2019-04-16,TIME_AND_MATERIAL,EXPIRED,EMP-61349
CON-007823,VND-00723,23556.03,SGD,2022-01-21,2023-12-24,PURCHASE_ORDER,EXPIRED,EMP-61682
CON-007824,VND-00361,5000.0,INR,2022-05-28,2022-11-24,FRAMEWORK,EXPIRED,EMP-18453
CON-007825,VND-01370,592204.26,USD,2018-05-08,2019-03-11,RETAINER,EXPIRED,EMP-RM685
CON-007826,VND-01340,1508750.36,EUR,2018-12-15,2020-10-26,FIXED_PRICE,EXPIRED,EMP-33960
CON-007827,VND-00330,5312.54,EUR,2022-03-24,2023-01-20,PURCHASE_ORDER,EXPIRED,EMP-22288
CON-007828,VND-04028,5000.0,SGD,2018-01-19,2019-04-01,FIXED_PRICE,EXPIRED,EMP-35454
CON-007829,VND-01731,10712.08,EUR,2018-02-26,2020-11-13,SLA,EXPIRED,EMP-2480
CON-007830,VND-02866,82073.22,GBP,2021-11-02,2023-01-23,PURCHASE_ORDER,EXPIRED,EMP-37684
CON-007831,VND-00919,139733.02,CAD,2023-09-19,2026-01-04,SLA,ACTIVE,EMP-27667
CON-007832,VND-02591,12540.57,INR,2022-04-24,2025-02-22,FIXED_PRICE,EXPIRED,EMP-45445
CON-007833,VND-04842,1038912.59,INR,2019-09-27,2021-04-24,FIXED_PRICE,EXPIRED,EMP-53893
CON-007834,VND-00579,1261844.24,SGD,2022-07-18,2024-11-11,MASTER_SERVICE,EXPIRED,EMP-17000
CON-007835,VND-02115,10703.31,GBP,2022-04-14,2023-11-17,FIXED_PRICE,EXPIRED,EMP-13963
CON-007836,VND-01829,35845.63,EUR,2018-11-26,2020-10-31,RETAINER,EXPIRED,EMP-49646
CON-007837,VND-03766,233078.15,USD,2019-09-05,2020-12-27,FIXED_PRICE,EXPIRED,EMP-14995
CON-007838,VND-00707,38208.3,USD,2022-10-29,2025-10-22,FIXED_PRICE,DRAFT,EMP-10141
CON-007839,VND-03603,61295.67,USD,2021-08-18,2022-12-14,SLA,EXPIRED,EMP-37845
CON-007840,VND-02454,841499.05,USD,2021-11-18,2023-02-13,MASTER_SERVICE,EXPIRED,EMP-39917
CON-007841,VND-01633,1646300.85,GBP,2020-12-22,2021-12-19,MASTER_SERVICE,EXPIRED,EMP-230
CON-007842,VND-01460,491635.71,GBP,2020-08-30,2023-05-25,RETAINER,TERMINATED,EMP-33822
CON-007843,VND-00406,412658.19,USD,2021-09-22,2023-01-21,FRAMEWORK,EXPIRED,EMP-6099
CON-007844,VND-01420,2011408.97,EUR,2020-07-05,2021-06-09,FRAMEWORK,ACTIVE,EMP-51760
CON-007845,VND-04855,3295452.75,INR,2019-10-15,2020-05-12,RETAINER,EXPIRED,EMP-3047
CON-007846,VND-02137,2311561.35,USD,2019-09-06,2021-04-02,RETAINER,TERMINATED,EMP-34182
CON-007847,VND-02005,20226.23,GBP,2023-03-29,2024-11-23,FIXED_PRICE,EXPIRED,EMP-5297
CON-007848,VND-01085,24781.42,EUR,2021-08-25,2024-01-22,TIME_AND_MATERIAL,EXPIRED,EMP-16591
CON-007849,VND-00059,822806.15,CAD,2019-01-26,2019-12-25,PURCHASE_ORDER,EXPIRED,EMP-66910
CON-007850,VND-03954,1298022.14,USD,2022-06-17,2024-05-21,RETAINER,EXPIRED,EMP-44170
CON-007851,VND-01287,563828.98,USD,2018-12-26,2020-10-23,MASTER_SERVICE,TERMINATED,EMP-CORP-00262
CON-007852,VND-00093,1362550.94,USD,2023-08-13,2024-06-03,PURCHASE_ORDER,EXPIRED,EMP-48033
CON-007853,VND-04953,488905.57,GBP,2020-10-04,2021-05-27,MASTER_SERVICE,TERMINATED,EMP-40700
CON-007854,VND-04092,18009.61,INR,2018-03-30,2019-03-13,RETAINER,EXPIRED,EMP-30719
CON-007855,VND-00449,36895.19,USD,2023-03-30,2025-03-04,SLA,EXPIRED,EMP-CORP-00474
CON-007856,VND-03784,15597.35,EUR,2019-06-30,2020-12-20,FIXED_PRICE,EXPIRED,EMP-CORP-00034
CON-007857,VND-04478,1132405.03,USD,2020-06-08,2021-01-31,FRAMEWORK,EXPIRED,EMP-22163
CON-007858,VND-01614,37855.06,INR,2019-08-29,2022-06-23,TIME_AND_MATERIAL,EXPIRED,EMP-1673
CON-007859,VND-02232,1354488.93,USD,2019-01-04,2021-06-02,SLA,EXPIRED,EMP-7502
CON-007860,VND-03832,5894.41,USD,2019-12-14,2022-02-21,FRAMEWORK,EXPIRED,EMP-25214
CON-007861,VND-03543,441112.84,USD,2018-10-15,2019-10-24,SLA,EXPIRED,EMP-43496
CON-007862,VND-02975,312435.91,USD,2022-04-09,2024-07-30,TIME_AND_MATERIAL,EXPIRED,EMP-RM224
CON-007863,VND-04869,239806.61,EUR,2018-11-05,2021-05-25,RETAINER,EXPIRED,EMP-778
CON-007864,VND-02805,660613.06,USD,2023-07-16,2025-02-17,FRAMEWORK,EXPIRED,EMP-61663
CON-007865,VND-03057,168277.3,GBP,2019-04-01,2020-12-08,PURCHASE_ORDER,EXPIRED,EMP-60715
CON-007866,VND-01904,66885.2,USD,2020-06-09,2021-01-30,TIME_AND_MATERIAL,EXPIRED,EMP-RM1003
CON-007867,VND-00795,1471955.57,AUD,2019-05-31,2021-08-17,RETAINER,EXPIRED,EMP-44499
CON-007868,VND-02040,242369.43,USD,2023-05-21,2026-05-10,FIXED_PRICE,ACTIVE,EMP-49184
CON-007869,VND-01279,628315.5,EUR,2020-06-16,2021-03-08,FRAMEWORK,EXPIRED,EMP-38234
CON-007870,VND-03794,74359.29,SGD,2019-12-09,2020-09-14,FIXED_PRICE,EXPIRED,EMP-22128
CON-007871,VND-04215,693026.05,USD,2023-07-09,2026-01-17,TIME_AND_MATERIAL,ACTIVE,EMP-58030
CON-007872,VND-03180,29028.77,USD,2018-02-07,2018-09-23,FRAMEWORK,EXPIRED,EMP-8636
CON-007873,VND-03057,1010102.54,GBP,2021-03-06,2023-02-09,SLA,ACTIVE,EMP-4131
CON-007874,VND-01283,5000.0,USD,2020-07-19,2022-10-09,FRAMEWORK,EXPIRED,EMP-54676
CON-007875,VND-01765,5000.0,EUR,2021-09-06,2022-09-23,TIME_AND_MATERIAL,EXPIRED,EMP-RM1157
CON-007876,VND-02856,32374.71,USD,2019-10-02,2020-11-03,PURCHASE_ORDER,EXPIRED,EMP-RM1165
CON-007877,VND-00866,58034.77,USD,2018-11-22,2019-06-25,FRAMEWORK,EXPIRED,EMP-CORP-00492
CON-007878,VND-03966,266182.18,USD,2023-05-30,2026-02-08,SLA,ACTIVE,EMP-20920
CON-007879,VND-04570,12967.69,INR,2019-04-03,2021-04-23,TIME_AND_MATERIAL,EXPIRED,EMP-23291
CON-007880,VND-04577,1144443.3,INR,2018-07-18,2019-02-25,FRAMEWORK,EXPIRED,EMP-68213
CON-007881,VND-00822,22251.22,EUR,2020-06-25,2021-05-02,MASTER_SERVICE,EXPIRED,EMP-7245
CON-007882,VND-03239,608481.62,USD,2020-02-23,2021-04-10,MASTER_SERVICE,EXPIRED,EMP-20063
CON-007883,VND-01382,464442.23,EUR,2018-01-08,2019-10-11,FIXED_PRICE,EXPIRED,EMP-45047
CON-007884,VND-04945,230747.71,GBP,2021-03-20,2024-01-21,PURCHASE_ORDER,TERMINATED,EMP-54880
CON-007885,VND-04973,5000.0,GBP,2019-04-08,2019-11-23,MASTER_SERVICE,EXPIRED,EMP-50025
CON-007886,VND-04761,12000.99,USD,2023-08-30,2026-06-10,RETAINER,ACTIVE,EMP-CORP-00490
CON-007887,VND-00045,781034.54,USD,2018-11-29,2021-11-14,FIXED_PRICE,EXPIRED,EMP-52022
CON-007888,VND-02707,1457354.67,USD,2019-10-15,2020-06-12,TIME_AND_MATERIAL,TERMINATED,EMP-52270
CON-007889,VND-04732,681830.05,USD,2023-07-01,2025-06-22,SLA,ACTIVE,EMP-71039
CON-007890,VND-02436,423134.75,GBP,2020-06-16,2020-12-16,FRAMEWORK,TERMINATED,EMP-6751
CON-007891,VND-03987,98825.25,EUR,2021-11-14,2024-11-03,MASTER_SERVICE,EXPIRED,EMP-34517
CON-007892,VND-02569,5000.0,SGD,2021-08-10,2022-08-27,PURCHASE_ORDER,EXPIRED,EMP-17979
CON-007893,VND-01374,3672009.99,USD,2020-10-05,2022-06-14,RETAINER,EXPIRED,EMP-28935
CON-007894,VND-03052,12087.07,GBP,2020-12-20,2023-03-01,TIME_AND_MATERIAL,EXPIRED,EMP-16159
CON-007895,VND-02541,5000.0,INR,2021-06-04,2023-07-05,PURCHASE_ORDER,EXPIRED,EMP-65800
CON-007896,VND-03266,743563.25,USD,2023-09-09,2025-11-27,MASTER_SERVICE,ACTIVE,EMP-63177
CON-007897,VND-02084,36640.42,USD,2022-12-08,2024-01-20,RETAINER,ACTIVE,EMP-52561
CON-007898,VND-00125,15758.73,USD,2022-10-11,2023-08-08,MASTER_SERVICE,ACTIVE,EMP-63822
CON-007899,VND-02442,35657.3,USD,2022-03-29,2023-02-04,PURCHASE_ORDER,TERMINATED,EMP-RM731
CON-007900,VND-00161,1397494.64,USD,2019-05-08,2021-01-07,FIXED_PRICE,TERMINATED,EMP-47851
CON-007901,VND-00967,88042.85,USD,2019-04-03,2019-12-25,FIXED_PRICE,TERMINATED,EMP-29120
CON-007902,VND-00268,7919.14,AUD,2021-07-12,2024-03-15,MASTER_SERVICE,EXPIRED,EMP-26694
CON-007903,VND-00299,6456.03,USD,2019-02-26,2020-06-01,SLA,EXPIRED,EMP-41838
CON-007904,VND-03628,1184085.63,USD,2022-05-22,2024-02-24,SLA,EXPIRED,EMP-30558
CON-007905,VND-04192,320294.2,AUD,2021-01-28,2023-09-21,PURCHASE_ORDER,EXPIRED,EMP-CORP-00331
CON-007906,VND-04361,5000.0,USD,2019-06-11,2020-08-23,PURCHASE_ORDER,EXPIRED,EMP-32879
CON-007907,VND-02180,416900.93,GBP,2018-06-09,2020-05-09,MASTER_SERVICE,EXPIRED,EMP-31114
CON-007908,VND-04961,351097.05,AUD,2022-07-23,2024-05-18,RETAINER,EXPIRED,EMP-21557
CON-007909,VND-01874,380266.23,USD,2020-05-07,2021-03-08,RETAINER,EXPIRED,EMP-67055
CON-007910,VND-01420,150831.12,USD,2023-03-22,2024-06-25,RETAINER,TERMINATED,MGR-8247
CON-007911,VND-02724,12988.7,GBP,2019-02-18,2020-11-03,FRAMEWORK,EXPIRED,EMP-23348
CON-007912,VND-03828,9249.84,INR,2019-09-14,2021-11-29,SLA,EXPIRED,EMP-RM1297
CON-007913,VND-01806,547338.58,GBP,2021-02-16,2023-03-27,SLA,EXPIRED,EMP-CORP-00482
CON-007914,VND-02066,445433.4,EUR,2023-01-24,2025-04-23,TIME_AND_MATERIAL,EXPIRED,EMP-48844
CON-007915,VND-04802,9797.23,EUR,2021-09-17,2024-03-30,SLA,EXPIRED,EMP-54685
CON-007916,VND-02773,15686.0,USD,2018-03-18,2019-06-13,FIXED_PRICE,EXPIRED,EMP-42446
CON-007917,VND-04362,2742090.5,USD,2020-04-07,2023-03-27,RETAINER,EXPIRED,EMP-14891
CON-007918,VND-02606,19010.45,EUR,2018-09-05,2019-09-17,PURCHASE_ORDER,EXPIRED,EMP-1239
CON-007919,VND-02277,1088188.56,USD,2023-09-02,2024-06-15,SLA,ACTIVE,EMP-25880
CON-007920,VND-01850,24950.39,USD,2019-08-21,2020-06-20,MASTER_SERVICE,EXPIRED,EMP-36846
CON-007921,VND-04624,15548.11,USD,2022-09-10,2024-06-16,SLA,EXPIRED,EMP-70973
CON-007922,VND-01563,328965.42,GBP,2019-03-05,2021-01-03,RETAINER,EXPIRED,EMP-1490
CON-007923,VND-02049,248534.18,USD,2021-10-18,2024-05-10,FIXED_PRICE,TERMINATED,EMP-29391
CON-007924,VND-02708,1153041.89,GBP,2022-02-14,2023-05-23,FIXED_PRICE,EXPIRED,EMP-36396
CON-007925,VND-00984,349276.84,USD,2020-12-04,2023-07-15,RETAINER,TERMINATED,EMP-24100
CON-007926,VND-01127,1509575.76,USD,2019-11-24,2020-07-22,RETAINER,EXPIRED,EMP-67496
CON-007927,VND-01262,143453.86,USD,2021-08-27,2024-07-13,PURCHASE_ORDER,EXPIRED,EMP-56295
CON-007928,VND-00978,12408.38,SGD,2019-10-01,2022-03-26,PURCHASE_ORDER,TERMINATED,EMP-69283
CON-007929,VND-04800,277269.01,INR,2023-08-01,2024-09-07,RETAINER,EXPIRED,EMP-47374
CON-007930,VND-04822,277001.2,CAD,2018-07-31,2020-10-13,FIXED_PRICE,EXPIRED,EMP-53234
CON-007931,VND-04897,46428.89,USD,2023-07-18,2025-01-13,FRAMEWORK,EXPIRED,EMP-61412
CON-007932,VND-02476,19512.18,INR,2020-09-04,2021-08-05,FRAMEWORK,EXPIRED,EMP-15387
CON-007933,VND-02099,426435.18,INR,2018-02-27,2020-05-20,RETAINER,EXPIRED,EMP-3167
CON-007934,VND-00189,5000.0,EUR,2019-03-21,2021-01-30,RETAINER,EXPIRED,EMP-27635
CON-007935,VND-02146,8065.8,USD,2021-08-02,2022-03-25,TIME_AND_MATERIAL,EXPIRED,EMP-64551
CON-007936,VND-01957,773229.22,USD,2018-02-26,2019-11-20,FIXED_PRICE,EXPIRED,EMP-25464
CON-007937,VND-03648,22734.78,EUR,2018-03-18,2019-10-09,FRAMEWORK,EXPIRED,EMP-7016
CON-007938,VND-03580,10908.51,USD,2022-08-22,2024-02-26,FRAMEWORK,TERMINATED,EMP-30366
CON-007939,VND-03965,703030.11,USD,2021-03-27,2023-03-27,PURCHASE_ORDER,EXPIRED,EMP-3539
CON-007940,VND-02302,1033325.97,EUR,2021-02-26,2022-04-01,FIXED_PRICE,EXPIRED,EMP-71026
CON-007941,VND-03843,82612.15,USD,2020-06-08,2020-12-09,RETAINER,TERMINATED,EMP-876
CON-007942,VND-03255,571800.92,SGD,2022-09-05,2023-05-03,FIXED_PRICE,TERMINATED,EMP-45957
CON-007943,VND-01343,207113.46,USD,2022-08-09,2025-02-26,PURCHASE_ORDER,TERMINATED,EMP-66893
CON-007944,VND-03975,65601.69,GBP,2020-03-11,2023-02-25,MASTER_SERVICE,EXPIRED,EMP-27796
CON-007945,VND-02194,54261.56,INR,2018-04-17,2020-10-21,RETAINER,ACTIVE,EMP-40243
CON-007946,VND-00650,1768638.62,EUR,2023-01-20,2025-08-13,RETAINER,ACTIVE,EMP-71429
CON-007947,VND-01874,803802.85,USD,2021-04-30,2023-04-02,FRAMEWORK,EXPIRED,EMP-19786
CON-007948,VND-00716,173927.03,USD,2019-05-17,2020-08-10,SLA,TERMINATED,EMP-58491
CON-007949,VND-02565,14572.75,USD,2023-12-28,2024-10-08,SLA,TERMINATED,EMP-59251
CON-007950,VND-01901,234609.92,USD,2023-02-10,2023-08-10,TIME_AND_MATERIAL,EXPIRED,EMP-52506
CON-007951,VND-02617,55818.71,USD,2020-08-29,2021-09-01,FIXED_PRICE,EXPIRED,EMP-158
CON-007952,VND-04791,65163.81,USD,2019-09-05,2021-08-01,PURCHASE_ORDER,TERMINATED,EMP-21942
CON-007953,VND-01123,19106.3,USD,2023-04-03,2024-12-10,FRAMEWORK,EXPIRED,EMP-66669
CON-007954,VND-01482,3024193.06,AUD,2020-12-25,2022-03-05,FIXED_PRICE,EXPIRED,EMP-7494
CON-007955,VND-04851,17274.84,USD,2021-10-12,2022-08-28,FIXED_PRICE,EXPIRED,EMP-71485
CON-007956,VND-04946,419331.01,EUR,2019-05-03,2020-12-28,SLA,EXPIRED,EMP-5350
CON-007957,VND-04562,1610413.17,USD,2022-03-29,2023-05-06,PURCHASE_ORDER,EXPIRED,EMP-4653
CON-007958,VND-02565,145929.57,CAD,2018-06-23,2019-11-18,SLA,TERMINATED,EMP-42767
CON-007959,VND-02217,5000.0,CAD,2018-08-13,2019-11-18,TIME_AND_MATERIAL,EXPIRED,EMP-49244
CON-007960,VND-00542,145887.83,INR,2020-11-11,2021-09-02,RETAINER,EXPIRED,EMP-35997
CON-007961,VND-04377,547470.89,USD,2019-11-18,2021-06-04,FIXED_PRICE,EXPIRED,EMP-28913
CON-007962,VND-03684,5000.0,SGD,2020-03-31,2022-02-14,MASTER_SERVICE,EXPIRED,EMP-1078
CON-007963,VND-03133,1219354.02,EUR,2022-03-12,2024-11-01,FIXED_PRICE,TERMINATED,EMP-22663
CON-007964,VND-00584,98208.26,EUR,2023-12-11,2024-12-30,RETAINER,EXPIRED,EMP-51243
CON-007965,VND-02195,5000.0,USD,2020-06-25,2022-12-14,FIXED_PRICE,ACTIVE,EMP-9613
CON-007966,VND-02292,255689.41,INR,2023-07-23,2024-03-05,TIME_AND_MATERIAL,EXPIRED,EMP-30785
CON-007967,VND-04051,5000.0,GBP,2023-07-22,2024-11-30,FIXED_PRICE,TERMINATED,EMP-38086
CON-007968,VND-03977,607452.97,CAD,2019-01-26,2020-09-22,FRAMEWORK,TERMINATED,EMP-32096
CON-007969,VND-00740,166824.04,EUR,2023-11-13,2025-05-14,TIME_AND_MATERIAL,EXPIRED,EMP-34350
CON-007970,VND-04593,6556.78,EUR,2021-10-18,2023-04-22,PURCHASE_ORDER,EXPIRED,EMP-8192
CON-007971,VND-01363,33829.0,AUD,2021-05-03,2021-12-19,SLA,EXPIRED,EMP-8201
CON-007972,VND-01088,1689822.5,USD,2021-04-02,2024-03-21,FIXED_PRICE,EXPIRED,EMP-72139
CON-007973,VND-04364,8266.79,INR,2022-12-30,2023-08-01,TIME_AND_MATERIAL,EXPIRED,EMP-2326
CON-007974,VND-03335,682562.76,EUR,2018-04-06,2020-02-08,RETAINER,ACTIVE,EMP-11478
CON-007975,VND-02972,21715.18,AUD,2023-12-23,2025-11-10,RETAINER,ACTIVE,EMP-24755
CON-007976,VND-00087,925954.67,SGD,2018-07-10,2019-02-06,FRAMEWORK,EXPIRED,EMP-50757
CON-007977,VND-02186,838437.02,EUR,2020-06-10,2022-01-09,RETAINER,EXPIRED,EMP-16528
CON-007978,VND-02764,7058.34,USD,2021-11-14,2023-02-06,FRAMEWORK,EXPIRED,EMP-40226
CON-007979,VND-03583,177030.59,GBP,2022-09-03,2025-04-25,MASTER_SERVICE,EXPIRED,EMP-844
CON-007980,VND-01097,5000.0,USD,2022-10-15,2024-11-26,TIME_AND_MATERIAL,EXPIRED,EMP-23259
CON-007981,VND-01064,1388838.76,INR,2022-01-17,2024-02-23,TIME_AND_MATERIAL,EXPIRED,EMP-9789
CON-007982,VND-00289,24515.3,EUR,2023-11-16,2025-05-16,TIME_AND_MATERIAL,EXPIRED,EMP-65305
CON-007983,VND-04186,688980.13,USD,2022-11-06,2024-02-02,PURCHASE_ORDER,EXPIRED,EMP-42934
CON-007984,VND-04831,11567.12,USD,2018-12-12,2021-05-29,FRAMEWORK,TERMINATED,EMP-19045
CON-007985,VND-02442,5000.0,EUR,2020-04-15,2021-05-19,FIXED_PRICE,EXPIRED,EMP-54496
CON-007986,VND-02338,12641.55,USD,2018-01-18,2020-03-09,SLA,TERMINATED,EMP-74418
CON-007987,VND-04149,246603.13,GBP,2021-04-30,2022-07-06,TIME_AND_MATERIAL,EXPIRED,EMP-3410
CON-007988,VND-02427,11591.79,EUR,2018-06-09,2019-11-11,FIXED_PRICE,EXPIRED,EMP-35143
CON-007989,VND-03270,1257030.15,GBP,2020-07-10,2023-02-13,MASTER_SERVICE,EXPIRED,EMP-7381
CON-007990,VND-04885,174560.73,CAD,2023-05-24,2025-10-29,FRAMEWORK,ACTIVE,EMP-41322
CON-007991,VND-04120,12709.44,USD,2019-09-26,2022-01-27,MASTER_SERVICE,EXPIRED,EMP-66053
CON-007992,VND-04041,398504.29,EUR,2019-07-01,2022-01-07,RETAINER,ACTIVE,EMP-39608
CON-007993,VND-02766,133301.08,USD,2022-02-28,2024-08-23,PURCHASE_ORDER,EXPIRED,EMP-24548
CON-007994,VND-04539,38780.84,GBP,2019-06-07,2020-04-28,TIME_AND_MATERIAL,EXPIRED,EMP-65217
CON-007995,VND-01191,95123.15,CAD,2022-03-18,2024-09-23,PURCHASE_ORDER,EXPIRED,EMP-42037
CON-007996,VND-04461,123097.79,INR,2018-06-05,2018-12-23,SLA,EXPIRED,EMP-5075
CON-007997,VND-02450,121407.63,GBP,2023-11-08,2026-02-18,MASTER_SERVICE,ACTIVE,EMP-23771
CON-007998,VND-00251,9203.74,GBP,2020-04-13,2021-06-27,PURCHASE_ORDER,EXPIRED,EMP-24464
CON-007999,VND-01651,119371.04,USD,2020-12-28,2021-10-19,FIXED_PRICE,EXPIRED,EMP-14454
CON-008000,VND-03178,73305.09,INR,2021-11-27,2023-08-03,TIME_AND_MATERIAL,EXPIRED,EMP-8081
CON-008001,VND-02226,476113.53,USD,2021-03-11,2023-08-29,TIME_AND_MATERIAL,EXPIRED,EMP-11627
CON-008002,VND-01217,352444.02,CAD,2023-09-22,2024-08-19,TIME_AND_MATERIAL,EXPIRED,EMP-50248
CON-008003,VND-02394,1058284.17,EUR,2023-05-01,2025-02-19,PURCHASE_ORDER,ACTIVE,EMP-44175
CON-008004,VND-01675,92030.98,SGD,2018-10-14,2020-10-31,RETAINER,EXPIRED,EMP-1248
CON-008005,VND-03945,1228322.53,USD,2020-09-13,2021-04-15,FRAMEWORK,EXPIRED,EMP-37288
CON-008006,VND-00148,16300.46,USD,2023-08-12,2026-02-01,FRAMEWORK,ACTIVE,EMP-49243
CON-008007,VND-04489,33000.88,AUD,2018-08-07,2021-03-29,PURCHASE_ORDER,EXPIRED,EMP-33727
CON-008008,VND-01137,6608.82,USD,2018-06-15,2020-02-10,FRAMEWORK,EXPIRED,EMP-9144
CON-008009,VND-01457,16356.46,GBP,2020-11-12,2023-04-30,MASTER_SERVICE,EXPIRED,EMP-35524
CON-008010,VND-04575,5000.0,EUR,2022-09-25,2025-09-14,RETAINER,ACTIVE,EMP-19201
CON-008011,VND-00051,127738.52,EUR,2018-11-17,2021-08-20,FRAMEWORK,EXPIRED,EMP-3167
CON-008012,VND-02770,136707.86,SGD,2020-03-26,2022-06-08,FRAMEWORK,EXPIRED,EMP-7949
CON-008013,VND-00885,62322.79,INR,2019-07-08,2020-10-24,RETAINER,EXPIRED,EMP-45445
CON-008014,VND-04553,149627.23,EUR,2023-01-18,2025-01-18,MASTER_SERVICE,EXPIRED,EMP-31409
CON-008015,VND-00439,17253.4,INR,2023-03-18,2025-01-30,SLA,EXPIRED,EMP-43950
CON-008016,VND-01364,100503.3,USD,2020-01-09,2021-12-28,PURCHASE_ORDER,EXPIRED,EMP-44129
CON-008017,VND-00963,14429.53,USD,2021-12-06,2022-11-04,SLA,EXPIRED,EMP-34246
CON-008018,VND-01001,35262.7,USD,2019-03-23,2021-04-20,FIXED_PRICE,TERMINATED,EMP-39130
CON-008019,VND-03668,23446.99,GBP,2022-12-04,2024-09-07,MASTER_SERVICE,EXPIRED,EMP-69798
CON-008020,VND-02509,42335.89,GBP,2023-02-07,2025-07-18,MASTER_SERVICE,ACTIVE,EMP-72374
CON-008021,VND-00104,10223.56,GBP,2019-04-25,2022-02-18,FIXED_PRICE,EXPIRED,EMP-24087
CON-008022,VND-00310,28895.48,CAD,2020-04-13,2022-01-16,SLA,TERMINATED,EMP-7105
CON-008023,VND-02277,10307.85,SGD,2023-04-26,2025-08-04,FRAMEWORK,DRAFT,EMP-12424
CON-008024,VND-03819,5000.0,SGD,2020-05-29,2021-03-26,FIXED_PRICE,EXPIRED,EMP-44893
CON-008025,VND-00823,417834.36,AUD,2019-12-07,2022-02-26,RETAINER,EXPIRED,EMP-20524
CON-008026,VND-01864,14520.41,USD,2021-05-12,2023-12-14,TIME_AND_MATERIAL,EXPIRED,EMP-CORP-00575
CON-008027,VND-00405,1170254.55,INR,2018-05-04,2020-12-23,FRAMEWORK,EXPIRED,EMP-12699
CON-008028,VND-03314,2325692.11,SGD,2022-04-25,2024-04-19,PURCHASE_ORDER,EXPIRED,EMP-28678
CON-008029,VND-00505,289981.95,INR,2018-09-16,2019-04-20,SLA,TERMINATED,EMP-60112
CON-008030,VND-04030,13637.73,USD,2020-04-20,2021-07-13,SLA,EXPIRED,EMP-51969
CON-008031,VND-02953,251860.86,GBP,2022-01-16,2023-12-01,MASTER_SERVICE,EXPIRED,EMP-66691
CON-008032,VND-01627,83985.65,GBP,2022-01-08,2023-09-05,MASTER_SERVICE,EXPIRED,EMP-57705
CON-008033,VND-01211,15177.59,USD,2020-04-15,2022-02-12,PURCHASE_ORDER,EXPIRED,EMP-65162
CON-008034,VND-01310,261233.02,USD,2023-10-15,2024-12-24,RETAINER,TERMINATED,EMP-33031
CON-008035,VND-03512,1043444.8,INR,2021-03-28,2023-05-30,MASTER_SERVICE,TERMINATED,EMP-29949
CON-008036,VND-00889,5000.0,GBP,2020-04-16,2020-10-21,PURCHASE_ORDER,EXPIRED,EMP-72510
CON-008037,VND-01128,740631.01,GBP,2019-08-25,2021-07-22,TIME_AND_MATERIAL,EXPIRED,EMP-28673
CON-008038,VND-01906,4455746.18,EUR,2019-08-24,2022-01-30,SLA,TERMINATED,MGR-4911
CON-008039,VND-03039,5000.0,INR,2023-09-28,2024-05-28,SLA,EXPIRED,EMP-55471
CON-008040,VND-04770,185965.43,USD,2022-03-15,2024-02-17,RETAINER,EXPIRED,EMP-353
CON-008041,VND-02837,80241.96,GBP,2018-04-30,2020-04-27,MASTER_SERVICE,EXPIRED,EMP-29495
CON-008042,VND-01392,323691.41,EUR,2021-08-14,2024-01-12,TIME_AND_MATERIAL,EXPIRED,EMP-19940
CON-008043,VND-03010,13708.96,USD,2021-09-02,2022-10-22,RETAINER,TERMINATED,EMP-12964
CON-008044,VND-02268,62043.46,USD,2019-11-21,2020-12-17,FRAMEWORK,EXPIRED,EMP-71743
CON-008045,VND-00901,67479.73,USD,2022-08-10,2025-07-15,FRAMEWORK,SUSPENDED,EMP-47834
CON-008046,VND-03019,456333.06,USD,2023-03-09,2025-09-27,FRAMEWORK,ACTIVE,EMP-51036
CON-008047,VND-02019,29313.04,SGD,2021-02-04,2021-11-17,SLA,EXPIRED,EMP-8963
CON-008048,VND-01346,1136318.02,USD,2020-05-19,2021-12-04,TIME_AND_MATERIAL,EXPIRED,EMP-44420
CON-008049,VND-02271,252502.64,INR,2022-07-27,2023-01-30,FRAMEWORK,EXPIRED,EMP-CORP-00214
CON-008050,VND-04038,88142.93,INR,2022-03-22,2024-12-23,PURCHASE_ORDER,EXPIRED,EMP-7067
CON-008051,VND-02776,541851.92,EUR,2018-01-17,2019-11-23,FIXED_PRICE,ACTIVE,EMP-35906
CON-008052,VND-00790,572693.73,INR,2018-01-11,2018-08-30,PURCHASE_ORDER,EXPIRED,EMP-32772
CON-008053,VND-03118,5000.0,AUD,2020-03-07,2022-01-11,FIXED_PRICE,EXPIRED,EMP-63799
CON-008054,VND-04247,5000.0,GBP,2018-04-23,2020-05-18,FIXED_PRICE,TERMINATED,EMP-25044
CON-008055,VND-03792,420767.17,INR,2023-04-26,2024-06-01,MASTER_SERVICE,EXPIRED,EMP-40741
CON-008056,VND-04021,783165.71,INR,2020-05-25,2023-05-03,MASTER_SERVICE,EXPIRED,EMP-49801
CON-008057,VND-03952,449040.63,USD,2021-12-19,2022-09-15,MASTER_SERVICE,ACTIVE,EMP-35274
CON-008058,VND-03538,30931.64,GBP,2018-06-13,2019-03-14,TIME_AND_MATERIAL,TERMINATED,EMP-37929
CON-008059,VND-02012,335498.77,USD,2022-03-17,2025-01-08,FIXED_PRICE,EXPIRED,EMP-38631
CON-008060,VND-04422,1108687.03,USD,2022-06-27,2023-02-11,RETAINER,EXPIRED,EMP-49954
CON-008061,VND-02459,605802.38,GBP,2018-11-14,2020-06-29,SLA,ACTIVE,EMP-11041
CON-008062,VND-03347,151018.54,USD,2023-11-03,2025-11-02,SLA,ACTIVE,EMP-RM1296
CON-008063,VND-01613,18634.94,AUD,2018-12-01,2020-08-30,RETAINER,EXPIRED,EMP-51469
CON-008064,VND-02470,52007.89,USD,2023-08-30,2025-06-21,RETAINER,ACTIVE,EMP-57375
CON-008065,VND-01709,15941.47,CAD,2021-05-09,2023-02-23,MASTER_SERVICE,EXPIRED,EMP-60585
CON-008066,VND-04283,557726.2,EUR,2022-04-03,2022-12-26,MASTER_SERVICE,TERMINATED,EMP-4151
CON-008067,VND-02012,28374.04,EUR,2020-09-05,2023-03-28,TIME_AND_MATERIAL,EXPIRED,EMP-40612
CON-008068,VND-00924,10492.88,GBP,2020-05-07,2021-08-21,TIME_AND_MATERIAL,EXPIRED,EMP-57637
CON-008069,VND-02410,54991.38,USD,2019-09-25,2021-03-21,FIXED_PRICE,ACTIVE,EMP-9484
CON-008070,VND-03018,1642965.55,USD,2022-05-20,2022-11-21,FRAMEWORK,ACTIVE,EMP-CORP-00390
CON-008071,VND-01652,14913.49,USD,2019-07-21,2020-12-09,TIME_AND_MATERIAL,TERMINATED,EMP-24038
CON-008072,VND-01865,228341.62,AUD,2018-04-13,2019-12-10,RETAINER,ACTIVE,EMP-35987
CON-008073,VND-01495,5000.0,USD,2019-07-29,2021-07-15,TIME_AND_MATERIAL,EXPIRED,EMP-59439
CON-008074,VND-02691,19660.04,USD,2018-05-31,2020-04-21,TIME_AND_MATERIAL,TERMINATED,EMP-12098
CON-008075,VND-02920,1181787.86,AUD,2021-07-31,2022-07-07,MASTER_SERVICE,EXPIRED,EMP-RM822
CON-008076,VND-03151,20384.09,USD,2019-04-09,2022-03-12,PURCHASE_ORDER,TERMINATED,EMP-RM1440
CON-008077,VND-04143,322042.18,USD,2023-09-08,2024-05-14,FIXED_PRICE,EXPIRED,EMP-27189
CON-008078,VND-00770,15772.78,INR,2019-03-26,2022-01-21,SLA,EXPIRED,EMP-5352
CON-008079,VND-03774,572874.05,EUR,2021-05-29,2022-01-26,TIME_AND_MATERIAL,ACTIVE,EMP-63099
CON-008080,VND-01919,1165416.82,GBP,2022-02-12,2024-04-18,FRAMEWORK,TERMINATED,EMP-5234
CON-008081,VND-04496,3625477.72,SGD,2023-12-27,2026-07-28,TIME_AND_MATERIAL,ACTIVE,EMP-39486
CON-008082,VND-00475,5621.17,USD,2021-12-29,2023-12-15,TIME_AND_MATERIAL,EXPIRED,EMP-28644
CON-008083,VND-00119,16066.16,AUD,2019-01-22,2020-10-04,PURCHASE_ORDER,TERMINATED,EMP-5872
CON-008084,VND-01944,58762.31,INR,2021-11-19,2024-01-16,PURCHASE_ORDER,EXPIRED,EMP-45622
CON-008085,VND-02836,186749.13,USD,2019-06-26,2022-05-31,MASTER_SERVICE,EXPIRED,EMP-16961
CON-008086,VND-04050,747588.33,USD,2023-10-15,2025-02-23,FIXED_PRICE,TERMINATED,EMP-62874
CON-008087,VND-02136,5000.0,USD,2019-01-07,2021-11-12,SLA,EXPIRED,EMP-73082
CON-008088,VND-03662,124746.15,USD,2018-06-10,2019-03-06,MASTER_SERVICE,EXPIRED,EMP-73316
CON-008089,VND-01818,1065404.54,USD,2019-02-09,2021-01-24,TIME_AND_MATERIAL,EXPIRED,EMP-41644
CON-008090,VND-04077,516631.62,EUR,2021-02-12,2022-06-01,FIXED_PRICE,EXPIRED,EMP-29403
CON-008091,VND-01606,346683.76,USD,2018-05-15,2020-09-22,PURCHASE_ORDER,TERMINATED,EMP-61286
CON-008092,VND-01221,554051.06,CAD,2020-09-27,2021-06-25,TIME_AND_MATERIAL,EXPIRED,EMP-41793
CON-008093,VND-04597,1906185.31,USD,2018-08-05,2020-04-05,TIME_AND_MATERIAL,EXPIRED,EMP-53232
CON-008094,VND-03777,21194.21,AUD,2018-11-13,2021-03-20,PURCHASE_ORDER,EXPIRED,EMP-26475
CON-008095,VND-03045,11915.28,GBP,2019-12-12,2022-07-01,TIME_AND_MATERIAL,EXPIRED,EMP-69798
CON-008096,VND-02012,18613.44,GBP,2019-10-26,2021-05-03,TIME_AND_MATERIAL,EXPIRED,EMP-54903
CON-008097,VND-04921,514816.53,USD,2018-11-18,2020-08-23,TIME_AND_MATERIAL,EXPIRED,EMP-18814
CON-008098,VND-01986,190203.2,INR,2018-05-11,2020-04-16,PURCHASE_ORDER,EXPIRED,EMP-10020
CON-008099,VND-01867,116028.32,INR,2018-06-06,2019-02-23,MASTER_SERVICE,EXPIRED,EMP-1135
CON-008100,VND-04812,8536.83,USD,2019-04-06,2020-01-21,RETAINER,EXPIRED,EMP-40679
CON-008101,VND-02452,13896.28,AUD,2019-07-17,2020-09-26,SLA,EXPIRED,EMP-26341
CON-008102,VND-03172,37950.65,GBP,2020-03-02,2023-03-02,MASTER_SERVICE,EXPIRED,EMP-66706
CON-008103,VND-01614,366130.73,GBP,2018-03-08,2019-11-29,TIME_AND_MATERIAL,EXPIRED,EMP-3160
CON-008104,VND-02570,319118.25,USD,2022-09-12,2023-07-12,RETAINER,TERMINATED,EMP-62486
CON-008105,VND-01412,433334.68,CAD,2021-04-21,2023-08-12,TIME_AND_MATERIAL,EXPIRED,EMP-51272
CON-008106,VND-00345,45303.04,INR,2019-08-13,2021-06-13,MASTER_SERVICE,TERMINATED,EMP-CORP-00191
CON-008107,VND-04047,714235.83,USD,2018-05-02,2019-04-02,FRAMEWORK,TERMINATED,EMP-41052
CON-008108,VND-02000,77275.32,SGD,2018-09-26,2020-06-22,TIME_AND_MATERIAL,EXPIRED,EMP-46518
CON-008109,VND-02900,500715.19,SGD,2020-01-10,2021-10-30,FIXED_PRICE,EXPIRED,EMP-38646
CON-008110,VND-03801,97852.46,CAD,2020-03-16,2021-03-03,TIME_AND_MATERIAL,EXPIRED,EMP-58244
CON-008111,VND-03165,104541.55,GBP,2020-04-14,2021-05-08,FIXED_PRICE,EXPIRED,EMP-56787
CON-008112,VND-04314,542569.99,USD,2023-01-24,2024-01-12,PURCHASE_ORDER,EXPIRED,EMP-RM264
CON-008113,VND-03226,848272.13,USD,2022-02-21,2023-08-20,SLA,EXPIRED,EMP-19727
CON-008114,VND-03841,5000.0,USD,2019-08-21,2021-05-12,RETAINER,EXPIRED,EMP-3857
CON-008115,VND-01536,24430.33,INR,2021-06-08,2022-05-21,MASTER_SERVICE,EXPIRED,EMP-28771
CON-008116,VND-04278,5000.0,USD,2023-11-10,2024-09-18,TIME_AND_MATERIAL,TERMINATED,EMP-39372
CON-008117,VND-02098,61126.03,INR,2023-09-24,2024-08-14,PURCHASE_ORDER,EXPIRED,EMP-8570
CON-008118,VND-00467,1523934.93,USD,2019-05-10,2020-05-02,FIXED_PRICE,ACTIVE,MGR-3953
CON-008119,VND-01288,1288243.8,USD,2021-10-17,2022-11-20,SLA,TERMINATED,EMP-44414
CON-008120,VND-01843,420131.96,USD,2019-08-27,2020-12-10,SLA,EXPIRED,EMP-44569
CON-008121,VND-02112,7317.54,USD,2018-09-04,2020-02-13,FRAMEWORK,EXPIRED,EMP-57993
CON-008122,VND-04457,21955.15,USD,2023-01-10,2023-09-04,TIME_AND_MATERIAL,EXPIRED,EMP-18804
CON-008123,VND-00373,108839.22,EUR,2023-04-02,2025-10-27,FRAMEWORK,ACTIVE,EMP-CORP-00392
CON-008124,VND-02079,994370.65,SGD,2020-07-30,2021-03-20,FRAMEWORK,EXPIRED,EMP-60327
CON-008125,VND-01326,36628.7,USD,2020-03-26,2021-04-11,SLA,EXPIRED,EMP-7105
CON-008126,VND-02863,996306.55,USD,2019-11-18,2021-10-28,PURCHASE_ORDER,EXPIRED,EMP-6356
CON-008127,VND-01246,68572.64,USD,2018-07-19,2019-04-11,SLA,EXPIRED,EMP-RM756
CON-008128,VND-03242,755422.06,USD,2021-03-20,2022-09-10,RETAINER,EXPIRED,EMP-55183
CON-008129,VND-03750,1320460.6,INR,2022-12-13,2023-10-18,TIME_AND_MATERIAL,TERMINATED,EMP-70286
CON-008130,VND-04540,91267.35,USD,2023-06-15,2025-09-21,FRAMEWORK,ACTIVE,EMP-14728
CON-008131,VND-03999,27758.48,EUR,2020-03-17,2020-09-22,FRAMEWORK,ACTIVE,EMP-60519
CON-008132,VND-01342,3125518.9,USD,2022-02-20,2025-02-09,SLA,EXPIRED,EMP-50145
CON-008133,VND-02846,1100997.14,USD,2023-03-10,2025-06-24,RETAINER,ACTIVE,EMP-43859
CON-008134,VND-04554,32028.26,USD,2021-10-19,2023-07-22,RETAINER,EXPIRED,EMP-69748
CON-008135,VND-01673,32207.06,USD,2020-02-12,2022-11-21,PURCHASE_ORDER,EXPIRED,EMP-3747
CON-008136,VND-02825,218789.18,USD,2018-04-23,2020-12-30,TIME_AND_MATERIAL,EXPIRED,EMP-RM909
CON-008137,VND-01808,928026.53,USD,2019-02-20,2022-02-04,RETAINER,EXPIRED,EMP-47621
CON-008138,VND-00135,761857.2,USD,2020-09-27,2022-02-27,FRAMEWORK,EXPIRED,EMP-62415
CON-008139,VND-04723,13106.44,EUR,2022-01-03,2022-11-14,FIXED_PRICE,EXPIRED,EMP-49047
CON-008140,VND-04324,9957.0,USD,2022-09-09,2024-01-21,RETAINER,EXPIRED,EMP-57140
CON-008141,VND-02275,4628135.22,CAD,2023-10-29,2024-08-15,MASTER_SERVICE,EXPIRED,EMP-18453
CON-008142,VND-04437,11675.68,AUD,2018-07-28,2020-02-15,FIXED_PRICE,TERMINATED,EMP-CORP-00375
CON-008143,VND-00586,53834.72,USD,2020-04-24,2022-08-31,SLA,TERMINATED,EMP-48851
CON-008144,VND-04211,2420393.4,GBP,2023-11-24,2026-08-17,FIXED_PRICE,ACTIVE,EMP-28062
CON-008145,VND-00604,1173994.64,USD,2018-05-04,2021-04-09,MASTER_SERVICE,EXPIRED,EMP-16256
CON-008146,VND-01627,522623.69,USD,2019-10-25,2020-05-02,RETAINER,EXPIRED,EMP-53945
CON-008147,VND-02984,11284.94,USD,2023-05-27,2024-06-28,SLA,EXPIRED,EMP-47220
CON-008148,VND-04537,953023.27,INR,2018-12-10,2020-07-27,FRAMEWORK,EXPIRED,EMP-3785
CON-008149,VND-01236,249400.98,GBP,2018-04-20,2020-07-13,SLA,TERMINATED,EMP-58694
CON-008150,VND-03539,71467.22,USD,2021-09-02,2023-09-01,FIXED_PRICE,EXPIRED,EMP-48557
CON-008151,VND-01801,5000.0,INR,2023-02-09,2025-04-08,FIXED_PRICE,EXPIRED,EMP-65929
CON-008152,VND-01674,50282.98,GBP,2021-11-20,2024-11-12,MASTER_SERVICE,EXPIRED,EMP-37115
CON-008153,VND-02658,5000.0,USD,2021-03-12,2023-06-27,FIXED_PRICE,EXPIRED,EMP-CORP-00430
CON-008154,VND-04431,402775.87,USD,2020-07-23,2022-11-20,FIXED_PRICE,EXPIRED,EMP-7275
CON-008155,VND-01823,4443883.22,USD,2023-04-01,2025-09-11,TIME_AND_MATERIAL,SUSPENDED,EMP-RM449
CON-008156,VND-00843,1105597.44,INR,2020-11-03,2021-09-29,SLA,ACTIVE,EMP-1016
CON-008157,VND-00893,528914.31,AUD,2022-09-22,2025-04-06,MASTER_SERVICE,TERMINATED,EMP-17935
CON-008158,VND-03427,1340845.99,INR,2019-04-08,2020-01-11,PURCHASE_ORDER,EXPIRED,EMP-34126
CON-008159,VND-03511,1035985.17,EUR,2023-08-13,2025-08-14,FRAMEWORK,ACTIVE,EMP-33260
CON-008160,VND-04971,1437914.55,EUR,2019-11-18,2020-12-06,FIXED_PRICE,EXPIRED,EMP-7760
CON-008161,VND-01419,364016.23,USD,2022-02-01,2024-06-18,FIXED_PRICE,ACTIVE,EMP-20920
CON-008162,VND-00235,5000.0,USD,2023-11-18,2024-05-30,PURCHASE_ORDER,EXPIRED,EMP-26262
CON-008163,VND-02107,14645.78,EUR,2021-04-02,2022-11-16,RETAINER,EXPIRED,EMP-4148
CON-008164,VND-03653,39115.93,CAD,2021-10-28,2023-12-17,PURCHASE_ORDER,EXPIRED,EMP-40923
CON-008165,VND-02498,632438.26,USD,2020-04-03,2021-05-20,MASTER_SERVICE,EXPIRED,EMP-6730
CON-008166,VND-01242,399179.04,GBP,2020-05-02,2023-03-03,TIME_AND_MATERIAL,EXPIRED,EMP-57411
CON-008167,VND-04356,33146.38,USD,2018-06-11,2019-02-04,FRAMEWORK,EXPIRED,EMP-44592
CON-008168,VND-04679,82937.96,INR,2022-02-08,2022-12-12,PURCHASE_ORDER,ACTIVE,EMP-37697
CON-008169,VND-04941,5000.0,CAD,2019-07-23,2022-02-08,FRAMEWORK,ACTIVE,EMP-23365
CON-008170,VND-01542,5000.0,EUR,2018-07-25,2019-08-18,RETAINER,EXPIRED,EMP-45973
CON-008171,VND-04700,293747.35,USD,2021-10-02,2024-03-18,TIME_AND_MATERIAL,EXPIRED,EMP-31359
CON-008172,VND-01840,98816.36,USD,2022-02-23,2025-01-28,PURCHASE_ORDER,EXPIRED,EMP-16860
CON-008173,VND-04499,547842.23,GBP,2022-08-04,2025-01-16,FRAMEWORK,EXPIRED,EMP-CORP-00252
CON-008174,VND-03452,42737.1,USD,2018-01-29,2019-03-04,TIME_AND_MATERIAL,EXPIRED,EMP-63279
CON-008175,VND-02604,105701.06,GBP,2019-05-26,2021-09-04,PURCHASE_ORDER,EXPIRED,EMP-59820
CON-008176,VND-04846,21372.66,USD,2022-02-26,2023-10-28,FIXED_PRICE,EXPIRED,EMP-52780
CON-008177,VND-01616,10533.76,INR,2022-04-03,2022-11-25,PURCHASE_ORDER,EXPIRED,EMP-40438
CON-008178,VND-03471,269718.46,USD,2019-01-06,2019-12-09,MASTER_SERVICE,EXPIRED,EMP-17997
CON-008179,VND-01747,2247985.02,USD,2022-09-21,2025-05-09,FIXED_PRICE,TERMINATED,EMP-54945
CON-008180,VND-01640,339148.04,USD,2023-03-08,2024-01-16,PURCHASE_ORDER,EXPIRED,EMP-31865
CON-008181,VND-04818,385844.19,USD,2022-12-13,2024-12-25,MASTER_SERVICE,EXPIRED,EMP-32177
CON-008182,VND-03939,35507.0,USD,2019-04-03,2021-08-02,RETAINER,EXPIRED,EMP-17887
CON-008183,VND-01851,7440.35,EUR,2021-07-16,2023-12-11,FIXED_PRICE,EXPIRED,EMP-6110
CON-008184,VND-04173,238340.95,GBP,2019-06-27,2021-01-01,FRAMEWORK,EXPIRED,EMP-51105
CON-008185,VND-02782,154599.97,EUR,2023-08-24,2025-09-01,RETAINER,ACTIVE,EMP-59167
CON-008186,VND-03228,423348.12,USD,2023-05-08,2024-07-27,SLA,TERMINATED,EMP-25601
CON-008187,VND-01776,31002.79,EUR,2022-04-18,2023-03-15,MASTER_SERVICE,EXPIRED,EMP-23191
CON-008188,VND-00350,44706.68,USD,2022-04-05,2025-02-25,FIXED_PRICE,EXPIRED,EMP-14627
CON-008189,VND-00689,11590.67,INR,2021-03-16,2021-11-12,FRAMEWORK,TERMINATED,EMP-7149
CON-008190,VND-01221,8923.21,GBP,2019-09-06,2020-12-27,FIXED_PRICE,EXPIRED,EMP-RM927
CON-008191,VND-03326,182712.7,USD,2018-02-02,2019-01-14,TIME_AND_MATERIAL,EXPIRED,EMP-25555
CON-008192,VND-02359,157375.86,AUD,2022-02-10,2023-06-29,SLA,TERMINATED,EMP-16204
CON-008193,VND-03987,2013032.71,EUR,2021-11-06,2023-03-26,SLA,EXPIRED,EMP-230
CON-008194,VND-04322,247256.12,INR,2019-01-18,2020-07-08,PURCHASE_ORDER,EXPIRED,EMP-12850
CON-008195,VND-03450,296941.81,GBP,2022-04-14,2023-03-01,FRAMEWORK,EXPIRED,EMP-67561
CON-008196,VND-01510,29456.07,USD,2018-01-14,2019-12-13,PURCHASE_ORDER,EXPIRED,EMP-14920
CON-008197,VND-03372,9672.06,EUR,2021-05-12,2022-08-22,SLA,EXPIRED,EMP-60262
CON-008198,VND-00101,977622.97,EUR,2023-09-01,2026-08-29,RETAINER,SUSPENDED,EMP-1192
CON-008199,VND-04490,31283.76,EUR,2020-04-12,2022-03-18,SLA,EXPIRED,EMP-67000
CON-008200,VND-00805,22705.89,CAD,2023-06-12,2024-04-10,FIXED_PRICE,EXPIRED,EMP-46345
CON-008201,VND-01182,215497.16,USD,2021-05-23,2023-06-12,TIME_AND_MATERIAL,EXPIRED,EMP-34823
CON-008202,VND-00726,6164.62,GBP,2023-11-22,2025-07-24,SLA,ACTIVE,EMP-28081
CON-008203,VND-04013,1708897.88,GBP,2018-08-06,2020-09-12,SLA,EXPIRED,EMP-11633
CON-008204,VND-03131,668435.45,USD,2019-03-03,2020-12-10,FIXED_PRICE,EXPIRED,EMP-28563
CON-008205,VND-01364,135575.95,USD,2019-04-04,2021-06-24,PURCHASE_ORDER,EXPIRED,EMP-7811
CON-008206,VND-00746,119773.04,USD,2021-02-14,2022-07-02,SLA,TERMINATED,EMP-3050
CON-008207,VND-02313,35136.55,USD,2021-06-16,2021-12-13,FRAMEWORK,EXPIRED,EMP-68358
CON-008208,VND-03833,332487.81,USD,2019-06-17,2020-10-19,PURCHASE_ORDER,EXPIRED,EMP-RM1463
CON-008209,VND-00437,30329.07,USD,2022-06-27,2025-06-24,FRAMEWORK,SUSPENDED,EMP-11399
CON-008210,VND-04410,411311.01,GBP,2019-08-07,2022-05-12,MASTER_SERVICE,EXPIRED,EMP-63266
CON-008211,VND-04656,12303.82,USD,2019-12-09,2022-05-05,TIME_AND_MATERIAL,EXPIRED,EMP-20441
CON-008212,VND-02758,9218.22,SGD,2022-04-17,2023-06-30,FRAMEWORK,EXPIRED,EMP-46978
CON-008213,VND-04362,18068.66,USD,2023-01-07,2025-10-10,MASTER_SERVICE,ACTIVE,EMP-52784
CON-008214,VND-00755,5000.0,GBP,2018-01-17,2019-12-15,TIME_AND_MATERIAL,TERMINATED,EMP-60125
CON-008215,VND-04915,1644989.95,GBP,2021-05-09,2023-06-22,RETAINER,EXPIRED,EMP-63553
CON-008216,VND-04263,582995.72,SGD,2023-10-19,2025-10-03,FRAMEWORK,ACTIVE,EMP-21164
CON-008217,VND-00565,20944.14,USD,2018-08-23,2021-04-02,PURCHASE_ORDER,EXPIRED,EMP-11880
CON-008218,VND-02680,21867.22,EUR,2023-09-08,2024-07-09,SLA,EXPIRED,EMP-60896
CON-008219,VND-04639,20099.05,USD,2018-06-02,2021-01-22,FRAMEWORK,EXPIRED,EMP-73417
CON-008220,VND-00883,261227.95,EUR,2019-12-13,2021-12-12,PURCHASE_ORDER,EXPIRED,EMP-50043
CON-008221,VND-03813,2860699.85,INR,2019-06-23,2021-06-04,FRAMEWORK,EXPIRED,EMP-53591
CON-008222,VND-04944,418213.72,EUR,2018-07-03,2019-06-25,SLA,EXPIRED,EMP-62625
CON-008223,VND-01221,314375.09,GBP,2023-01-03,2024-12-26,TIME_AND_MATERIAL,EXPIRED,EMP-11946
CON-008224,VND-00205,221421.8,INR,2021-06-20,2023-05-04,FIXED_PRICE,EXPIRED,EMP-68620
CON-008225,VND-00732,384141.5,USD,2023-07-18,2025-05-02,RETAINER,EXPIRED,EMP-153
CON-008226,VND-01180,37275.29,EUR,2023-02-16,2025-08-16,FIXED_PRICE,ACTIVE,EMP-59834
CON-008227,VND-02064,5000.0,INR,2020-02-10,2020-12-13,SLA,EXPIRED,EMP-3451
CON-008228,VND-04447,332964.36,USD,2022-05-04,2025-02-06,RETAINER,EXPIRED,EMP-51520
CON-008229,VND-03269,6123.27,USD,2023-12-12,2026-02-10,FIXED_PRICE,ACTIVE,EMP-45220
CON-008230,VND-00864,689618.25,USD,2022-02-16,2023-04-04,TIME_AND_MATERIAL,EXPIRED,EMP-16495
CON-008231,VND-03228,5000.0,USD,2020-11-18,2021-11-14,SLA,EXPIRED,EMP-25922
CON-008232,VND-02508,254471.44,USD,2018-11-20,2021-07-01,FIXED_PRICE,EXPIRED,EMP-36433
CON-008233,VND-04640,600395.65,USD,2022-06-04,2022-12-25,TIME_AND_MATERIAL,EXPIRED,EMP-41831
CON-008234,VND-04446,5002.81,USD,2018-12-15,2019-11-30,SLA,EXPIRED,EMP-58731
CON-008235,VND-03159,302670.06,EUR,2019-07-26,2021-12-29,TIME_AND_MATERIAL,EXPIRED,EMP-53625
CON-008236,VND-01942,5449335.91,INR,2021-09-30,2022-06-26,FIXED_PRICE,EXPIRED,EMP-19212
CON-008237,VND-02346,38554.83,GBP,2020-05-19,2023-04-15,MASTER_SERVICE,EXPIRED,EMP-317
CON-008238,VND-01818,27649.07,USD,2018-01-04,2020-03-27,MASTER_SERVICE,EXPIRED,EMP-50862
CON-008239,VND-02284,10311.27,USD,2020-08-08,2021-12-07,TIME_AND_MATERIAL,TERMINATED,EMP-46201
CON-008240,VND-02536,20054.35,AUD,2018-03-10,2019-10-21,FRAMEWORK,EXPIRED,EMP-69198
CON-008241,VND-04871,1252649.68,USD,2021-09-04,2023-04-24,RETAINER,EXPIRED,EMP-61270
CON-008242,VND-00843,30500.22,GBP,2023-10-19,2026-09-25,PURCHASE_ORDER,ACTIVE,EMP-44507
CON-008243,VND-02153,6562.47,SGD,2023-12-02,2026-12-01,FIXED_PRICE,ACTIVE,EMP-59623
CON-008244,VND-04159,79944.82,USD,2022-01-09,2024-05-18,RETAINER,TERMINATED,EMP-54330
CON-008245,VND-02469,1318330.49,USD,2023-05-24,2024-09-15,TIME_AND_MATERIAL,TERMINATED,EMP-CORP-00552
CON-008246,VND-03378,1622530.09,INR,2019-11-08,2022-03-04,SLA,EXPIRED,EMP-RM800
CON-008247,VND-02712,6447.33,GBP,2021-09-09,2022-06-02,RETAINER,EXPIRED,EMP-51518
CON-008248,VND-04278,72532.18,GBP,2021-01-22,2023-08-30,RETAINER,EXPIRED,EMP-786
CON-008249,VND-03883,15326.59,INR,2021-03-12,2022-12-30,TIME_AND_MATERIAL,TERMINATED,EMP-35176
CON-008250,VND-00578,1377094.61,GBP,2018-05-24,2021-03-15,PURCHASE_ORDER,EXPIRED,EMP-16556
CON-008251,VND-01200,29305.74,GBP,2023-11-09,2024-11-14,SLA,EXPIRED,EMP-31707
CON-008252,VND-03205,25474.32,INR,2019-04-20,2022-03-30,FRAMEWORK,EXPIRED,EMP-42104
CON-008253,VND-01897,87890.53,CAD,2023-02-09,2023-08-17,TIME_AND_MATERIAL,ACTIVE,EMP-62871
CON-008254,VND-00311,5593.33,GBP,2019-08-02,2020-07-24,FRAMEWORK,TERMINATED,EMP-32193
CON-008255,VND-00545,339996.69,EUR,2019-10-22,2020-07-30,RETAINER,EXPIRED,EMP-CORP-00268
CON-008256,VND-02858,5000.0,EUR,2022-01-27,2024-12-30,PURCHASE_ORDER,EXPIRED,EMP-32957
CON-008257,VND-04430,90416.87,USD,2022-01-31,2024-04-26,PURCHASE_ORDER,EXPIRED,EMP-38006
CON-008258,VND-03724,2181030.17,USD,2022-03-06,2022-12-11,PURCHASE_ORDER,EXPIRED,EMP-19201
CON-008259,VND-00167,470264.32,USD,2022-07-24,2024-10-23,TIME_AND_MATERIAL,EXPIRED,EMP-69949
CON-008260,VND-04769,11674.28,USD,2018-02-26,2019-12-28,TIME_AND_MATERIAL,EXPIRED,EMP-3465
CON-008261,VND-03010,5000.0,USD,2021-05-26,2023-02-20,RETAINER,EXPIRED,EMP-1294
CON-008262,VND-00985,564383.38,SGD,2019-03-15,2022-01-23,FRAMEWORK,EXPIRED,EMP-41133
CON-008263,VND-01267,72057.43,USD,2021-06-13,2024-03-28,RETAINER,EXPIRED,EMP-32957
CON-008264,VND-01529,5000.0,EUR,2023-11-30,2024-11-29,FIXED_PRICE,EXPIRED,EMP-22882
CON-008265,VND-03490,969256.67,USD,2019-11-05,2022-04-03,MASTER_SERVICE,EXPIRED,EMP-15651
CON-008266,VND-02648,235775.0,USD,2022-09-27,2024-10-08,SLA,EXPIRED,EMP-61450
CON-008267,VND-01299,260373.64,USD,2019-01-22,2019-08-23,TIME_AND_MATERIAL,EXPIRED,EMP-30157
CON-008268,VND-03472,418910.38,USD,2022-10-28,2024-08-30,TIME_AND_MATERIAL,EXPIRED,EMP-11293
CON-008269,VND-04448,664074.02,USD,2019-06-28,2022-05-05,FIXED_PRICE,EXPIRED,EMP-30087
CON-008270,VND-00387,5000.0,USD,2023-04-05,2023-11-18,MASTER_SERVICE,EXPIRED,EMP-52356
CON-008271,VND-02041,15801.94,GBP,2019-01-16,2020-08-02,SLA,EXPIRED,EMP-59251
CON-008272,VND-00750,18001.24,USD,2020-02-06,2021-04-20,SLA,EXPIRED,EMP-43737
CON-008273,VND-04666,891401.4,USD,2022-09-16,2024-08-14,FRAMEWORK,EXPIRED,EMP-5559
CON-008274,VND-03943,38689.93,GBP,2020-07-15,2021-09-28,SLA,EXPIRED,EMP-15266
CON-008275,VND-01495,13861.43,USD,2023-07-09,2025-08-25,FRAMEWORK,ACTIVE,EMP-27796
CON-008276,VND-00485,51551.5,USD,2021-09-30,2022-04-29,FRAMEWORK,EXPIRED,EMP-73311
CON-008277,VND-03184,536868.42,USD,2023-11-11,2025-01-05,MASTER_SERVICE,ACTIVE,EMP-34064
CON-008278,VND-04861,46186.82,AUD,2023-10-17,2026-09-30,MASTER_SERVICE,SUSPENDED,EMP-50121
CON-008279,VND-03932,7529.7,CAD,2018-05-07,2019-03-24,SLA,EXPIRED,EMP-48487
CON-008280,VND-04796,975792.05,USD,2019-12-13,2021-12-13,SLA,EXPIRED,EMP-20528
CON-008281,VND-00650,797998.29,USD,2023-02-23,2026-02-03,RETAINER,ACTIVE,EMP-22996
CON-008282,VND-01970,779692.42,USD,2022-11-16,2025-02-18,MASTER_SERVICE,EXPIRED,EMP-55556
CON-008283,VND-02892,299723.46,GBP,2023-01-12,2026-01-03,MASTER_SERVICE,ACTIVE,EMP-23035
CON-008284,VND-04440,232556.44,USD,2022-10-27,2024-09-08,FRAMEWORK,EXPIRED,EMP-43894
CON-008285,VND-02490,48626.03,INR,2022-03-05,2022-12-03,PURCHASE_ORDER,TERMINATED,EMP-60528
CON-008286,VND-04011,160732.95,GBP,2020-12-27,2023-08-23,PURCHASE_ORDER,EXPIRED,EMP-18510
CON-008287,VND-03689,86566.98,GBP,2020-03-03,2023-01-06,PURCHASE_ORDER,EXPIRED,EMP-406
CON-008288,VND-00810,235987.57,EUR,2020-06-04,2021-09-23,FRAMEWORK,EXPIRED,EMP-23172
CON-008289,VND-03137,631668.51,GBP,2018-11-10,2021-03-01,FIXED_PRICE,EXPIRED,EMP-27595
CON-008290,VND-03934,147525.4,GBP,2018-02-28,2019-03-24,PURCHASE_ORDER,TERMINATED,EMP-21049
CON-008291,VND-00094,436401.85,INR,2022-05-03,2023-04-19,FRAMEWORK,EXPIRED,EMP-37236
CON-008292,VND-02794,429632.06,GBP,2018-06-05,2019-02-18,SLA,EXPIRED,EMP-18337
CON-008293,VND-01394,5000.0,EUR,2020-08-18,2022-02-24,FIXED_PRICE,EXPIRED,EMP-19291
CON-008294,VND-00237,1174137.72,USD,2020-10-14,2022-06-06,MASTER_SERVICE,ACTIVE,EMP-62374
CON-008295,VND-04423,1588164.09,GBP,2021-01-22,2023-07-09,RETAINER,EXPIRED,EMP-CORP-00514
CON-008296,VND-04775,633124.5,INR,2022-08-12,2025-01-14,FIXED_PRICE,EXPIRED,EMP-20331
CON-008297,VND-04499,26808.2,USD,2021-10-31,2022-06-26,PURCHASE_ORDER,EXPIRED,EMP-10815
CON-008298,VND-03920,1368090.73,EUR,2020-06-02,2021-06-04,MASTER_SERVICE,EXPIRED,EMP-60355
CON-008299,VND-00885,10585.37,EUR,2021-08-03,2023-03-04,MASTER_SERVICE,EXPIRED,EMP-40550
CON-008300,VND-00409,5000.0,USD,2022-11-17,2025-03-05,FIXED_PRICE,EXPIRED,EMP-3315
CON-008301,VND-04760,63539.49,EUR,2023-10-22,2025-07-31,TIME_AND_MATERIAL,ACTIVE,EMP-56156
CON-008302,VND-01942,318859.89,USD,2019-02-23,2021-09-19,FRAMEWORK,EXPIRED,EMP-9229
CON-008303,VND-03501,18026.76,INR,2019-04-20,2020-01-04,RETAINER,EXPIRED,EMP-70408
CON-008304,VND-01574,13230.17,INR,2018-06-08,2020-02-21,MASTER_SERVICE,EXPIRED,EMP-68942
CON-008305,VND-01160,257513.71,GBP,2020-07-28,2023-06-22,PURCHASE_ORDER,EXPIRED,EMP-21375
CON-008306,VND-01824,43037.43,USD,2023-12-15,2024-09-03,FRAMEWORK,TERMINATED,EMP-16788
CON-008307,VND-04766,7630.37,SGD,2022-09-25,2025-09-01,RETAINER,ACTIVE,EMP-32375
CON-008308,VND-04838,26814.53,EUR,2018-11-27,2020-02-22,RETAINER,EXPIRED,EMP-7358
CON-008309,VND-04900,16133.34,USD,2019-06-03,2020-02-02,TIME_AND_MATERIAL,EXPIRED,EMP-34161
CON-008310,VND-04543,28568.18,USD,2019-12-16,2022-05-15,RETAINER,EXPIRED,EMP-24234
CON-008311,VND-03128,78072.25,GBP,2022-08-21,2024-06-13,FRAMEWORK,EXPIRED,EMP-RM281
CON-008312,VND-02108,39145.12,USD,2018-05-10,2020-07-04,PURCHASE_ORDER,EXPIRED,EMP-9303
CON-008313,VND-03685,632068.78,USD,2021-07-25,2022-01-28,RETAINER,EXPIRED,EMP-65289
CON-008314,VND-03121,10503.4,INR,2018-05-18,2019-03-08,FIXED_PRICE,EXPIRED,EMP-21920
CON-008315,VND-04515,702586.34,GBP,2022-01-01,2024-12-26,TIME_AND_MATERIAL,EXPIRED,EMP-57535
CON-008316,VND-02930,264403.64,GBP,2021-05-04,2023-06-28,TIME_AND_MATERIAL,EXPIRED,EMP-39711
CON-008317,VND-04313,399466.6,USD,2022-04-03,2022-10-18,SLA,EXPIRED,EMP-21040
CON-008318,VND-02250,9950.34,USD,2023-09-21,2026-05-24,TIME_AND_MATERIAL,ACTIVE,EMP-70086
CON-008319,VND-04129,311497.91,USD,2019-08-03,2020-10-22,TIME_AND_MATERIAL,EXPIRED,EMP-27938
CON-008320,VND-04907,1095853.52,USD,2018-09-26,2020-02-13,SLA,EXPIRED,EMP-8606
CON-008321,VND-04580,1036357.99,USD,2021-05-21,2022-06-07,SLA,TERMINATED,EMP-74149
CON-008322,VND-00036,43442.48,USD,2021-02-01,2024-01-22,FIXED_PRICE,EXPIRED,EMP-23010
CON-008323,VND-02188,5000.0,INR,2018-01-29,2018-12-01,SLA,EXPIRED,EMP-28944
CON-008324,VND-02376,2189036.54,USD,2018-07-13,2019-06-08,TIME_AND_MATERIAL,EXPIRED,EMP-42203
CON-008325,VND-03072,9171.13,GBP,2023-02-17,2025-05-19,TIME_AND_MATERIAL,TERMINATED,EMP-29352
CON-008326,VND-03353,684920.47,USD,2021-04-22,2022-12-19,FIXED_PRICE,EXPIRED,EMP-19432
CON-008327,VND-02923,883118.4,EUR,2022-03-23,2023-08-03,MASTER_SERVICE,EXPIRED,EMP-54448
CON-008328,VND-02105,46089.76,INR,2023-07-16,2025-11-06,PURCHASE_ORDER,ACTIVE,EMP-18791
CON-008329,VND-03809,737288.43,SGD,2019-10-05,2022-07-10,RETAINER,EXPIRED,EMP-50079
CON-008330,VND-02718,126587.62,GBP,2023-02-11,2025-03-08,TIME_AND_MATERIAL,EXPIRED,EMP-57108
CON-008331,VND-03353,533606.55,USD,2021-07-31,2022-06-26,FRAMEWORK,EXPIRED,EMP-CORP-00130
CON-008332,VND-00263,37919.62,USD,2021-03-06,2022-11-13,PURCHASE_ORDER,EXPIRED,EMP-27891
CON-008333,VND-00202,5495.59,GBP,2018-08-06,2020-12-08,FRAMEWORK,EXPIRED,EMP-35154
CON-008334,VND-02851,7110.71,GBP,2022-11-23,2024-09-14,SLA,EXPIRED,EMP-RM706
CON-008335,VND-04133,375170.9,CAD,2023-07-09,2025-02-02,SLA,EXPIRED,EMP-57375
CON-008336,VND-04219,422713.67,INR,2021-01-08,2022-04-11,SLA,EXPIRED,EMP-37270
CON-008337,VND-01895,5476661.29,USD,2018-03-17,2019-03-05,FIXED_PRICE,TERMINATED,EMP-RM525
CON-008338,VND-04555,1109402.86,EUR,2023-08-02,2025-06-03,TIME_AND_MATERIAL,ACTIVE,EMP-42583
CON-008339,VND-03999,259607.63,GBP,2022-03-11,2024-05-06,PURCHASE_ORDER,EXPIRED,EMP-54732
CON-008340,VND-01982,5000.0,EUR,2019-12-15,2021-11-07,FRAMEWORK,TERMINATED,EMP-10706
CON-008341,VND-02530,5953.73,USD,2022-10-11,2023-09-15,SLA,ACTIVE,EMP-RM909
CON-008342,VND-01262,36359.81,GBP,2020-07-16,2021-12-15,FIXED_PRICE,EXPIRED,EMP-CORP-00154
CON-008343,VND-01267,368051.54,AUD,2023-09-19,2024-05-03,TIME_AND_MATERIAL,ACTIVE,EMP-RM742
CON-008344,VND-03284,548248.13,AUD,2022-05-18,2025-05-09,TIME_AND_MATERIAL,EXPIRED,EMP-29120
CON-008345,VND-01021,324677.26,CAD,2022-08-05,2024-12-19,FRAMEWORK,TERMINATED,EMP-40835
CON-008346,VND-03593,207969.7,GBP,2022-02-04,2024-03-12,RETAINER,EXPIRED,EMP-72486
CON-008347,VND-03836,7119.47,CAD,2022-04-18,2023-11-08,RETAINER,EXPIRED,EMP-44504
CON-008348,VND-00158,540258.46,GBP,2023-01-11,2024-02-07,PURCHASE_ORDER,TERMINATED,EMP-43509
CON-008349,VND-01130,444830.53,USD,2022-09-15,2025-04-23,SLA,EXPIRED,EMP-44181
CON-008350,VND-02561,64680.25,USD,2021-10-26,2023-08-17,TIME_AND_MATERIAL,EXPIRED,EMP-29398
CON-008351,VND-02018,1171147.22,INR,2018-07-15,2019-07-15,FRAMEWORK,EXPIRED,EMP-230
CON-008352,VND-00496,60341.47,GBP,2021-03-18,2022-04-17,FIXED_PRICE,EXPIRED,EMP-52979
CON-008353,VND-04736,156266.52,INR,2020-11-18,2023-09-26,FRAMEWORK,ACTIVE,EMP-23537
CON-008354,VND-01331,5000.0,CAD,2018-06-29,2021-06-06,RETAINER,EXPIRED,EMP-12917
CON-008355,VND-01430,1066920.93,USD,2020-08-24,2022-03-13,FIXED_PRICE,EXPIRED,EMP-20988
CON-008356,VND-04979,232133.27,USD,2019-02-20,2021-07-25,RETAINER,EXPIRED,EMP-39898
CON-008357,VND-00244,220233.76,GBP,2022-06-13,2024-01-17,TIME_AND_MATERIAL,EXPIRED,EMP-46327
CON-008358,VND-04929,915299.89,EUR,2018-08-14,2019-06-20,PURCHASE_ORDER,EXPIRED,EMP-16248
CON-008359,VND-00841,1124738.99,EUR,2023-04-12,2025-03-28,RETAINER,EXPIRED,EMP-32664
CON-008360,VND-04212,5000.0,USD,2018-01-01,2020-04-13,FIXED_PRICE,EXPIRED,EMP-845
CON-008361,VND-00790,874773.87,AUD,2022-12-15,2025-09-15,PURCHASE_ORDER,ACTIVE,EMP-71671
CON-008362,VND-03757,333331.77,USD,2022-05-10,2023-01-21,MASTER_SERVICE,TERMINATED,EMP-25999
CON-008363,VND-04126,9636.16,USD,2019-05-14,2020-02-17,RETAINER,EXPIRED,EMP-59541
CON-008364,VND-01391,216960.67,GBP,2023-07-14,2025-06-19,SLA,ACTIVE,EMP-11921
CON-008365,VND-00519,28295.41,SGD,2022-02-25,2025-02-21,MASTER_SERVICE,EXPIRED,EMP-56373
CON-008366,VND-04387,954640.2,EUR,2021-06-17,2024-01-29,PURCHASE_ORDER,EXPIRED,MGR-30.0
CON-008367,VND-04982,114680.0,INR,2021-01-17,2021-11-04,RETAINER,EXPIRED,EMP-61928
CON-008368,VND-03634,200436.04,GBP,2023-10-22,2024-05-11,RETAINER,EXPIRED,EMP-862
CON-008369,VND-01029,5000.0,USD,2022-07-04,2024-04-04,FRAMEWORK,EXPIRED,EMP-23348
CON-008370,VND-03165,169233.35,EUR,2018-10-26,2021-04-02,SLA,EXPIRED,EMP-26754
CON-008371,VND-00693,289782.51,USD,2019-10-06,2020-06-03,MASTER_SERVICE,EXPIRED,EMP-62298
CON-008372,VND-01018,741957.78,EUR,2021-04-23,2023-01-26,TIME_AND_MATERIAL,EXPIRED,EMP-5945
CON-008373,VND-01636,143228.71,GBP,2023-12-13,2025-07-27,TIME_AND_MATERIAL,ACTIVE,EMP-42743
CON-008374,VND-02030,19553.37,INR,2019-10-23,2021-01-21,TIME_AND_MATERIAL,EXPIRED,EMP-12817
CON-008375,VND-03368,43517.38,USD,2021-12-10,2024-07-30,TIME_AND_MATERIAL,TERMINATED,EMP-22453
CON-008376,VND-01340,261320.37,EUR,2023-04-06,2024-05-08,FIXED_PRICE,TERMINATED,EMP-10095
CON-008377,VND-00707,44231.92,USD,2018-01-04,2019-04-14,FRAMEWORK,ACTIVE,EMP-63468
CON-008378,VND-01150,562179.8,USD,2019-03-07,2021-08-30,TIME_AND_MATERIAL,EXPIRED,EMP-11024
CON-008379,VND-04949,20008.87,USD,2021-03-20,2022-08-30,RETAINER,EXPIRED,EMP-38892
CON-008380,VND-04242,49630.88,EUR,2018-11-01,2019-11-14,TIME_AND_MATERIAL,EXPIRED,EMP-29317
CON-008381,VND-00679,21680.2,SGD,2023-07-31,2025-10-24,RETAINER,ACTIVE,EMP-46201
CON-008382,VND-02674,5000.0,AUD,2023-09-23,2025-06-21,TIME_AND_MATERIAL,ACTIVE,EMP-7251
CON-008383,VND-01726,12045.01,USD,2020-08-19,2021-04-10,FRAMEWORK,EXPIRED,EMP-58855
CON-008384,VND-00536,443071.67,INR,2023-06-26,2024-04-19,FIXED_PRICE,EXPIRED,EMP-27189
CON-008385,VND-00839,36721.92,INR,2023-08-06,2025-10-20,PURCHASE_ORDER,ACTIVE,EMP-37443
CON-008386,VND-04965,16133.62,USD,2019-12-27,2022-09-08,FIXED_PRICE,TERMINATED,EMP-14064
CON-008387,VND-01735,58834.47,GBP,2023-03-27,2024-09-01,FIXED_PRICE,EXPIRED,EMP-934
CON-008388,VND-01981,12187.43,SGD,2019-02-16,2019-08-31,FIXED_PRICE,EXPIRED,EMP-5252
CON-008389,VND-04620,1180263.56,USD,2020-02-21,2021-03-14,FIXED_PRICE,EXPIRED,EMP-44987
CON-008390,VND-00075,12299.52,USD,2021-09-29,2022-08-19,TIME_AND_MATERIAL,EXPIRED,EMP-63271
CON-008391,VND-02872,47124.06,CAD,2018-07-03,2021-01-31,PURCHASE_ORDER,EXPIRED,EMP-17698
CON-008392,VND-01065,28433.57,USD,2019-05-04,2021-04-09,SLA,EXPIRED,EMP-63020
CON-008393,VND-02566,89864.28,USD,2023-06-17,2026-03-30,SLA,ACTIVE,EMP-CORP-00394
CON-008394,VND-04654,5000.0,AUD,2023-04-16,2024-08-04,TIME_AND_MATERIAL,EXPIRED,EMP-20448
CON-008395,VND-01067,341817.85,EUR,2020-12-01,2022-07-21,PURCHASE_ORDER,EXPIRED,MGR-4619
CON-008396,VND-04193,5000.0,USD,2020-07-14,2022-04-08,SLA,TERMINATED,EMP-31235
CON-008397,VND-04015,1257315.83,EUR,2018-09-02,2021-07-06,MASTER_SERVICE,EXPIRED,EMP-54132
CON-008398,VND-01982,182821.91,INR,2020-05-31,2021-07-10,RETAINER,EXPIRED,EMP-6619
CON-008399,VND-03834,15785.82,GBP,2020-11-05,2023-09-04,RETAINER,EXPIRED,EMP-62606
CON-008400,VND-04944,6565.5,EUR,2022-04-15,2024-09-12,FIXED_PRICE,TERMINATED,MGR-18.0
CON-008401,VND-01443,490293.5,AUD,2023-06-24,2025-03-11,PURCHASE_ORDER,EXPIRED,EMP-CORP-00576
CON-008402,VND-02042,256533.45,USD,2020-07-01,2021-02-03,MASTER_SERVICE,EXPIRED,EMP-47222
CON-008403,VND-01163,24095.08,USD,2020-04-14,2022-09-20,RETAINER,EXPIRED,EMP-66290
CON-008404,VND-01837,1069806.3,SGD,2020-02-24,2022-10-10,PURCHASE_ORDER,EXPIRED,EMP-16601
CON-008405,VND-02918,21986.95,INR,2021-06-29,2023-12-14,RETAINER,EXPIRED,EMP-70174
CON-008406,VND-04889,52920.65,GBP,2020-11-24,2022-12-06,FRAMEWORK,EXPIRED,EMP-27139
CON-008407,VND-00771,1054027.78,AUD,2023-10-26,2025-08-23,FRAMEWORK,ACTIVE,EMP-69672
CON-008408,VND-01334,135865.51,USD,2022-11-10,2024-10-07,RETAINER,EXPIRED,EMP-8538
CON-008409,VND-02851,142211.13,AUD,2018-09-04,2020-10-24,TIME_AND_MATERIAL,EXPIRED,EMP-16655
CON-008410,VND-02818,141904.21,USD,2020-08-28,2021-07-18,FIXED_PRICE,TERMINATED,EMP-1281
CON-008411,VND-03063,417349.54,EUR,2023-09-19,2026-03-17,SLA,ACTIVE,EMP-5616
CON-008412,VND-01066,423563.0,EUR,2019-08-06,2021-12-06,MASTER_SERVICE,EXPIRED,EMP-20108
CON-008413,VND-00940,258335.88,INR,2018-04-01,2020-12-10,FRAMEWORK,TERMINATED,EMP-66260
CON-008414,VND-00387,34576.43,SGD,2023-03-22,2024-05-15,TIME_AND_MATERIAL,EXPIRED,EMP-6015
CON-008415,VND-02748,186540.37,EUR,2018-01-15,2020-03-06,FIXED_PRICE,EXPIRED,EMP-42462
CON-008416,VND-04956,13187.99,SGD,2022-08-30,2024-02-09,PURCHASE_ORDER,EXPIRED,EMP-CORP-00330
CON-008417,VND-02859,35359.33,USD,2018-01-09,2018-09-28,FIXED_PRICE,EXPIRED,EMP-65222
CON-008418,VND-03865,6069859.48,AUD,2021-12-17,2023-01-17,TIME_AND_MATERIAL,EXPIRED,EMP-8764
CON-008419,VND-03813,307258.77,USD,2021-10-15,2024-03-23,FRAMEWORK,EXPIRED,EMP-RM915
CON-008420,VND-00989,33565.12,EUR,2019-07-23,2021-07-19,FRAMEWORK,EXPIRED,EMP-11478
CON-008421,VND-00661,18982.93,USD,2018-11-29,2021-03-31,MASTER_SERVICE,EXPIRED,EMP-21116
CON-008422,VND-00679,404479.23,GBP,2022-12-28,2025-01-27,MASTER_SERVICE,TERMINATED,EMP-47524
CON-008423,VND-04976,13596.73,INR,2019-07-02,2020-01-02,MASTER_SERVICE,EXPIRED,EMP-52381
CON-008424,VND-01606,5000.0,USD,2023-12-05,2026-08-29,PURCHASE_ORDER,ACTIVE,EMP-65814
CON-008425,VND-04591,46597.06,CAD,2022-01-08,2023-01-08,FRAMEWORK,EXPIRED,EMP-73443
CON-008426,VND-04807,38228.93,INR,2018-10-30,2021-07-08,TIME_AND_MATERIAL,ACTIVE,EMP-25646
CON-008427,VND-02044,5000.0,SGD,2023-10-27,2025-10-19,PURCHASE_ORDER,ACTIVE,EMP-43239
CON-008428,VND-03977,1174219.7,USD,2022-09-18,2024-07-18,TIME_AND_MATERIAL,EXPIRED,EMP-22288
CON-008429,VND-01888,137526.78,USD,2021-12-21,2024-01-31,SLA,EXPIRED,EMP-68636
CON-008430,VND-00468,5814.9,USD,2018-01-22,2018-08-09,MASTER_SERVICE,EXPIRED,EMP-16603
CON-008431,VND-02943,305598.03,GBP,2021-05-29,2024-05-01,PURCHASE_ORDER,EXPIRED,EMP-32887
CON-008432,VND-03433,18350.58,AUD,2019-10-13,2022-03-25,FRAMEWORK,TERMINATED,EMP-38552
CON-008433,VND-01651,5000.0,USD,2023-06-02,2024-01-15,FRAMEWORK,EXPIRED,EMP-74390
CON-008434,VND-00385,10530.09,SGD,2019-07-16,2021-09-16,TIME_AND_MATERIAL,EXPIRED,EMP-10141
CON-008435,VND-02852,436730.15,INR,2021-12-06,2022-10-18,MASTER_SERVICE,TERMINATED,EMP-18167
CON-008436,VND-01247,310052.36,CAD,2023-06-05,2024-09-09,RETAINER,EXPIRED,EMP-42274
CON-008437,VND-03480,5000.0,USD,2023-03-30,2024-11-26,RETAINER,EXPIRED,EMP-RM148
CON-008438,VND-04029,135294.11,USD,2023-07-13,2024-04-04,FIXED_PRICE,TERMINATED,EMP-22319
CON-008439,VND-03720,5000.0,USD,2019-09-11,2020-08-25,TIME_AND_MATERIAL,EXPIRED,EMP-40309
CON-008440,VND-04466,838657.03,INR,2018-04-13,2021-02-24,TIME_AND_MATERIAL,EXPIRED,EMP-RM1079
CON-008441,VND-01064,710652.68,INR,2023-05-12,2023-11-08,SLA,EXPIRED,EMP-1238
CON-008442,VND-03149,20474.34,USD,2019-03-08,2020-02-01,FIXED_PRICE,EXPIRED,EMP-55125
CON-008443,VND-03786,13841.56,USD,2019-09-18,2021-08-12,TIME_AND_MATERIAL,EXPIRED,EMP-64418
CON-008444,VND-01272,1653533.73,GBP,2023-10-02,2024-10-17,PURCHASE_ORDER,EXPIRED,EMP-12817
CON-008445,VND-02161,719954.78,USD,2021-05-02,2023-12-14,FIXED_PRICE,EXPIRED,EMP-60745
CON-008446,VND-02294,5000.0,USD,2023-12-18,2025-03-07,PURCHASE_ORDER,TERMINATED,EMP-12730
CON-008447,VND-01964,594982.58,GBP,2021-11-30,2024-07-01,SLA,TERMINATED,EMP-21173
CON-008448,VND-04446,15841.36,SGD,2019-12-02,2021-09-28,RETAINER,EXPIRED,EMP-60436
CON-008449,VND-02967,42330.37,USD,2023-11-09,2025-05-19,PURCHASE_ORDER,EXPIRED,EMP-70831
CON-008450,VND-03447,483480.22,USD,2020-07-25,2023-01-15,SLA,EXPIRED,EMP-844
CON-008451,VND-02078,64169.68,INR,2018-05-16,2019-01-20,FIXED_PRICE,EXPIRED,EMP-60383
CON-008452,VND-01949,95170.66,INR,2022-04-14,2023-05-27,TIME_AND_MATERIAL,ACTIVE,EMP-RM258
CON-008453,VND-00137,685381.29,INR,2019-03-09,2021-08-16,RETAINER,EXPIRED,EMP-10558
CON-008454,VND-03560,1161658.19,GBP,2020-08-18,2022-07-02,PURCHASE_ORDER,EXPIRED,EMP-27813
CON-008455,VND-00901,10310.85,EUR,2020-06-09,2022-10-04,PURCHASE_ORDER,EXPIRED,EMP-39786
CON-008456,VND-02514,111001.88,USD,2020-07-12,2021-02-11,SLA,EXPIRED,EMP-50783
CON-008457,VND-03571,15135.35,INR,2020-08-21,2021-08-10,FIXED_PRICE,EXPIRED,EMP-53704
CON-008458,VND-03048,43525.95,USD,2021-03-24,2023-02-27,TIME_AND_MATERIAL,EXPIRED,EMP-47244
CON-008459,VND-03374,5000.0,INR,2019-05-27,2020-03-30,FRAMEWORK,EXPIRED,EMP-4000
CON-008460,VND-03375,65272.89,USD,2020-06-19,2023-02-19,TIME_AND_MATERIAL,EXPIRED,EMP-53267
CON-008461,VND-01803,7825.89,CAD,2023-05-21,2025-03-14,MASTER_SERVICE,EXPIRED,EMP-72493
CON-008462,VND-04837,54457.39,EUR,2020-08-30,2021-09-29,RETAINER,EXPIRED,EMP-11472
CON-008463,VND-00712,11231.78,USD,2021-11-06,2024-08-27,FIXED_PRICE,EXPIRED,EMP-32789
CON-008464,VND-04548,31963.35,CAD,2018-07-12,2020-02-02,FIXED_PRICE,EXPIRED,EMP-34515
CON-008465,VND-00437,10568.08,EUR,2022-05-15,2024-09-08,TIME_AND_MATERIAL,EXPIRED,EMP-24015
CON-008466,VND-03038,10091.66,USD,2022-09-14,2023-10-13,FIXED_PRICE,EXPIRED,EMP-45690
CON-008467,VND-04377,394168.59,GBP,2021-01-07,2021-09-21,TIME_AND_MATERIAL,ACTIVE,EMP-30922
CON-008468,VND-04679,16191.89,GBP,2018-01-22,2020-07-01,FRAMEWORK,TERMINATED,EMP-2110
CON-008469,VND-03428,12190.25,SGD,2020-06-12,2021-10-28,MASTER_SERVICE,EXPIRED,EMP-43249
CON-008470,VND-04511,634699.13,USD,2019-09-23,2021-03-03,MASTER_SERVICE,EXPIRED,EMP-35216
CON-008471,VND-03953,3984755.2,USD,2021-03-17,2024-03-13,TIME_AND_MATERIAL,EXPIRED,EMP-17034
CON-008472,VND-00959,393988.4,USD,2022-08-07,2024-05-15,FRAMEWORK,TERMINATED,EMP-25199
CON-008473,VND-03821,55565.81,USD,2022-07-05,2025-06-17,FRAMEWORK,ACTIVE,EMP-5249
CON-008474,VND-01506,81706.09,CAD,2020-12-05,2023-03-17,FRAMEWORK,EXPIRED,EMP-27847
CON-008475,VND-00741,384345.16,INR,2023-08-04,2024-11-04,FIXED_PRICE,EXPIRED,EMP-32091
CON-008476,VND-02929,16082.73,USD,2020-08-01,2022-08-29,SLA,EXPIRED,EMP-45690
CON-008477,VND-00919,5000.0,USD,2019-07-17,2022-03-01,TIME_AND_MATERIAL,TERMINATED,EMP-41318
CON-008478,VND-02444,8247.1,GBP,2022-03-08,2022-10-06,TIME_AND_MATERIAL,EXPIRED,EMP-21781
CON-008479,VND-04743,282461.89,USD,2022-10-12,2023-12-20,TIME_AND_MATERIAL,TERMINATED,EMP-30967
CON-008480,VND-03341,1196769.18,USD,2018-06-02,2020-12-20,RETAINER,TERMINATED,EMP-61631
CON-008481,VND-02543,21264.02,EUR,2019-06-26,2021-10-21,FIXED_PRICE,EXPIRED,EMP-71326
CON-008482,VND-01681,7950.71,USD,2018-03-26,2020-06-24,SLA,EXPIRED,EMP-CORP-00531
CON-008483,VND-03656,6317.26,AUD,2019-12-19,2022-05-13,TIME_AND_MATERIAL,EXPIRED,EMP-27604
CON-008484,VND-04793,34063.8,USD,2018-09-13,2021-04-13,TIME_AND_MATERIAL,EXPIRED,EMP-18214
CON-008485,VND-01328,23935.03,INR,2023-07-27,2025-12-19,FIXED_PRICE,ACTIVE,EMP-47948
CON-008486,VND-00412,40164.19,INR,2020-05-10,2022-02-25,SLA,EXPIRED,EMP-26287
CON-008487,VND-03130,79024.14,AUD,2021-06-14,2023-11-22,PURCHASE_ORDER,EXPIRED,EMP-44520
CON-008488,VND-04833,309652.15,INR,2021-10-18,2024-09-23,MASTER_SERVICE,EXPIRED,EMP-20075
CON-008489,VND-03938,186723.43,INR,2022-12-03,2024-02-13,FRAMEWORK,EXPIRED,EMP-29691
CON-008490,VND-02922,5001.24,USD,2020-10-26,2022-04-07,TIME_AND_MATERIAL,EXPIRED,EMP-45582
CON-008491,VND-01753,981985.23,USD,2018-10-12,2020-07-19,PURCHASE_ORDER,EXPIRED,EMP-31805
CON-008492,VND-04256,1512171.45,USD,2022-04-26,2023-07-13,RETAINER,EXPIRED,EMP-3501
CON-008493,VND-03329,110600.59,CAD,2023-08-03,2024-02-14,MASTER_SERVICE,EXPIRED,EMP-49963
CON-008494,VND-01465,525314.03,USD,2019-07-26,2020-03-18,FIXED_PRICE,ACTIVE,EMP-69798
CON-008495,VND-02942,1194795.06,USD,2021-03-27,2022-12-11,FRAMEWORK,EXPIRED,EMP-55042
CON-008496,VND-02166,43740.84,USD,2021-01-05,2022-05-15,PURCHASE_ORDER,TERMINATED,EMP-56464
CON-008497,VND-03705,5000.0,USD,2023-07-20,2024-06-28,FRAMEWORK,EXPIRED,EMP-5690
CON-008498,VND-01144,5455621.02,CAD,2022-08-15,2024-10-04,RETAINER,ACTIVE,EMP-40161
CON-008499,VND-02966,1020509.45,USD,2023-03-20,2025-10-18,MASTER_SERVICE,ACTIVE,EMP-72831
CON-008500,VND-01907,288394.4,USD,2019-08-26,2020-09-16,TIME_AND_MATERIAL,EXPIRED,EMP-23543
CON-008501,VND-04532,550050.25,EUR,2022-11-04,2024-05-26,FRAMEWORK,EXPIRED,EMP-40779
CON-008502,VND-03336,1240519.4,USD,2023-08-11,2026-04-24,RETAINER,ACTIVE,EMP-73725
CON-008503,VND-02579,5000.0,EUR,2021-02-20,2022-03-10,TIME_AND_MATERIAL,EXPIRED,EMP-15977
CON-008504,VND-00960,700043.63,EUR,2023-12-20,2024-08-21,SLA,ACTIVE,EMP-50542
CON-008505,VND-02082,53854.11,EUR,2021-02-01,2022-12-15,TIME_AND_MATERIAL,EXPIRED,MGR-3073
CON-008506,VND-01846,45801.67,USD,2023-03-23,2024-01-30,TIME_AND_MATERIAL,EXPIRED,EMP-35454
CON-008507,VND-04825,48631.65,USD,2020-01-14,2020-11-03,PURCHASE_ORDER,EXPIRED,EMP-60413
CON-008508,VND-01840,319583.57,GBP,2022-01-12,2024-05-21,FIXED_PRICE,TERMINATED,EMP-38203
CON-008509,VND-00674,15543.1,GBP,2020-04-13,2021-04-03,FRAMEWORK,ACTIVE,EMP-71159
CON-008510,VND-01786,66136.32,USD,2022-09-26,2024-08-30,FIXED_PRICE,TERMINATED,EMP-40000
CON-008511,VND-00446,3849220.15,USD,2018-12-30,2021-03-06,TIME_AND_MATERIAL,EXPIRED,EMP-71841
CON-008512,VND-01335,17411.28,USD,2021-08-13,2024-03-10,TIME_AND_MATERIAL,EXPIRED,EMP-26531
CON-008513,VND-04514,19784.46,GBP,2020-02-27,2022-11-09,SLA,EXPIRED,EMP-28286
CON-008514,VND-02529,5000.0,USD,2019-11-08,2021-11-23,TIME_AND_MATERIAL,TERMINATED,EMP-72789
CON-008515,VND-00729,11830.85,INR,2020-10-25,2023-07-01,FIXED_PRICE,EXPIRED,EMP-CORP-00300
CON-008516,VND-04164,1306108.91,USD,2022-06-11,2024-04-15,SLA,EXPIRED,EMP-47942
CON-008517,VND-01146,5000.0,USD,2022-05-22,2023-01-25,MASTER_SERVICE,EXPIRED,EMP-510
CON-008518,VND-00593,32781.63,USD,2019-07-18,2021-09-18,MASTER_SERVICE,EXPIRED,EMP-52022
CON-008519,VND-00120,359486.73,EUR,2021-06-01,2022-08-25,TIME_AND_MATERIAL,EXPIRED,EMP-46352
CON-008520,VND-03002,104106.35,USD,2021-01-05,2022-08-21,MASTER_SERVICE,EXPIRED,EMP-29916
CON-008521,VND-04035,39650.13,INR,2021-02-21,2021-11-11,MASTER_SERVICE,EXPIRED,EMP-71249
CON-008522,VND-03504,5128.1,USD,2021-06-08,2022-11-18,RETAINER,EXPIRED,EMP-1742
CON-008523,VND-02517,921051.66,GBP,2019-03-27,2020-01-01,FIXED_PRICE,EXPIRED,EMP-35199
CON-008524,VND-04782,5000.0,SGD,2018-11-27,2019-09-18,PURCHASE_ORDER,EXPIRED,EMP-27922
CON-008525,VND-04881,39366.45,EUR,2020-03-14,2022-08-18,RETAINER,TERMINATED,EMP-46736
CON-008526,VND-02763,432743.81,USD,2023-02-19,2024-03-27,PURCHASE_ORDER,EXPIRED,MGR-3748
CON-008527,VND-00375,618322.91,USD,2021-01-11,2023-09-04,RETAINER,ACTIVE,EMP-60038
CON-008528,VND-02254,59256.32,EUR,2020-12-20,2021-12-29,PURCHASE_ORDER,TERMINATED,EMP-RM1163
CON-008529,VND-00019,28134.25,SGD,2018-02-27,2020-01-09,SLA,EXPIRED,EMP-12654
CON-008530,VND-02600,1652993.71,USD,2019-04-14,2021-07-15,SLA,TERMINATED,EMP-47499
CON-008531,VND-04305,513244.01,EUR,2021-09-22,2024-05-30,PURCHASE_ORDER,EXPIRED,EMP-51995
CON-008532,VND-02131,50495.17,AUD,2023-04-03,2024-01-23,FRAMEWORK,TERMINATED,EMP-14373
CON-008533,VND-01282,859108.04,USD,2020-09-17,2023-09-07,SLA,EXPIRED,EMP-39008
CON-008534,VND-00420,1172780.43,GBP,2019-11-09,2021-04-08,FIXED_PRICE,EXPIRED,EMP-66110
CON-008535,VND-00063,251190.5,USD,2023-07-14,2025-12-04,PURCHASE_ORDER,ACTIVE,EMP-32238
CON-008536,VND-00926,5000.0,EUR,2023-02-10,2024-09-01,FRAMEWORK,EXPIRED,EMP-22057
CON-008537,VND-04814,876708.66,INR,2021-02-24,2022-02-17,PURCHASE_ORDER,EXPIRED,EMP-28332
CON-008538,VND-00359,1672194.85,USD,2023-09-30,2025-01-17,SLA,TERMINATED,EMP-61037
CON-008539,VND-04688,24590.48,INR,2022-09-08,2024-01-22,PURCHASE_ORDER,EXPIRED,EMP-45178
CON-008540,VND-03670,5174081.76,EUR,2023-09-27,2025-09-23,RETAINER,ACTIVE,EMP-51455
CON-008541,VND-04455,410531.2,GBP,2019-07-17,2021-07-25,RETAINER,EXPIRED,EMP-23959
CON-008542,VND-03721,13313.57,USD,2019-09-07,2022-08-29,SLA,EXPIRED,EMP-47359
CON-008543,VND-04123,411756.15,USD,2018-12-16,2020-04-27,RETAINER,TERMINATED,EMP-52886
CON-008544,VND-04488,32870.47,USD,2018-03-02,2019-09-05,SLA,EXPIRED,EMP-8107
CON-008545,VND-01952,24730.51,EUR,2020-01-08,2022-04-23,RETAINER,EXPIRED,EMP-CORP-00600
CON-008546,VND-00754,352879.7,USD,2023-12-01,2025-06-30,MASTER_SERVICE,ACTIVE,EMP-70893
CON-008547,VND-00781,26353.54,INR,2023-09-03,2024-04-21,MASTER_SERVICE,EXPIRED,EMP-32857
CON-008548,VND-03221,25582.8,GBP,2018-07-06,2019-07-29,FRAMEWORK,EXPIRED,EMP-35664
CON-008549,VND-02755,13305.57,AUD,2021-10-31,2024-07-25,RETAINER,EXPIRED,EMP-50928
CON-008550,VND-01086,5000.0,USD,2023-11-24,2026-07-16,PURCHASE_ORDER,ACTIVE,EMP-38852
CON-008551,VND-00115,7054.67,USD,2022-07-15,2025-07-12,FIXED_PRICE,SUSPENDED,EMP-26228
CON-008552,VND-03007,50858.97,USD,2019-03-25,2022-02-21,TIME_AND_MATERIAL,EXPIRED,EMP-18496
CON-008553,VND-01698,3937638.37,GBP,2023-05-07,2025-10-30,SLA,ACTIVE,EMP-39783
CON-008554,VND-00476,370949.07,AUD,2020-11-13,2023-04-21,FRAMEWORK,EXPIRED,EMP-67582
CON-008555,VND-01250,272255.13,SGD,2020-11-02,2023-02-05,PURCHASE_ORDER,EXPIRED,EMP-15161
CON-008556,VND-03180,176041.73,USD,2021-06-27,2022-06-05,FIXED_PRICE,EXPIRED,EMP-33592
CON-008557,VND-04625,93703.19,USD,2023-07-07,2025-04-27,PURCHASE_ORDER,EXPIRED,EMP-23084
CON-008558,VND-00050,832506.45,EUR,2020-09-14,2023-02-01,RETAINER,EXPIRED,EMP-48526
CON-008559,VND-01363,175901.93,SGD,2018-12-30,2021-06-26,TIME_AND_MATERIAL,EXPIRED,EMP-42445
CON-008560,VND-01225,750064.61,CAD,2023-09-09,2024-04-08,FIXED_PRICE,EXPIRED,EMP-15891
CON-008561,VND-02024,95478.61,GBP,2021-09-13,2024-05-13,FRAMEWORK,EXPIRED,EMP-48039
CON-008562,VND-02596,395123.33,CAD,2018-07-10,2021-04-16,FRAMEWORK,EXPIRED,EMP-RM1332
CON-008563,VND-03781,62461.16,USD,2021-10-03,2023-07-26,MASTER_SERVICE,EXPIRED,EMP-52245
CON-008564,VND-03635,52459.62,USD,2019-11-15,2022-10-24,RETAINER,TERMINATED,EMP-42743
CON-008565,VND-02671,1970670.27,EUR,2020-05-19,2021-05-23,FIXED_PRICE,EXPIRED,EMP-39285
CON-008566,VND-02350,537310.39,USD,2021-11-30,2024-08-26,FRAMEWORK,EXPIRED,EMP-9126
CON-008567,VND-00802,416010.31,GBP,2020-03-25,2021-03-15,PURCHASE_ORDER,EXPIRED,EMP-32664
CON-008568,VND-00867,1439729.6,USD,2021-02-20,2021-09-29,RETAINER,EXPIRED,EMP-11024
CON-008569,VND-01462,63193.55,USD,2023-04-14,2025-03-02,FIXED_PRICE,EXPIRED,EMP-70691
CON-008570,VND-03508,50855.08,USD,2022-05-18,2022-12-27,FRAMEWORK,TERMINATED,EMP-61299
CON-008571,VND-00916,459922.1,USD,2019-11-21,2021-08-17,RETAINER,EXPIRED,EMP-25237
CON-008572,VND-02978,339391.14,EUR,2020-10-20,2023-02-02,PURCHASE_ORDER,EXPIRED,EMP-39156
CON-008573,VND-01950,25304.21,EUR,2018-06-13,2019-05-26,PURCHASE_ORDER,EXPIRED,EMP-40649
CON-008574,VND-02372,5000.0,GBP,2021-10-23,2024-06-01,TIME_AND_MATERIAL,ACTIVE,EMP-23841
CON-008575,VND-00238,73893.91,GBP,2023-10-27,2025-05-14,TIME_AND_MATERIAL,EXPIRED,EMP-27427
CON-008576,VND-02380,5000.0,GBP,2021-02-06,2023-09-29,TIME_AND_MATERIAL,ACTIVE,EMP-24100
CON-008577,VND-04283,200157.48,USD,2023-09-22,2026-02-24,MASTER_SERVICE,ACTIVE,EMP-25264
CON-008578,VND-04393,6434.97,GBP,2021-11-22,2022-12-15,SLA,EXPIRED,EMP-36524
CON-008579,VND-04530,30700.84,GBP,2018-11-29,2020-05-20,PURCHASE_ORDER,TERMINATED,EMP-39839
CON-008580,VND-03999,51915.74,USD,2018-12-26,2021-02-06,RETAINER,TERMINATED,EMP-18864
CON-008581,VND-02133,1393772.16,USD,2021-06-11,2024-04-28,TIME_AND_MATERIAL,EXPIRED,EMP-41804
CON-008582,VND-02475,557213.63,USD,2020-02-11,2022-12-31,SLA,EXPIRED,EMP-30435
CON-008583,VND-04007,5000.0,INR,2020-02-19,2020-10-24,RETAINER,EXPIRED,EMP-CORP-00463
CON-008584,VND-01604,14417.64,USD,2023-06-29,2025-12-31,RETAINER,ACTIVE,EMP-5766
CON-008585,VND-04729,7774.76,USD,2019-05-12,2022-05-05,RETAINER,TERMINATED,EMP-69839
CON-008586,VND-04288,822552.92,GBP,2020-05-25,2023-01-11,FRAMEWORK,EXPIRED,EMP-51857
CON-008587,VND-04222,5000.0,INR,2020-12-10,2022-11-26,MASTER_SERVICE,EXPIRED,EMP-31232
CON-008588,VND-02350,29998.85,USD,2020-03-11,2022-07-11,PURCHASE_ORDER,EXPIRED,EMP-CORP-00549
CON-008589,VND-04924,981114.76,USD,2021-05-09,2023-11-15,MASTER_SERVICE,EXPIRED,EMP-2562
CON-008590,VND-00644,19688.57,USD,2022-02-02,2023-11-10,PURCHASE_ORDER,EXPIRED,EMP-55125
CON-008591,VND-00373,26389.69,USD,2022-07-19,2024-04-29,FRAMEWORK,EXPIRED,EMP-2924
CON-008592,VND-04207,55219.75,USD,2022-09-16,2024-04-11,MASTER_SERVICE,EXPIRED,EMP-67528
CON-008593,VND-02809,471418.14,GBP,2022-03-06,2023-03-28,RETAINER,EXPIRED,EMP-8330
CON-008594,VND-02782,5000.0,CAD,2019-07-25,2022-03-06,MASTER_SERVICE,EXPIRED,EMP-56520
CON-008595,VND-02255,6471.44,USD,2021-07-11,2022-12-16,RETAINER,TERMINATED,EMP-56022
CON-008596,VND-02416,286920.46,USD,2019-10-15,2021-08-17,FRAMEWORK,EXPIRED,EMP-CORP-00534
CON-008597,VND-03948,81532.31,USD,2018-09-13,2020-09-04,TIME_AND_MATERIAL,EXPIRED,EMP-24078
CON-008598,VND-02154,613686.2,GBP,2023-10-28,2025-06-18,MASTER_SERVICE,ACTIVE,EMP-41845
CON-008599,VND-03525,138013.08,USD,2021-05-15,2023-09-23,SLA,EXPIRED,EMP-17609
CON-008600,VND-01148,5000.0,USD,2020-09-18,2022-12-03,FRAMEWORK,EXPIRED,EMP-44138
CON-008601,VND-00902,383850.22,USD,2022-04-18,2023-05-03,FRAMEWORK,EXPIRED,EMP-7742
CON-008602,VND-01062,381000.15,USD,2021-11-26,2024-05-21,FRAMEWORK,ACTIVE,EMP-38673
CON-008603,VND-04854,235231.23,CAD,2021-01-30,2023-11-06,FRAMEWORK,EXPIRED,EMP-6266
CON-008604,VND-00639,98309.73,USD,2020-07-26,2023-07-16,FRAMEWORK,EXPIRED,EMP-69071
CON-008605,VND-00265,132327.38,USD,2019-12-13,2021-12-24,FRAMEWORK,EXPIRED,EMP-RM187
CON-008606,VND-02261,10200.64,GBP,2021-08-24,2024-06-12,SLA,EXPIRED,EMP-67173
CON-008607,VND-02531,26019.73,USD,2021-06-17,2023-09-28,RETAINER,ACTIVE,EMP-44940
CON-008608,VND-02634,696671.39,GBP,2018-03-31,2019-05-14,RETAINER,TERMINATED,EMP-21574
CON-008609,VND-03914,13092.33,AUD,2019-05-24,2021-04-14,TIME_AND_MATERIAL,EXPIRED,EMP-30514
CON-008610,VND-01031,6938.39,USD,2022-06-17,2023-12-25,PURCHASE_ORDER,ACTIVE,EMP-46351
CON-008611,VND-04224,20983.06,GBP,2020-05-02,2023-02-18,FIXED_PRICE,TERMINATED,EMP-6734
CON-008612,VND-03817,7012.96,EUR,2021-06-11,2022-05-12,TIME_AND_MATERIAL,EXPIRED,EMP-59027
CON-008613,VND-02536,203726.98,SGD,2022-04-02,2024-11-30,PURCHASE_ORDER,EXPIRED,EMP-44634
CON-008614,VND-00924,2687959.13,USD,2020-11-16,2021-11-21,MASTER_SERVICE,EXPIRED,EMP-4763
CON-008615,VND-04561,39272.66,USD,2023-01-19,2023-12-13,PURCHASE_ORDER,TERMINATED,EMP-60043
CON-008616,VND-01916,636221.34,GBP,2021-05-26,2023-01-05,RETAINER,TERMINATED,EMP-7132
CON-008617,VND-04219,8635.76,INR,2018-01-12,2019-01-12,TIME_AND_MATERIAL,TERMINATED,EMP-48862
CON-008618,VND-04848,195232.07,INR,2022-10-05,2025-07-02,SLA,ACTIVE,EMP-30572
CON-008619,VND-01001,159486.03,GBP,2022-12-12,2024-12-25,RETAINER,EXPIRED,EMP-67731
CON-008620,VND-02184,2331483.74,USD,2020-04-09,2022-04-09,FRAMEWORK,EXPIRED,EMP-64232
CON-008621,VND-03881,148415.65,USD,2021-06-19,2021-12-16,SLA,ACTIVE,EMP-20026
CON-008622,VND-03302,48096.61,USD,2020-10-12,2021-05-08,FRAMEWORK,ACTIVE,EMP-RM1431
CON-008623,VND-00639,5000.0,INR,2018-10-21,2020-09-25,TIME_AND_MATERIAL,EXPIRED,EMP-51003
CON-008624,VND-00411,13294.93,USD,2018-09-05,2019-09-06,FRAMEWORK,EXPIRED,EMP-15545
CON-008625,VND-00074,10827.97,GBP,2021-06-10,2022-09-25,SLA,EXPIRED,EMP-52426
CON-008626,VND-02689,46821.51,USD,2020-10-05,2023-03-13,TIME_AND_MATERIAL,EXPIRED,EMP-9328
CON-008627,VND-02896,10314.07,EUR,2019-11-16,2022-07-19,FRAMEWORK,EXPIRED,EMP-29931
CON-008628,VND-02576,5000.0,USD,2021-10-21,2023-02-15,TIME_AND_MATERIAL,EXPIRED,EMP-46362
CON-008629,VND-04442,352867.98,GBP,2018-09-16,2020-08-20,FIXED_PRICE,EXPIRED,EMP-36721
CON-008630,VND-00211,1220235.86,EUR,2019-03-15,2022-03-04,TIME_AND_MATERIAL,EXPIRED,EMP-57371
CON-008631,VND-04105,860798.69,GBP,2021-08-28,2022-08-23,FRAMEWORK,TERMINATED,EMP-32398
CON-008632,VND-00719,10192.63,USD,2018-02-09,2019-02-01,TIME_AND_MATERIAL,TERMINATED,EMP-7709
CON-008633,VND-01752,23888.95,USD,2018-11-18,2021-06-13,FRAMEWORK,EXPIRED,EMP-54291
CON-008634,VND-02657,215108.46,EUR,2018-03-20,2020-12-06,RETAINER,EXPIRED,EMP-9789
CON-008635,VND-02870,892935.39,INR,2022-06-14,2025-06-01,PURCHASE_ORDER,ACTIVE,EMP-7495
CON-008636,VND-01388,28538.24,USD,2020-09-12,2021-12-21,FRAMEWORK,TERMINATED,EMP-22773
CON-008637,VND-02617,5000.0,GBP,2023-01-15,2024-10-10,SLA,EXPIRED,EMP-14007
CON-008638,VND-02976,74599.86,USD,2022-04-12,2022-12-17,RETAINER,TERMINATED,EMP-53360
CON-008639,VND-03169,7802.4,EUR,2021-06-09,2022-05-19,PURCHASE_ORDER,EXPIRED,EMP-64037
CON-008640,VND-03596,6921.13,USD,2022-03-23,2023-03-21,PURCHASE_ORDER,EXPIRED,EMP-3173
CON-008641,VND-01083,12523.67,USD,2023-08-09,2025-07-02,TIME_AND_MATERIAL,ACTIVE,EMP-25025
CON-008642,VND-04507,685464.01,AUD,2021-05-14,2022-10-06,PURCHASE_ORDER,ACTIVE,EMP-43061
CON-008643,VND-03637,26238.05,USD,2021-02-25,2023-10-24,PURCHASE_ORDER,TERMINATED,EMP-32069
CON-008644,VND-04903,29954.95,EUR,2022-08-21,2024-11-25,TIME_AND_MATERIAL,EXPIRED,EMP-45710
CON-008645,VND-00049,54449.32,EUR,2018-06-03,2020-04-07,FIXED_PRICE,TERMINATED,EMP-59247
CON-008646,VND-04291,71069.07,USD,2021-10-27,2023-10-19,MASTER_SERVICE,EXPIRED,EMP-39762
CON-008647,VND-03768,70422.37,INR,2020-04-23,2021-10-25,TIME_AND_MATERIAL,ACTIVE,EMP-45103
CON-008648,VND-00765,163055.03,GBP,2021-09-19,2023-01-28,FIXED_PRICE,EXPIRED,EMP-60577
CON-008649,VND-00473,240704.33,USD,2023-07-04,2024-08-21,TIME_AND_MATERIAL,EXPIRED,EMP-29522
CON-008650,VND-00752,270093.46,EUR,2019-09-09,2022-06-09,SLA,EXPIRED,EMP-20097
CON-008651,VND-00263,97634.64,INR,2018-12-21,2020-02-13,SLA,EXPIRED,EMP-19232
CON-008652,VND-00334,54428.36,INR,2019-08-06,2020-02-17,FRAMEWORK,EXPIRED,EMP-18490
CON-008653,VND-02231,162330.61,EUR,2021-04-17,2022-07-16,PURCHASE_ORDER,TERMINATED,EMP-13665
CON-008654,VND-00246,1870505.3,GBP,2019-01-01,2020-10-02,PURCHASE_ORDER,EXPIRED,EMP-65456
CON-008655,VND-02314,368159.72,EUR,2021-05-12,2023-03-17,SLA,EXPIRED,EMP-49872
CON-008656,VND-03564,22695.55,USD,2020-11-24,2022-01-31,RETAINER,EXPIRED,EMP-58448
CON-008657,VND-04596,5000.0,INR,2023-01-01,2024-05-28,PURCHASE_ORDER,TERMINATED,EMP-19209
CON-008658,VND-04180,614324.27,INR,2023-01-19,2023-07-26,SLA,EXPIRED,EMP-64251
CON-008659,VND-02844,556658.24,USD,2020-03-26,2022-03-15,TIME_AND_MATERIAL,EXPIRED,EMP-40657
CON-008660,VND-03073,30167.43,AUD,2022-11-08,2024-12-21,MASTER_SERVICE,EXPIRED,EMP-70440
CON-008661,VND-03273,65036.45,USD,2023-01-01,2025-06-18,TIME_AND_MATERIAL,ACTIVE,EMP-64149
CON-008662,VND-04225,3289541.27,EUR,2023-08-06,2025-03-13,FRAMEWORK,EXPIRED,EMP-23205
CON-008663,VND-02064,48501.33,EUR,2023-01-10,2025-08-08,TIME_AND_MATERIAL,ACTIVE,EMP-7454
CON-008664,VND-00656,24573.41,USD,2018-01-01,2018-12-30,SLA,EXPIRED,EMP-RM847
CON-008665,VND-00123,738782.54,EUR,2018-07-26,2019-05-16,TIME_AND_MATERIAL,TERMINATED,EMP-27884
CON-008666,VND-01849,5000.0,INR,2018-02-11,2019-06-07,RETAINER,EXPIRED,EMP-67825
CON-008667,VND-00820,465745.92,USD,2020-11-15,2023-03-23,PURCHASE_ORDER,EXPIRED,EMP-51400
CON-008668,VND-03356,340933.88,USD,2023-07-01,2026-04-25,SLA,ACTIVE,EMP-71970
CON-008669,VND-00502,304395.41,USD,2023-12-31,2025-08-10,TIME_AND_MATERIAL,ACTIVE,EMP-70174
CON-008670,VND-03600,7781.24,USD,2023-07-20,2024-08-04,MASTER_SERVICE,EXPIRED,EMP-RM617
CON-008671,VND-02197,5000.0,AUD,2019-10-30,2020-07-09,RETAINER,EXPIRED,EMP-17112
CON-008672,VND-00308,18423.32,USD,2019-01-05,2020-08-12,RETAINER,TERMINATED,EMP-20184
CON-008673,VND-03119,508571.69,EUR,2019-01-02,2021-03-25,RETAINER,EXPIRED,EMP-15560
CON-008674,VND-01044,297187.26,EUR,2018-02-22,2019-11-05,FRAMEWORK,EXPIRED,EMP-CORP-00542
CON-008675,VND-01708,7586.98,CAD,2023-11-01,2026-05-17,RETAINER,ACTIVE,EMP-54751
CON-008676,VND-02077,5628.04,USD,2020-01-24,2022-06-28,FIXED_PRICE,ACTIVE,EMP-17481
CON-008677,VND-00549,395564.17,USD,2023-05-26,2026-03-10,RETAINER,ACTIVE,EMP-CORP-00556
CON-008678,VND-04466,40848.73,EUR,2020-09-07,2023-01-30,SLA,TERMINATED,EMP-56516
CON-008679,VND-03697,976199.24,INR,2019-02-14,2021-12-28,TIME_AND_MATERIAL,EXPIRED,EMP-70010
CON-008680,VND-01086,389616.7,AUD,2018-02-06,2020-03-01,SLA,EXPIRED,EMP-21991
CON-008681,VND-01326,9724.06,USD,2022-01-29,2022-09-30,SLA,EXPIRED,MGR-7488
CON-008682,VND-03029,21198.45,USD,2019-11-25,2021-05-23,FRAMEWORK,EXPIRED,EMP-53774
CON-008683,VND-04434,42120.93,AUD,2019-02-10,2019-11-13,RETAINER,EXPIRED,EMP-57760
CON-008684,VND-03376,625235.45,USD,2020-08-31,2022-07-14,MASTER_SERVICE,EXPIRED,EMP-8422
CON-008685,VND-02109,181697.68,AUD,2018-12-05,2019-11-01,FRAMEWORK,EXPIRED,EMP-RM195
CON-008686,VND-03110,59245.51,USD,2021-11-10,2023-11-20,TIME_AND_MATERIAL,EXPIRED,MGR-4505
CON-008687,VND-01577,1462467.95,USD,2019-05-03,2020-07-30,MASTER_SERVICE,EXPIRED,EMP-9696
CON-008688,VND-04726,27056.81,EUR,2019-08-05,2022-01-23,RETAINER,EXPIRED,EMP-49941
CON-008689,VND-03917,14563.27,USD,2023-12-01,2026-08-22,MASTER_SERVICE,ACTIVE,EMP-11220
CON-008690,VND-03537,5000.0,CAD,2021-08-14,2022-05-20,PURCHASE_ORDER,EXPIRED,EMP-56241
CON-008691,VND-00747,48610.93,USD,2020-10-28,2022-05-04,RETAINER,TERMINATED,EMP-8021
CON-008692,VND-01616,47319.15,USD,2022-11-21,2023-07-22,TIME_AND_MATERIAL,EXPIRED,EMP-3734
CON-008693,VND-01165,8738.97,USD,2019-04-26,2020-03-05,TIME_AND_MATERIAL,ACTIVE,EMP-16263
CON-008694,VND-03986,5000.0,USD,2022-07-19,2024-06-04,FIXED_PRICE,TERMINATED,EMP-67876
CON-008695,VND-04685,174052.23,USD,2023-01-08,2025-01-17,MASTER_SERVICE,EXPIRED,EMP-64282
CON-008696,VND-03290,77341.78,USD,2019-05-27,2021-01-08,SLA,EXPIRED,EMP-32091
CON-008697,VND-01432,17408.42,EUR,2020-09-02,2022-04-02,FRAMEWORK,EXPIRED,EMP-23996
CON-008698,VND-01225,72390.92,AUD,2021-03-11,2021-11-03,RETAINER,EXPIRED,EMP-16924
CON-008699,VND-04243,10625.14,USD,2020-08-06,2023-05-30,RETAINER,EXPIRED,EMP-71657
CON-008700,VND-00882,5681.46,GBP,2021-03-20,2023-06-16,FIXED_PRICE,EXPIRED,EMP-10568
CON-008701,VND-03777,5052.64,USD,2023-11-13,2026-01-09,TIME_AND_MATERIAL,ACTIVE,EMP-73912
CON-008702,VND-01891,456756.08,USD,2019-11-12,2021-03-26,MASTER_SERVICE,EXPIRED,EMP-39093
CON-008703,VND-04520,29550.55,USD,2018-03-26,2019-12-30,MASTER_SERVICE,EXPIRED,EMP-1502
CON-008704,VND-01483,47209.74,AUD,2019-05-19,2020-09-24,FRAMEWORK,EXPIRED,EMP-33142
CON-008705,VND-00862,5000.0,EUR,2018-08-12,2021-04-12,RETAINER,EXPIRED,EMP-12944
CON-008706,VND-02626,155198.51,USD,2022-12-05,2024-01-08,PURCHASE_ORDER,EXPIRED,EMP-58484
CON-008707,VND-00040,5000.0,USD,2020-01-18,2022-09-10,SLA,EXPIRED,EMP-57432
CON-008708,VND-04488,25030.01,GBP,2019-06-24,2021-03-29,SLA,EXPIRED,EMP-RM870
CON-008709,VND-04003,36798.87,GBP,2023-04-07,2023-12-24,FIXED_PRICE,EXPIRED,EMP-51480
CON-008710,VND-02518,8840.64,SGD,2023-04-21,2025-04-03,TIME_AND_MATERIAL,EXPIRED,EMP-35076
CON-008711,VND-03947,88517.28,GBP,2020-03-13,2022-02-09,RETAINER,EXPIRED,EMP-61315
CON-008712,VND-03013,11624.39,INR,2022-09-03,2025-01-06,FIXED_PRICE,TERMINATED,EMP-37349
CON-008713,VND-00779,8931.74,INR,2021-06-16,2023-02-04,PURCHASE_ORDER,EXPIRED,EMP-39984
CON-008714,VND-03124,6479.29,USD,2023-12-31,2024-09-25,SLA,EXPIRED,EMP-41644
CON-008715,VND-03990,241651.39,USD,2018-08-24,2020-10-19,FRAMEWORK,EXPIRED,EMP-69058
CON-008716,VND-01511,1013266.75,USD,2023-06-07,2025-11-09,TIME_AND_MATERIAL,SUSPENDED,EMP-11376
CON-008717,VND-00503,932267.15,AUD,2022-10-12,2025-07-30,SLA,SUSPENDED,EMP-35533
CON-008718,VND-00711,1601054.85,USD,2022-10-14,2025-09-20,FRAMEWORK,ACTIVE,EMP-61827
CON-008719,VND-00765,399251.12,CAD,2023-09-25,2025-05-17,PURCHASE_ORDER,TERMINATED,EMP-38289
CON-008720,VND-01162,34298.26,USD,2021-02-20,2023-01-07,MASTER_SERVICE,TERMINATED,EMP-23525
CON-008721,VND-04197,30899.16,USD,2020-07-16,2023-01-15,FRAMEWORK,EXPIRED,EMP-54856
CON-008722,VND-01369,14031.85,GBP,2023-05-28,2024-01-22,MASTER_SERVICE,ACTIVE,EMP-17884
CON-008723,VND-02731,261710.58,USD,2018-02-02,2019-05-01,FIXED_PRICE,EXPIRED,EMP-476
CON-008724,VND-00529,39243.79,EUR,2022-03-27,2023-06-23,PURCHASE_ORDER,TERMINATED,EMP-19875
CON-008725,VND-03704,1098420.55,CAD,2022-02-13,2024-09-06,MASTER_SERVICE,EXPIRED,EMP-62433
CON-008726,VND-03153,51660.11,SGD,2023-03-18,2025-05-17,FIXED_PRICE,EXPIRED,EMP-18490
CON-008727,VND-00868,8360.3,USD,2019-02-13,2021-08-03,TIME_AND_MATERIAL,TERMINATED,EMP-61009
CON-008728,VND-01377,1864465.43,USD,2020-12-01,2023-07-21,MASTER_SERVICE,EXPIRED,EMP-32206
CON-008729,VND-04715,27306.29,USD,2019-06-14,2021-02-01,FRAMEWORK,EXPIRED,EMP-57282
CON-008730,VND-03215,52380.81,USD,2022-12-08,2025-11-07,SLA,ACTIVE,EMP-68895
CON-008731,VND-02104,5000.0,USD,2021-09-22,2023-03-19,FIXED_PRICE,EXPIRED,EMP-29296
CON-008732,VND-02127,16403.81,EUR,2023-04-03,2025-08-16,PURCHASE_ORDER,ACTIVE,EMP-15100
CON-008733,VND-02737,814259.52,USD,2021-07-07,2022-03-23,RETAINER,EXPIRED,EMP-72508
CON-008734,VND-00131,13435.47,EUR,2021-01-24,2023-02-01,MASTER_SERVICE,EXPIRED,EMP-11985
CON-008735,VND-00296,154837.96,USD,2022-02-22,2023-10-08,PURCHASE_ORDER,EXPIRED,MGR-4.0
CON-008736,VND-03413,5008.12,USD,2018-08-16,2020-01-02,FRAMEWORK,EXPIRED,EMP-18548
CON-008737,VND-01477,24599.75,USD,2020-02-15,2022-02-12,FRAMEWORK,TERMINATED,EMP-14031
CON-008738,VND-03648,45172.41,CAD,2020-10-06,2021-08-06,SLA,EXPIRED,EMP-60577
CON-008739,VND-00287,716348.49,USD,2019-12-13,2020-07-31,RETAINER,EXPIRED,EMP-CORP-00438
CON-008740,VND-03506,5331.89,USD,2019-05-05,2020-03-12,TIME_AND_MATERIAL,EXPIRED,EMP-44330
CON-008741,VND-02007,29253.76,USD,2023-07-13,2024-08-15,SLA,EXPIRED,EMP-48449
CON-008742,VND-00376,175962.25,USD,2018-05-11,2021-01-22,SLA,ACTIVE,EMP-10726
CON-008743,VND-00050,1234423.37,USD,2018-05-30,2020-10-31,FRAMEWORK,EXPIRED,EMP-12626
CON-008744,VND-04362,862689.16,EUR,2018-10-21,2021-02-04,MASTER_SERVICE,EXPIRED,EMP-19944
CON-008745,VND-03823,5830099.14,GBP,2019-09-06,2020-12-16,RETAINER,EXPIRED,EMP-14864
CON-008746,VND-02086,965630.23,USD,2019-06-15,2021-10-22,PURCHASE_ORDER,ACTIVE,EMP-71326
CON-008747,VND-04585,3203634.47,USD,2021-11-07,2022-08-29,TIME_AND_MATERIAL,EXPIRED,EMP-47336
CON-008748,VND-00933,145463.81,EUR,2020-06-22,2022-11-03,SLA,ACTIVE,EMP-70270
CON-008749,VND-00518,1776333.73,USD,2020-01-05,2021-09-15,FRAMEWORK,TERMINATED,EMP-RM781
CON-008750,VND-04025,420329.6,GBP,2020-02-08,2023-02-03,FRAMEWORK,EXPIRED,EMP-CORP-00400
CON-008751,VND-01962,22344.3,INR,2021-11-06,2024-11-01,FRAMEWORK,EXPIRED,EMP-46354
CON-008752,VND-04767,5000.0,GBP,2022-11-20,2024-01-22,TIME_AND_MATERIAL,EXPIRED,EMP-46306
CON-008753,VND-02464,33296.26,USD,2023-02-14,2025-06-21,PURCHASE_ORDER,ACTIVE,EMP-63956
CON-008754,VND-02547,11166.59,SGD,2022-12-22,2024-06-12,MASTER_SERVICE,ACTIVE,EMP-66866
CON-008755,VND-03477,401497.63,USD,2023-05-31,2025-03-18,SLA,EXPIRED,EMP-33035
CON-008756,VND-00064,744240.3,USD,2023-06-10,2024-07-27,PURCHASE_ORDER,EXPIRED,EMP-6328
CON-008757,VND-03612,15533.93,EUR,2018-09-05,2019-08-04,SLA,TERMINATED,EMP-34138
CON-008758,VND-00046,3994353.89,USD,2023-04-06,2026-03-16,RETAINER,ACTIVE,EMP-35070
CON-008759,VND-03948,32986.84,USD,2020-11-28,2023-07-09,SLA,EXPIRED,EMP-22572
CON-008760,VND-02234,52131.44,EUR,2019-07-29,2020-08-22,RETAINER,EXPIRED,EMP-67301
CON-008761,VND-01838,5667.19,USD,2023-12-26,2025-03-25,MASTER_SERVICE,EXPIRED,EMP-58286
CON-008762,VND-02315,241760.0,USD,2018-12-23,2020-09-21,PURCHASE_ORDER,EXPIRED,EMP-30932
CON-008763,VND-03168,119104.64,EUR,2022-10-09,2025-09-25,FIXED_PRICE,ACTIVE,EMP-73472
CON-008764,VND-03729,317523.6,EUR,2019-05-31,2022-02-02,TIME_AND_MATERIAL,EXPIRED,EMP-RM1323
CON-008765,VND-01402,421956.76,USD,2020-06-26,2022-10-16,FRAMEWORK,TERMINATED,EMP-21465
CON-008766,VND-02178,1786520.64,USD,2018-09-17,2020-04-05,PURCHASE_ORDER,EXPIRED,EMP-62060
CON-008767,VND-00411,344680.25,GBP,2019-08-09,2020-07-24,FRAMEWORK,EXPIRED,EMP-57487
CON-008768,VND-03443,5000.0,USD,2022-07-17,2023-09-28,MASTER_SERVICE,EXPIRED,EMP-71578
CON-008769,VND-03817,623458.84,USD,2022-10-08,2024-05-26,TIME_AND_MATERIAL,EXPIRED,EMP-42021
CON-008770,VND-00852,4930888.44,GBP,2023-04-16,2024-10-23,PURCHASE_ORDER,EXPIRED,EMP-51545
CON-008771,VND-03708,200137.72,USD,2022-12-26,2024-09-16,FIXED_PRICE,EXPIRED,EMP-58973
CON-008772,VND-00758,464832.56,GBP,2023-06-26,2025-05-28,PURCHASE_ORDER,EXPIRED,EMP-25801
CON-008773,VND-02168,54395.7,GBP,2020-06-09,2022-08-01,TIME_AND_MATERIAL,EXPIRED,EMP-28092
CON-008774,VND-01024,23660.19,USD,2019-04-12,2020-05-05,SLA,EXPIRED,EMP-68643
CON-008775,VND-00468,19081.67,USD,2021-01-01,2023-12-20,FRAMEWORK,EXPIRED,EMP-30155
CON-008776,VND-02946,5000.0,CAD,2018-08-18,2021-04-30,RETAINER,TERMINATED,EMP-8324
CON-008777,VND-04059,16254.91,CAD,2023-08-31,2025-04-12,SLA,EXPIRED,EMP-19591
CON-008778,VND-04484,12139.34,CAD,2023-02-12,2025-10-04,TIME_AND_MATERIAL,ACTIVE,EMP-45257
CON-008779,VND-00629,838236.93,INR,2020-04-01,2021-09-25,MASTER_SERVICE,EXPIRED,EMP-5711
CON-008780,VND-02683,8257.82,GBP,2021-08-17,2023-07-11,PURCHASE_ORDER,EXPIRED,EMP-55681
CON-008781,VND-01585,1698480.11,AUD,2023-11-26,2024-07-05,MASTER_SERVICE,EXPIRED,EMP-57591
CON-008782,VND-03312,27366.51,INR,2020-03-19,2022-10-01,PURCHASE_ORDER,EXPIRED,EMP-50324
CON-008783,VND-01844,83162.75,USD,2020-06-12,2023-03-07,FIXED_PRICE,EXPIRED,EMP-5542
CON-008784,VND-04255,5385.02,CAD,2018-02-15,2019-09-26,MASTER_SERVICE,EXPIRED,EMP-35105
CON-008785,VND-03886,24749.77,USD,2018-01-30,2018-12-03,PURCHASE_ORDER,TERMINATED,EMP-9781
CON-008786,VND-04576,554555.45,USD,2019-10-04,2020-12-01,TIME_AND_MATERIAL,EXPIRED,EMP-2007
CON-008787,VND-03782,20661.66,USD,2021-11-28,2024-03-27,MASTER_SERVICE,EXPIRED,EMP-CORP-00262
CON-008788,VND-02765,22020.36,GBP,2019-10-13,2021-09-17,RETAINER,EXPIRED,EMP-12917
CON-008789,VND-04282,479279.59,INR,2019-01-18,2019-10-16,FIXED_PRICE,TERMINATED,EMP-41814
CON-008790,VND-04987,5000.0,EUR,2018-05-07,2019-03-12,SLA,EXPIRED,EMP-9439
CON-008791,VND-03247,26787.57,USD,2018-10-14,2021-01-20,SLA,EXPIRED,EMP-70628
CON-008792,VND-04628,874572.42,USD,2023-08-09,2026-04-13,FRAMEWORK,ACTIVE,EMP-22686
CON-008793,VND-04760,587825.55,EUR,2018-02-02,2019-05-15,RETAINER,EXPIRED,EMP-61593
CON-008794,VND-02333,648893.06,USD,2019-03-08,2021-05-21,FIXED_PRICE,EXPIRED,EMP-24589
CON-008795,VND-01917,5000.0,USD,2023-04-25,2024-05-15,PURCHASE_ORDER,EXPIRED,EMP-38245
CON-008796,VND-03275,1347785.49,USD,2018-12-07,2021-11-02,PURCHASE_ORDER,EXPIRED,EMP-72491
CON-008797,VND-00109,21814.18,USD,2021-02-25,2024-01-16,RETAINER,EXPIRED,EMP-54769
CON-008798,VND-02300,5000.0,USD,2022-06-04,2024-04-22,FIXED_PRICE,EXPIRED,EMP-50948
CON-008799,VND-03326,15744.04,USD,2022-04-17,2022-12-29,FRAMEWORK,EXPIRED,EMP-37189
CON-008800,VND-04601,13057.76,GBP,2021-12-27,2023-01-27,RETAINER,EXPIRED,EMP-32056
CON-008801,VND-02057,1179495.9,USD,2020-09-23,2021-06-09,FIXED_PRICE,EXPIRED,EMP-CORP-00417
CON-008802,VND-01274,10622.53,USD,2020-03-27,2022-10-06,SLA,ACTIVE,EMP-38412
CON-008803,VND-01561,362704.15,EUR,2018-11-02,2021-05-03,FIXED_PRICE,EXPIRED,EMP-887
CON-008804,VND-02426,5000.0,CAD,2019-05-08,2021-08-27,FRAMEWORK,EXPIRED,EMP-47250
CON-008805,VND-03426,45173.43,USD,2020-08-02,2022-06-02,PURCHASE_ORDER,EXPIRED,EMP-50515
CON-008806,VND-02207,8790.18,GBP,2022-05-15,2025-02-28,FRAMEWORK,TERMINATED,EMP-26370
CON-008807,VND-01697,90784.3,SGD,2019-05-29,2021-11-13,FRAMEWORK,TERMINATED,EMP-57375
CON-008808,VND-03753,21929.8,CAD,2023-11-27,2026-10-21,FRAMEWORK,ACTIVE,EMP-11582
CON-008809,VND-00382,135363.93,EUR,2022-07-27,2023-12-15,SLA,EXPIRED,EMP-45404
CON-008810,VND-01360,527772.89,GBP,2021-07-27,2022-10-23,RETAINER,EXPIRED,EMP-52067
CON-008811,VND-03532,91420.0,USD,2019-11-13,2021-03-11,FRAMEWORK,EXPIRED,EMP-42459
CON-008812,VND-04532,11025.62,USD,2023-12-17,2026-12-15,FRAMEWORK,ACTIVE,EMP-65722
CON-008813,VND-00053,493947.51,USD,2018-08-20,2020-12-20,SLA,EXPIRED,EMP-4766
CON-008814,VND-03880,17523.09,INR,2022-09-09,2024-11-08,MASTER_SERVICE,TERMINATED,EMP-68771
CON-008815,VND-00916,18491.64,USD,2019-01-03,2021-07-31,PURCHASE_ORDER,EXPIRED,EMP-27052
CON-008816,VND-04198,121620.27,CAD,2019-09-16,2022-07-03,MASTER_SERVICE,EXPIRED,EMP-20909
CON-008817,VND-03298,34435.26,EUR,2022-05-05,2022-11-24,FRAMEWORK,ACTIVE,EMP-33335
CON-008818,VND-01608,5000.0,USD,2023-10-21,2025-04-22,FIXED_PRICE,EXPIRED,EMP-10835
CON-008819,VND-04285,21557.95,EUR,2020-11-14,2022-01-18,MASTER_SERVICE,EXPIRED,EMP-23061
CON-008820,VND-00683,5000.0,USD,2023-09-24,2025-06-05,RETAINER,ACTIVE,EMP-44758
CON-008821,VND-02441,25649.27,EUR,2022-09-23,2023-12-23,FRAMEWORK,EXPIRED,EMP-59994
CON-008822,VND-04074,29562.59,EUR,2018-07-12,2020-04-30,PURCHASE_ORDER,EXPIRED,EMP-7327
CON-008823,VND-01287,8344.02,CAD,2023-02-25,2025-09-17,RETAINER,ACTIVE,EMP-49940
CON-008824,VND-04384,43108.39,EUR,2023-09-25,2026-05-15,RETAINER,ACTIVE,EMP-37181
CON-008825,VND-03752,5000.0,USD,2023-01-04,2025-07-01,FRAMEWORK,ACTIVE,EMP-11244
CON-008826,VND-02781,174144.04,EUR,2018-10-22,2019-05-27,SLA,EXPIRED,EMP-55714
CON-008827,VND-04510,5000.0,USD,2021-06-25,2023-08-28,SLA,EXPIRED,EMP-11113
CON-008828,VND-03072,478472.95,INR,2021-05-10,2022-03-28,SLA,EXPIRED,EMP-46352
CON-008829,VND-04250,26767.56,EUR,2018-07-27,2021-04-27,TIME_AND_MATERIAL,EXPIRED,EMP-2572
CON-008830,VND-04178,44692.93,INR,2020-12-10,2022-01-26,TIME_AND_MATERIAL,ACTIVE,EMP-38607
CON-008831,VND-00179,5000.0,INR,2019-02-20,2021-02-14,RETAINER,EXPIRED,EMP-49769
CON-008832,VND-01754,55183.39,USD,2018-07-02,2021-05-05,FRAMEWORK,EXPIRED,EMP-RM232
CON-008833,VND-04341,411096.08,INR,2023-05-15,2025-06-18,SLA,ACTIVE,EMP-15207
CON-008834,VND-03674,5520.28,EUR,2018-01-20,2020-08-18,PURCHASE_ORDER,EXPIRED,EMP-21330
CON-008835,VND-04584,72820.35,GBP,2018-07-17,2020-07-10,MASTER_SERVICE,EXPIRED,EMP-51292
CON-008836,VND-03595,5000.0,EUR,2021-01-10,2021-10-19,FRAMEWORK,EXPIRED,EMP-47860
CON-008837,VND-04962,199567.34,EUR,2019-10-02,2020-06-16,FIXED_PRICE,TERMINATED,EMP-28944
CON-008838,VND-01442,147252.35,INR,2023-12-17,2024-10-14,PURCHASE_ORDER,EXPIRED,EMP-55827
CON-008839,VND-02058,3611930.37,INR,2019-08-27,2021-11-03,PURCHASE_ORDER,TERMINATED,EMP-71934
CON-008840,VND-01252,28269.47,EUR,2021-06-10,2021-12-16,TIME_AND_MATERIAL,EXPIRED,EMP-21386
CON-008841,VND-02505,5000.0,INR,2019-10-27,2021-02-24,FRAMEWORK,ACTIVE,EMP-41401
CON-008842,VND-02146,1006020.74,EUR,2023-03-17,2024-04-07,MASTER_SERVICE,EXPIRED,EMP-20810
CON-008843,VND-01477,247768.84,INR,2022-02-28,2023-03-25,TIME_AND_MATERIAL,EXPIRED,EMP-30303
CON-008844,VND-02850,514210.59,EUR,2019-10-09,2020-07-15,MASTER_SERVICE,EXPIRED,EMP-27427
CON-008845,VND-03609,38760.41,EUR,2023-06-15,2024-01-24,TIME_AND_MATERIAL,EXPIRED,EMP-RM164
CON-008846,VND-02157,16768.86,USD,2018-02-08,2020-06-30,MASTER_SERVICE,ACTIVE,EMP-60747
CON-008847,VND-03111,34563.78,USD,2020-10-11,2023-08-17,RETAINER,TERMINATED,EMP-1480
CON-008848,VND-01932,70633.23,USD,2018-10-18,2019-08-06,PURCHASE_ORDER,EXPIRED,EMP-29740
CON-008849,VND-02419,49237.88,USD,2023-09-23,2025-05-24,RETAINER,EXPIRED,EMP-47642
CON-008850,VND-03356,121684.98,EUR,2022-01-10,2023-06-17,PURCHASE_ORDER,ACTIVE,EMP-34843
CON-008851,VND-04127,22965.83,USD,2021-01-17,2021-10-13,TIME_AND_MATERIAL,TERMINATED,EMP-CORP-00236
CON-008852,VND-03925,1099214.17,INR,2021-11-09,2023-04-25,PURCHASE_ORDER,EXPIRED,EMP-26298
CON-008853,VND-02617,1979442.6,USD,2022-04-30,2024-02-29,FIXED_PRICE,EXPIRED,EMP-16601
CON-008854,VND-02186,589420.02,CAD,2023-02-25,2025-03-22,FIXED_PRICE,EXPIRED,EMP-37999
CON-008855,VND-00677,5000.0,USD,2022-12-08,2025-11-25,TIME_AND_MATERIAL,ACTIVE,EMP-RM888
CON-008856,VND-00511,98214.43,EUR,2021-04-16,2024-02-10,RETAINER,EXPIRED,EMP-58668
CON-008857,VND-02218,357763.67,EUR,2023-07-31,2026-07-09,SLA,ACTIVE,EMP-31049
CON-008858,VND-03373,719530.72,EUR,2019-09-11,2022-07-20,TIME_AND_MATERIAL,EXPIRED,EMP-49902
CON-008859,VND-01388,27719.77,USD,2023-03-23,2025-06-29,RETAINER,ACTIVE,EMP-56797
CON-008860,VND-03621,18942.78,CAD,2022-02-27,2022-10-11,RETAINER,EXPIRED,EMP-28370
CON-008861,VND-04632,39410.11,USD,2022-12-02,2024-04-07,RETAINER,TERMINATED,EMP-68916
CON-008862,VND-04057,5000.0,SGD,2021-08-22,2022-03-21,FRAMEWORK,TERMINATED,EMP-21554
CON-008863,VND-02729,2764901.72,GBP,2022-01-02,2024-08-17,TIME_AND_MATERIAL,EXPIRED,EMP-3132
CON-008864,VND-03956,1946358.68,GBP,2018-10-26,2020-12-24,SLA,EXPIRED,EMP-38437
CON-008865,VND-02186,683355.05,USD,2023-01-06,2024-12-30,FRAMEWORK,TERMINATED,EMP-54993
CON-008866,VND-02082,5573.65,CAD,2023-03-09,2025-10-18,PURCHASE_ORDER,ACTIVE,EMP-9610
CON-008867,VND-00178,69458.16,AUD,2023-06-23,2026-06-20,TIME_AND_MATERIAL,SUSPENDED,EMP-28345
CON-008868,VND-02541,123061.96,SGD,2018-07-01,2020-05-23,PURCHASE_ORDER,TERMINATED,EMP-20928
CON-008869,VND-00977,672435.85,GBP,2021-09-29,2022-07-17,PURCHASE_ORDER,EXPIRED,EMP-23687
CON-008870,VND-01008,312264.19,CAD,2022-11-08,2025-04-21,TIME_AND_MATERIAL,EXPIRED,EMP-67412
CON-008871,VND-03166,212477.87,USD,2022-03-31,2023-03-29,PURCHASE_ORDER,EXPIRED,EMP-15155
CON-008872,VND-02913,57179.0,USD,2020-09-15,2023-06-20,MASTER_SERVICE,EXPIRED,EMP-16927
CON-008873,VND-04968,85652.82,USD,2023-03-08,2023-12-17,RETAINER,EXPIRED,EMP-70194
CON-008874,VND-01051,74251.15,EUR,2021-01-05,2021-11-01,FRAMEWORK,TERMINATED,EMP-64858
CON-008875,VND-00928,582357.29,USD,2022-06-22,2023-09-21,RETAINER,EXPIRED,EMP-40611
CON-008876,VND-04890,7879.2,INR,2022-04-09,2023-08-23,FIXED_PRICE,EXPIRED,EMP-63321
CON-008877,VND-02904,87455.73,SGD,2019-07-24,2021-01-25,SLA,EXPIRED,EMP-9593
CON-008878,VND-03712,139108.37,GBP,2021-02-23,2023-10-09,MASTER_SERVICE,EXPIRED,EMP-19729
CON-008879,VND-01843,27507.11,GBP,2022-12-12,2024-09-20,SLA,EXPIRED,EMP-15891
CON-008880,VND-04383,50850.67,USD,2022-12-18,2023-12-15,RETAINER,EXPIRED,EMP-19107
CON-008881,VND-04416,5391.9,EUR,2018-12-02,2021-02-17,SLA,EXPIRED,EMP-13708
CON-008882,VND-01385,546282.34,USD,2022-09-25,2023-10-22,TIME_AND_MATERIAL,EXPIRED,EMP-45856
CON-008883,VND-02729,35976.71,CAD,2023-06-08,2025-06-17,TIME_AND_MATERIAL,SUSPENDED,EMP-5350
CON-008884,VND-01127,33592.31,GBP,2018-10-02,2019-08-22,PURCHASE_ORDER,TERMINATED,EMP-72787
CON-008885,VND-02551,139110.84,INR,2022-10-05,2025-06-02,MASTER_SERVICE,ACTIVE,EMP-39634
CON-008886,VND-02194,7918.33,USD,2021-07-02,2023-05-31,FRAMEWORK,EXPIRED,EMP-73863
CON-008887,VND-00728,5000.0,USD,2019-04-27,2021-09-29,PURCHASE_ORDER,EXPIRED,EMP-9851
CON-008888,VND-04177,131406.78,USD,2023-04-16,2024-07-10,TIME_AND_MATERIAL,EXPIRED,EMP-18065
CON-008889,VND-04848,1525522.13,USD,2019-02-03,2019-10-14,FIXED_PRICE,EXPIRED,EMP-52245
CON-008890,VND-01945,145300.85,INR,2022-05-20,2022-12-30,TIME_AND_MATERIAL,EXPIRED,EMP-24475
CON-008891,VND-01042,34731.74,AUD,2022-11-17,2024-07-27,MASTER_SERVICE,EXPIRED,EMP-15962
CON-008892,VND-02278,499470.26,INR,2022-04-10,2023-10-22,MASTER_SERVICE,EXPIRED,EMP-12255
CON-008893,VND-03516,24147.6,USD,2018-02-18,2019-07-17,TIME_AND_MATERIAL,EXPIRED,EMP-23765
CON-008894,VND-01022,222625.92,USD,2021-09-13,2023-05-14,FIXED_PRICE,EXPIRED,EMP-67046
CON-008895,VND-01830,612390.1,GBP,2020-06-16,2022-12-31,SLA,EXPIRED,EMP-44560
CON-008896,VND-03959,611293.0,EUR,2023-08-05,2025-06-24,FIXED_PRICE,ACTIVE,EMP-60158
CON-008897,VND-04402,13073.2,AUD,2018-03-23,2020-12-03,TIME_AND_MATERIAL,TERMINATED,EMP-38395
CON-008898,VND-01718,332509.82,GBP,2021-02-14,2023-03-10,TIME_AND_MATERIAL,EXPIRED,EMP-71902
CON-008899,VND-04869,41193.53,USD,2019-02-26,2020-03-27,SLA,EXPIRED,EMP-60895
CON-008900,VND-02336,10216.63,EUR,2022-01-19,2023-04-24,TIME_AND_MATERIAL,EXPIRED,EMP-15311
CON-008901,VND-00202,5049.43,USD,2019-09-18,2021-02-21,PURCHASE_ORDER,EXPIRED,EMP-24446
CON-008902,VND-04286,212721.72,INR,2018-02-05,2019-07-22,RETAINER,EXPIRED,EMP-20184
CON-008903,VND-02708,393223.42,CAD,2020-01-15,2021-10-15,SLA,EXPIRED,EMP-13304
CON-008904,VND-02394,454075.62,USD,2021-03-24,2024-02-11,MASTER_SERVICE,TERMINATED,EMP-65125
CON-008905,VND-02346,2213585.92,EUR,2022-11-15,2025-09-04,SLA,ACTIVE,EMP-58198
CON-008906,VND-01427,158776.07,USD,2023-12-12,2024-12-08,RETAINER,EXPIRED,EMP-73965
CON-008907,VND-04492,1573701.5,EUR,2022-05-23,2023-06-13,FIXED_PRICE,EXPIRED,EMP-RM1157
CON-008908,VND-00804,447333.42,USD,2022-12-22,2024-09-14,SLA,EXPIRED,EMP-45166
CON-008909,VND-00315,1036235.39,USD,2021-10-09,2023-06-01,PURCHASE_ORDER,EXPIRED,EMP-41943
CON-008910,VND-03135,621870.57,USD,2023-07-08,2025-07-13,TIME_AND_MATERIAL,ACTIVE,EMP-56335
CON-008911,VND-02093,34044.59,GBP,2023-05-04,2025-07-29,SLA,ACTIVE,EMP-16317
CON-008912,VND-03676,31803.67,USD,2023-06-16,2025-02-01,TIME_AND_MATERIAL,EXPIRED,EMP-34518
CON-008913,VND-04662,1035557.25,USD,2018-11-11,2020-12-07,FIXED_PRICE,EXPIRED,EMP-57237
CON-008914,VND-04147,182204.61,USD,2019-03-16,2021-01-23,FIXED_PRICE,EXPIRED,EMP-5386
CON-008915,VND-02861,1067415.06,USD,2021-08-08,2023-07-12,FIXED_PRICE,EXPIRED,EMP-27200
CON-008916,VND-03477,3553209.47,INR,2021-02-18,2022-12-14,PURCHASE_ORDER,TERMINATED,EMP-1655
CON-008917,VND-00935,13476.8,GBP,2018-11-29,2021-04-01,RETAINER,EXPIRED,EMP-7718
CON-008918,VND-03544,11757.97,EUR,2022-05-07,2022-11-08,PURCHASE_ORDER,EXPIRED,EMP-56347
CON-008919,VND-04595,15472.28,EUR,2019-05-24,2022-01-18,FRAMEWORK,EXPIRED,EMP-74089
CON-008920,VND-00509,47409.37,EUR,2020-11-29,2022-06-06,MASTER_SERVICE,EXPIRED,EMP-38624
CON-008921,VND-00043,456690.39,USD,2022-06-06,2025-03-31,FRAMEWORK,TERMINATED,EMP-2958
CON-008922,VND-03011,196298.75,SGD,2020-01-04,2021-07-25,FRAMEWORK,EXPIRED,EMP-63732
CON-008923,VND-00559,15653.32,USD,2022-01-11,2023-10-21,FRAMEWORK,EXPIRED,EMP-53774
CON-008924,VND-00423,16829.97,INR,2023-02-21,2025-12-11,SLA,ACTIVE,EMP-42050
CON-008925,VND-00634,19627.19,AUD,2020-12-24,2023-05-07,FIXED_PRICE,TERMINATED,EMP-4336
CON-008926,VND-00624,15340.33,INR,2023-11-23,2026-05-01,SLA,ACTIVE,EMP-16646
CON-008927,VND-02706,862824.7,USD,2020-04-20,2022-09-05,FIXED_PRICE,EXPIRED,EMP-6660
CON-008928,VND-02717,74986.92,INR,2019-09-08,2022-01-03,PURCHASE_ORDER,EXPIRED,EMP-25189
CON-008929,VND-04287,111912.17,USD,2018-12-31,2020-06-11,FRAMEWORK,TERMINATED,EMP-70642
CON-008930,VND-04001,835016.32,INR,2022-01-27,2024-02-29,SLA,EXPIRED,EMP-11181
CON-008931,VND-01686,5000.0,AUD,2021-01-30,2022-02-19,FIXED_PRICE,EXPIRED,EMP-RM1196
CON-008932,VND-01517,222397.51,USD,2023-07-11,2025-01-29,MASTER_SERVICE,EXPIRED,EMP-9146
CON-008933,VND-03831,720235.55,USD,2019-05-30,2021-02-19,RETAINER,EXPIRED,EMP-19868
CON-008934,VND-01202,155339.74,EUR,2020-11-08,2022-04-08,MASTER_SERVICE,EXPIRED,EMP-49168
CON-008935,VND-04853,13209.25,GBP,2022-07-03,2024-11-27,RETAINER,EXPIRED,EMP-72109
CON-008936,VND-01462,866012.87,USD,2023-01-13,2024-08-04,MASTER_SERVICE,EXPIRED,EMP-41068
CON-008937,VND-03653,256636.41,EUR,2018-02-16,2020-07-01,MASTER_SERVICE,EXPIRED,EMP-45501
CON-008938,VND-02245,5000.0,EUR,2021-11-16,2023-08-19,FIXED_PRICE,EXPIRED,EMP-67937
CON-008939,VND-00197,3193642.09,USD,2019-03-23,2022-01-11,TIME_AND_MATERIAL,EXPIRED,EMP-15859
CON-008940,VND-01403,11458.09,USD,2022-08-04,2023-06-08,MASTER_SERVICE,EXPIRED,EMP-15091
CON-008941,VND-02101,2467202.54,SGD,2021-01-26,2021-07-28,SLA,TERMINATED,EMP-45448
CON-008942,VND-04913,29161.54,GBP,2023-07-28,2025-01-16,TIME_AND_MATERIAL,EXPIRED,EMP-170
CON-008943,VND-00957,8370.71,USD,2022-03-16,2022-12-19,TIME_AND_MATERIAL,EXPIRED,EMP-2572
CON-008944,VND-00387,478021.5,INR,2020-05-20,2022-09-01,FRAMEWORK,EXPIRED,EMP-73574
CON-008945,VND-02594,90824.24,USD,2019-01-21,2020-05-17,TIME_AND_MATERIAL,EXPIRED,EMP-CORP-00374
CON-008946,VND-03183,5000.0,INR,2021-08-08,2022-06-29,SLA,EXPIRED,EMP-17978
CON-008947,VND-03468,50450.42,CAD,2018-05-27,2020-02-20,TIME_AND_MATERIAL,EXPIRED,EMP-22048
CON-008948,VND-02170,92554.84,EUR,2023-12-12,2026-05-13,FRAMEWORK,SUSPENDED,EMP-15015
CON-008949,VND-03925,5159.22,USD,2021-01-21,2021-07-31,PURCHASE_ORDER,TERMINATED,EMP-2492
CON-008950,VND-03812,16328.7,INR,2023-11-15,2026-09-02,TIME_AND_MATERIAL,ACTIVE,EMP-41917
CON-008951,VND-02136,539849.58,EUR,2020-03-29,2021-07-15,FIXED_PRICE,EXPIRED,EMP-72716
CON-008952,VND-01528,514112.68,EUR,2023-09-18,2024-05-06,FRAMEWORK,EXPIRED,EMP-23642
CON-008953,VND-01152,24130.36,EUR,2018-12-26,2021-08-25,FRAMEWORK,EXPIRED,EMP-4845
CON-008954,VND-00679,598088.76,INR,2022-06-04,2024-03-11,SLA,TERMINATED,EMP-41588
CON-008955,VND-03081,41403.75,USD,2022-06-22,2025-02-23,SLA,EXPIRED,EMP-54243
CON-008956,VND-00592,652704.62,USD,2023-09-07,2024-10-29,PURCHASE_ORDER,EXPIRED,EMP-26624
CON-008957,VND-00508,5000.0,EUR,2023-06-16,2025-09-16,RETAINER,ACTIVE,EMP-47046
CON-008958,VND-01781,21390.6,USD,2023-06-10,2026-04-30,RETAINER,ACTIVE,EMP-33111
CON-008959,VND-02775,10359.56,USD,2023-07-23,2025-06-07,PURCHASE_ORDER,ACTIVE,EMP-10941
CON-008960,VND-00532,5000.0,USD,2022-06-07,2023-12-06,TIME_AND_MATERIAL,EXPIRED,EMP-23282
CON-008961,VND-00500,49661.14,GBP,2021-01-27,2023-07-10,FIXED_PRICE,EXPIRED,EMP-63595
CON-008962,VND-04433,99001.07,USD,2023-04-10,2025-06-01,TIME_AND_MATERIAL,ACTIVE,EMP-51622
CON-008963,VND-01209,10732.86,USD,2020-06-19,2022-12-04,RETAINER,EXPIRED,EMP-9766
CON-008964,VND-00121,1514474.06,AUD,2018-02-09,2018-11-17,MASTER_SERVICE,EXPIRED,EMP-8060
CON-008965,VND-03177,703748.05,EUR,2020-04-28,2022-09-18,TIME_AND_MATERIAL,EXPIRED,EMP-11749
CON-008966,VND-01720,17157.87,USD,2018-06-21,2021-06-13,PURCHASE_ORDER,TERMINATED,EMP-69682
CON-008967,VND-03493,416147.78,GBP,2021-08-17,2023-10-11,SLA,EXPIRED,EMP-55478
CON-008968,VND-01409,153714.68,USD,2020-11-28,2021-12-17,FIXED_PRICE,EXPIRED,EMP-4553
CON-008969,VND-03735,24322.03,EUR,2020-08-02,2022-06-21,RETAINER,EXPIRED,EMP-44845
CON-008970,VND-01150,40406.05,USD,2022-05-21,2023-04-03,SLA,EXPIRED,EMP-69327
CON-008971,VND-04954,5000.0,AUD,2018-11-03,2021-07-30,PURCHASE_ORDER,EXPIRED,EMP-62752
CON-008972,VND-04963,837909.52,USD,2023-04-01,2024-10-31,FRAMEWORK,TERMINATED,EMP-22800
CON-008973,VND-03849,263048.72,USD,2022-03-31,2022-11-16,PURCHASE_ORDER,EXPIRED,EMP-13121
CON-008974,VND-01110,5000.0,EUR,2019-09-05,2022-05-11,FRAMEWORK,EXPIRED,EMP-11911
CON-008975,VND-00286,546530.76,USD,2018-01-06,2018-12-11,TIME_AND_MATERIAL,EXPIRED,EMP-72381
CON-008976,VND-02042,4616656.88,USD,2021-03-13,2022-12-06,FRAMEWORK,EXPIRED,EMP-60354
CON-008977,VND-02473,2661296.34,GBP,2023-06-03,2025-04-07,TIME_AND_MATERIAL,EXPIRED,EMP-26387
CON-008978,VND-04203,710984.02,GBP,2022-08-10,2023-12-26,FRAMEWORK,EXPIRED,EMP-73594
CON-008979,VND-01095,42811.34,USD,2021-02-19,2022-04-17,TIME_AND_MATERIAL,EXPIRED,EMP-37345
CON-008980,VND-02474,317637.06,USD,2021-02-01,2022-10-02,PURCHASE_ORDER,EXPIRED,EMP-18721
CON-008981,VND-01867,169422.37,AUD,2021-03-26,2023-04-19,TIME_AND_MATERIAL,EXPIRED,EMP-61985
CON-008982,VND-02022,1059013.21,USD,2022-03-14,2023-07-08,MASTER_SERVICE,EXPIRED,EMP-44375
CON-008983,VND-03481,5000.0,EUR,2019-12-03,2021-04-24,RETAINER,EXPIRED,EMP-20739
CON-008984,VND-01553,182847.8,GBP,2021-09-27,2024-08-31,TIME_AND_MATERIAL,EXPIRED,EMP-57879
CON-008985,VND-02736,51818.89,USD,2022-05-30,2024-04-14,FIXED_PRICE,TERMINATED,EMP-45024
CON-008986,VND-00413,95636.69,CAD,2018-11-09,2019-08-25,SLA,EXPIRED,EMP-8125
CON-008987,VND-00396,22161.79,USD,2021-01-15,2023-01-03,FRAMEWORK,TERMINATED,EMP-49271
CON-008988,VND-00862,33435.38,CAD,2023-11-05,2026-09-15,FIXED_PRICE,ACTIVE,EMP-24236
CON-008989,VND-02875,185661.98,EUR,2018-07-15,2020-01-20,SLA,EXPIRED,EMP-45348
CON-008990,VND-03204,269094.23,EUR,2018-08-01,2020-05-28,RETAINER,EXPIRED,EMP-12918
CON-008991,VND-04177,506606.53,SGD,2023-03-02,2025-10-24,FIXED_PRICE,ACTIVE,EMP-7839
CON-008992,VND-04437,9021.9,INR,2019-11-30,2021-04-09,PURCHASE_ORDER,EXPIRED,EMP-5777
CON-008993,VND-00172,13125.15,SGD,2023-12-21,2024-09-19,RETAINER,EXPIRED,EMP-27933
CON-008994,VND-02863,38829.05,USD,2019-07-10,2021-01-23,SLA,EXPIRED,EMP-63545
CON-008995,VND-02815,6688960.98,USD,2022-05-01,2023-05-03,TIME_AND_MATERIAL,TERMINATED,EMP-51430
CON-008996,VND-00695,1535028.16,EUR,2019-03-05,2021-12-29,RETAINER,ACTIVE,EMP-56162
CON-008997,VND-02608,234840.72,SGD,2019-04-25,2020-02-10,SLA,EXPIRED,EMP-6629
CON-008998,VND-04950,2202218.78,USD,2022-11-01,2025-10-10,FIXED_PRICE,ACTIVE,EMP-47855
CON-008999,VND-01435,353013.05,EUR,2021-09-22,2022-12-21,MASTER_SERVICE,EXPIRED,EMP-62060
CON-009000,VND-04979,36267.29,GBP,2020-12-29,2023-05-27,PURCHASE_ORDER,EXPIRED,EMP-41865
CON-009001,VND-02290,12046.74,GBP,2019-05-29,2021-09-11,MASTER_SERVICE,EXPIRED,EMP-1742
CON-009002,VND-01038,592687.77,USD,2018-03-29,2020-05-31,RETAINER,EXPIRED,EMP-9576
CON-009003,VND-02967,3212171.94,USD,2021-10-15,2024-04-28,TIME_AND_MATERIAL,TERMINATED,EMP-40657
CON-009004,VND-00440,769912.21,USD,2021-12-17,2024-05-06,FRAMEWORK,EXPIRED,EMP-49651
CON-009005,VND-02456,340396.02,INR,2022-11-20,2023-12-18,FIXED_PRICE,EXPIRED,EMP-CORP-00325
CON-009006,VND-03282,22951.15,EUR,2019-01-04,2019-12-21,FRAMEWORK,TERMINATED,EMP-38975
CON-009007,VND-04397,6957.36,EUR,2018-10-30,2020-12-28,RETAINER,EXPIRED,EMP-73002
CON-009008,VND-00634,1308625.65,INR,2023-01-17,2025-11-04,TIME_AND_MATERIAL,ACTIVE,EMP-22267
CON-009009,VND-02216,831908.9,USD,2018-10-17,2021-06-15,MASTER_SERVICE,EXPIRED,EMP-68964
CON-009010,VND-02080,15587.28,USD,2022-10-01,2024-05-03,RETAINER,EXPIRED,EMP-24625
CON-009011,VND-01003,5000.0,EUR,2019-02-15,2021-01-01,PURCHASE_ORDER,ACTIVE,EMP-27649
CON-009012,VND-00457,12075.3,GBP,2022-08-31,2025-06-04,PURCHASE_ORDER,ACTIVE,EMP-12322
CON-009013,VND-04970,1915881.84,CAD,2019-03-12,2021-11-04,PURCHASE_ORDER,EXPIRED,EMP-22781
CON-009014,VND-04233,39328.68,EUR,2023-07-12,2026-03-16,RETAINER,ACTIVE,EMP-38794
CON-009015,VND-02562,1322052.11,EUR,2018-05-17,2019-12-07,FIXED_PRICE,EXPIRED,EMP-64511
CON-009016,VND-04295,837517.27,USD,2022-02-03,2024-07-22,MASTER_SERVICE,EXPIRED,EMP-20782
CON-009017,VND-03841,41833.33,EUR,2020-07-28,2023-03-28,RETAINER,EXPIRED,EMP-18001
CON-009018,VND-01601,22316.83,USD,2018-11-12,2021-08-20,SLA,EXPIRED,EMP-42050
CON-009019,VND-04202,15735.92,USD,2023-08-17,2025-10-14,SLA,ACTIVE,EMP-44143
CON-009020,VND-00297,18797.95,EUR,2022-03-20,2023-05-20,FRAMEWORK,EXPIRED,EMP-39122
CON-009021,VND-04104,157894.76,EUR,2019-10-07,2021-12-30,SLA,EXPIRED,EMP-63975
CON-009022,VND-03455,831476.14,GBP,2018-09-11,2020-10-24,MASTER_SERVICE,EXPIRED,EMP-44450
CON-009023,VND-02799,915691.09,USD,2018-08-15,2021-06-22,RETAINER,EXPIRED,EMP-67780
CON-009024,VND-02683,59611.16,SGD,2021-10-10,2022-10-26,FRAMEWORK,TERMINATED,EMP-23963
CON-009025,VND-00421,31366.95,GBP,2018-05-29,2019-08-25,TIME_AND_MATERIAL,ACTIVE,EMP-51172
CON-009026,VND-02585,1179713.69,EUR,2022-01-15,2022-10-18,TIME_AND_MATERIAL,TERMINATED,EMP-49801
CON-009027,VND-01317,43992.11,USD,2021-08-20,2024-06-22,FIXED_PRICE,EXPIRED,EMP-67838
CON-009028,VND-01883,2227970.81,USD,2019-08-21,2020-09-01,MASTER_SERVICE,TERMINATED,EMP-55950
CON-009029,VND-04986,352118.1,USD,2019-09-30,2021-08-06,SLA,EXPIRED,EMP-34828
CON-009030,VND-00854,47534.74,GBP,2023-05-03,2025-04-28,FIXED_PRICE,EXPIRED,EMP-10977
CON-009031,VND-00048,73407.49,GBP,2023-08-29,2025-06-23,FRAMEWORK,ACTIVE,EMP-27767
CON-009032,VND-01748,36973.34,USD,2018-02-04,2019-01-06,SLA,EXPIRED,EMP-50561
CON-009033,VND-00776,232566.59,GBP,2021-02-19,2023-03-27,TIME_AND_MATERIAL,EXPIRED,EMP-44645
CON-009034,VND-02211,19520.99,GBP,2021-10-01,2023-12-01,SLA,TERMINATED,EMP-48446
CON-009035,VND-01899,325296.28,EUR,2023-12-27,2025-12-13,MASTER_SERVICE,ACTIVE,EMP-70408
CON-009036,VND-04883,284772.71,INR,2023-09-26,2026-01-15,TIME_AND_MATERIAL,ACTIVE,EMP-61502
CON-009037,VND-03580,2572687.78,USD,2018-03-22,2020-12-04,RETAINER,EXPIRED,EMP-11482
CON-009038,VND-00137,261329.35,INR,2021-12-22,2023-11-18,FRAMEWORK,EXPIRED,EMP-60599
CON-009039,VND-00853,5947.61,EUR,2020-01-24,2021-08-04,PURCHASE_ORDER,EXPIRED,EMP-65460
CON-009040,VND-00340,31610.58,USD,2019-04-19,2020-10-18,TIME_AND_MATERIAL,EXPIRED,EMP-42481
CON-009041,VND-01085,205037.62,CAD,2019-01-27,2021-08-29,TIME_AND_MATERIAL,EXPIRED,EMP-57380
CON-009042,VND-00380,282540.49,INR,2023-03-20,2025-05-31,TIME_AND_MATERIAL,EXPIRED,EMP-67333
CON-009043,VND-01619,17878.55,AUD,2022-05-31,2023-05-08,RETAINER,EXPIRED,EMP-66920
CON-009044,VND-02394,125781.04,GBP,2020-04-10,2023-02-05,MASTER_SERVICE,EXPIRED,EMP-12277
CON-009045,VND-00275,45779.73,CAD,2018-02-12,2020-01-13,TIME_AND_MATERIAL,EXPIRED,EMP-20444
CON-009046,VND-01655,9858.44,GBP,2022-02-19,2023-10-04,TIME_AND_MATERIAL,EXPIRED,EMP-21492
CON-009047,VND-03437,812986.83,USD,2021-04-29,2023-09-17,FRAMEWORK,EXPIRED,EMP-19023
CON-009048,VND-03111,76413.48,USD,2022-04-05,2024-11-10,PURCHASE_ORDER,EXPIRED,EMP-36920
CON-009049,VND-02071,1708389.83,USD,2019-01-11,2020-08-29,TIME_AND_MATERIAL,EXPIRED,EMP-RM407
CON-009050,VND-03406,1148774.57,INR,2019-04-20,2020-01-09,FRAMEWORK,TERMINATED,EMP-12413
CON-009051,VND-01651,25468.17,GBP,2023-03-16,2024-05-20,MASTER_SERVICE,EXPIRED,EMP-61671
CON-009052,VND-04174,2140378.79,USD,2020-09-16,2022-12-13,TIME_AND_MATERIAL,EXPIRED,EMP-1262
CON-009053,VND-01531,29676.5,USD,2019-05-14,2021-06-13,FRAMEWORK,EXPIRED,EMP-30660
CON-009054,VND-00223,532729.94,EUR,2022-02-03,2023-10-07,FIXED_PRICE,EXPIRED,EMP-15372
CON-009055,VND-02500,1156625.82,USD,2019-04-10,2020-08-21,SLA,EXPIRED,EMP-2793
CON-009056,VND-03238,576765.01,USD,2019-03-16,2022-01-14,FRAMEWORK,ACTIVE,EMP-38866
CON-009057,VND-01954,647457.97,USD,2021-10-11,2023-11-27,FRAMEWORK,EXPIRED,EMP-36721
CON-009058,VND-02401,14889.01,EUR,2019-09-15,2020-05-08,TIME_AND_MATERIAL,EXPIRED,EMP-16379
CON-009059,VND-01949,91838.88,USD,2023-10-05,2024-05-31,PURCHASE_ORDER,EXPIRED,EMP-158
CON-009060,VND-01902,17117.24,USD,2020-11-14,2021-09-15,RETAINER,EXPIRED,EMP-54050
CON-009061,VND-03779,29934.67,GBP,2021-06-04,2022-12-05,TIME_AND_MATERIAL,TERMINATED,EMP-41618
CON-009062,VND-01450,2152595.33,USD,2021-09-04,2023-07-01,SLA,EXPIRED,EMP-22734
CON-009063,VND-03399,259068.2,USD,2023-01-11,2025-01-08,FRAMEWORK,ACTIVE,EMP-33646
CON-009064,VND-01539,52403.06,AUD,2022-10-12,2025-09-16,RETAINER,ACTIVE,EMP-74423
CON-009065,VND-01557,6282.26,USD,2023-12-28,2026-07-23,PURCHASE_ORDER,ACTIVE,EMP-53511
CON-009066,VND-02452,9120.77,EUR,2020-08-31,2023-03-14,SLA,EXPIRED,EMP-CORP-00555
CON-009067,VND-04512,18990.54,EUR,2023-08-12,2026-04-24,SLA,ACTIVE,EMP-41059
CON-009068,VND-00547,128670.32,CAD,2020-10-20,2021-11-22,FRAMEWORK,EXPIRED,EMP-26453
CON-009069,VND-01795,512288.48,CAD,2019-04-15,2021-08-28,MASTER_SERVICE,ACTIVE,EMP-49350
CON-009070,VND-00062,327537.97,INR,2021-02-19,2021-11-11,FIXED_PRICE,EXPIRED,EMP-8662
CON-009071,VND-02017,16536.84,USD,2023-06-25,2025-11-11,FRAMEWORK,ACTIVE,EMP-21973
CON-009072,VND-04653,43959.33,EUR,2022-12-09,2025-08-20,SLA,ACTIVE,EMP-42231
CON-009073,VND-02026,516674.94,USD,2018-12-19,2021-05-30,SLA,EXPIRED,EMP-51612
CON-009074,VND-02946,13109.45,EUR,2020-09-15,2022-03-02,SLA,ACTIVE,EMP-57929
CON-009075,VND-03490,8882.28,GBP,2023-10-28,2025-04-06,PURCHASE_ORDER,EXPIRED,EMP-60510
CON-009076,VND-01138,113008.95,USD,2022-07-06,2024-04-09,SLA,TERMINATED,EMP-71948
CON-009077,VND-02827,529353.13,USD,2018-06-21,2020-10-06,TIME_AND_MATERIAL,EXPIRED,EMP-36308
CON-009078,VND-04061,6618.89,EUR,2023-05-20,2025-09-26,FRAMEWORK,ACTIVE,EMP-65381
CON-009079,VND-03216,5000.0,USD,2022-12-23,2025-12-19,TIME_AND_MATERIAL,ACTIVE,EMP-32214
CON-009080,VND-02485,5887.15,AUD,2021-10-02,2024-02-07,FRAMEWORK,EXPIRED,EMP-29056
CON-009081,VND-04024,7780047.16,USD,2018-05-19,2020-11-08,SLA,ACTIVE,EMP-32970
CON-009082,VND-01189,17304.97,EUR,2019-04-06,2022-02-27,FRAMEWORK,EXPIRED,EMP-22860
CON-009083,VND-02664,129354.17,EUR,2019-09-16,2022-08-30,TIME_AND_MATERIAL,EXPIRED,EMP-67240
CON-009084,VND-03560,5330.19,EUR,2019-04-16,2020-06-29,FIXED_PRICE,EXPIRED,EMP-33587
CON-009085,VND-03232,611309.37,EUR,2018-03-04,2018-11-29,TIME_AND_MATERIAL,EXPIRED,EMP-38471
CON-009086,VND-02673,806568.14,SGD,2018-01-13,2018-09-22,MASTER_SERVICE,EXPIRED,EMP-44447
CON-009087,VND-01221,568383.55,EUR,2020-01-27,2021-10-02,FRAMEWORK,EXPIRED,EMP-53581
CON-009088,VND-02726,607332.94,EUR,2019-07-09,2020-03-16,TIME_AND_MATERIAL,EXPIRED,EMP-41703
CON-009089,VND-02935,51122.22,INR,2019-03-18,2020-06-28,PURCHASE_ORDER,EXPIRED,EMP-42679
CON-009090,VND-04079,14301.99,EUR,2021-11-06,2024-02-10,SLA,EXPIRED,EMP-35805
CON-009091,VND-03347,47486.36,USD,2022-09-17,2024-01-28,SLA,EXPIRED,EMP-57221
CON-009092,VND-00253,271023.12,AUD,2019-11-16,2022-05-05,PURCHASE_ORDER,EXPIRED,EMP-21352
CON-009093,VND-03034,890181.99,INR,2023-01-03,2023-12-06,SLA,EXPIRED,EMP-57625
CON-009094,VND-03981,26773.05,USD,2019-08-01,2020-05-24,MASTER_SERVICE,EXPIRED,EMP-9439
CON-009095,VND-02500,25812.66,GBP,2022-06-03,2024-06-14,TIME_AND_MATERIAL,EXPIRED,EMP-60589
CON-009096,VND-02789,33612.83,USD,2021-04-05,2022-02-13,MASTER_SERVICE,EXPIRED,EMP-939
CON-009097,VND-00586,997733.52,USD,2023-04-17,2024-11-11,FIXED_PRICE,EXPIRED,EMP-39634
CON-009098,VND-03962,76377.94,INR,2020-08-27,2021-03-28,FRAMEWORK,EXPIRED,EMP-64448
CON-009099,VND-03734,330498.29,INR,2021-02-24,2022-07-02,FIXED_PRICE,TERMINATED,EMP-522
CON-009100,VND-03946,5000.0,EUR,2018-05-30,2019-07-08,SLA,EXPIRED,EMP-15159
CON-009101,VND-01827,970297.35,CAD,2020-09-29,2023-07-09,SLA,EXPIRED,EMP-16317
CON-009102,VND-02069,989630.9,EUR,2018-06-28,2019-04-20,PURCHASE_ORDER,EXPIRED,EMP-RM929
CON-009103,VND-03911,207515.48,INR,2020-01-10,2020-11-18,FRAMEWORK,EXPIRED,EMP-57786
CON-009104,VND-01766,1080407.1,EUR,2019-08-18,2020-12-18,FRAMEWORK,EXPIRED,EMP-9369
CON-009105,VND-02217,5000.0,USD,2019-04-22,2019-11-13,MASTER_SERVICE,EXPIRED,EMP-20920
CON-009106,VND-03705,113703.42,GBP,2021-01-05,2022-12-28,FRAMEWORK,EXPIRED,EMP-9809
CON-009107,VND-03464,2097433.52,CAD,2023-01-16,2025-07-08,PURCHASE_ORDER,ACTIVE,EMP-31703
CON-009108,VND-01281,502836.35,USD,2021-07-23,2022-02-17,SLA,EXPIRED,EMP-49475
CON-009109,VND-02223,13802.67,EUR,2018-10-12,2020-02-17,RETAINER,ACTIVE,EMP-18119
CON-009110,VND-04818,1214136.93,USD,2018-12-09,2020-02-22,RETAINER,ACTIVE,EMP-1720
CON-009111,VND-00254,128649.15,SGD,2020-02-09,2023-01-02,FIXED_PRICE,EXPIRED,EMP-36723
CON-009112,VND-04141,15219.39,USD,2022-12-13,2024-05-04,FRAMEWORK,EXPIRED,EMP-50159
CON-009113,VND-03100,723772.42,USD,2020-10-30,2021-05-20,MASTER_SERVICE,EXPIRED,EMP-19126
CON-009114,VND-02156,6114.89,USD,2022-07-16,2025-06-16,MASTER_SERVICE,ACTIVE,EMP-52859
CON-009115,VND-02921,29310.43,INR,2023-04-09,2026-02-09,TIME_AND_MATERIAL,ACTIVE,EMP-23849
CON-009116,VND-04048,68969.52,USD,2019-10-26,2020-07-06,MASTER_SERVICE,EXPIRED,EMP-26531
CON-009117,VND-03021,8312.98,USD,2023-01-29,2024-04-03,FIXED_PRICE,EXPIRED,EMP-61300
CON-009118,VND-02125,28210.98,USD,2020-01-31,2022-12-19,MASTER_SERVICE,EXPIRED,EMP-5250
CON-009119,VND-02397,5000.0,USD,2023-05-08,2026-03-22,FRAMEWORK,ACTIVE,EMP-67355
CON-009120,VND-01286,249477.78,EUR,2019-08-17,2022-01-01,FRAMEWORK,EXPIRED,EMP-47202
CON-009121,VND-03668,18942.09,CAD,2020-03-11,2021-07-08,PURCHASE_ORDER,EXPIRED,EMP-46692
CON-009122,VND-00075,797357.92,GBP,2018-06-13,2019-08-27,FRAMEWORK,TERMINATED,EMP-38736
CON-009123,VND-04476,5094.97,CAD,2022-05-02,2023-12-04,FRAMEWORK,TERMINATED,EMP-39947
CON-009124,VND-03610,45165.1,USD,2020-04-18,2020-12-19,MASTER_SERVICE,EXPIRED,EMP-26136
CON-009125,VND-01498,5978369.65,EUR,2021-11-11,2023-01-16,FIXED_PRICE,ACTIVE,EMP-46752
CON-009126,VND-03681,842645.72,USD,2022-02-13,2022-10-03,TIME_AND_MATERIAL,EXPIRED,EMP-52697
CON-009127,VND-01978,6525032.94,INR,2021-12-02,2023-06-15,PURCHASE_ORDER,TERMINATED,EMP-9373
CON-009128,VND-04998,173367.09,USD,2020-01-26,2020-09-04,RETAINER,EXPIRED,EMP-19045
CON-009129,VND-00962,24404.34,USD,2020-09-04,2021-09-19,TIME_AND_MATERIAL,TERMINATED,EMP-3354
CON-009130,VND-03525,5000.0,USD,2019-04-02,2021-11-10,FRAMEWORK,EXPIRED,EMP-53312
CON-009131,VND-02628,27520.35,USD,2023-10-15,2025-04-06,FIXED_PRICE,EXPIRED,EMP-7000
CON-009132,VND-03954,1917773.07,USD,2018-08-07,2019-11-12,SLA,EXPIRED,EMP-63023
CON-009133,VND-00848,1197679.31,AUD,2020-06-27,2023-06-11,SLA,EXPIRED,EMP-41425
CON-009134,VND-03349,41290.89,AUD,2018-10-29,2021-09-27,FIXED_PRICE,EXPIRED,EMP-38333
CON-009135,VND-04458,948726.69,USD,2021-01-25,2022-07-25,TIME_AND_MATERIAL,EXPIRED,EMP-41633
CON-009136,VND-01355,247843.99,INR,2023-02-02,2025-11-23,RETAINER,ACTIVE,EMP-39767
CON-009137,VND-04465,559945.12,EUR,2018-01-31,2020-10-03,SLA,EXPIRED,EMP-8472
CON-009138,VND-00841,5000.0,EUR,2021-10-02,2024-08-12,TIME_AND_MATERIAL,EXPIRED,EMP-61244
CON-009139,VND-04810,240100.06,USD,2018-06-28,2020-06-24,PURCHASE_ORDER,EXPIRED,EMP-6372
CON-009140,VND-00329,101769.49,EUR,2023-05-14,2026-05-11,TIME_AND_MATERIAL,ACTIVE,EMP-33260
CON-009141,VND-04096,650443.51,USD,2021-10-10,2023-05-30,FRAMEWORK,EXPIRED,EMP-48366
CON-009142,VND-03646,5000.0,GBP,2020-09-08,2021-05-08,PURCHASE_ORDER,EXPIRED,EMP-66655
CON-009143,VND-01761,383235.73,USD,2022-03-17,2024-06-17,PURCHASE_ORDER,EXPIRED,EMP-52276
CON-009144,VND-03692,147758.12,EUR,2021-01-19,2023-05-31,SLA,TERMINATED,EMP-49558
CON-009145,VND-01497,22051.45,SGD,2023-04-02,2024-12-24,RETAINER,TERMINATED,EMP-CORP-00050
CON-009146,VND-00214,31064.89,GBP,2018-11-22,2021-05-11,SLA,EXPIRED,EMP-7967
CON-009147,VND-02590,230961.62,USD,2019-09-16,2020-06-05,MASTER_SERVICE,EXPIRED,EMP-41914
CON-009148,VND-04160,535773.76,GBP,2020-07-10,2022-10-04,PURCHASE_ORDER,EXPIRED,EMP-43453
CON-009149,VND-01181,89286.42,CAD,2022-08-02,2025-07-07,PURCHASE_ORDER,ACTIVE,EMP-28645
CON-009150,VND-00864,36062.69,USD,2023-06-04,2024-09-11,SLA,EXPIRED,EMP-24515
CON-009151,VND-02146,177010.04,GBP,2020-09-05,2022-09-17,FIXED_PRICE,EXPIRED,EMP-66606
CON-009152,VND-03897,171626.12,USD,2022-12-31,2024-09-07,MASTER_SERVICE,ACTIVE,EMP-52544
CON-009153,VND-04870,17041.48,INR,2021-11-20,2024-08-09,RETAINER,EXPIRED,EMP-71007
CON-009154,VND-02559,17150.91,USD,2021-04-23,2023-03-13,MASTER_SERVICE,EXPIRED,EMP-RM360
CON-009155,VND-00303,1252980.71,GBP,2022-12-27,2024-06-07,PURCHASE_ORDER,EXPIRED,EMP-28803
CON-009156,VND-04427,5000.0,USD,2023-07-29,2025-08-05,FIXED_PRICE,SUSPENDED,EMP-1919
CON-009157,VND-00407,47588.61,EUR,2021-06-04,2024-02-24,PURCHASE_ORDER,EXPIRED,EMP-RM1055
CON-009158,VND-03572,34113.1,GBP,2022-04-03,2023-09-05,SLA,EXPIRED,EMP-157
CON-009159,VND-01764,559353.81,CAD,2023-01-03,2023-12-17,MASTER_SERVICE,EXPIRED,EMP-71663
CON-009160,VND-02911,208885.72,USD,2023-02-07,2025-05-17,SLA,EXPIRED,EMP-9338
CON-009161,VND-00878,1759537.74,CAD,2020-03-23,2020-12-04,SLA,EXPIRED,EMP-4261
CON-009162,VND-00489,18976.64,AUD,2019-10-07,2022-07-18,FIXED_PRICE,EXPIRED,EMP-63718
CON-009163,VND-01130,900983.14,INR,2019-11-04,2020-09-17,PURCHASE_ORDER,EXPIRED,EMP-18853
CON-009164,VND-03299,20143.02,GBP,2020-03-11,2022-10-21,SLA,TERMINATED,EMP-74242
CON-009165,VND-03369,30063.99,USD,2019-02-25,2021-04-30,TIME_AND_MATERIAL,TERMINATED,EMP-18745
CON-009166,VND-01608,21388.11,EUR,2020-01-16,2022-10-16,MASTER_SERVICE,EXPIRED,EMP-52291
CON-009167,VND-02119,570386.83,EUR,2021-01-11,2023-03-05,SLA,EXPIRED,EMP-23408
CON-009168,VND-02551,26131.16,CAD,2019-03-13,2022-03-09,FIXED_PRICE,EXPIRED,EMP-5904
CON-009169,VND-03173,231534.94,INR,2021-03-21,2023-11-08,TIME_AND_MATERIAL,EXPIRED,EMP-73044
CON-009170,VND-04595,41429.86,EUR,2018-03-21,2020-05-17,PURCHASE_ORDER,EXPIRED,EMP-39730
CON-009171,VND-00668,573973.52,USD,2021-07-31,2022-03-21,FRAMEWORK,EXPIRED,EMP-RM210
CON-009172,VND-01764,82425.7,SGD,2021-12-23,2024-04-17,RETAINER,EXPIRED,EMP-52362
CON-009173,VND-00390,1820804.46,USD,2021-12-15,2024-06-01,TIME_AND_MATERIAL,EXPIRED,EMP-66823
CON-009174,VND-02450,5000.0,EUR,2022-02-10,2023-11-17,SLA,EXPIRED,EMP-17448
CON-009175,VND-00822,562930.79,USD,2018-05-22,2020-12-10,FIXED_PRICE,EXPIRED,EMP-42616
CON-009176,VND-02658,91589.73,GBP,2022-04-23,2024-01-21,PURCHASE_ORDER,EXPIRED,EMP-40906
CON-009177,VND-04521,44804.53,USD,2018-10-17,2020-12-15,RETAINER,EXPIRED,EMP-46034
CON-009178,VND-02496,313415.98,GBP,2019-01-15,2019-12-20,TIME_AND_MATERIAL,EXPIRED,EMP-50245
CON-009179,VND-03490,10079.57,GBP,2021-08-21,2024-01-04,MASTER_SERVICE,EXPIRED,EMP-71738
CON-009180,VND-02756,1849067.93,USD,2021-07-15,2023-04-19,MASTER_SERVICE,TERMINATED,EMP-37859
CON-009181,VND-00928,23197.38,INR,2018-04-22,2019-10-13,SLA,EXPIRED,EMP-55032
CON-009182,VND-03186,5776766.09,USD,2021-08-26,2024-03-11,PURCHASE_ORDER,EXPIRED,EMP-72690
CON-009183,VND-03094,5000.0,USD,2021-11-16,2023-07-12,PURCHASE_ORDER,EXPIRED,EMP-43877
CON-009184,VND-04809,512845.66,EUR,2018-08-11,2019-05-29,SLA,EXPIRED,EMP-69426
CON-009185,VND-04357,787702.36,INR,2019-03-06,2019-12-20,PURCHASE_ORDER,EXPIRED,EMP-64294
CON-009186,VND-04821,1137693.22,GBP,2022-11-12,2023-06-13,TIME_AND_MATERIAL,EXPIRED,EMP-23890
CON-009187,VND-02962,56983.37,INR,2023-05-23,2026-02-04,MASTER_SERVICE,ACTIVE,EMP-71870
CON-009188,VND-01369,120127.12,EUR,2023-05-05,2024-02-18,FRAMEWORK,EXPIRED,EMP-41341
CON-009189,VND-03883,468881.34,USD,2020-10-21,2021-09-20,FRAMEWORK,TERMINATED,EMP-34786
CON-009190,VND-03038,11659.14,INR,2023-04-04,2024-08-06,FIXED_PRICE,EXPIRED,EMP-16097
CON-009191,VND-04610,5000.0,USD,2020-04-27,2020-12-03,FRAMEWORK,EXPIRED,EMP-48607
CON-009192,VND-04637,5000.0,USD,2023-04-14,2026-04-02,MASTER_SERVICE,ACTIVE,EMP-27738
CON-009193,VND-04585,5005366.3,EUR,2021-08-19,2024-01-09,FIXED_PRICE,EXPIRED,EMP-60649
CON-009194,VND-00433,2360733.09,INR,2019-02-01,2021-09-14,FRAMEWORK,EXPIRED,EMP-64889
CON-009195,VND-04719,6676.62,GBP,2020-04-20,2021-03-17,FRAMEWORK,ACTIVE,EMP-71511
CON-009196,VND-03434,248027.55,INR,2019-08-22,2021-09-20,RETAINER,EXPIRED,EMP-59268
CON-009197,VND-03957,235182.85,USD,2020-09-08,2023-09-03,PURCHASE_ORDER,EXPIRED,EMP-26602
CON-009198,VND-02312,1048396.66,EUR,2021-08-17,2024-04-27,TIME_AND_MATERIAL,EXPIRED,EMP-72192
CON-009199,VND-02520,5000.0,USD,2018-01-15,2020-04-28,RETAINER,EXPIRED,EMP-26383
CON-009200,VND-04842,36156.71,EUR,2020-06-18,2022-03-11,TIME_AND_MATERIAL,EXPIRED,EMP-CORP-00252
CON-009201,VND-00470,10410.12,GBP,2023-09-03,2025-03-18,RETAINER,EXPIRED,EMP-70697
CON-009202,VND-02852,2957031.94,USD,2021-04-07,2022-05-26,MASTER_SERVICE,TERMINATED,EMP-5018
CON-009203,VND-03283,195250.76,USD,2019-03-30,2021-07-05,FIXED_PRICE,EXPIRED,EMP-17432
CON-009204,VND-03338,10680.47,EUR,2020-08-27,2021-04-21,PURCHASE_ORDER,EXPIRED,EMP-66170
CON-009205,VND-04114,8610.02,AUD,2019-01-16,2020-02-16,SLA,EXPIRED,EMP-62363
CON-009206,VND-04045,20969.54,USD,2022-01-03,2023-11-05,PURCHASE_ORDER,EXPIRED,EMP-46004
CON-009207,VND-02595,9763.94,AUD,2023-12-16,2025-01-27,FRAMEWORK,TERMINATED,EMP-245
CON-009208,VND-01145,332841.78,INR,2020-05-30,2021-01-03,TIME_AND_MATERIAL,EXPIRED,EMP-29505
CON-009209,VND-03138,21012.08,AUD,2022-01-22,2022-10-27,TIME_AND_MATERIAL,EXPIRED,EMP-2592
CON-009210,VND-04484,681179.34,AUD,2020-12-18,2023-03-16,FRAMEWORK,EXPIRED,EMP-66403
CON-009211,VND-04487,923658.0,USD,2022-11-09,2024-12-01,FIXED_PRICE,EXPIRED,EMP-RM788
CON-009212,VND-03274,5000.0,USD,2019-04-18,2020-07-14,PURCHASE_ORDER,EXPIRED,EMP-54526
CON-009213,VND-01771,10737.43,GBP,2019-10-11,2022-04-19,TIME_AND_MATERIAL,EXPIRED,EMP-56596
CON-009214,VND-01663,5000.0,USD,2021-09-26,2022-08-02,FRAMEWORK,TERMINATED,EMP-20057
CON-009215,VND-04049,9666.49,EUR,2019-11-20,2020-07-13,SLA,EXPIRED,EMP-56188
CON-009216,VND-01210,2937221.99,USD,2023-04-07,2024-10-21,TIME_AND_MATERIAL,EXPIRED,EMP-53173
CON-009217,VND-03440,84917.05,USD,2023-01-23,2024-02-06,FRAMEWORK,EXPIRED,EMP-23670
CON-009218,VND-00996,932184.9,USD,2023-10-02,2026-07-26,PURCHASE_ORDER,ACTIVE,EMP-19662
CON-009219,VND-01513,650213.64,USD,2022-05-16,2024-10-29,SLA,ACTIVE,EMP-48645
CON-009220,VND-04101,45870.24,CAD,2020-12-10,2022-10-31,TIME_AND_MATERIAL,ACTIVE,EMP-45486
CON-009221,VND-03924,16545.65,INR,2023-04-25,2026-02-13,MASTER_SERVICE,ACTIVE,EMP-10981
CON-009222,VND-00087,5000.0,EUR,2023-06-11,2024-08-11,TIME_AND_MATERIAL,TERMINATED,EMP-67186
CON-009223,VND-00686,23401.18,EUR,2022-03-21,2024-05-30,RETAINER,EXPIRED,EMP-55106
CON-009224,VND-01876,601889.8,EUR,2023-10-06,2025-09-24,RETAINER,ACTIVE,EMP-6110
CON-009225,VND-04976,513659.89,AUD,2019-04-15,2021-07-17,TIME_AND_MATERIAL,EXPIRED,EMP-58421
CON-009226,VND-03306,24788.81,USD,2021-11-09,2022-10-06,RETAINER,EXPIRED,EMP-67731
CON-009227,VND-02029,32465.88,USD,2022-07-14,2024-08-06,TIME_AND_MATERIAL,EXPIRED,EMP-24906
CON-009228,VND-02781,165450.78,CAD,2023-11-26,2024-11-10,FIXED_PRICE,EXPIRED,EMP-67719
CON-009229,VND-04682,7091.42,EUR,2022-12-23,2025-08-22,TIME_AND_MATERIAL,ACTIVE,EMP-68056
CON-009230,VND-04999,27283.39,USD,2020-03-16,2021-01-23,FIXED_PRICE,EXPIRED,EMP-24688
CON-009231,VND-02690,5000.0,USD,2022-01-08,2025-01-06,FRAMEWORK,TERMINATED,EMP-2674
CON-009232,VND-02146,5000.0,INR,2021-02-02,2021-08-03,TIME_AND_MATERIAL,TERMINATED,EMP-67155
CON-009233,VND-02664,2311953.63,EUR,2021-03-02,2022-07-13,FRAMEWORK,EXPIRED,EMP-52590
CON-009234,VND-04902,145184.34,EUR,2018-01-27,2020-03-08,FIXED_PRICE,ACTIVE,EMP-10077
CON-009235,VND-04645,20052.05,USD,2019-05-26,2020-04-16,TIME_AND_MATERIAL,EXPIRED,EMP-52544
CON-009236,VND-04589,9933.15,SGD,2023-12-29,2025-06-02,SLA,ACTIVE,EMP-73934
CON-009237,VND-01337,38669.44,AUD,2022-02-23,2023-11-13,SLA,TERMINATED,EMP-71271
CON-009238,VND-02841,1085258.29,USD,2018-03-15,2020-12-29,SLA,EXPIRED,EMP-3668
CON-009239,VND-02616,105440.44,USD,2020-05-21,2021-01-17,FIXED_PRICE,EXPIRED,EMP-44645
CON-009240,VND-01951,83240.73,USD,2019-03-26,2019-10-17,RETAINER,EXPIRED,EMP-61200
CON-009241,VND-03552,17930.46,USD,2018-07-16,2019-01-21,RETAINER,EXPIRED,EMP-6500
CON-009242,VND-01137,343351.12,SGD,2018-07-10,2020-04-06,TIME_AND_MATERIAL,EXPIRED,EMP-2909
CON-009243,VND-02487,265104.21,USD,2021-02-26,2023-10-04,SLA,EXPIRED,EMP-42160
CON-009244,VND-03324,44487.47,GBP,2022-05-04,2023-08-18,SLA,EXPIRED,EMP-39239
CON-009245,VND-01827,10764.13,AUD,2018-12-25,2020-11-27,RETAINER,EXPIRED,EMP-42617
CON-009246,VND-02984,2065063.09,INR,2021-05-26,2024-01-31,FRAMEWORK,EXPIRED,EMP-50657
CON-009247,VND-04049,599242.36,INR,2018-08-09,2020-02-14,TIME_AND_MATERIAL,EXPIRED,EMP-RM791
CON-009248,VND-04283,150415.2,USD,2023-06-18,2025-07-17,TIME_AND_MATERIAL,ACTIVE,EMP-17320
CON-009249,VND-00669,14356.32,SGD,2023-08-18,2025-07-24,FRAMEWORK,ACTIVE,EMP-59840
CON-009250,VND-00331,94939.87,GBP,2020-08-06,2023-03-03,RETAINER,EXPIRED,EMP-63279
CON-009251,VND-01387,23211.81,INR,2021-08-19,2022-09-04,RETAINER,EXPIRED,EMP-42583
CON-009252,VND-00749,25405.92,USD,2023-07-31,2026-05-19,PURCHASE_ORDER,ACTIVE,EMP-39608
CON-009253,VND-04869,49928.41,USD,2018-08-02,2019-02-05,MASTER_SERVICE,EXPIRED,EMP-34515
CON-009254,VND-01071,52479.89,USD,2021-01-06,2023-08-14,TIME_AND_MATERIAL,EXPIRED,EMP-24287
CON-009255,VND-01822,353270.33,CAD,2020-12-02,2022-07-07,FRAMEWORK,EXPIRED,EMP-57237
CON-009256,VND-04704,7939.02,USD,2022-02-05,2023-01-18,RETAINER,EXPIRED,EMP-48597
CON-009257,VND-04359,23968.52,USD,2019-10-04,2022-09-26,SLA,TERMINATED,EMP-49244
CON-009258,VND-02155,380431.59,INR,2020-08-30,2022-09-04,PURCHASE_ORDER,EXPIRED,EMP-48824
CON-009259,VND-04166,9843.28,INR,2018-06-22,2020-12-03,TIME_AND_MATERIAL,TERMINATED,EMP-27947
CON-009260,VND-04494,22579.09,USD,2018-10-02,2020-08-07,RETAINER,EXPIRED,EMP-27787
CON-009261,VND-03066,717842.59,USD,2019-04-13,2021-05-20,TIME_AND_MATERIAL,EXPIRED,EMP-1152
CON-009262,VND-02221,164792.39,USD,2020-11-28,2022-09-23,PURCHASE_ORDER,EXPIRED,EMP-5234
CON-009263,VND-03822,462120.07,GBP,2020-06-04,2022-06-23,RETAINER,EXPIRED,EMP-54350
CON-009264,VND-00080,42510.87,USD,2022-08-10,2024-11-23,FRAMEWORK,EXPIRED,EMP-30970
CON-009265,VND-00135,7703.49,EUR,2021-02-19,2022-05-19,PURCHASE_ORDER,TERMINATED,EMP-19964
CON-009266,VND-02807,105490.16,USD,2022-02-23,2023-01-16,TIME_AND_MATERIAL,EXPIRED,EMP-51806
CON-009267,VND-02345,19911.0,USD,2018-08-01,2021-04-11,PURCHASE_ORDER,EXPIRED,EMP-6364
CON-009268,VND-02851,405946.39,USD,2021-04-10,2022-06-02,TIME_AND_MATERIAL,EXPIRED,EMP-57561
CON-009269,VND-03920,196080.72,USD,2018-06-03,2020-04-04,SLA,EXPIRED,EMP-35963
CON-009270,VND-02291,48421.51,EUR,2022-06-22,2025-06-20,SLA,ACTIVE,EMP-55355
CON-009271,VND-04538,641784.86,USD,2021-03-05,2022-07-26,SLA,EXPIRED,EMP-37394
CON-009272,VND-03579,306276.15,EUR,2023-06-20,2025-01-03,TIME_AND_MATERIAL,EXPIRED,EMP-71902
CON-009273,VND-01371,679010.13,GBP,2019-09-29,2022-05-27,FRAMEWORK,TERMINATED,EMP-53141
CON-009274,VND-02170,318072.47,GBP,2018-06-26,2021-02-03,MASTER_SERVICE,EXPIRED,EMP-63948
CON-009275,VND-00203,354737.93,AUD,2022-08-02,2023-11-26,MASTER_SERVICE,EXPIRED,EMP-60413
CON-009276,VND-03709,1267005.59,GBP,2018-11-22,2021-07-17,MASTER_SERVICE,EXPIRED,EMP-49800
CON-009277,VND-00540,105462.53,EUR,2018-06-30,2021-02-12,RETAINER,TERMINATED,EMP-62774
CON-009278,VND-02692,55480.85,GBP,2023-10-11,2026-08-13,FIXED_PRICE,ACTIVE,EMP-69147
CON-009279,VND-04101,413982.09,EUR,2023-01-27,2024-08-16,SLA,EXPIRED,EMP-8881
CON-009280,VND-00699,14969.3,GBP,2022-11-02,2024-01-02,MASTER_SERVICE,EXPIRED,EMP-45613
CON-009281,VND-01544,24028.51,USD,2023-11-18,2025-08-03,FIXED_PRICE,ACTIVE,EMP-44893
CON-009282,VND-01727,907106.36,EUR,2019-05-23,2021-10-09,SLA,EXPIRED,EMP-6042
CON-009283,VND-04972,129883.22,USD,2023-11-30,2024-07-18,FIXED_PRICE,EXPIRED,EMP-26769
CON-009284,VND-00809,794190.24,CAD,2021-06-06,2023-07-11,FIXED_PRICE,EXPIRED,EMP-21468
CON-009285,VND-04704,11211.16,USD,2023-07-15,2024-02-17,MASTER_SERVICE,EXPIRED,EMP-36835
CON-009286,VND-03957,58508.43,USD,2019-01-21,2021-07-29,SLA,TERMINATED,EMP-67186
CON-009287,VND-00298,27258.05,CAD,2021-11-24,2023-10-31,TIME_AND_MATERIAL,EXPIRED,EMP-71329
CON-009288,VND-00719,158833.57,USD,2018-11-22,2021-07-10,RETAINER,EXPIRED,EMP-55311
CON-009289,VND-01735,10947.76,GBP,2018-11-13,2021-08-15,SLA,TERMINATED,EMP-47878
CON-009290,VND-04376,456208.72,USD,2021-06-26,2024-01-14,MASTER_SERVICE,EXPIRED,EMP-22092
CON-009291,VND-03641,12832.13,GBP,2022-04-19,2023-07-12,RETAINER,TERMINATED,EMP-31634
CON-009292,VND-01695,1244562.16,INR,2021-03-07,2022-03-12,MASTER_SERVICE,TERMINATED,EMP-34044
CON-009293,VND-01218,737332.46,GBP,2021-02-05,2024-01-05,FRAMEWORK,TERMINATED,EMP-57886
CON-009294,VND-01969,5000.0,USD,2021-05-02,2022-02-03,TIME_AND_MATERIAL,TERMINATED,EMP-22980
CON-009295,VND-04925,2370725.99,GBP,2021-07-07,2022-07-10,FIXED_PRICE,EXPIRED,EMP-48912
CON-009296,VND-03022,64139.07,USD,2021-01-08,2023-08-02,RETAINER,EXPIRED,EMP-38660
CON-009297,VND-00017,75777.93,USD,2022-08-07,2023-10-05,TIME_AND_MATERIAL,EXPIRED,EMP-50062
CON-009298,VND-04980,87881.04,USD,2020-12-17,2021-12-08,SLA,EXPIRED,EMP-34200
CON-009299,VND-00304,53748.36,USD,2020-04-02,2021-05-26,FRAMEWORK,EXPIRED,EMP-72852
CON-009300,VND-01899,268453.65,USD,2021-07-26,2022-02-21,MASTER_SERVICE,TERMINATED,EMP-48396
CON-009301,VND-03848,1324603.84,AUD,2020-03-14,2021-07-21,FIXED_PRICE,EXPIRED,EMP-60262
CON-009302,VND-02322,9402.97,INR,2021-07-19,2022-06-13,FIXED_PRICE,EXPIRED,EMP-46324
CON-009303,VND-04904,1060333.42,INR,2023-10-18,2024-12-19,TIME_AND_MATERIAL,EXPIRED,EMP-43312
CON-009304,VND-04921,38942.44,GBP,2023-01-18,2024-10-11,MASTER_SERVICE,EXPIRED,EMP-47865
CON-009305,VND-00115,15688.76,USD,2019-11-10,2021-05-20,FIXED_PRICE,EXPIRED,EMP-10398
CON-009306,VND-02345,687865.63,USD,2023-01-16,2025-10-26,FRAMEWORK,ACTIVE,EMP-24112
CON-009307,VND-03077,653648.94,EUR,2018-05-16,2020-05-04,FIXED_PRICE,EXPIRED,EMP-65637
CON-009308,VND-04894,117360.62,USD,2020-11-06,2021-05-10,TIME_AND_MATERIAL,EXPIRED,EMP-CORP-00264
CON-009309,VND-04742,57676.13,USD,2023-02-27,2024-03-12,FIXED_PRICE,EXPIRED,EMP-328
CON-009310,VND-02594,65473.92,CAD,2018-12-22,2020-11-29,FIXED_PRICE,ACTIVE,EMP-19903
CON-009311,VND-01923,143697.85,GBP,2020-03-20,2022-09-15,FRAMEWORK,EXPIRED,EMP-33290
CON-009312,VND-02653,432021.07,USD,2018-05-05,2020-08-18,RETAINER,EXPIRED,EMP-62522
CON-009313,VND-01635,334602.91,INR,2023-10-07,2024-10-08,TIME_AND_MATERIAL,EXPIRED,EMP-47783
CON-009314,VND-03873,327759.74,EUR,2022-06-23,2025-01-30,PURCHASE_ORDER,EXPIRED,EMP-23569
CON-009315,VND-00166,25568.68,USD,2022-08-09,2023-07-22,MASTER_SERVICE,EXPIRED,EMP-72493
CON-009316,VND-00815,24535.96,USD,2019-12-29,2021-05-30,RETAINER,EXPIRED,EMP-18167
CON-009317,VND-02139,899352.16,USD,2021-04-17,2021-10-14,FRAMEWORK,TERMINATED,EMP-49193
CON-009318,VND-01011,50399.96,EUR,2021-08-01,2023-09-20,PURCHASE_ORDER,EXPIRED,EMP-RM767
CON-009319,VND-02892,66625.47,USD,2019-02-06,2019-12-09,FIXED_PRICE,EXPIRED,EMP-22492
CON-009320,VND-00358,262284.07,EUR,2020-06-06,2023-02-17,MASTER_SERVICE,TERMINATED,EMP-46916
CON-009321,VND-02733,353824.3,CAD,2023-06-19,2026-01-23,TIME_AND_MATERIAL,ACTIVE,EMP-22408
CON-009322,VND-03962,98411.02,CAD,2023-07-12,2026-01-12,SLA,ACTIVE,EMP-66096
CON-009323,VND-03435,122936.66,AUD,2019-04-08,2021-12-03,FRAMEWORK,EXPIRED,EMP-32684
CON-009324,VND-00886,393669.78,USD,2018-09-05,2021-06-02,MASTER_SERVICE,EXPIRED,EMP-RM908
CON-009325,VND-00696,9447.39,USD,2018-10-05,2021-06-28,TIME_AND_MATERIAL,EXPIRED,EMP-17467
CON-009326,VND-03356,5000.0,USD,2022-10-13,2023-07-09,FIXED_PRICE,EXPIRED,EMP-22717
CON-009327,VND-00754,496832.04,INR,2023-01-22,2024-04-25,RETAINER,EXPIRED,EMP-RM016
CON-009328,VND-04352,11727.81,USD,2020-10-01,2021-12-25,SLA,EXPIRED,EMP-38618
CON-009329,VND-00648,6854.19,USD,2018-05-08,2019-12-24,RETAINER,EXPIRED,EMP-25778
CON-009330,VND-04787,259683.08,USD,2020-07-05,2022-05-10,FIXED_PRICE,EXPIRED,EMP-63460
CON-009331,VND-03010,628969.93,USD,2019-04-21,2021-06-02,FRAMEWORK,EXPIRED,EMP-40598
CON-009332,VND-01092,150239.55,USD,2022-11-07,2025-09-16,FIXED_PRICE,ACTIVE,EMP-44499
CON-009333,VND-00993,36776.87,CAD,2018-08-08,2021-05-18,FIXED_PRICE,EXPIRED,EMP-31890
CON-009334,VND-02418,44190.8,USD,2018-06-01,2019-09-11,TIME_AND_MATERIAL,TERMINATED,EMP-5133
CON-009335,VND-04030,719326.59,USD,2020-11-23,2023-02-26,MASTER_SERVICE,EXPIRED,EMP-37604
CON-009336,VND-02283,229890.35,CAD,2021-11-11,2024-05-07,SLA,EXPIRED,EMP-15791
CON-009337,VND-04483,5000.0,AUD,2020-06-25,2023-04-04,FRAMEWORK,EXPIRED,EMP-38850
CON-009338,VND-03031,5000.0,CAD,2022-05-11,2024-08-02,RETAINER,EXPIRED,EMP-54063
CON-009339,VND-01873,6010.69,GBP,2019-09-07,2021-06-10,MASTER_SERVICE,TERMINATED,EMP-33119
CON-009340,VND-02524,39303.71,USD,2022-11-24,2023-09-10,FRAMEWORK,EXPIRED,EMP-216
CON-009341,VND-03060,17680.13,INR,2018-06-03,2019-08-31,FRAMEWORK,EXPIRED,EMP-25775
CON-009342,VND-03793,17465.34,CAD,2019-06-25,2022-06-18,FIXED_PRICE,EXPIRED,EMP-1863
CON-009343,VND-01385,11714.52,EUR,2021-03-08,2023-08-03,MASTER_SERVICE,TERMINATED,EMP-RM229
CON-009344,VND-00623,1151047.26,GBP,2021-03-12,2022-04-04,TIME_AND_MATERIAL,EXPIRED,EMP-32633
CON-009345,VND-03612,14088.29,USD,2020-11-26,2022-08-20,RETAINER,EXPIRED,EMP-22288
CON-009346,VND-04096,1103927.62,USD,2023-07-24,2024-10-16,FIXED_PRICE,EXPIRED,EMP-58912
CON-009347,VND-02016,6279.25,GBP,2023-08-11,2026-04-17,SLA,ACTIVE,EMP-70761
CON-009348,VND-01459,249236.58,INR,2023-07-20,2026-02-20,RETAINER,ACTIVE,EMP-1020
CON-009349,VND-01661,180612.37,EUR,2023-05-03,2025-09-06,SLA,ACTIVE,EMP-66683
CON-009350,VND-00588,521386.42,USD,2022-12-04,2024-06-06,SLA,EXPIRED,EMP-RM191
CON-009351,VND-01199,89131.24,USD,2020-03-01,2021-11-14,TIME_AND_MATERIAL,EXPIRED,EMP-57123
CON-009352,VND-00132,812002.49,SGD,2018-08-08,2019-06-18,RETAINER,EXPIRED,EMP-36016
CON-009353,VND-02332,115375.98,GBP,2018-01-22,2019-02-13,RETAINER,EXPIRED,EMP-72319
CON-009354,VND-01270,5000.0,USD,2021-11-16,2022-10-16,TIME_AND_MATERIAL,TERMINATED,EMP-32168
CON-009355,VND-04895,65874.39,SGD,2019-08-17,2021-04-27,PURCHASE_ORDER,EXPIRED,EMP-72098
CON-009356,VND-00419,48251.82,INR,2019-06-30,2021-03-04,TIME_AND_MATERIAL,EXPIRED,EMP-13563
CON-009357,VND-04213,1386949.24,GBP,2019-03-10,2020-12-05,RETAINER,EXPIRED,EMP-CORP-00581
CON-009358,VND-00210,7852984.81,GBP,2019-06-07,2020-09-23,MASTER_SERVICE,EXPIRED,EMP-11090
CON-009359,VND-00446,89880.76,USD,2022-09-16,2023-03-23,PURCHASE_ORDER,EXPIRED,EMP-12203
CON-009360,VND-03639,11369.35,GBP,2022-01-07,2024-06-19,RETAINER,EXPIRED,EMP-44414
CON-009361,VND-02908,159004.27,USD,2019-10-16,2021-09-29,SLA,TERMINATED,EMP-73481
CON-009362,VND-00889,41582.95,USD,2020-07-13,2022-06-17,TIME_AND_MATERIAL,EXPIRED,EMP-49431
CON-009363,VND-01889,89904.73,USD,2020-07-21,2021-09-20,MASTER_SERVICE,EXPIRED,EMP-36140
CON-009364,VND-03294,31814.74,CAD,2021-11-20,2022-06-07,TIME_AND_MATERIAL,EXPIRED,EMP-35626
CON-009365,VND-00073,1165052.69,USD,2021-01-07,2023-10-10,FRAMEWORK,EXPIRED,EMP-36716
CON-009366,VND-00391,22505.59,USD,2022-07-21,2024-11-24,MASTER_SERVICE,EXPIRED,EMP-57488
CON-009367,VND-02552,12124.32,EUR,2019-11-06,2020-08-18,RETAINER,EXPIRED,EMP-38072
CON-009368,VND-01786,1331063.76,USD,2022-05-06,2024-10-13,TIME_AND_MATERIAL,EXPIRED,EMP-RM232
CON-009369,VND-01499,230670.89,USD,2022-09-14,2025-02-22,FRAMEWORK,EXPIRED,EMP-17856
CON-009370,VND-00353,547252.84,EUR,2019-06-04,2020-03-25,FIXED_PRICE,EXPIRED,EMP-CORP-00297
CON-009371,VND-04853,62260.17,SGD,2023-10-23,2026-08-08,RETAINER,ACTIVE,EMP-4644
CON-009372,VND-01032,9903.39,USD,2023-07-23,2026-05-14,MASTER_SERVICE,ACTIVE,EMP-40149
CON-009373,VND-01240,14056.59,USD,2019-05-20,2020-05-21,PURCHASE_ORDER,TERMINATED,EMP-10016
CON-009374,VND-02995,154237.48,EUR,2020-01-22,2021-11-02,RETAINER,EXPIRED,EMP-57339
CON-009375,VND-01486,8017.26,USD,2020-10-14,2023-05-26,FRAMEWORK,ACTIVE,EMP-49507
CON-009376,VND-02600,728569.64,EUR,2020-12-31,2023-06-10,SLA,EXPIRED,EMP-4671
CON-009377,VND-03186,2886558.92,INR,2021-05-14,2024-03-01,PURCHASE_ORDER,EXPIRED,EMP-52381
CON-009378,VND-03452,287095.22,EUR,2019-03-09,2021-02-20,RETAINER,EXPIRED,EMP-31358
CON-009379,VND-01474,5000.0,USD,2019-05-21,2021-02-14,TIME_AND_MATERIAL,TERMINATED,EMP-38336
CON-009380,VND-02577,5000.0,USD,2022-01-04,2022-11-11,TIME_AND_MATERIAL,EXPIRED,EMP-36480
CON-009381,VND-03543,30245.66,EUR,2023-01-10,2023-11-20,SLA,EXPIRED,EMP-24037
CON-009382,VND-04244,21278.42,USD,2022-10-25,2023-07-22,FRAMEWORK,EXPIRED,EMP-47717
CON-009383,VND-03332,211383.01,GBP,2021-08-05,2023-10-17,SLA,EXPIRED,EMP-33260
CON-009384,VND-02108,5000.0,INR,2021-08-30,2024-08-27,PURCHASE_ORDER,EXPIRED,EMP-69687
CON-009385,VND-01247,151073.21,EUR,2023-01-11,2024-06-19,TIME_AND_MATERIAL,EXPIRED,EMP-43716
CON-009386,VND-02086,5000.0,AUD,2022-11-19,2023-11-03,MASTER_SERVICE,EXPIRED,EMP-49204
CON-009387,VND-00980,1539855.69,EUR,2022-03-08,2024-06-10,FRAMEWORK,EXPIRED,EMP-40315
CON-009388,VND-04207,308172.39,EUR,2022-11-04,2024-12-09,FRAMEWORK,EXPIRED,EMP-74442
CON-009389,VND-02403,3419282.24,EUR,2020-06-14,2022-01-09,FIXED_PRICE,EXPIRED,EMP-68875
CON-009390,VND-03526,361396.94,GBP,2018-09-18,2019-07-20,FIXED_PRICE,EXPIRED,EMP-28804
CON-009391,VND-00994,34797.15,GBP,2021-09-11,2024-04-07,SLA,EXPIRED,EMP-31418
CON-009392,VND-00020,53973.86,GBP,2023-08-30,2025-06-20,FRAMEWORK,ACTIVE,EMP-10057
CON-009393,VND-01330,76273.22,GBP,2021-03-14,2021-10-23,TIME_AND_MATERIAL,EXPIRED,EMP-40435
CON-009394,VND-03212,19130.09,USD,2021-12-08,2024-04-11,FRAMEWORK,EXPIRED,EMP-41798
CON-009395,VND-00478,5000.0,USD,2018-09-16,2020-09-01,RETAINER,EXPIRED,EMP-40668
CON-009396,VND-03258,124649.57,USD,2018-09-13,2020-12-26,FRAMEWORK,EXPIRED,EMP-25393
CON-009397,VND-01940,586961.64,USD,2018-03-04,2019-08-22,TIME_AND_MATERIAL,EXPIRED,EMP-29120
CON-009398,VND-01657,33357.38,USD,2021-04-13,2023-10-07,PURCHASE_ORDER,TERMINATED,EMP-49872
CON-009399,VND-03890,425196.58,INR,2020-07-14,2021-02-23,MASTER_SERVICE,TERMINATED,EMP-73658
CON-009400,VND-02244,153612.96,CAD,2020-01-30,2021-03-23,RETAINER,TERMINATED,EMP-18222
CON-009401,VND-04242,582720.38,CAD,2023-11-26,2024-12-30,TIME_AND_MATERIAL,TERMINATED,EMP-62225
CON-009402,VND-01939,153523.95,INR,2021-09-07,2023-12-13,TIME_AND_MATERIAL,EXPIRED,EMP-44123
CON-009403,VND-01541,228734.11,GBP,2022-06-16,2023-11-26,RETAINER,EXPIRED,EMP-46353
CON-009404,VND-00488,144934.46,INR,2018-12-12,2021-03-27,MASTER_SERVICE,EXPIRED,EMP-55910
CON-009405,VND-04776,620021.19,GBP,2018-12-13,2020-08-16,MASTER_SERVICE,EXPIRED,EMP-68771
CON-009406,VND-04245,11186.74,USD,2021-12-14,2022-09-26,FIXED_PRICE,EXPIRED,EMP-61638
CON-009407,VND-02582,494538.32,EUR,2018-03-21,2018-09-29,PURCHASE_ORDER,TERMINATED,EMP-55971
CON-009408,VND-02321,88040.1,EUR,2020-09-14,2023-01-04,MASTER_SERVICE,EXPIRED,EMP-10083
CON-009409,VND-00559,82732.1,USD,2022-02-02,2024-08-15,RETAINER,TERMINATED,EMP-66821
CON-009410,VND-03697,444244.83,USD,2021-04-15,2023-07-02,FIXED_PRICE,EXPIRED,EMP-6395
CON-009411,VND-02084,358882.75,USD,2019-05-29,2020-10-11,TIME_AND_MATERIAL,EXPIRED,EMP-49498
CON-009412,VND-04259,161615.65,INR,2019-01-19,2020-01-28,RETAINER,EXPIRED,EMP-56713
CON-009413,VND-03393,107381.56,EUR,2021-02-03,2021-08-09,SLA,EXPIRED,EMP-44462
CON-009414,VND-03652,5000.0,EUR,2021-08-11,2023-11-07,FRAMEWORK,EXPIRED,EMP-46801
CON-009415,VND-00499,68685.32,GBP,2022-07-21,2024-03-26,FIXED_PRICE,EXPIRED,EMP-51766
CON-009416,VND-01591,34389.2,GBP,2023-06-12,2024-10-25,TIME_AND_MATERIAL,EXPIRED,EMP-65399
CON-009417,VND-01581,12566.91,EUR,2022-05-14,2023-04-26,SLA,EXPIRED,EMP-8881
CON-009418,VND-00581,6510.79,USD,2023-02-20,2026-01-12,FIXED_PRICE,ACTIVE,EMP-CORP-00240
CON-009419,VND-04584,17670.4,INR,2019-05-02,2020-01-21,RETAINER,EXPIRED,EMP-49371
CON-009420,VND-02257,236020.21,INR,2023-07-12,2024-11-01,RETAINER,TERMINATED,EMP-41325
CON-009421,VND-00576,427502.49,GBP,2020-03-16,2020-12-21,FRAMEWORK,TERMINATED,EMP-38248
CON-009422,VND-00378,703857.96,CAD,2019-03-18,2021-06-26,FIXED_PRICE,EXPIRED,EMP-RM767
CON-009423,VND-01280,8825830.47,SGD,2020-06-07,2021-09-21,RETAINER,EXPIRED,EMP-53084
CON-009424,VND-03299,5000.0,USD,2020-07-22,2023-05-18,MASTER_SERVICE,TERMINATED,EMP-72878
CON-009425,VND-04495,468301.19,INR,2019-05-02,2022-03-18,TIME_AND_MATERIAL,EXPIRED,EMP-67600
CON-009426,VND-01896,451465.68,EUR,2020-11-17,2023-10-06,PURCHASE_ORDER,EXPIRED,EMP-6773
CON-009427,VND-01137,322239.97,USD,2020-05-02,2021-01-13,FIXED_PRICE,EXPIRED,EMP-CORP-00326
CON-009428,VND-04829,42013.24,USD,2019-02-04,2019-10-02,SLA,EXPIRED,EMP-65868
CON-009429,VND-02827,244355.12,USD,2019-02-03,2020-10-01,TIME_AND_MATERIAL,TERMINATED,EMP-39942
CON-009430,VND-01729,253023.9,EUR,2021-05-07,2022-05-09,RETAINER,EXPIRED,EMP-53830
CON-009431,VND-04920,175518.99,USD,2019-03-21,2019-11-28,SLA,EXPIRED,EMP-73343
CON-009432,VND-00442,25536.25,USD,2022-01-01,2022-11-29,RETAINER,EXPIRED,EMP-5687
CON-009433,VND-00573,41529.53,EUR,2021-01-26,2022-06-03,TIME_AND_MATERIAL,EXPIRED,EMP-67003
CON-009434,VND-00060,73411.55,USD,2021-12-24,2023-06-24,FIXED_PRICE,ACTIVE,EMP-62678
CON-009435,VND-02966,25187.07,USD,2021-07-27,2023-08-16,RETAINER,EXPIRED,EMP-72306
CON-009436,VND-03283,16373.23,USD,2022-05-23,2023-11-27,FRAMEWORK,EXPIRED,EMP-73399
CON-009437,VND-02046,27895.58,EUR,2019-03-18,2021-06-02,FRAMEWORK,EXPIRED,EMP-11022
CON-009438,VND-02441,381876.77,USD,2020-06-20,2022-01-01,FRAMEWORK,EXPIRED,EMP-71678
CON-009439,VND-00540,123915.59,USD,2018-01-19,2020-01-07,FRAMEWORK,ACTIVE,EMP-14662
CON-009440,VND-01916,53285.46,INR,2020-07-31,2021-08-27,RETAINER,TERMINATED,EMP-28332
CON-009441,VND-01995,6184.38,USD,2018-02-06,2018-12-17,MASTER_SERVICE,EXPIRED,EMP-72652
CON-009442,VND-03651,5000.0,CAD,2021-07-28,2024-01-24,PURCHASE_ORDER,EXPIRED,EMP-29999
CON-009443,VND-00810,12200.0,USD,2023-04-29,2024-07-22,RETAINER,EXPIRED,EMP-73378
CON-009444,VND-03824,5000.0,INR,2020-09-14,2023-09-11,PURCHASE_ORDER,TERMINATED,EMP-65666
CON-009445,VND-02417,14672.84,INR,2022-07-20,2024-04-07,FIXED_PRICE,EXPIRED,EMP-RM685
CON-009446,VND-03779,23023.79,USD,2023-10-27,2024-11-03,TIME_AND_MATERIAL,EXPIRED,EMP-72423
CON-009447,VND-02257,25926.94,GBP,2019-01-16,2020-11-06,RETAINER,EXPIRED,EMP-56797
CON-009448,VND-00129,697002.75,USD,2018-11-25,2021-01-30,PURCHASE_ORDER,EXPIRED,EMP-20782
CON-009449,VND-03815,5000.0,CAD,2023-12-11,2024-08-26,MASTER_SERVICE,EXPIRED,EMP-57005
CON-009450,VND-02150,38634.97,USD,2020-12-19,2023-09-11,SLA,EXPIRED,EMP-70510
CON-009451,VND-04329,363136.36,USD,2019-06-25,2021-03-02,TIME_AND_MATERIAL,EXPIRED,EMP-6008
CON-009452,VND-02511,12637.91,EUR,2022-04-26,2025-04-05,MASTER_SERVICE,EXPIRED,EMP-22394
CON-009453,VND-03037,220690.72,GBP,2018-12-18,2019-06-30,FIXED_PRICE,EXPIRED,EMP-9973
CON-009454,VND-02322,14668.68,USD,2023-02-01,2025-04-26,FRAMEWORK,EXPIRED,EMP-70274
CON-009455,VND-04447,427357.2,EUR,2018-01-26,2018-11-19,FRAMEWORK,EXPIRED,EMP-59115
CON-009456,VND-04724,14121.27,USD,2019-02-06,2019-10-13,PURCHASE_ORDER,EXPIRED,EMP-5944
CON-009457,VND-00969,208230.59,EUR,2022-06-22,2025-02-17,SLA,EXPIRED,EMP-6356
CON-009458,VND-01953,42262.48,INR,2023-10-10,2025-01-11,RETAINER,EXPIRED,EMP-22559
CON-009459,VND-03425,2014115.96,EUR,2020-05-22,2021-02-22,SLA,EXPIRED,EMP-12774
CON-009460,VND-03898,779822.19,USD,2018-02-13,2018-12-04,PURCHASE_ORDER,EXPIRED,EMP-38794
CON-009461,VND-02414,632018.74,EUR,2023-08-20,2025-09-24,RETAINER,ACTIVE,EMP-30512
CON-009462,VND-04941,265017.02,USD,2021-10-07,2023-09-03,RETAINER,EXPIRED,EMP-34700
CON-009463,VND-04081,5125085.36,USD,2022-05-19,2023-03-16,TIME_AND_MATERIAL,EXPIRED,EMP-47738
CON-009464,VND-01524,5000.0,USD,2019-02-11,2021-11-22,RETAINER,EXPIRED,EMP-21098
CON-009465,VND-00482,14359.33,INR,2022-11-01,2024-06-11,MASTER_SERVICE,TERMINATED,EMP-68162
CON-009466,VND-01710,19680.39,EUR,2023-04-29,2024-05-11,PURCHASE_ORDER,EXPIRED,EMP-64027
CON-009467,VND-02399,445983.15,GBP,2023-12-23,2026-02-04,FRAMEWORK,ACTIVE,EMP-14049
CON-009468,VND-04443,7736.99,USD,2021-06-16,2023-10-09,FIXED_PRICE,EXPIRED,EMP-43509
CON-009469,VND-02196,1088086.79,SGD,2018-09-16,2020-08-05,SLA,EXPIRED,EMP-1234
CON-009470,VND-03424,9236.82,AUD,2023-03-13,2025-06-24,FRAMEWORK,ACTIVE,EMP-11517
CON-009471,VND-00152,554401.56,USD,2018-08-09,2019-06-02,SLA,EXPIRED,EMP-48680
CON-009472,VND-01636,936267.78,GBP,2023-06-22,2024-02-08,PURCHASE_ORDER,EXPIRED,EMP-15650
CON-009473,VND-01142,734111.26,CAD,2022-05-07,2025-02-25,MASTER_SERVICE,EXPIRED,EMP-55950
CON-009474,VND-03451,538584.05,USD,2021-12-13,2023-09-27,MASTER_SERVICE,TERMINATED,EMP-14532
CON-009475,VND-02682,291599.6,INR,2019-03-19,2020-05-01,RETAINER,EXPIRED,EMP-58276
CON-009476,VND-00135,5000.0,USD,2022-04-23,2025-01-17,MASTER_SERVICE,EXPIRED,EMP-25064
CON-009477,VND-04639,5000.0,USD,2022-10-27,2024-07-18,RETAINER,EXPIRED,EMP-7178
CON-009478,VND-04018,370564.75,USD,2018-05-09,2019-01-27,SLA,EXPIRED,EMP-18062
CON-009479,VND-00413,652397.64,USD,2019-10-29,2022-05-26,SLA,TERMINATED,EMP-RM808
CON-009480,VND-01209,19354.68,GBP,2018-04-05,2019-11-05,TIME_AND_MATERIAL,EXPIRED,EMP-29629
CON-009481,VND-01966,5290.11,GBP,2022-11-12,2024-02-25,SLA,EXPIRED,EMP-158
CON-009482,VND-04984,28628.28,GBP,2023-08-03,2025-05-11,FIXED_PRICE,ACTIVE,EMP-8883
CON-009483,VND-03161,78629.32,USD,2022-07-29,2024-06-07,MASTER_SERVICE,EXPIRED,EMP-1486
CON-009484,VND-04504,308760.68,USD,2018-03-31,2019-02-20,MASTER_SERVICE,EXPIRED,EMP-21580
CON-009485,VND-00299,1046650.73,USD,2023-09-05,2024-08-14,MASTER_SERVICE,EXPIRED,EMP-72949
CON-009486,VND-02560,8427.63,GBP,2022-06-27,2023-12-05,PURCHASE_ORDER,TERMINATED,EMP-7460
CON-009487,VND-00101,209341.27,USD,2019-05-20,2021-09-04,PURCHASE_ORDER,EXPIRED,EMP-928
CON-009488,VND-04655,192716.89,USD,2021-09-28,2023-06-05,RETAINER,EXPIRED,EMP-25555
CON-009489,VND-02283,45353.57,USD,2022-11-19,2024-10-23,RETAINER,EXPIRED,EMP-36862
CON-009490,VND-04728,15815.21,USD,2021-10-12,2022-09-24,FRAMEWORK,ACTIVE,EMP-33663
CON-009491,VND-02617,303030.81,USD,2018-07-14,2021-07-09,SLA,TERMINATED,EMP-19386
CON-009492,VND-03255,5000.0,GBP,2023-10-23,2024-06-01,FIXED_PRICE,TERMINATED,EMP-22793
CON-009493,VND-01570,32730.09,INR,2021-11-12,2023-11-13,FRAMEWORK,EXPIRED,EMP-55952
CON-009494,VND-04221,5725.98,SGD,2023-08-24,2025-05-19,SLA,EXPIRED,EMP-42420
CON-009495,VND-03939,613919.84,USD,2022-08-22,2024-08-23,FRAMEWORK,EXPIRED,EMP-67731
CON-009496,VND-00297,917535.97,USD,2021-07-17,2022-08-16,FRAMEWORK,EXPIRED,EMP-23526
CON-009497,VND-04656,276689.44,USD,2018-10-30,2019-12-03,PURCHASE_ORDER,EXPIRED,EMP-72300
CON-009498,VND-03881,1650040.42,GBP,2020-03-28,2022-07-15,RETAINER,EXPIRED,EMP-28248
CON-009499,VND-00602,892375.79,INR,2023-12-05,2024-07-23,PURCHASE_ORDER,TERMINATED,EMP-7327
CON-009500,VND-00366,7547.47,USD,2020-01-19,2021-12-23,MASTER_SERVICE,EXPIRED,EMP-RM792
CON-009501,VND-04433,180684.94,AUD,2018-08-03,2019-11-14,PURCHASE_ORDER,EXPIRED,EMP-69355
CON-009502,VND-00724,12289.81,INR,2019-03-31,2020-03-02,FIXED_PRICE,EXPIRED,EMP-67043
CON-009503,VND-01623,5000.0,USD,2020-03-06,2021-04-23,SLA,EXPIRED,EMP-3607
CON-009504,VND-03673,1123584.38,GBP,2021-04-16,2022-10-26,FRAMEWORK,EXPIRED,EMP-35098
CON-009505,VND-02198,131052.37,USD,2020-07-03,2022-05-21,PURCHASE_ORDER,EXPIRED,EMP-39333
CON-009506,VND-04670,288141.19,GBP,2021-02-20,2022-07-22,PURCHASE_ORDER,EXPIRED,EMP-297
CON-009507,VND-00834,42799.58,SGD,2021-02-13,2022-09-15,TIME_AND_MATERIAL,EXPIRED,EMP-16763
CON-009508,VND-00927,15844.35,GBP,2021-12-05,2022-07-02,PURCHASE_ORDER,TERMINATED,EMP-69400
CON-009509,VND-02195,24547.15,INR,2020-03-13,2021-11-17,PURCHASE_ORDER,TERMINATED,EMP-33659
CON-009510,VND-00590,711980.03,GBP,2020-10-05,2021-09-25,TIME_AND_MATERIAL,EXPIRED,EMP-14634
CON-009511,VND-03719,342644.17,EUR,2020-01-10,2020-10-17,RETAINER,EXPIRED,EMP-12830
CON-009512,VND-02788,13133.7,USD,2020-11-20,2021-12-20,FIXED_PRICE,EXPIRED,EMP-49848
CON-009513,VND-04491,127142.92,USD,2023-09-16,2026-01-14,MASTER_SERVICE,ACTIVE,EMP-778
CON-009514,VND-03404,463697.19,GBP,2021-08-31,2024-06-18,RETAINER,EXPIRED,EMP-20379
CON-009515,VND-00653,460913.19,GBP,2022-06-09,2023-10-30,FRAMEWORK,EXPIRED,EMP-8767
CON-009516,VND-00673,36079.72,GBP,2022-10-23,2024-04-28,MASTER_SERVICE,EXPIRED,EMP-17000
CON-009517,VND-03600,186759.45,USD,2023-11-08,2026-10-19,PURCHASE_ORDER,ACTIVE,EMP-52130
CON-009518,VND-03166,680333.97,INR,2021-12-30,2024-05-13,FRAMEWORK,EXPIRED,EMP-66861
CON-009519,VND-04989,135479.9,INR,2020-05-11,2023-02-28,PURCHASE_ORDER,EXPIRED,EMP-7914
CON-009520,VND-02017,21838.3,INR,2021-12-27,2022-12-24,MASTER_SERVICE,EXPIRED,EMP-40626
CON-009521,VND-00178,6556.73,USD,2018-12-10,2020-08-15,FRAMEWORK,EXPIRED,EMP-44859
CON-009522,VND-02427,33718.67,USD,2020-08-12,2021-04-18,SLA,EXPIRED,EMP-31358
CON-009523,VND-04236,34389.25,USD,2022-09-15,2025-06-29,MASTER_SERVICE,ACTIVE,EMP-RM064
CON-009524,VND-02205,53597.46,USD,2020-06-18,2022-12-04,RETAINER,EXPIRED,EMP-24303
CON-009525,VND-03564,101325.58,USD,2020-09-10,2021-11-22,MASTER_SERVICE,TERMINATED,EMP-2877
CON-009526,VND-02888,273205.52,USD,2021-09-23,2024-04-29,SLA,EXPIRED,EMP-6040
CON-009527,VND-04938,23695.56,USD,2020-03-16,2020-09-20,FRAMEWORK,EXPIRED,EMP-68691
CON-009528,VND-00501,684711.54,USD,2018-05-03,2020-06-28,RETAINER,EXPIRED,EMP-53626
CON-009529,VND-02250,557047.32,USD,2018-12-28,2020-05-01,MASTER_SERVICE,ACTIVE,EMP-703
CON-009530,VND-04854,17440.43,USD,2018-09-23,2020-03-21,FRAMEWORK,EXPIRED,EMP-64430
CON-009531,VND-03407,1364476.48,USD,2023-03-16,2026-03-08,SLA,ACTIVE,EMP-43848
CON-009532,VND-01517,52345.09,EUR,2022-11-15,2025-09-10,FRAMEWORK,ACTIVE,EMP-28717
CON-009533,VND-01262,179220.56,USD,2019-12-17,2022-02-04,RETAINER,TERMINATED,EMP-39253
CON-009534,VND-00564,27045.18,EUR,2023-01-01,2023-12-22,FRAMEWORK,EXPIRED,EMP-43048
CON-009535,VND-04510,407801.19,EUR,2022-12-20,2025-03-24,TIME_AND_MATERIAL,TERMINATED,EMP-30731
CON-009536,VND-03401,441170.01,EUR,2020-12-03,2021-09-29,TIME_AND_MATERIAL,EXPIRED,EMP-60525
CON-009537,VND-04481,45896.0,INR,2023-03-22,2024-08-26,TIME_AND_MATERIAL,EXPIRED,EMP-42627
CON-009538,VND-00121,1159169.35,USD,2021-07-08,2024-03-05,TIME_AND_MATERIAL,EXPIRED,EMP-60821
CON-009539,VND-01259,245139.58,SGD,2020-03-06,2021-08-19,TIME_AND_MATERIAL,EXPIRED,EMP-73951
CON-009540,VND-03939,59557.58,USD,2021-09-09,2023-04-02,SLA,EXPIRED,EMP-65046
CON-009541,VND-03030,332521.49,INR,2021-01-05,2021-11-08,RETAINER,TERMINATED,EMP-18337
CON-009542,VND-03123,5000.0,USD,2021-08-06,2022-04-25,TIME_AND_MATERIAL,EXPIRED,EMP-635
CON-009543,VND-03817,13128.36,CAD,2022-01-17,2022-11-15,FIXED_PRICE,TERMINATED,EMP-48751
CON-009544,VND-01740,808460.82,USD,2018-05-14,2020-04-12,FRAMEWORK,EXPIRED,EMP-11727
CON-009545,VND-03558,11201.5,USD,2023-11-30,2025-03-02,FIXED_PRICE,EXPIRED,EMP-2707
CON-009546,VND-01005,1886738.99,INR,2020-09-02,2022-03-11,SLA,EXPIRED,EMP-33803
CON-009547,VND-04835,7008.42,EUR,2023-06-03,2025-11-02,PURCHASE_ORDER,ACTIVE,EMP-61798
CON-009548,VND-01232,5000.0,USD,2019-10-01,2021-12-10,MASTER_SERVICE,ACTIVE,EMP-59166
CON-009549,VND-00250,15464.07,EUR,2022-04-13,2023-04-12,FIXED_PRICE,EXPIRED,EMP-47790
CON-009550,VND-04846,44957.13,USD,2019-03-10,2022-01-26,TIME_AND_MATERIAL,EXPIRED,EMP-17500
CON-009551,VND-03746,26722.77,EUR,2021-01-09,2022-03-16,FIXED_PRICE,EXPIRED,EMP-25466
CON-009552,VND-00510,1177484.51,USD,2018-03-15,2019-11-09,PURCHASE_ORDER,TERMINATED,EMP-33618
CON-009553,VND-01385,26781.91,USD,2021-06-06,2024-05-05,PURCHASE_ORDER,EXPIRED,EMP-12693
CON-009554,VND-02997,250145.97,INR,2019-10-29,2020-08-07,SLA,EXPIRED,EMP-19434
CON-009555,VND-02557,12849.67,CAD,2022-12-08,2025-10-31,MASTER_SERVICE,ACTIVE,MGR-3767
CON-009556,VND-00065,574368.63,GBP,2023-03-21,2023-11-24,SLA,EXPIRED,EMP-11585
CON-009557,VND-04270,640887.05,USD,2022-01-18,2024-02-04,FRAMEWORK,EXPIRED,EMP-49284
CON-009558,VND-04122,87900.84,CAD,2020-06-17,2023-03-06,FRAMEWORK,EXPIRED,EMP-66586
CON-009559,VND-01783,8439.66,USD,2020-08-08,2023-01-15,RETAINER,EXPIRED,EMP-21456
CON-009560,VND-04628,29091.74,EUR,2018-10-05,2021-07-22,RETAINER,EXPIRED,EMP-56978
CON-009561,VND-00923,1101804.89,SGD,2019-08-04,2020-09-05,SLA,EXPIRED,EMP-4799
CON-009562,VND-03210,3635637.36,EUR,2020-06-17,2022-08-13,FIXED_PRICE,EXPIRED,EMP-64399
CON-009563,VND-03424,29478.34,EUR,2018-01-02,2020-05-02,RETAINER,EXPIRED,EMP-70621
CON-009564,VND-00295,452017.67,USD,2020-05-03,2021-04-14,PURCHASE_ORDER,EXPIRED,EMP-3679
CON-009565,VND-00841,37715.75,GBP,2021-09-23,2024-01-12,PURCHASE_ORDER,EXPIRED,EMP-8776
CON-009566,VND-03482,5380678.47,USD,2023-12-15,2025-01-10,TIME_AND_MATERIAL,TERMINATED,EMP-28117
CON-009567,VND-04724,32371.08,USD,2022-01-16,2024-12-07,MASTER_SERVICE,EXPIRED,EMP-36124
CON-009568,VND-02263,8129.33,USD,2019-05-07,2022-04-06,MASTER_SERVICE,EXPIRED,EMP-RM569
CON-009569,VND-00712,26244.19,EUR,2021-04-14,2022-03-12,FRAMEWORK,EXPIRED,EMP-722
CON-009570,VND-03826,957084.47,SGD,2022-07-19,2023-12-12,MASTER_SERVICE,EXPIRED,EMP-62410
CON-009571,VND-02129,110291.36,USD,2022-02-09,2023-01-08,FRAMEWORK,EXPIRED,EMP-15576
CON-009572,VND-04228,12928.99,USD,2022-03-05,2023-06-30,MASTER_SERVICE,EXPIRED,EMP-29514
CON-009573,VND-04243,14862.71,CAD,2019-01-15,2020-09-27,FRAMEWORK,EXPIRED,EMP-48590
CON-009574,VND-04686,5117.26,GBP,2021-09-23,2022-12-08,PURCHASE_ORDER,EXPIRED,EMP-38963
CON-009575,VND-01227,424230.72,USD,2023-12-05,2026-09-30,MASTER_SERVICE,ACTIVE,EMP-27620
CON-009576,VND-03191,5890.75,INR,2021-02-10,2023-05-25,FRAMEWORK,EXPIRED,EMP-30101
CON-009577,VND-02156,5000.0,USD,2021-04-26,2023-11-22,SLA,EXPIRED,EMP-32389
CON-009578,VND-00206,19182.14,GBP,2018-04-04,2019-04-03,FIXED_PRICE,ACTIVE,EMP-19212
CON-009579,VND-01105,5000.0,CAD,2022-10-25,2023-06-04,SLA,TERMINATED,EMP-19769
CON-009580,VND-00076,1686050.47,INR,2020-08-20,2022-08-06,SLA,EXPIRED,EMP-26294
CON-009581,VND-00106,9266.15,CAD,2023-07-17,2024-01-26,SLA,EXPIRED,EMP-61408
CON-009582,VND-04517,21360.99,USD,2018-11-30,2020-03-27,RETAINER,EXPIRED,EMP-45953
CON-009583,VND-03257,141642.02,USD,2020-12-08,2023-01-05,SLA,EXPIRED,EMP-16743
CON-009584,VND-04470,2010279.2,EUR,2023-04-05,2025-08-18,TIME_AND_MATERIAL,ACTIVE,EMP-42420
CON-009585,VND-03112,384872.2,INR,2020-11-29,2022-06-14,FRAMEWORK,EXPIRED,EMP-7881
CON-009586,VND-04152,29425.92,INR,2023-06-27,2024-08-28,MASTER_SERVICE,TERMINATED,EMP-2893
CON-009587,VND-01791,5000.0,USD,2023-12-04,2025-03-18,FRAMEWORK,EXPIRED,EMP-11472
CON-009588,VND-02501,254470.33,USD,2023-07-26,2025-07-12,TIME_AND_MATERIAL,ACTIVE,EMP-65395
CON-009589,VND-04766,1438805.28,USD,2023-03-11,2024-01-01,MASTER_SERVICE,EXPIRED,EMP-45163
CON-009590,VND-04219,1090864.46,EUR,2019-04-15,2020-05-28,MASTER_SERVICE,TERMINATED,EMP-56724
CON-009591,VND-00123,31815.31,EUR,2019-04-14,2020-01-08,TIME_AND_MATERIAL,TERMINATED,EMP-73706
CON-009592,VND-04539,156089.9,GBP,2023-03-13,2025-01-21,PURCHASE_ORDER,EXPIRED,EMP-60008
CON-009593,VND-04073,1368884.85,GBP,2021-04-22,2023-06-30,MASTER_SERVICE,EXPIRED,EMP-57551
CON-009594,VND-04503,73843.88,EUR,2018-11-23,2021-06-05,PURCHASE_ORDER,EXPIRED,EMP-23351
CON-009595,VND-04439,22582.73,SGD,2018-04-18,2019-05-06,FRAMEWORK,ACTIVE,EMP-3757
CON-009596,VND-02973,61853.27,GBP,2022-03-31,2023-10-18,SLA,EXPIRED,EMP-62244
CON-009597,VND-03652,83649.21,EUR,2021-12-30,2024-09-26,SLA,EXPIRED,EMP-29522
CON-009598,VND-04865,211859.76,EUR,2021-09-25,2023-07-21,PURCHASE_ORDER,EXPIRED,EMP-10415
CON-009599,VND-01563,7251.92,EUR,2022-04-29,2025-02-10,FIXED_PRICE,EXPIRED,EMP-41095
CON-009600,VND-04443,7847.99,USD,2022-02-14,2024-07-26,FRAMEWORK,EXPIRED,EMP-38799
CON-009601,VND-00330,225095.78,USD,2020-11-12,2023-08-14,PURCHASE_ORDER,EXPIRED,EMP-66340
CON-009602,VND-02783,15181.16,EUR,2018-02-01,2019-04-17,TIME_AND_MATERIAL,EXPIRED,EMP-69252
CON-009603,VND-02945,5000.0,EUR,2019-04-11,2020-02-02,RETAINER,EXPIRED,EMP-51306
CON-009604,VND-01095,1721326.96,GBP,2023-10-27,2025-08-26,RETAINER,ACTIVE,EMP-5906
CON-009605,VND-03186,46269.99,GBP,2023-12-15,2025-11-20,FIXED_PRICE,ACTIVE,EMP-2455
CON-009606,VND-01375,226869.33,CAD,2019-07-13,2021-03-14,PURCHASE_ORDER,TERMINATED,EMP-3632
CON-009607,VND-02069,32634.05,GBP,2020-11-15,2022-02-01,SLA,EXPIRED,EMP-2675
CON-009608,VND-02309,5000.0,USD,2020-01-11,2020-10-02,FRAMEWORK,EXPIRED,EMP-67561
CON-009609,VND-03693,794664.07,SGD,2020-11-26,2023-09-12,TIME_AND_MATERIAL,EXPIRED,EMP-9528
CON-009610,VND-03351,5000.0,INR,2021-06-15,2023-10-08,FRAMEWORK,TERMINATED,EMP-32713
CON-009611,VND-02699,144831.54,USD,2021-08-20,2022-09-04,TIME_AND_MATERIAL,ACTIVE,EMP-58694
CON-009612,VND-02863,5474862.27,GBP,2019-12-09,2022-08-28,SLA,EXPIRED,EMP-49752
CON-009613,VND-04939,12966.87,USD,2021-03-31,2022-06-18,RETAINER,EXPIRED,EMP-56944
CON-009614,VND-04900,38800.83,EUR,2023-06-03,2025-07-09,TIME_AND_MATERIAL,DRAFT,EMP-17927
CON-009615,VND-04236,277975.25,USD,2022-04-21,2022-12-22,FRAMEWORK,TERMINATED,EMP-258
CON-009616,VND-02564,22324.57,CAD,2018-12-28,2021-06-21,SLA,TERMINATED,EMP-CORP-00091
CON-009617,VND-01091,101605.58,USD,2018-04-26,2019-06-20,TIME_AND_MATERIAL,EXPIRED,EMP-8835
CON-009618,VND-00215,5000.0,USD,2022-02-03,2023-09-30,TIME_AND_MATERIAL,EXPIRED,EMP-3960
CON-009619,VND-04079,736184.91,USD,2019-08-04,2020-05-27,FRAMEWORK,EXPIRED,EMP-4159
CON-009620,VND-00515,987781.53,GBP,2022-09-27,2025-02-01,MASTER_SERVICE,EXPIRED,EMP-64580
CON-009621,VND-01918,298513.98,GBP,2022-06-09,2023-01-10,FIXED_PRICE,EXPIRED,EMP-55371
CON-009622,VND-02400,5000.0,INR,2018-09-11,2021-02-15,PURCHASE_ORDER,EXPIRED,EMP-6230
CON-009623,VND-02825,7436864.29,USD,2023-11-24,2025-06-03,SLA,ACTIVE,EMP-23635
CON-009624,VND-01015,1977017.93,EUR,2021-03-19,2023-04-14,FIXED_PRICE,EXPIRED,EMP-26627
CON-009625,VND-02102,19812.94,USD,2019-04-14,2021-05-04,MASTER_SERVICE,EXPIRED,EMP-44016
CON-009626,VND-00160,140195.84,USD,2018-10-09,2021-06-24,RETAINER,EXPIRED,EMP-RM1081
CON-009627,VND-04909,615136.44,GBP,2020-11-03,2023-05-18,SLA,EXPIRED,EMP-16263
CON-009628,VND-00964,720127.35,USD,2022-10-09,2024-07-20,MASTER_SERVICE,EXPIRED,EMP-32166
CON-009629,VND-00577,2608409.93,USD,2020-05-28,2021-08-25,PURCHASE_ORDER,EXPIRED,EMP-17594
CON-009630,VND-01200,60194.86,AUD,2023-03-29,2024-02-09,SLA,EXPIRED,EMP-44956
CON-009631,VND-02870,611958.68,EUR,2023-04-22,2024-06-23,TIME_AND_MATERIAL,EXPIRED,EMP-74368
CON-009632,VND-03963,66638.1,USD,2023-04-20,2025-08-16,MASTER_SERVICE,ACTIVE,EMP-24266
CON-009633,VND-04143,14224.52,SGD,2019-04-18,2020-03-07,PURCHASE_ORDER,EXPIRED,EMP-28286
CON-009634,VND-02766,5000.0,USD,2023-10-18,2025-12-04,FRAMEWORK,SUSPENDED,EMP-59119
CON-009635,VND-03713,21527.7,USD,2023-03-26,2026-02-19,RETAINER,ACTIVE,EMP-29684
CON-009636,VND-02853,1281310.58,CAD,2022-01-03,2024-12-28,FIXED_PRICE,EXPIRED,EMP-67782
CON-009637,VND-01008,670661.04,USD,2019-08-05,2021-06-22,TIME_AND_MATERIAL,EXPIRED,EMP-53945
CON-009638,VND-00018,19230.59,CAD,2023-06-08,2024-12-03,FIXED_PRICE,EXPIRED,EMP-21559
CON-009639,VND-01876,89667.37,USD,2022-04-07,2023-03-04,FRAMEWORK,EXPIRED,EMP-611
CON-009640,VND-00925,5000.0,USD,2018-10-21,2019-06-28,TIME_AND_MATERIAL,EXPIRED,EMP-10459
CON-009641,VND-01495,386429.38,USD,2023-08-21,2024-06-15,SLA,EXPIRED,EMP-62079
CON-009642,VND-02948,263242.32,SGD,2021-01-20,2023-04-22,MASTER_SERVICE,EXPIRED,EMP-4778
CON-009643,VND-01025,57537.33,EUR,2021-01-21,2022-12-07,MASTER_SERVICE,TERMINATED,EMP-54082
CON-009644,VND-04627,536965.16,INR,2023-09-12,2024-04-24,MASTER_SERVICE,EXPIRED,EMP-48578
CON-009645,VND-02990,28781.74,GBP,2021-05-02,2022-06-25,PURCHASE_ORDER,EXPIRED,EMP-56639
CON-009646,VND-03315,3060085.45,GBP,2021-02-08,2022-07-20,MASTER_SERVICE,EXPIRED,EMP-27427
CON-009647,VND-04714,19703.55,USD,2020-06-13,2022-06-08,PURCHASE_ORDER,EXPIRED,EMP-12926
CON-009648,VND-01497,9185.69,GBP,2018-09-09,2019-08-09,FRAMEWORK,EXPIRED,EMP-65096
CON-009649,VND-04500,7053306.01,INR,2018-05-08,2021-01-25,PURCHASE_ORDER,EXPIRED,EMP-70150
CON-009650,VND-02540,5000.0,EUR,2018-03-14,2020-05-04,SLA,TERMINATED,EMP-1486
CON-009651,VND-00960,5000.0,USD,2023-12-31,2025-07-30,TIME_AND_MATERIAL,ACTIVE,EMP-23230
CON-009652,VND-03539,343123.24,EUR,2021-07-04,2023-08-05,FIXED_PRICE,EXPIRED,EMP-59172
CON-009653,VND-02985,292384.82,SGD,2019-02-13,2022-01-23,FIXED_PRICE,EXPIRED,EMP-21586
CON-009654,VND-03976,37114.96,CAD,2019-04-27,2020-02-03,MASTER_SERVICE,EXPIRED,EMP-36124
CON-009655,VND-02779,3297373.62,INR,2020-09-01,2022-07-09,FIXED_PRICE,EXPIRED,EMP-59822
CON-009656,VND-01901,15480.22,USD,2022-02-28,2024-10-16,PURCHASE_ORDER,EXPIRED,EMP-38827
CON-009657,VND-01292,11732.44,AUD,2019-01-24,2021-03-02,FIXED_PRICE,EXPIRED,EMP-62173
CON-009658,VND-00109,27249.46,USD,2019-05-07,2019-11-15,PURCHASE_ORDER,EXPIRED,EMP-56189
CON-009659,VND-04335,37237.65,INR,2023-12-06,2024-10-31,MASTER_SERVICE,EXPIRED,EMP-38352
CON-009660,VND-01587,228100.24,GBP,2023-07-14,2024-12-18,FIXED_PRICE,EXPIRED,EMP-66776
CON-009661,VND-04870,11245.66,USD,2020-10-02,2021-11-12,FRAMEWORK,EXPIRED,EMP-43883
CON-009662,VND-03315,797116.66,AUD,2020-11-19,2023-04-21,FIXED_PRICE,EXPIRED,EMP-40612
CON-009663,VND-00093,5000.0,EUR,2023-03-25,2025-08-10,RETAINER,ACTIVE,EMP-54529
CON-009664,VND-04086,122550.56,USD,2020-07-18,2021-02-11,TIME_AND_MATERIAL,TERMINATED,EMP-57282
CON-009665,VND-02746,1465287.47,INR,2022-02-15,2024-07-14,FIXED_PRICE,EXPIRED,EMP-61296
CON-009666,VND-01102,436796.01,USD,2022-06-15,2025-03-29,TIME_AND_MATERIAL,EXPIRED,EMP-RM675
CON-009667,VND-00067,646212.12,SGD,2022-11-09,2025-03-08,SLA,EXPIRED,EMP-29085
CON-009668,VND-01346,7047.17,CAD,2019-11-30,2022-07-14,MASTER_SERVICE,EXPIRED,EMP-40536
CON-009669,VND-01865,8255.04,EUR,2019-10-23,2020-08-16,TIME_AND_MATERIAL,EXPIRED,EMP-43239
CON-009670,VND-03346,1019869.11,USD,2021-03-19,2022-02-01,SLA,EXPIRED,EMP-30499
CON-009671,VND-00648,8219.92,USD,2020-12-17,2022-10-04,SLA,EXPIRED,EMP-69898
CON-009672,VND-04700,79960.2,EUR,2019-04-21,2019-10-22,FRAMEWORK,EXPIRED,EMP-297
CON-009673,VND-03994,58860.89,GBP,2022-11-17,2025-03-17,RETAINER,ACTIVE,EMP-24283
CON-009674,VND-00171,21971.0,GBP,2023-01-05,2026-01-04,TIME_AND_MATERIAL,ACTIVE,EMP-7656
CON-009675,VND-02199,118043.23,USD,2019-10-24,2021-07-28,RETAINER,TERMINATED,EMP-31795
CON-009676,VND-00683,7044519.89,INR,2023-04-05,2023-11-07,FIXED_PRICE,ACTIVE,EMP-63833
CON-009677,VND-00286,53374.9,USD,2022-10-26,2024-07-07,RETAINER,EXPIRED,EMP-22901
CON-009678,VND-02043,18696.57,USD,2021-12-19,2024-11-08,MASTER_SERVICE,EXPIRED,EMP-10723
CON-009679,VND-00864,26695.12,USD,2020-02-11,2020-09-09,FRAMEWORK,EXPIRED,EMP-52447
CON-009680,VND-02973,13615.21,USD,2022-01-20,2024-06-16,MASTER_SERVICE,EXPIRED,EMP-14548
CON-009681,VND-04182,608630.04,EUR,2022-06-30,2023-02-07,RETAINER,EXPIRED,EMP-48913
CON-009682,VND-00888,354329.25,USD,2019-07-13,2020-06-25,TIME_AND_MATERIAL,EXPIRED,EMP-67411
CON-009683,VND-04548,924049.1,USD,2018-03-04,2018-09-11,RETAINER,EXPIRED,EMP-30531
CON-009684,VND-02242,152724.42,EUR,2023-12-10,2024-08-16,FRAMEWORK,EXPIRED,EMP-46060
CON-009685,VND-03265,279025.25,AUD,2019-08-20,2020-12-09,MASTER_SERVICE,EXPIRED,EMP-RM754
CON-009686,VND-01434,5694917.2,USD,2019-02-19,2020-09-30,FIXED_PRICE,EXPIRED,EMP-54421
CON-009687,VND-03009,36304.38,USD,2023-11-06,2026-06-28,PURCHASE_ORDER,ACTIVE,EMP-27877
CON-009688,VND-02414,16583.49,USD,2018-03-11,2020-06-22,TIME_AND_MATERIAL,EXPIRED,EMP-37306
CON-009689,VND-01320,310648.02,INR,2023-01-16,2023-10-16,PURCHASE_ORDER,EXPIRED,EMP-30340
CON-009690,VND-02778,19625.81,INR,2021-05-08,2023-11-22,PURCHASE_ORDER,EXPIRED,EMP-889
CON-009691,VND-01035,45832.47,CAD,2019-03-21,2021-09-22,TIME_AND_MATERIAL,EXPIRED,EMP-2338
CON-009692,VND-02609,48947.9,USD,2023-04-18,2026-01-23,FRAMEWORK,ACTIVE,EMP-34142
CON-009693,VND-00724,553688.35,USD,2020-08-29,2021-09-13,TIME_AND_MATERIAL,EXPIRED,EMP-18942
CON-009694,VND-02612,12495.87,INR,2021-01-22,2022-09-09,SLA,EXPIRED,EMP-17833
CON-009695,VND-02503,3998788.55,USD,2020-08-18,2022-09-26,SLA,TERMINATED,EMP-60250
CON-009696,VND-01285,98013.97,USD,2021-10-02,2023-06-07,FRAMEWORK,EXPIRED,EMP-4374
CON-009697,VND-00835,36050.32,USD,2019-04-07,2020-07-29,MASTER_SERVICE,EXPIRED,EMP-35755
CON-009698,VND-03507,953765.94,SGD,2020-06-30,2022-04-13,FRAMEWORK,EXPIRED,EMP-63799
CON-009699,VND-03303,31091.75,SGD,2020-06-05,2021-04-30,PURCHASE_ORDER,EXPIRED,EMP-CORP-00122
CON-009700,VND-00797,857231.17,USD,2023-08-24,2025-11-10,TIME_AND_MATERIAL,ACTIVE,EMP-41427
CON-009701,VND-02881,1615241.39,AUD,2018-10-28,2019-09-18,SLA,EXPIRED,EMP-56965
CON-009702,VND-01575,22937.13,USD,2019-08-19,2020-11-04,MASTER_SERVICE,EXPIRED,EMP-57591
CON-009703,VND-02339,88885.42,USD,2019-02-01,2021-08-04,MASTER_SERVICE,EXPIRED,EMP-70144
CON-009704,VND-02164,5000.0,USD,2022-11-29,2023-09-10,MASTER_SERVICE,EXPIRED,EMP-12935
CON-009705,VND-02329,27452.67,AUD,2019-11-05,2022-10-30,MASTER_SERVICE,EXPIRED,EMP-48547
CON-009706,VND-00500,5000.0,EUR,2020-10-26,2021-10-18,FIXED_PRICE,TERMINATED,EMP-71557
CON-009707,VND-03491,5000.0,GBP,2020-05-03,2022-09-13,PURCHASE_ORDER,EXPIRED,EMP-53677
CON-009708,VND-04202,10192.3,EUR,2023-03-08,2026-02-13,PURCHASE_ORDER,ACTIVE,EMP-2445
CON-009709,VND-02727,147994.86,USD,2019-04-12,2019-10-18,PURCHASE_ORDER,EXPIRED,EMP-10593
CON-009710,VND-00699,145237.35,USD,2021-12-09,2024-12-08,SLA,TERMINATED,EMP-1140
CON-009711,VND-03639,548028.18,INR,2021-12-24,2023-07-16,SLA,EXPIRED,EMP-36924
CON-009712,VND-03411,74477.77,CAD,2018-11-22,2019-07-14,MASTER_SERVICE,EXPIRED,EMP-CORP-00251
CON-009713,VND-02154,7822.75,SGD,2020-07-16,2021-11-06,FIXED_PRICE,EXPIRED,EMP-59428
CON-009714,VND-04301,152042.06,INR,2018-05-25,2020-01-05,FRAMEWORK,EXPIRED,EMP-43057
CON-009715,VND-02596,360200.56,USD,2022-11-16,2025-07-10,FRAMEWORK,ACTIVE,EMP-50062
CON-009716,VND-00562,172458.89,USD,2021-03-30,2022-11-10,TIME_AND_MATERIAL,EXPIRED,EMP-22727
CON-009717,VND-03699,14687.15,EUR,2020-01-05,2021-08-22,FIXED_PRICE,EXPIRED,EMP-30503
CON-009718,VND-02196,21633.26,GBP,2020-07-25,2022-12-16,TIME_AND_MATERIAL,EXPIRED,EMP-31510
CON-009719,VND-04294,5000.0,EUR,2021-02-21,2023-10-08,RETAINER,TERMINATED,EMP-52830
CON-009720,VND-01881,8813.07,USD,2022-09-23,2025-01-21,FRAMEWORK,EXPIRED,EMP-18869
CON-009721,VND-04295,5000.0,SGD,2021-04-28,2022-09-09,TIME_AND_MATERIAL,EXPIRED,EMP-54880
CON-009722,VND-01321,347986.25,GBP,2019-09-24,2021-10-18,FRAMEWORK,EXPIRED,EMP-3350
CON-009723,VND-02232,63533.21,GBP,2019-05-10,2020-06-25,PURCHASE_ORDER,EXPIRED,EMP-28932
CON-009724,VND-01467,147340.14,USD,2021-06-26,2023-03-29,SLA,TERMINATED,EMP-55741
CON-009725,VND-00081,442630.16,USD,2022-03-17,2023-12-13,SLA,ACTIVE,EMP-58005
CON-009726,VND-01386,6109767.35,USD,2021-03-24,2023-11-29,SLA,EXPIRED,EMP-CORP-00435
CON-009727,VND-00746,5000.0,USD,2018-12-20,2020-01-16,RETAINER,TERMINATED,EMP-36099
CON-009728,VND-01142,152821.57,EUR,2022-12-05,2024-08-21,MASTER_SERVICE,EXPIRED,EMP-23883
CON-009729,VND-00419,198949.28,USD,2020-12-29,2022-07-05,SLA,TERMINATED,EMP-41875
CON-009730,VND-04696,438943.55,USD,2023-05-22,2026-01-12,RETAINER,SUSPENDED,EMP-60183
CON-009731,VND-03008,31597.2,USD,2021-05-29,2022-05-09,FRAMEWORK,EXPIRED,EMP-8098
CON-009732,VND-04239,6755.56,EUR,2022-08-11,2025-08-08,MASTER_SERVICE,ACTIVE,EMP-34207
CON-009733,VND-00619,6293.54,GBP,2023-11-03,2026-08-04,RETAINER,ACTIVE,EMP-12069
CON-009734,VND-04689,5000.0,EUR,2023-02-21,2024-02-18,FRAMEWORK,TERMINATED,EMP-65562
CON-009735,VND-04658,834114.43,AUD,2023-03-19,2024-10-31,TIME_AND_MATERIAL,EXPIRED,EMP-4286
CON-009736,VND-01108,669226.66,EUR,2023-01-24,2025-02-21,RETAINER,TERMINATED,EMP-71315
CON-009737,VND-01183,180720.11,SGD,2022-10-23,2023-11-11,FRAMEWORK,ACTIVE,EMP-48913
CON-009738,VND-04967,264214.2,GBP,2019-08-17,2020-04-26,PURCHASE_ORDER,EXPIRED,EMP-5155
CON-009739,VND-02643,128514.95,USD,2023-05-23,2024-12-20,SLA,EXPIRED,EMP-48385
CON-009740,VND-04899,167250.15,AUD,2019-12-04,2021-08-07,RETAINER,ACTIVE,EMP-21929
CON-009741,VND-04266,571895.99,USD,2018-12-03,2020-05-28,FRAMEWORK,EXPIRED,EMP-56639
CON-009742,VND-03594,6888.67,USD,2018-11-11,2020-07-02,RETAINER,EXPIRED,EMP-230
CON-009743,VND-01595,5000.0,USD,2020-10-21,2023-04-06,MASTER_SERVICE,EXPIRED,EMP-71182
CON-009744,VND-02492,4842384.1,EUR,2019-02-13,2020-02-20,TIME_AND_MATERIAL,EXPIRED,EMP-RM729
CON-009745,VND-01465,45484.97,USD,2018-03-12,2021-02-10,MASTER_SERVICE,EXPIRED,EMP-30435
CON-009746,VND-02825,792493.33,USD,2021-04-10,2024-03-25,FIXED_PRICE,TERMINATED,MGR-7.0
CON-009747,VND-02337,23764.97,AUD,2021-11-05,2024-03-30,FIXED_PRICE,TERMINATED,EMP-10315
CON-009748,VND-02461,122866.73,GBP,2022-03-09,2024-10-18,MASTER_SERVICE,TERMINATED,EMP-58306
CON-009749,VND-02880,359927.71,EUR,2019-06-22,2020-03-07,FIXED_PRICE,EXPIRED,EMP-49757
CON-009750,VND-04378,838787.37,USD,2020-04-18,2023-02-05,FRAMEWORK,EXPIRED,EMP-RM1462
CON-009751,VND-03071,10320.4,EUR,2021-11-13,2022-09-01,FIXED_PRICE,TERMINATED,EMP-40657
CON-009752,VND-03460,1165131.75,CAD,2023-07-13,2026-04-17,MASTER_SERVICE,ACTIVE,EMP-46756
CON-009753,VND-00235,819639.49,SGD,2019-03-25,2021-08-12,PURCHASE_ORDER,EXPIRED,EMP-645
CON-009754,VND-02739,979196.85,SGD,2020-09-24,2021-09-21,RETAINER,EXPIRED,EMP-51792
CON-009755,VND-02950,5000.0,USD,2018-04-22,2019-07-15,TIME_AND_MATERIAL,EXPIRED,EMP-21639
CON-009756,VND-03535,2515436.4,USD,2022-08-29,2024-03-28,TIME_AND_MATERIAL,EXPIRED,MGR-7273
CON-009757,VND-03744,8184.73,EUR,2022-03-24,2024-06-20,FRAMEWORK,EXPIRED,EMP-66534
CON-009758,VND-01051,22903.48,USD,2022-08-18,2024-12-10,FRAMEWORK,TERMINATED,EMP-30206
CON-009759,VND-02718,161946.36,USD,2022-08-02,2023-06-21,PURCHASE_ORDER,EXPIRED,EMP-43724
CON-009760,VND-03873,284343.52,USD,2021-06-09,2022-09-05,TIME_AND_MATERIAL,EXPIRED,EMP-2097
CON-009761,VND-00768,593102.38,USD,2021-08-04,2022-09-21,SLA,EXPIRED,EMP-54082
CON-009762,VND-04491,51550.58,USD,2022-07-16,2023-08-04,MASTER_SERVICE,EXPIRED,EMP-67078
CON-009763,VND-04129,54614.78,INR,2018-04-02,2019-08-08,FIXED_PRICE,EXPIRED,EMP-52101
CON-009764,VND-01736,5000.0,USD,2018-12-23,2020-02-26,MASTER_SERVICE,EXPIRED,EMP-68306
CON-009765,VND-04521,72467.2,EUR,2020-08-26,2021-03-30,RETAINER,EXPIRED,EMP-63321
CON-009766,VND-00498,15882.71,USD,2019-09-21,2022-09-05,MASTER_SERVICE,EXPIRED,EMP-31157
CON-009767,VND-03610,164596.73,USD,2021-01-02,2021-09-03,TIME_AND_MATERIAL,EXPIRED,EMP-36723
CON-009768,VND-02121,209382.91,EUR,2023-12-31,2025-03-02,TIME_AND_MATERIAL,EXPIRED,EMP-51462
CON-009769,VND-01505,40618.03,USD,2018-08-30,2019-11-27,RETAINER,EXPIRED,EMP-14039
CON-009770,VND-04025,332618.53,INR,2021-02-20,2023-04-21,TIME_AND_MATERIAL,EXPIRED,EMP-55025
CON-009771,VND-03385,87822.91,USD,2022-03-14,2023-04-27,FRAMEWORK,EXPIRED,EMP-44705
CON-009772,VND-03959,95686.16,USD,2021-08-31,2022-05-11,FIXED_PRICE,EXPIRED,EMP-9830
CON-009773,VND-01767,36331.6,AUD,2020-07-12,2021-05-19,MASTER_SERVICE,EXPIRED,EMP-43229
CON-009774,VND-01845,325771.22,USD,2021-03-02,2022-12-13,PURCHASE_ORDER,EXPIRED,EMP-7815
CON-009775,VND-01049,59124.77,CAD,2022-07-06,2025-03-20,FRAMEWORK,TERMINATED,EMP-65269
CON-009776,VND-02542,74185.22,INR,2020-12-10,2021-09-03,TIME_AND_MATERIAL,EXPIRED,EMP-55715
CON-009777,VND-01852,11402.08,USD,2018-01-21,2018-12-16,FRAMEWORK,ACTIVE,EMP-71853
CON-009778,VND-00838,125434.73,USD,2022-11-21,2024-11-07,FRAMEWORK,EXPIRED,EMP-RM1307
CON-009779,VND-01666,1685056.38,GBP,2022-09-02,2025-08-06,RETAINER,SUSPENDED,EMP-49618
CON-009780,VND-03115,321727.99,GBP,2022-08-29,2023-05-01,FIXED_PRICE,EXPIRED,EMP-50335
CON-009781,VND-02863,5000.0,EUR,2018-11-13,2019-08-09,RETAINER,EXPIRED,EMP-69258
CON-009782,VND-01755,5000.0,CAD,2019-03-12,2021-10-15,FRAMEWORK,EXPIRED,EMP-37476
CON-009783,VND-00043,868812.05,GBP,2018-04-18,2019-06-15,MASTER_SERVICE,EXPIRED,EMP-39951
CON-009784,VND-04350,303225.14,GBP,2022-10-31,2025-03-12,SLA,EXPIRED,EMP-RM342
CON-009785,VND-03930,677817.05,USD,2020-05-06,2022-05-25,RETAINER,EXPIRED,EMP-17770
CON-009786,VND-01422,58886.79,EUR,2023-01-30,2024-10-05,MASTER_SERVICE,EXPIRED,EMP-6131
CON-009787,VND-00439,829027.13,GBP,2018-12-21,2021-02-22,FIXED_PRICE,TERMINATED,EMP-44758
CON-009788,VND-02296,116816.36,GBP,2023-03-11,2025-09-06,FRAMEWORK,SUSPENDED,EMP-9230
CON-009789,VND-01255,82073.53,USD,2022-02-10,2024-06-17,TIME_AND_MATERIAL,EXPIRED,EMP-RM1167
CON-009790,VND-02948,39544.31,USD,2018-10-08,2021-07-27,MASTER_SERVICE,EXPIRED,EMP-27431
CON-009791,VND-04860,35722.85,USD,2021-03-30,2023-03-07,RETAINER,EXPIRED,EMP-CORP-00033
CON-009792,VND-01369,26387.12,SGD,2023-10-04,2025-03-16,FIXED_PRICE,EXPIRED,EMP-13801
CON-009793,VND-00025,3076981.04,EUR,2020-01-09,2021-03-02,MASTER_SERVICE,TERMINATED,EMP-70317
CON-009794,VND-01746,13176.29,USD,2018-04-28,2019-11-06,FIXED_PRICE,EXPIRED,EMP-61272
CON-009795,VND-02267,566027.64,EUR,2019-12-30,2021-03-03,FRAMEWORK,TERMINATED,EMP-29149
CON-009796,VND-04825,5000.0,CAD,2022-01-15,2022-10-04,TIME_AND_MATERIAL,EXPIRED,EMP-1283
CON-009797,VND-02808,29028.02,USD,2021-07-20,2024-01-04,FRAMEWORK,EXPIRED,EMP-2742
CON-009798,VND-04268,5000.0,USD,2020-07-17,2023-05-15,SLA,EXPIRED,EMP-35733
CON-009799,VND-03064,50628.93,EUR,2018-06-02,2019-06-13,FIXED_PRICE,EXPIRED,EMP-36787
CON-009800,VND-01670,656210.11,GBP,2019-03-01,2021-01-22,PURCHASE_ORDER,EXPIRED,EMP-RM612
CON-009801,VND-00178,25672.07,GBP,2018-10-07,2021-02-28,FIXED_PRICE,EXPIRED,EMP-3455
CON-009802,VND-02519,36295.37,AUD,2023-05-18,2024-09-28,TIME_AND_MATERIAL,EXPIRED,EMP-44211
CON-009803,VND-01327,835876.99,USD,2018-08-30,2020-07-27,RETAINER,EXPIRED,EMP-54902
CON-009804,VND-04851,321946.46,USD,2021-02-14,2022-09-29,FIXED_PRICE,EXPIRED,EMP-71430
CON-009805,VND-00585,117471.7,SGD,2019-11-27,2022-10-15,TIME_AND_MATERIAL,EXPIRED,EMP-73493
CON-009806,VND-01779,11803.93,USD,2023-03-24,2025-09-21,MASTER_SERVICE,ACTIVE,EMP-30711
CON-009807,VND-04093,5886.7,CAD,2019-03-11,2021-10-23,RETAINER,EXPIRED,EMP-42846
CON-009808,VND-03272,5581.72,GBP,2020-12-20,2022-10-01,RETAINER,EXPIRED,EMP-54582
CON-009809,VND-00680,14667.29,USD,2018-11-06,2020-08-17,RETAINER,EXPIRED,EMP-52876
CON-009810,VND-03654,6731.85,EUR,2020-11-29,2023-03-16,TIME_AND_MATERIAL,EXPIRED,EMP-55216
CON-009811,VND-03180,953537.83,SGD,2019-02-07,2019-11-20,MASTER_SERVICE,EXPIRED,EMP-CORP-00230
CON-009812,VND-04516,119994.99,GBP,2019-05-12,2020-07-26,TIME_AND_MATERIAL,EXPIRED,EMP-22860
CON-009813,VND-00668,1239971.68,AUD,2019-12-06,2021-02-14,SLA,ACTIVE,EMP-47499
CON-009814,VND-01145,200808.15,AUD,2019-09-26,2021-11-06,MASTER_SERVICE,EXPIRED,EMP-30662
CON-009815,VND-02525,51278.32,GBP,2023-11-22,2026-10-19,SLA,ACTIVE,EMP-67151
CON-009816,VND-03906,288214.06,USD,2020-07-17,2021-03-26,RETAINER,TERMINATED,EMP-33510
CON-009817,VND-00352,5000.0,INR,2023-02-08,2024-01-22,FRAMEWORK,EXPIRED,EMP-48123
CON-009818,VND-03478,467427.02,USD,2018-09-04,2019-07-29,SLA,EXPIRED,EMP-46518
CON-009819,VND-00288,7877.6,USD,2019-09-05,2020-03-28,FIXED_PRICE,EXPIRED,EMP-69797
CON-009820,VND-00518,466427.32,USD,2022-04-09,2023-06-22,FIXED_PRICE,TERMINATED,EMP-55664
CON-009821,VND-02047,29239.67,USD,2022-11-19,2024-07-13,TIME_AND_MATERIAL,EXPIRED,EMP-32214
CON-009822,VND-00020,30423.73,USD,2023-10-07,2025-05-08,TIME_AND_MATERIAL,EXPIRED,EMP-38605
CON-009823,VND-00543,155198.95,USD,2020-09-20,2021-10-11,SLA,EXPIRED,EMP-52044
CON-009824,VND-01460,3015456.42,INR,2023-05-23,2024-10-28,FRAMEWORK,EXPIRED,EMP-48123
CON-009825,VND-00657,78403.96,USD,2020-05-14,2023-05-02,TIME_AND_MATERIAL,TERMINATED,EMP-27006
CON-009826,VND-02830,41743.07,GBP,2018-04-05,2019-08-22,FRAMEWORK,TERMINATED,EMP-12117
CON-009827,VND-04625,2363492.23,USD,2021-09-03,2023-10-27,RETAINER,EXPIRED,EMP-38721
CON-009828,VND-04941,827655.64,USD,2021-11-30,2023-03-25,TIME_AND_MATERIAL,EXPIRED,EMP-CORP-00491
CON-009829,VND-04732,5000.0,EUR,2019-01-15,2020-06-23,FRAMEWORK,ACTIVE,EMP-12774
CON-009830,VND-03017,513977.39,USD,2018-07-21,2019-09-25,SLA,EXPIRED,EMP-8021
CON-009831,VND-03332,446325.35,SGD,2019-10-10,2021-01-05,PURCHASE_ORDER,EXPIRED,EMP-26967
CON-009832,VND-01092,188098.3,EUR,2020-11-30,2023-11-27,TIME_AND_MATERIAL,ACTIVE,EMP-5838
CON-009833,VND-01046,10571.68,AUD,2022-09-07,2024-01-29,FIXED_PRICE,EXPIRED,EMP-69641
CON-009834,VND-02461,355121.13,INR,2019-10-21,2022-08-26,MASTER_SERVICE,EXPIRED,EMP-RM774
CON-009835,VND-01542,10435.01,EUR,2018-04-08,2019-10-31,MASTER_SERVICE,EXPIRED,EMP-64755
CON-009836,VND-03311,35550.73,CAD,2022-10-20,2023-12-19,FIXED_PRICE,EXPIRED,EMP-9726
CON-009837,VND-00593,130274.93,USD,2021-03-30,2023-08-21,MASTER_SERVICE,EXPIRED,EMP-47762
CON-009838,VND-03263,12973.78,USD,2023-08-31,2025-04-10,PURCHASE_ORDER,EXPIRED,EMP-59358
CON-009839,VND-01643,1293417.65,USD,2023-05-15,2025-11-08,MASTER_SERVICE,ACTIVE,EMP-CORP-00516
CON-009840,VND-03609,7613.54,USD,2023-10-25,2025-09-30,RETAINER,ACTIVE,EMP-47204
CON-009841,VND-02678,64656.89,INR,2022-11-12,2024-02-20,SLA,EXPIRED,EMP-59820
CON-009842,VND-03495,222237.52,GBP,2021-01-16,2022-07-12,TIME_AND_MATERIAL,EXPIRED,EMP-40439
CON-009843,VND-00706,144605.84,GBP,2019-02-21,2021-12-29,PURCHASE_ORDER,EXPIRED,EMP-6926
CON-009844,VND-00602,7552.72,USD,2021-09-12,2023-02-15,RETAINER,EXPIRED,EMP-21100
CON-009845,VND-00152,500567.49,EUR,2019-04-18,2021-12-15,RETAINER,EXPIRED,EMP-32936
CON-009846,VND-00930,1507715.86,USD,2020-02-25,2021-01-21,SLA,EXPIRED,EMP-32848
CON-009847,VND-03372,6125.35,AUD,2022-01-12,2023-03-21,TIME_AND_MATERIAL,ACTIVE,EMP-14864
CON-009848,VND-02525,48279.7,SGD,2019-01-26,2021-07-01,MASTER_SERVICE,EXPIRED,EMP-22170
CON-009849,VND-02080,57577.8,USD,2020-11-11,2023-05-28,SLA,EXPIRED,EMP-74426
CON-009850,VND-03512,4665467.41,USD,2022-09-14,2025-04-21,FIXED_PRICE,EXPIRED,EMP-66043
CON-009851,VND-04707,49788.33,USD,2023-02-20,2023-11-04,TIME_AND_MATERIAL,EXPIRED,EMP-15739
CON-009852,VND-04925,5000.0,USD,2022-12-05,2025-11-14,FRAMEWORK,ACTIVE,EMP-22672
CON-009853,VND-02105,137170.74,SGD,2023-12-06,2026-06-06,TIME_AND_MATERIAL,ACTIVE,EMP-64755
CON-009854,VND-03297,5546.94,USD,2019-01-16,2020-05-21,PURCHASE_ORDER,EXPIRED,EMP-47504
CON-009855,VND-03191,294242.27,USD,2022-04-27,2023-03-31,TIME_AND_MATERIAL,TERMINATED,EMP-45964
CON-009856,VND-01874,1737545.2,INR,2018-08-05,2020-11-11,TIME_AND_MATERIAL,EXPIRED,EMP-21559
CON-009857,VND-01537,10243.43,SGD,2021-01-03,2023-01-25,PURCHASE_ORDER,ACTIVE,EMP-52583
CON-009858,VND-00918,856672.82,EUR,2018-12-10,2020-05-01,TIME_AND_MATERIAL,TERMINATED,EMP-17802
CON-009859,VND-03215,42723.62,EUR,2021-03-08,2022-09-04,TIME_AND_MATERIAL,EXPIRED,EMP-71984
CON-009860,VND-03625,949454.28,INR,2022-07-17,2023-01-30,PURCHASE_ORDER,EXPIRED,EMP-19471
CON-009861,VND-03626,1072894.07,SGD,2021-11-08,2022-09-22,SLA,TERMINATED,EMP-17770
CON-009862,VND-01612,44562.29,USD,2018-03-13,2020-04-07,PURCHASE_ORDER,EXPIRED,EMP-14741
CON-009863,VND-01954,857228.59,EUR,2020-05-17,2022-06-01,FIXED_PRICE,EXPIRED,EMP-67491
CON-009864,VND-01557,389261.92,INR,2020-11-19,2022-01-17,RETAINER,TERMINATED,EMP-10911
CON-009865,VND-04040,3377541.86,USD,2019-12-20,2022-07-08,RETAINER,EXPIRED,EMP-37783
CON-009866,VND-01738,192908.26,USD,2021-12-30,2024-11-09,FRAMEWORK,EXPIRED,EMP-51243
CON-009867,VND-01179,6605.29,EUR,2018-11-09,2020-06-15,FIXED_PRICE,EXPIRED,EMP-61188
CON-009868,VND-03925,35021.33,SGD,2021-06-05,2023-01-13,SLA,EXPIRED,EMP-65903
CON-009869,VND-04184,1154740.5,EUR,2022-06-08,2025-01-03,RETAINER,EXPIRED,EMP-46633
CON-009870,VND-01179,5000.0,USD,2018-05-25,2020-08-06,SLA,TERMINATED,EMP-21465
CON-009871,VND-02472,122979.96,USD,2022-09-28,2025-06-18,RETAINER,ACTIVE,EMP-12398
CON-009872,VND-02947,10071.7,USD,2021-03-12,2023-01-28,TIME_AND_MATERIAL,EXPIRED,EMP-30420
CON-009873,VND-02509,10373.9,AUD,2018-05-10,2019-02-26,RETAINER,EXPIRED,MGR-4674
CON-009874,VND-03405,300486.01,GBP,2020-11-27,2022-08-23,RETAINER,ACTIVE,EMP-3980
CON-009875,VND-01570,114442.49,USD,2018-03-18,2020-08-24,FIXED_PRICE,EXPIRED,EMP-51926
CON-009876,VND-02239,5000.0,EUR,2022-12-20,2024-06-06,TIME_AND_MATERIAL,EXPIRED,EMP-63279
CON-009877,VND-04193,11246.06,USD,2022-08-14,2024-01-11,MASTER_SERVICE,EXPIRED,EMP-69046
CON-009878,VND-00531,671057.56,USD,2022-04-20,2025-02-10,RETAINER,EXPIRED,EMP-34246
CON-009879,VND-02860,131993.36,USD,2023-07-29,2024-07-02,FIXED_PRICE,EXPIRED,EMP-47817
CON-009880,VND-04154,110854.29,INR,2020-09-21,2022-05-13,TIME_AND_MATERIAL,EXPIRED,EMP-31002
CON-009881,VND-01840,126841.97,EUR,2019-06-26,2020-03-04,TIME_AND_MATERIAL,EXPIRED,EMP-21356
CON-009882,VND-02781,4200005.84,SGD,2023-10-21,2026-06-06,TIME_AND_MATERIAL,ACTIVE,EMP-33663
CON-009883,VND-03611,28419.37,EUR,2023-12-21,2026-07-15,RETAINER,ACTIVE,EMP-3607
CON-009884,VND-02018,99304.48,EUR,2018-08-14,2021-03-21,MASTER_SERVICE,TERMINATED,EMP-31230
CON-009885,VND-00718,104955.97,AUD,2021-03-08,2022-02-22,SLA,EXPIRED,EMP-48781
CON-009886,VND-01985,166752.84,USD,2019-11-17,2021-06-19,FIXED_PRICE,EXPIRED,EMP-37576
CON-009887,VND-01060,5000.0,EUR,2023-02-10,2025-02-15,SLA,EXPIRED,EMP-13870
CON-009888,VND-02091,7321.91,GBP,2019-06-12,2022-04-01,RETAINER,EXPIRED,EMP-19398
CON-009889,VND-03670,20139.39,USD,2018-03-15,2020-08-04,PURCHASE_ORDER,TERMINATED,EMP-23611
CON-009890,VND-00841,1312413.98,USD,2022-01-13,2022-08-19,FIXED_PRICE,EXPIRED,EMP-44400
CON-009891,VND-00631,723844.05,USD,2020-06-18,2023-04-06,FIXED_PRICE,EXPIRED,EMP-856
CON-009892,VND-02571,44923.86,EUR,2018-10-21,2021-03-07,SLA,EXPIRED,EMP-52954
CON-009893,VND-04515,1179383.08,USD,2023-02-14,2024-04-26,TIME_AND_MATERIAL,EXPIRED,EMP-22113
CON-009894,VND-00988,9130.54,USD,2019-05-13,2020-01-16,TIME_AND_MATERIAL,EXPIRED,EMP-35076
CON-009895,VND-00795,200672.86,USD,2019-02-14,2021-08-02,SLA,EXPIRED,EMP-25682
CON-009896,VND-03402,532902.9,USD,2023-11-25,2025-01-03,RETAINER,TERMINATED,EMP-42868
CON-009897,VND-02193,46044.28,USD,2022-11-16,2025-01-08,FRAMEWORK,ACTIVE,EMP-CORP-00571
CON-009898,VND-02423,215053.04,USD,2022-06-07,2023-11-10,TIME_AND_MATERIAL,EXPIRED,EMP-71557
CON-009899,VND-01705,575127.15,USD,2020-02-27,2020-09-23,MASTER_SERVICE,EXPIRED,EMP-29402
CON-009900,VND-04496,797461.68,EUR,2023-08-03,2024-03-07,TIME_AND_MATERIAL,EXPIRED,EMP-3120
CON-009901,VND-00473,65582.66,USD,2018-03-19,2019-04-10,PURCHASE_ORDER,TERMINATED,EMP-54723
CON-009902,VND-02001,400100.07,USD,2019-07-10,2020-06-20,MASTER_SERVICE,EXPIRED,EMP-71605
CON-009903,VND-00086,131097.03,USD,2023-09-01,2026-05-14,TIME_AND_MATERIAL,ACTIVE,EMP-36664
CON-009904,VND-02260,28945.89,EUR,2023-11-04,2026-02-08,FRAMEWORK,ACTIVE,EMP-68964
CON-009905,VND-01596,6021.48,GBP,2023-08-15,2026-01-29,SLA,ACTIVE,EMP-19023
CON-009906,VND-02659,563523.98,SGD,2021-07-16,2023-09-10,PURCHASE_ORDER,EXPIRED,EMP-11473
CON-009907,VND-04109,61280.59,USD,2020-02-29,2022-03-06,RETAINER,EXPIRED,EMP-25778
CON-009908,VND-01283,138432.93,GBP,2023-09-15,2025-05-08,FIXED_PRICE,EXPIRED,EMP-27448
CON-009909,VND-02207,57089.12,USD,2022-06-24,2022-12-28,MASTER_SERVICE,ACTIVE,EMP-47520
CON-009910,VND-00228,3038545.18,INR,2023-04-01,2024-08-09,PURCHASE_ORDER,EXPIRED,EMP-21404
CON-009911,VND-03556,254760.77,SGD,2020-07-04,2022-09-20,RETAINER,EXPIRED,EMP-210
CON-009912,VND-02188,8937.22,EUR,2020-08-15,2021-05-24,MASTER_SERVICE,EXPIRED,EMP-28872
CON-009913,VND-03831,286794.63,USD,2019-11-15,2021-11-28,FRAMEWORK,EXPIRED,EMP-9303
CON-009914,VND-00714,19969.13,EUR,2023-07-20,2026-07-03,FIXED_PRICE,ACTIVE,EMP-59874
CON-009915,VND-04237,904849.93,GBP,2020-10-31,2022-06-22,RETAINER,EXPIRED,EMP-10899
CON-009916,VND-02697,529486.64,USD,2022-11-13,2024-01-07,FRAMEWORK,EXPIRED,EMP-14261
CON-009917,VND-02100,31160.53,USD,2023-01-19,2025-09-06,FRAMEWORK,ACTIVE,EMP-60354
CON-009918,VND-03078,201940.56,GBP,2021-03-24,2023-05-03,RETAINER,EXPIRED,EMP-19097
CON-009919,VND-00698,649211.95,INR,2021-12-03,2023-05-25,FIXED_PRICE,EXPIRED,EMP-70230
CON-009920,VND-03310,59049.92,USD,2020-11-05,2021-10-30,FIXED_PRICE,EXPIRED,EMP-59109
CON-009921,VND-04754,7114.22,GBP,2023-04-04,2024-12-15,RETAINER,ACTIVE,EMP-27405
CON-009922,VND-03401,683356.63,USD,2021-07-08,2022-01-05,PURCHASE_ORDER,TERMINATED,EMP-18044
CON-009923,VND-02713,30759.18,EUR,2019-03-05,2021-10-06,TIME_AND_MATERIAL,EXPIRED,EMP-53626
CON-009924,VND-03348,5000.0,USD,2020-05-23,2021-09-21,FIXED_PRICE,TERMINATED,EMP-32996
CON-009925,VND-01703,26068.37,EUR,2023-09-23,2024-11-21,RETAINER,EXPIRED,EMP-11997
CON-009926,VND-00769,51892.51,CAD,2018-12-05,2021-09-27,MASTER_SERVICE,EXPIRED,EMP-19762
CON-009927,VND-03288,10778.49,CAD,2021-04-30,2022-10-23,MASTER_SERVICE,EXPIRED,EMP-RM914
CON-009928,VND-04168,869586.04,USD,2020-04-18,2022-08-13,PURCHASE_ORDER,EXPIRED,EMP-29391
CON-009929,VND-02324,32023.84,EUR,2019-12-03,2021-08-05,TIME_AND_MATERIAL,EXPIRED,EMP-14649
CON-009930,VND-03609,22292.22,EUR,2020-02-29,2023-02-04,TIME_AND_MATERIAL,EXPIRED,EMP-21015
CON-009931,VND-02772,14298.94,EUR,2019-02-15,2020-06-28,FIXED_PRICE,EXPIRED,EMP-40465
CON-009932,VND-00228,5000.0,AUD,2018-02-23,2019-03-10,TIME_AND_MATERIAL,TERMINATED,EMP-8898
CON-009933,VND-01369,2216106.82,GBP,2023-02-01,2023-09-23,RETAINER,EXPIRED,EMP-17054
CON-009934,VND-03858,383898.45,EUR,2023-06-14,2024-08-11,PURCHASE_ORDER,EXPIRED,EMP-3746
CON-009935,VND-03896,41037.23,USD,2022-09-09,2025-08-02,RETAINER,ACTIVE,EMP-70275
CON-009936,VND-00769,36892.22,USD,2020-10-06,2021-11-23,TIME_AND_MATERIAL,EXPIRED,EMP-CORP-00557
CON-009937,VND-01261,504428.55,GBP,2023-01-17,2024-12-18,SLA,EXPIRED,EMP-73082
CON-009938,VND-02479,212551.77,EUR,2020-07-18,2022-05-09,FRAMEWORK,EXPIRED,EMP-16855
CON-009939,VND-00449,139609.18,EUR,2020-09-04,2022-07-17,MASTER_SERVICE,EXPIRED,EMP-20436
CON-009940,VND-00652,580756.32,USD,2022-08-17,2025-07-31,MASTER_SERVICE,ACTIVE,EMP-23074
CON-009941,VND-03670,112651.85,GBP,2021-05-11,2022-02-13,FRAMEWORK,EXPIRED,EMP-24420
CON-009942,VND-02567,389730.6,GBP,2023-08-27,2025-01-30,FIXED_PRICE,EXPIRED,EMP-34199
CON-009943,VND-03081,29513.32,USD,2019-03-20,2020-03-19,FIXED_PRICE,EXPIRED,EMP-70240
CON-009944,VND-04168,5000.0,EUR,2021-08-14,2024-07-09,SLA,EXPIRED,EMP-7469
CON-009945,VND-03488,375133.39,EUR,2023-06-26,2025-05-22,MASTER_SERVICE,EXPIRED,EMP-14872
CON-009946,VND-04624,53850.17,USD,2020-01-28,2022-07-02,PURCHASE_ORDER,EXPIRED,EMP-63787
CON-009947,VND-00714,140482.42,EUR,2020-02-08,2022-05-10,PURCHASE_ORDER,EXPIRED,EMP-28982
CON-009948,VND-01245,9482.44,USD,2023-12-14,2025-09-18,TIME_AND_MATERIAL,ACTIVE,EMP-58276
CON-009949,VND-01016,219444.06,USD,2021-07-15,2024-06-29,PURCHASE_ORDER,EXPIRED,EMP-20075
CON-009950,VND-02029,46947.24,INR,2021-11-03,2024-10-22,PURCHASE_ORDER,ACTIVE,EMP-47302
CON-009951,VND-03616,14201.54,GBP,2023-09-23,2025-05-10,TIME_AND_MATERIAL,TERMINATED,EMP-CORP-00193
CON-009952,VND-02379,5000.0,GBP,2023-08-25,2025-07-17,MASTER_SERVICE,ACTIVE,EMP-7067
CON-009953,VND-01956,29100.61,USD,2023-12-04,2024-12-27,MASTER_SERVICE,EXPIRED,EMP-16808
CON-009954,VND-00425,144027.51,USD,2021-04-14,2024-03-23,PURCHASE_ORDER,EXPIRED,EMP-8358
CON-009955,VND-04001,516353.23,USD,2018-02-09,2020-05-23,FIXED_PRICE,EXPIRED,EMP-55911
CON-009956,VND-01607,160134.32,GBP,2020-04-30,2021-08-21,TIME_AND_MATERIAL,EXPIRED,EMP-24064
CON-009957,VND-00249,697790.05,AUD,2020-10-11,2022-02-27,SLA,EXPIRED,EMP-23585
CON-009958,VND-00631,162503.28,USD,2023-01-18,2024-01-22,FIXED_PRICE,EXPIRED,EMP-5476
CON-009959,VND-01211,59488.76,GBP,2019-02-26,2021-03-20,PURCHASE_ORDER,EXPIRED,EMP-40242
CON-009960,VND-01783,5000.0,EUR,2018-03-01,2018-11-22,MASTER_SERVICE,EXPIRED,EMP-61055
CON-009961,VND-00403,401213.93,INR,2022-07-31,2023-07-10,TIME_AND_MATERIAL,EXPIRED,EMP-65800
CON-009962,VND-03352,15224.3,USD,2019-09-02,2020-09-15,PURCHASE_ORDER,EXPIRED,EMP-49251
CON-009963,VND-03290,284652.59,USD,2022-12-16,2024-06-09,FIXED_PRICE,EXPIRED,EMP-CORP-00077
CON-009964,VND-03869,57863.27,EUR,2020-04-30,2022-11-26,RETAINER,EXPIRED,EMP-33584
CON-009965,VND-04043,3217545.86,USD,2020-08-28,2021-12-27,RETAINER,EXPIRED,EMP-62973
CON-009966,VND-00801,63903.63,GBP,2021-10-31,2024-10-29,TIME_AND_MATERIAL,EXPIRED,EMP-16708
CON-009967,VND-04638,33623.59,USD,2021-07-10,2023-09-19,SLA,EXPIRED,EMP-42824
CON-009968,VND-04542,29202.35,GBP,2018-05-27,2021-01-20,PURCHASE_ORDER,ACTIVE,EMP-13174
CON-009969,VND-02139,537278.73,USD,2019-09-26,2021-09-04,FIXED_PRICE,EXPIRED,EMP-63330
CON-009970,VND-00966,12942.06,GBP,2021-01-12,2023-08-02,MASTER_SERVICE,ACTIVE,EMP-64788
CON-009971,VND-00984,67014.11,EUR,2023-06-08,2026-05-22,TIME_AND_MATERIAL,ACTIVE,EMP-8764
CON-009972,VND-00809,4654042.25,USD,2023-08-21,2025-10-12,SLA,ACTIVE,EMP-40836
CON-009973,VND-04834,1014537.65,USD,2019-02-01,2021-01-19,MASTER_SERVICE,EXPIRED,EMP-43533
CON-009974,VND-00293,138867.69,USD,2019-07-13,2021-08-12,FIXED_PRICE,TERMINATED,EMP-46060
CON-009975,VND-04295,482005.12,GBP,2018-01-18,2018-08-22,MASTER_SERVICE,EXPIRED,EMP-11197
CON-009976,VND-04009,133341.35,GBP,2023-07-23,2025-05-24,PURCHASE_ORDER,EXPIRED,EMP-25379
CON-009977,VND-00815,270496.13,USD,2018-06-14,2020-08-09,FRAMEWORK,EXPIRED,EMP-5655
CON-009978,VND-02001,541382.24,USD,2020-01-07,2020-12-31,SLA,EXPIRED,EMP-50572
CON-009979,VND-02318,54095.54,AUD,2019-05-11,2020-07-19,MASTER_SERVICE,EXPIRED,EMP-63822
CON-009980,VND-03868,6634736.42,CAD,2020-10-06,2021-07-14,FIXED_PRICE,EXPIRED,EMP-68630
CON-009981,VND-02038,203582.33,USD,2022-06-01,2023-12-06,FIXED_PRICE,EXPIRED,EMP-58189
CON-009982,VND-03547,262494.68,AUD,2018-11-28,2021-09-04,FIXED_PRICE,EXPIRED,EMP-CORP-00549
CON-009983,VND-02326,56544.52,GBP,2022-06-08,2023-07-24,RETAINER,EXPIRED,EMP-47398
CON-009984,VND-03187,696679.57,INR,2019-11-09,2021-03-20,MASTER_SERVICE,EXPIRED,EMP-9113
CON-009985,VND-01668,12205.85,USD,2023-09-02,2025-10-21,FIXED_PRICE,SUSPENDED,EMP-28286
CON-009986,VND-03981,83282.71,EUR,2023-07-06,2025-05-08,RETAINER,TERMINATED,EMP-72591
CON-009987,VND-01081,980156.15,USD,2021-06-01,2022-03-14,TIME_AND_MATERIAL,EXPIRED,EMP-51855
CON-009988,VND-03387,501955.74,USD,2021-08-19,2023-08-29,TIME_AND_MATERIAL,EXPIRED,EMP-21741
CON-009989,VND-03307,446358.94,EUR,2023-10-20,2025-06-22,RETAINER,ACTIVE,EMP-68004
CON-009990,VND-00933,9286.88,USD,2023-10-14,2024-06-18,PURCHASE_ORDER,EXPIRED,EMP-61226
CON-009991,VND-02606,33557.93,AUD,2018-11-24,2020-04-24,PURCHASE_ORDER,EXPIRED,EMP-34518
CON-009992,VND-01702,55611.81,INR,2019-05-30,2020-07-15,MASTER_SERVICE,EXPIRED,EMP-CORP-00037
CON-009993,VND-01351,243119.23,USD,2020-11-09,2023-10-16,FIXED_PRICE,EXPIRED,EMP-32806
CON-009994,VND-00419,25002.69,INR,2018-02-21,2018-10-25,PURCHASE_ORDER,EXPIRED,EMP-25617
CON-009995,VND-03980,9642.27,GBP,2018-05-05,2020-07-28,PURCHASE_ORDER,EXPIRED,EMP-19592
CON-009996,VND-00939,877361.78,EUR,2020-05-22,2022-08-23,FRAMEWORK,EXPIRED,EMP-49378
CON-009997,VND-00785,104493.98,USD,2018-10-02,2020-02-22,FIXED_PRICE,EXPIRED,EMP-42141
CON-009998,VND-02312,46440.24,USD,2021-06-09,2022-10-03,FIXED_PRICE,EXPIRED,EMP-23191
CON-009999,VND-01739,120719.29,EUR,2023-06-13,2026-05-26,RETAINER,SUSPENDED,EMP-40031
CON-010000,VND-01890,15919.97,SGD,2022-11-11,2025-07-13,FRAMEWORK,ACTIVE,EMP-63468
