vendor_id,vendor_name,vendor_type,country,registration_no,risk_rating,onboarding_date,status
VND-00001,RedPoint Consulting Group,CONSULTANT,United States,REG-IV104GRV33,LOW,2017-07-03,ACTIVE
VND-00002,FlowBridge Inc Ltd,SUPPLIER,United States,REG-BF819NOG60,LOW,2019-09-25,ACTIVE
VND-00003,MomentumCore Corp,CONSULTANT,Ireland,REG-AO908CLR38,LOW,2021-04-17,ACTIVE
VND-00004,ClearPath Logistics Ltd,LOGISTICS,United States,REG-JN026WVG54,MEDIUM,2018-02-13,ACTIVE
VND-00005,BlueStar Procurement Holdings,CONSULTANT,United Kingdom,REG-MQ161ZCU55,MEDIUM,2018-02-12,ACTIVE
VND-00006,FlowBridge Inc International,CONTRACTOR,Germany,REG-JS781ONX61,HIGH,2016-02-01,ACTIVE
VND-00007,VoltEdge Solutions International,SUPPLIER,Canada,REG-XS931FOG03,LOW,2021-01-05,ACTIVE
VND-00008,OpenBridge Systems Ltd,DISTRIBUTOR,United Kingdom,REG-XW647NQR52,LOW,2019-01-21,ACTIVE
VND-00009,OmegaLink Systems Inc,SUPPLIER,United Kingdom,REG-KD192YRO83,MEDIUM,2018-03-31,ACTIVE
VND-00010,DawnTech Services LLC,CONTRACTOR,United Kingdom,REG-CZ835UZR03,MEDIUM,2024-05-09,ACTIVE
VND-00011,RedPoint Consulting LLC,MANUFACTURER,United States,REG-PF139ZPD53,LOW,2022-08-31,ACTIVE
VND-00012,VoltEdge Solutions Group,SERVICE_PROVIDER,Canada,REG-IQ242VLB38,LOW,2016-10-31,ACTIVE
VND-00013,TitanPath Holdings Ltd,MANUFACTURER,Germany,REG-GF965FWD32,LOW,2017-06-18,ACTIVE
VND-00014,OmegaLink Systems Inc,LOGISTICS,Germany,REG-EY122YMD69,MEDIUM,2015-05-12,ACTIVE
VND-00015,KryptonPath Ltd LLC,CONSULTANT,Ireland,REG-RI848WRX01,LOW,2018-07-12,ACTIVE
VND-00016,PeakVault Services International,CONTRACTOR,United States,REG-DA514UUQ62,LOW,2016-08-08,ACTIVE
VND-00017,QuantumEdge Solutions LLC,SERVICE_PROVIDER,Brazil,REG-OG828MMJ14,LOW,2021-07-22,ACTIVE
VND-00018,InnoCore Dynamics Ltd,SUPPLIER,United States,REG-MU528FBH80,LOW,2020-07-14,ACTIVE
VND-00019,KineticBlue Ltd Inc,SERVICE_PROVIDER,Brazil,REG-KF543FUF03,MEDIUM,2022-08-19,ACTIVE
VND-00020,DawnTech Services Ltd,DISTRIBUTOR,United States,REG-JK182QHM27,LOW,2017-10-26,ACTIVE
VND-00021,IronPoint Manufacturing Inc,LOGISTICS,Ireland,REG-ZQ638PXC34,LOW,2017-12-28,ACTIVE
VND-00022,KineticBlue Ltd International,MANUFACTURER,India,REG-EV871BLJ33,LOW,2015-01-14,ACTIVE
VND-00023,GreenBridge Consulting,CONTRACTOR,Japan,REG-TO393DOE01,HIGH,2022-01-05,INACTIVE
VND-00024,XcelPath Networks Inc,DISTRIBUTOR,UAE,REG-RQ051FNI83,LOW,2016-10-23,ACTIVE
VND-00025,FusionCore Analytics,CONTRACTOR,India,REG-YE299ZAM73,HIGH,2016-04-03,ACTIVE
VND-00026,KryptonPath Ltd,MANUFACTURER,France,REG-AD116UDR56,LOW,2015-12-17,ACTIVE
VND-00027,IronPoint Manufacturing Inc,CONSULTANT,France,REG-PM106MIC51,MEDIUM,2016-05-30,BLACKLISTED
VND-00028,HorizonEdge Inc,SERVICE_PROVIDER,United Kingdom,REG-PE262CZJ47,HIGH,2021-10-20,ACTIVE
VND-00029,TitanPath Holdings Group,CONTRACTOR,Singapore,REG-WP108KAF01,HIGH,2022-12-30,INACTIVE
VND-00030,ClearPath Logistics Ltd,SUPPLIER,India,REG-YA736YQY02,CRITICAL,2020-01-24,BLACKLISTED
VND-00031,LucentBridge Technologies Ltd,DISTRIBUTOR,United Kingdom,REG-JM746SND87,LOW,2017-07-31,ACTIVE
VND-00032,DeltaPath Logistics Group,SUPPLIER,Germany,REG-DL980EGH50,LOW,2015-10-04,ACTIVE
VND-00033,RapidCore Consulting International,DISTRIBUTOR,United States,REG-EM208ERP12,LOW,2017-05-27,ACTIVE
VND-00034,KryptonPath Ltd International,LOGISTICS,France,REG-MC619NFA39,MEDIUM,2017-09-22,INACTIVE
VND-00035,GlobalNex Corp LLC,CONTRACTOR,Singapore,REG-NQ998TUP54,MEDIUM,2019-11-01,ACTIVE
VND-00036,DeltaPath Logistics LLC,MANUFACTURER,United States,REG-UW462EAD47,LOW,2022-04-30,ACTIVE
VND-00037,Delta_Logistics Inc,CONSULTANT,United Kingdom,REG-NG991QIW18,LOW,2016-03-23,ACTIVE
VND-00038,BlueStar Procurement Group,SERVICE_PROVIDER,India,REG-CI135TTN42,LOW,2018-02-14,ACTIVE
VND-00039,Delta_Logistics Inc,SUPPLIER,United States,REG-IQ808HGV41,MEDIUM,2021-03-04,ACTIVE
VND-00040,Apex Solutions,LOGISTICS,India,REG-NT824VNR49,LOW,2023-06-14,ACTIVE
VND-00041,NorthBridge Supplies Inc,SUPPLIER,United Kingdom,REG-FO487BRC40,LOW,2019-07-01,ACTIVE
VND-00042,QuantumEdge Solutions Inc,SERVICE_PROVIDER,India,REG-VC052JTB42,LOW,2023-10-21,INACTIVE
VND-00043,Alpha_Inc Ltd,MANUFACTURER,France,REG-IC801XLJ12,LOW,2022-06-04,INACTIVE
VND-00044,DeltaPath Logistics Ltd,DISTRIBUTOR,United States,REG-XY262CWN04,LOW,2023-04-02,ACTIVE
VND-00045,LucentBridge Technologies International,LOGISTICS,UAE,REG-NV315JPK86,MEDIUM,2020-08-21,ACTIVE
VND-00046,FlowBridge Inc,SUPPLIER,Brazil,REG-YA260ZQV25,LOW,2017-01-31,INACTIVE
VND-00047,ZenithBridge Corp,CONSULTANT,Brazil,REG-CE342OMD16,LOW,2021-05-22,ACTIVE
VND-00048,Acuity Systems LLC,DISTRIBUTOR,Netherlands,REG-QM543ZVR30,LOW,2021-07-18,ACTIVE
VND-00049,RapidCore Consulting LLC,CONSULTANT,India,REG-RI145VBH86,LOW,2018-07-10,ACTIVE
VND-00050,TrueNorth Services International,LOGISTICS,United States,REG-GM429BWU40,LOW,2018-07-19,ACTIVE
VND-00051,KryptonPath Ltd,DISTRIBUTOR,United Kingdom,REG-YK569MQC81,LOW,2015-10-28,ACTIVE
VND-00052,WaveCore Manufacturing,CONTRACTOR,India,REG-XB608EQV83,LOW,2017-09-27,ACTIVE
VND-00053,UnityCore Technologies Holdings,LOGISTICS,Ireland,REG-TQ951AUZ48,LOW,2021-11-10,ACTIVE
VND-00054,JadeCore Solutions Holdings,SUPPLIER,United States,REG-QY482RVL36,LOW,2022-06-10,ACTIVE
VND-00055,WavePath Inc Ltd,CONTRACTOR,India,REG-AT994SNB68,LOW,2016-09-28,ACTIVE
VND-00056,NorthBridge Supplies LLC,LOGISTICS,India,REG-CR995NGE77,LOW,2022-02-10,ACTIVE
VND-00057,Epsilon_Group,MANUFACTURER,Singapore,REG-VF214WPR89,LOW,2016-01-14,ACTIVE
VND-00058,VertiLink Distributors Inc,MANUFACTURER,India,REG-CP433ENX20,MEDIUM,2016-06-19,ACTIVE
VND-00059,UnityCore Technologies International,SUPPLIER,United States,REG-TS176YFZ93,LOW,2021-04-16,ACTIVE
VND-00060,JetStream Analytics Ltd,LOGISTICS,Canada,REG-OL320ZSH16,LOW,2015-05-28,ACTIVE
VND-00061,InnoCore Dynamics,CONTRACTOR,United States,REG-DI708ZDQ31,LOW,2018-06-16,ACTIVE
VND-00062,PrimeAxis Corp LLC,CONTRACTOR,China,REG-NU889GBJ57,MEDIUM,2016-02-26,ACTIVE
VND-00063,NexPoint Analytics LLC,CONSULTANT,United Kingdom,REG-WP727ORX74,MEDIUM,2016-09-25,ACTIVE
VND-00064,Acuity Systems,MANUFACTURER,Germany,REG-ET873SPR47,HIGH,2017-01-04,BLACKLISTED
VND-00065,RapidCore Consulting Inc,LOGISTICS,India,REG-JO558YSJ12,MEDIUM,2023-03-30,ACTIVE
VND-00066,GlobalNex Corp International,LOGISTICS,France,REG-ID316ADN65,LOW,2015-06-08,ACTIVE
VND-00067,DawnTech Services Holdings,LOGISTICS,United Kingdom,REG-YE669AWT09,LOW,2018-06-04,ACTIVE
VND-00068,ZenithBridge Corp Holdings,LOGISTICS,United States,REG-OF668ORB89,LOW,2018-02-15,ACTIVE
VND-00069,PeakVault Services Ltd,MANUFACTURER,UAE,REG-UK706DIN56,HIGH,2019-06-26,ACTIVE
VND-00070,QuantumEdge Solutions Group,CONTRACTOR,United States,REG-QB806FPB99,LOW,2021-07-06,ACTIVE
VND-00071,VoltEdge Solutions Inc,SERVICE_PROVIDER,South Africa,REG-YU272NDU04,LOW,2018-07-08,ACTIVE
VND-00072,KryptonPath Ltd Group,SUPPLIER,Singapore,REG-FE564BVI64,CRITICAL,2017-11-09,INACTIVE
VND-00073,IronPoint Manufacturing LLC,MANUFACTURER,United Kingdom,REG-WB053PMB10,LOW,2023-01-25,ACTIVE
VND-00074,RapidCore Consulting Holdings,CONTRACTOR,United States,REG-QH923KND27,LOW,2021-12-27,ACTIVE
VND-00075,TrueNorth Services LLC,CONTRACTOR,Singapore,REG-VT452HXK99,MEDIUM,2019-07-31,ACTIVE
VND-00076,MeridianTech International,SERVICE_PROVIDER,United Kingdom,REG-KR419YZT04,LOW,2022-06-16,ACTIVE
VND-00077,JadeCore Solutions Inc,CONTRACTOR,India,REG-SX319TRM31,LOW,2015-01-02,ACTIVE
VND-00078,MomentumCore Corp LLC,SERVICE_PROVIDER,Australia,REG-BQ190XEG58,LOW,2018-08-12,ACTIVE
VND-00079,EcoVenture Supplies Inc,MANUFACTURER,United Kingdom,REG-BX506ODT71,LOW,2023-12-05,ACTIVE
VND-00080,RapidCore Consulting LLC,CONTRACTOR,United States,REG-NZ262IXE84,LOW,2021-12-11,ACTIVE
VND-00081,SkyBridge Logistics Holdings,LOGISTICS,United Kingdom,REG-PF769RCP45,MEDIUM,2017-07-09,ACTIVE
VND-00082,EcoVenture Supplies Ltd,SUPPLIER,Australia,REG-BF799ULF65,LOW,2023-08-14,ACTIVE
VND-00083,MeridianTech LLC,SERVICE_PROVIDER,France,REG-MS354RJA54,LOW,2022-10-23,ACTIVE
VND-00084,TitanPath Holdings,LOGISTICS,United States,REG-FJ831WPS36,LOW,2023-06-03,ACTIVE
VND-00085,Delta_Logistics LLC,SERVICE_PROVIDER,United States,REG-SO777ZSP01,MEDIUM,2020-10-22,ACTIVE
VND-00086,HarborLight Services International,LOGISTICS,Australia,REG-HW495BVJ78,LOW,2016-06-30,ACTIVE
VND-00087,MomentumCore Corp Holdings,SERVICE_PROVIDER,South Africa,REG-QO557HUM44,LOW,2023-06-21,INACTIVE
VND-00088,BlueStar Procurement Inc,SERVICE_PROVIDER,United Kingdom,REG-NV518ERU23,MEDIUM,2021-02-22,INACTIVE
VND-00089,QuantumEdge Solutions Inc,LOGISTICS,Japan,REG-MS989OXL41,MEDIUM,2017-10-09,ACTIVE
VND-00090,FusionCore Analytics LLC,CONTRACTOR,Australia,REG-CD408JSS24,LOW,2017-09-06,ACTIVE
VND-00091,RedPoint Consulting Holdings,DISTRIBUTOR,United States,REG-SE271ECV09,LOW,2018-08-02,ACTIVE
VND-00092,TitanPath Holdings Group,CONSULTANT,United States,REG-EZ204FEK71,LOW,2022-12-03,ACTIVE
VND-00093,DawnTech Services International,CONSULTANT,Singapore,REG-FP022HJW94,LOW,2015-09-13,ACTIVE
VND-00094,TitanPath Holdings,DISTRIBUTOR,Canada,REG-XH699YCC93,LOW,2023-08-02,ACTIVE
VND-00095,TrueNorth Services Inc,LOGISTICS,Singapore,REG-ND496NVG49,LOW,2019-05-17,ACTIVE
VND-00096,Delta_Logistics Ltd,SERVICE_PROVIDER,United Kingdom,REG-PL334JEK12,LOW,2017-06-22,ACTIVE
VND-00097,YieldPoint Partners Holdings,MANUFACTURER,Singapore,REG-SC067OST97,LOW,2022-07-02,ACTIVE
VND-00098,InnoCore Dynamics Ltd,SUPPLIER,Canada,REG-YY471OLQ34,MEDIUM,2020-12-27,ACTIVE
VND-00099,FlowBridge Inc LLC,CONSULTANT,Australia,REG-PJ361RJE83,LOW,2019-10-22,ACTIVE
VND-00100,UltraVista Technologies Group,CONTRACTOR,Germany,REG-SC024HDS99,LOW,2020-02-06,ACTIVE
VND-00101,XpressCore Dynamics Inc,CONTRACTOR,United States,REG-FC464FMC88,MEDIUM,2019-09-23,ACTIVE
VND-00102,DeltaPath Logistics Holdings,MANUFACTURER,United States,REG-FO659RKL40,LOW,2017-07-07,ACTIVE
VND-00103,XpressCore Dynamics,CONSULTANT,United States,REG-EH049PCR02,MEDIUM,2017-10-09,ACTIVE
VND-00104,EcoVenture Supplies LLC,DISTRIBUTOR,United Kingdom,REG-EW296AVU71,LOW,2016-04-13,ACTIVE
VND-00105,XcelPath Networks Group,DISTRIBUTOR,United States,REG-SQ125ZWJ67,LOW,2021-10-17,ACTIVE
VND-00106,TrueNorth Services,SUPPLIER,India,REG-UH071XZG54,MEDIUM,2021-06-28,ACTIVE
VND-00107,YieldPoint Partners International,CONSULTANT,United States,REG-MH087XNW60,LOW,2023-01-07,ACTIVE
VND-00108,PrimeAxis Corp,LOGISTICS,India,REG-JI770SCS34,LOW,2022-10-26,ACTIVE
VND-00109,HarborLight Services Inc,LOGISTICS,United States,REG-TK710TJA93,MEDIUM,2021-05-07,ACTIVE
VND-00110,XcelPath Networks,MANUFACTURER,Germany,REG-DH861PJF31,LOW,2020-09-03,ACTIVE
VND-00111,FusionCore Analytics,CONTRACTOR,Japan,REG-EP484DJJ67,LOW,2019-11-11,ACTIVE
VND-00112,JetStream Analytics International,MANUFACTURER,Netherlands,REG-ER639XYA82,MEDIUM,2016-12-22,ACTIVE
VND-00113,Delta_Logistics Ltd,SERVICE_PROVIDER,Australia,REG-UT584LLQ04,HIGH,2023-09-08,ACTIVE
VND-00114,RedPoint Consulting Holdings,LOGISTICS,United States,REG-WV727JWI87,LOW,2017-10-02,ACTIVE
VND-00115,XpressCore Dynamics International,DISTRIBUTOR,Canada,REG-KY675OXA33,LOW,2021-05-23,ACTIVE
VND-00116,UltraVista Technologies Group,CONSULTANT,Germany,REG-QY057PJF66,LOW,2020-06-20,ACTIVE
VND-00117,MomentumCore Corp LLC,DISTRIBUTOR,United States,REG-GC028GHD95,MEDIUM,2018-02-05,ACTIVE
VND-00118,PrimeAxis Corp LLC,SERVICE_PROVIDER,China,REG-EY026QVN21,LOW,2019-07-23,ACTIVE
VND-00119,PeakVault Services LLC,SERVICE_PROVIDER,United States,REG-UO615TWF86,MEDIUM,2020-07-03,ACTIVE
VND-00120,TitanPath Holdings Group,MANUFACTURER,Brazil,REG-OR809SOV13,LOW,2018-06-08,ACTIVE
VND-00121,WaveCore Manufacturing International,DISTRIBUTOR,Germany,REG-KS161TBC17,LOW,2023-05-14,ACTIVE
VND-00122,TrueNorth Services Holdings,SUPPLIER,United Kingdom,REG-BJ504PHA55,LOW,2017-08-02,ACTIVE
VND-00123,XpressCore Dynamics LLC,CONSULTANT,United Kingdom,REG-NY922NRP21,LOW,2017-01-28,ACTIVE
VND-00124,LucentBridge Technologies Inc,DISTRIBUTOR,India,REG-OQ792DQQ37,MEDIUM,2020-11-18,ACTIVE
VND-00125,SilverPath Holdings Group,CONSULTANT,India,REG-EC074WLT82,CRITICAL,2019-01-18,BLACKLISTED
VND-00126,RedPoint Consulting,DISTRIBUTOR,India,REG-YE647GPY43,LOW,2015-08-12,ACTIVE
VND-00127,XpressCore Dynamics International,LOGISTICS,United States,REG-BQ959ZRA44,LOW,2016-02-25,ACTIVE
VND-00128,ClearPath Logistics Holdings,SUPPLIER,India,REG-XZ909OMZ74,LOW,2017-01-25,ACTIVE
VND-00129,Gamma_Co,SERVICE_PROVIDER,United States,REG-RW533UXQ94,HIGH,2019-06-30,ACTIVE
VND-00130,JetStream Analytics Group,DISTRIBUTOR,India,REG-CL210XUI47,LOW,2024-02-05,ACTIVE
VND-00131,JadeCore Solutions Inc,DISTRIBUTOR,Brazil,REG-MI145YIX62,LOW,2019-09-01,ACTIVE
VND-00132,HorizonEdge Inc International,SERVICE_PROVIDER,India,REG-EZ884SVV24,MEDIUM,2020-01-20,ACTIVE
VND-00133,TrueNorth Services Ltd,SUPPLIER,South Africa,REG-RU171RZZ23,MEDIUM,2021-12-18,BLACKLISTED
VND-00134,XpressCore Dynamics Group,CONSULTANT,India,REG-QI851HDX60,HIGH,2022-01-06,ACTIVE
VND-00135,LatticeCore Partners Ltd,CONSULTANT,United States,REG-RO496EBN51,LOW,2015-11-04,ACTIVE
VND-00136,EcoVenture Supplies Holdings,CONSULTANT,India,REG-OD859STP31,LOW,2015-05-14,ACTIVE
VND-00137,DawnTech Services,CONSULTANT,India,REG-TF612HGP00,MEDIUM,2022-09-16,ACTIVE
VND-00138,RapidCore Consulting Inc,SERVICE_PROVIDER,United States,REG-QV826SIA75,MEDIUM,2017-03-21,ACTIVE
VND-00139,RedPoint Consulting Inc,SUPPLIER,United States,REG-NA926RCS17,LOW,2016-08-05,ACTIVE
VND-00140,WavePath Inc,CONTRACTOR,Australia,REG-XG537RXI73,LOW,2021-05-20,ACTIVE
VND-00141,TitanPath Holdings International,DISTRIBUTOR,UAE,REG-HD506FQN43,LOW,2018-01-20,ACTIVE
VND-00142,CoreVault Systems International,CONTRACTOR,South Africa,REG-IY900KNE53,LOW,2023-03-28,ACTIVE
VND-00143,SkyBridge Logistics Inc,DISTRIBUTOR,United States,REG-VX839JYM33,LOW,2021-06-14,ACTIVE
VND-00144,RedPoint Consulting Ltd,LOGISTICS,United Kingdom,REG-QZ042LHQ28,CRITICAL,2015-06-14,BLACKLISTED
VND-00145,RedPoint Consulting Group,SERVICE_PROVIDER,Japan,REG-LU020BLQ53,LOW,2021-07-25,ACTIVE
VND-00146,EcoVenture Supplies Holdings,CONTRACTOR,Germany,REG-VE026ECX81,MEDIUM,2019-07-31,BLACKLISTED
VND-00147,VertiLink Distributors International,SERVICE_PROVIDER,India,REG-GO589NCU17,LOW,2022-10-12,ACTIVE
VND-00148,XpressCore Dynamics Ltd,SERVICE_PROVIDER,United States,REG-EZ847BRG00,LOW,2015-05-31,ACTIVE
VND-00149,YellowBridge Partners International,LOGISTICS,United States,REG-MJ771EIR15,LOW,2020-10-08,ACTIVE
VND-00150,Acuity Systems,DISTRIBUTOR,Canada,REG-MH998SDG56,LOW,2017-02-07,ACTIVE
VND-00151,ClearPath Logistics Inc,CONSULTANT,India,REG-UN961BCO18,LOW,2015-07-31,ACTIVE
VND-00152,ClearPath Logistics LLC,SUPPLIER,United States,REG-UG657UBU66,LOW,2020-06-08,ACTIVE
VND-00153,PrimeAxis Corp LLC,CONTRACTOR,China,REG-FF452FBG71,HIGH,2016-10-10,INACTIVE
VND-00154,OmegaLink Systems Inc,SERVICE_PROVIDER,United States,REG-JJ528VQH09,LOW,2016-04-09,ACTIVE
VND-00155,UnityCore Technologies Holdings,MANUFACTURER,India,REG-MT656WGK04,LOW,2020-09-15,ACTIVE
VND-00156,EcoVenture Supplies Group,DISTRIBUTOR,United States,REG-GW832JXH73,LOW,2020-02-14,ACTIVE
VND-00157,GreenBridge Consulting LLC,LOGISTICS,United States,REG-XN493NRP68,LOW,2016-07-13,ACTIVE
VND-00158,Acuity Systems Holdings,DISTRIBUTOR,India,REG-LR809SWT40,LOW,2023-11-01,ACTIVE
VND-00159,TrueNorth Services Inc,DISTRIBUTOR,France,REG-KQ550ZEJ22,MEDIUM,2021-08-01,ACTIVE
VND-00160,EcoVenture Supplies Holdings,DISTRIBUTOR,UAE,REG-AD018VKX36,MEDIUM,2018-09-23,ACTIVE
VND-00161,MeridianTech LLC,DISTRIBUTOR,Canada,REG-DJ459KWN91,LOW,2017-09-05,ACTIVE
VND-00162,CoreVault Systems Holdings,SERVICE_PROVIDER,Canada,REG-FM014CAR76,LOW,2023-05-09,ACTIVE
VND-00163,Gamma_Co LLC,SERVICE_PROVIDER,United States,REG-HS381RRL56,LOW,2016-09-15,ACTIVE
VND-00164,VertiLink Distributors Inc,LOGISTICS,Australia,REG-ZM784DAN03,LOW,2016-02-16,INACTIVE
VND-00165,Apex Solutions LLC,SERVICE_PROVIDER,Ireland,REG-UH432AFV44,LOW,2016-08-13,ACTIVE
VND-00166,Alpha_Inc Holdings,DISTRIBUTOR,Canada,REG-TO622GJQ68,HIGH,2018-10-18,ACTIVE
VND-00167,Epsilon_Group LLC,SERVICE_PROVIDER,Germany,REG-BD516EUK06,LOW,2020-12-25,ACTIVE
VND-00168,FusionCore Analytics Inc,SUPPLIER,Japan,REG-HZ696BUK64,LOW,2021-01-25,ACTIVE
VND-00169,SilverPath Holdings Group,SUPPLIER,Singapore,REG-GP975BLZ16,LOW,2023-05-17,ACTIVE
VND-00170,UnityCore Technologies Inc,SERVICE_PROVIDER,United Kingdom,REG-OV816XKE45,HIGH,2016-02-16,INACTIVE
VND-00171,CoreVault Systems Holdings,SUPPLIER,India,REG-XW818WUP83,LOW,2023-12-06,ACTIVE
VND-00172,PrimeAxis Corp Ltd,DISTRIBUTOR,United Kingdom,REG-ML231MJW24,LOW,2019-08-15,ACTIVE
VND-00173,YieldPoint Partners Ltd,CONSULTANT,France,REG-WL127CRK79,LOW,2022-08-30,ACTIVE
VND-00174,DawnTech Services LLC,SERVICE_PROVIDER,India,REG-EE955COT27,HIGH,2017-11-06,ACTIVE
VND-00175,DawnTech Services Holdings,DISTRIBUTOR,United Kingdom,REG-ET490DCC58,LOW,2022-08-07,ACTIVE
VND-00176,LucentBridge Technologies Holdings,SERVICE_PROVIDER,India,REG-NM054GYD11,LOW,2022-03-02,ACTIVE
VND-00177,YieldPoint Partners Inc,SUPPLIER,India,REG-PM980UME79,LOW,2020-06-02,ACTIVE
VND-00178,SilverPath Holdings LLC,SUPPLIER,Canada,REG-ZV820TFG71,LOW,2018-04-24,ACTIVE
VND-00179,SkyBridge Logistics Inc,SUPPLIER,South Africa,REG-HH203NKX77,LOW,2023-05-09,ACTIVE
VND-00180,SilverPath Holdings Inc,CONSULTANT,South Africa,REG-RM546DYO65,MEDIUM,2023-12-17,ACTIVE
VND-00181,MeridianTech Ltd,MANUFACTURER,United States,REG-RY515SQU18,MEDIUM,2017-10-23,ACTIVE
VND-00182,PeakVault Services,LOGISTICS,Australia,REG-QJ925WTP19,LOW,2018-06-19,ACTIVE
VND-00183,InnoCore Dynamics,CONTRACTOR,Singapore,REG-JY629PYV14,LOW,2018-04-23,ACTIVE
VND-00184,IronPoint Manufacturing Holdings,DISTRIBUTOR,India,REG-XB281XTL68,LOW,2020-12-14,ACTIVE
VND-00185,Gamma_Co International,CONTRACTOR,Germany,REG-IJ357ESY33,MEDIUM,2024-01-17,ACTIVE
VND-00186,EdgeWave Technologies Group,CONSULTANT,Canada,REG-QV188XNI80,MEDIUM,2023-06-17,ACTIVE
VND-00187,XcelPath Networks,SERVICE_PROVIDER,United States,REG-SX962NZK22,HIGH,2023-11-13,BLACKLISTED
VND-00188,XcelPath Networks LLC,MANUFACTURER,India,REG-CN706SWV53,LOW,2023-05-26,ACTIVE
VND-00189,XcelPath Networks,CONSULTANT,France,REG-ZY738EMX34,LOW,2022-07-27,ACTIVE
VND-00190,JadeCore Solutions Holdings,CONSULTANT,Ireland,REG-GH977AKM46,LOW,2021-11-03,ACTIVE
VND-00191,TitanPath Holdings,SERVICE_PROVIDER,United States,REG-XJ924GTH07,LOW,2022-04-13,ACTIVE
VND-00192,TrueNorth Services International,SUPPLIER,India,REG-CG141JBF24,LOW,2016-04-20,ACTIVE
VND-00193,DawnTech Services Holdings,MANUFACTURER,UAE,REG-DZ375GXP06,MEDIUM,2022-07-09,ACTIVE
VND-00194,JetStream Analytics International,SUPPLIER,France,REG-UG615TPV30,LOW,2022-05-06,ACTIVE
VND-00195,RedPoint Consulting,CONTRACTOR,United Kingdom,REG-SI220WTE47,LOW,2022-09-28,ACTIVE
VND-00196,Epsilon_Group Holdings,MANUFACTURER,Canada,REG-QN790JJU10,LOW,2016-02-11,INACTIVE
VND-00197,WaveCore Manufacturing,CONTRACTOR,United Kingdom,REG-PT986HDP14,LOW,2019-06-19,INACTIVE
VND-00198,Gamma_Co International,MANUFACTURER,United Kingdom,REG-FM697IBO11,HIGH,2016-01-11,BLACKLISTED
VND-00199,BridgeTech Consulting,CONTRACTOR,India,REG-BA893NWP24,LOW,2023-10-28,ACTIVE
VND-00200,NorthBridge Supplies,LOGISTICS,China,REG-XE962HIG18,CRITICAL,2024-04-21,BLACKLISTED
VND-00201,OmegaLink Systems Holdings,CONSULTANT,Brazil,REG-CO880YXQ67,LOW,2023-09-07,ACTIVE
VND-00202,JetStream Analytics Group,CONTRACTOR,United Kingdom,REG-UQ051OGX53,LOW,2021-01-21,ACTIVE
VND-00203,InnoCore Dynamics,LOGISTICS,India,REG-IV952PLX05,LOW,2019-01-07,ACTIVE
VND-00204,QuantumEdge Solutions,MANUFACTURER,Singapore,REG-TX772DCS21,LOW,2016-06-03,ACTIVE
VND-00205,EcoVenture Supplies International,CONTRACTOR,Netherlands,REG-TG303ZIE05,LOW,2023-09-22,ACTIVE
VND-00206,OmegaLink Systems Ltd,MANUFACTURER,Netherlands,REG-XD403PVR45,LOW,2015-06-27,ACTIVE
VND-00207,BridgeTech Consulting,LOGISTICS,Singapore,REG-YV156LFS67,LOW,2020-05-15,ACTIVE
VND-00208,UnityCore Technologies International,SUPPLIER,Germany,REG-UB758FBM41,LOW,2015-10-29,ACTIVE
VND-00209,RedPoint Consulting Ltd,DISTRIBUTOR,China,REG-FU284QST51,LOW,2022-02-06,ACTIVE
VND-00210,MomentumCore Corp Ltd,SERVICE_PROVIDER,Netherlands,REG-WC796CUW27,MEDIUM,2018-04-22,ACTIVE
VND-00211,TitanPath Holdings,MANUFACTURER,China,REG-QO964ZXG01,LOW,2022-05-05,ACTIVE
VND-00212,ClearPath Logistics Group,CONTRACTOR,Australia,REG-CI202EPX97,MEDIUM,2019-08-22,ACTIVE
VND-00213,UltraVista Technologies International,MANUFACTURER,India,REG-MJ556RCX90,LOW,2018-07-04,ACTIVE
VND-00214,EcoVenture Supplies,LOGISTICS,United States,REG-HX571ZUP92,LOW,2016-01-09,ACTIVE
VND-00215,WavePath Inc Holdings,CONSULTANT,China,REG-FH431YJH02,LOW,2024-02-08,ACTIVE
VND-00216,JadeCore Solutions Holdings,SUPPLIER,Singapore,REG-SS447FMH39,LOW,2022-07-07,INACTIVE
VND-00217,XpressCore Dynamics International,SUPPLIER,India,REG-FZ217RUQ27,LOW,2023-02-01,ACTIVE
VND-00218,KryptonPath Ltd,CONSULTANT,France,REG-TK518TTS84,LOW,2017-05-21,ACTIVE
VND-00219,Epsilon_Group Ltd,SUPPLIER,India,REG-MY258IPY31,LOW,2019-02-14,ACTIVE
VND-00220,Epsilon_Group Ltd,LOGISTICS,Japan,REG-XD705ZJI89,LOW,2023-08-10,ACTIVE
VND-00221,BridgeTech Consulting Ltd,LOGISTICS,India,REG-TU911EHA46,LOW,2022-05-18,ACTIVE
VND-00222,XpressCore Dynamics Holdings,CONTRACTOR,United States,REG-PE691CDR25,LOW,2018-10-23,ACTIVE
VND-00223,RapidCore Consulting International,CONSULTANT,Japan,REG-LX852IBG89,LOW,2015-10-13,ACTIVE
VND-00224,HorizonEdge Inc Group,SERVICE_PROVIDER,Australia,REG-KK018UTO24,HIGH,2019-03-21,ACTIVE
VND-00225,VoltEdge Solutions Holdings,DISTRIBUTOR,Brazil,REG-MO584JRI14,LOW,2023-09-17,ACTIVE
VND-00226,KineticBlue Ltd Inc,SUPPLIER,United States,REG-PK498LLJ18,LOW,2021-12-05,ACTIVE
VND-00227,FusionCore Analytics Ltd,SERVICE_PROVIDER,India,REG-CB299FCP59,LOW,2019-12-16,ACTIVE
VND-00228,WaveCore Manufacturing International,CONTRACTOR,Brazil,REG-NO943BFO96,LOW,2016-03-30,ACTIVE
VND-00229,CoreVault Systems Group,DISTRIBUTOR,United States,REG-ZZ844RZT73,LOW,2019-06-07,ACTIVE
VND-00230,NorthBridge Supplies Inc,LOGISTICS,India,REG-AE710DNV27,LOW,2016-07-16,ACTIVE
VND-00231,FusionCore Analytics LLC,CONSULTANT,United States,REG-ZI925WXG55,LOW,2019-10-30,ACTIVE
VND-00232,GreenBridge Consulting Ltd,MANUFACTURER,Germany,REG-HR815CPJ37,LOW,2024-05-06,ACTIVE
VND-00233,CoreVault Systems International,SERVICE_PROVIDER,United States,REG-AP104KUK69,LOW,2015-03-18,ACTIVE
VND-00234,KryptonPath Ltd International,MANUFACTURER,Singapore,REG-DF532TFB78,MEDIUM,2022-12-16,ACTIVE
VND-00235,UltraVista Technologies Group,DISTRIBUTOR,Australia,REG-NL168WDD73,LOW,2023-12-27,ACTIVE
VND-00236,FlowBridge Inc International,CONSULTANT,Singapore,REG-IA479GBI74,MEDIUM,2016-03-09,INACTIVE
VND-00237,ZenithBridge Corp Inc,MANUFACTURER,Germany,REG-ZD456KJM50,LOW,2018-06-24,ACTIVE
VND-00238,EdgeWave Technologies Ltd,SUPPLIER,UAE,REG-GC584WJR16,LOW,2022-02-06,ACTIVE
VND-00239,WaveCore Manufacturing Holdings,LOGISTICS,Ireland,REG-ZX991YVJ21,LOW,2023-02-27,ACTIVE
VND-00240,JetStream Analytics Holdings,CONSULTANT,South Africa,REG-ZG523CCC98,MEDIUM,2017-03-19,ACTIVE
VND-00241,EdgeWave Technologies Group,MANUFACTURER,France,REG-JM257GIU87,LOW,2023-09-01,ACTIVE
VND-00242,LucentBridge Technologies International,DISTRIBUTOR,Ireland,REG-VT952LVG69,LOW,2022-08-21,ACTIVE
VND-00243,OpenBridge Systems Holdings,SERVICE_PROVIDER,United States,REG-EB887XVR94,LOW,2016-09-10,ACTIVE
VND-00244,Alpha_Inc Holdings,SUPPLIER,Germany,REG-ME169QPY40,LOW,2021-08-19,ACTIVE
VND-00245,ClearPath Logistics,CONTRACTOR,India,REG-EK993HOU09,LOW,2015-08-22,ACTIVE
VND-00246,Epsilon_Group,DISTRIBUTOR,Netherlands,REG-KS962HMB30,LOW,2021-11-24,ACTIVE
VND-00247,Alpha_Inc LLC,SERVICE_PROVIDER,China,REG-SN756AGX26,LOW,2015-06-18,ACTIVE
VND-00248,EcoVenture Supplies Ltd,SUPPLIER,Australia,REG-NJ970UQE28,LOW,2016-09-09,ACTIVE
VND-00249,VertiLink Distributors LLC,DISTRIBUTOR,Ireland,REG-IV865IWR27,LOW,2015-12-12,ACTIVE
VND-00250,ClearPath Logistics International,DISTRIBUTOR,South Africa,REG-RJ497TOT33,LOW,2020-11-16,ACTIVE
VND-00251,SilverPath Holdings International,LOGISTICS,Germany,REG-WJ437YUR57,LOW,2019-08-02,ACTIVE
VND-00252,OpenBridge Systems LLC,SUPPLIER,Germany,REG-ZW419XZJ86,LOW,2018-10-02,ACTIVE
VND-00253,SilverPath Holdings,LOGISTICS,South Africa,REG-CP404QVE15,LOW,2023-02-12,ACTIVE
VND-00254,LucentBridge Technologies LLC,CONTRACTOR,India,REG-SR338IGN48,MEDIUM,2016-08-02,ACTIVE
VND-00255,ZenithBridge Corp Group,MANUFACTURER,United States,REG-OO933ODG08,HIGH,2021-09-03,INACTIVE
VND-00256,Alpha_Inc Holdings,CONSULTANT,UAE,REG-AJ657KAP12,LOW,2024-02-13,ACTIVE
VND-00257,GreenBridge Consulting Holdings,CONTRACTOR,India,REG-SP773DXF45,LOW,2015-03-16,ACTIVE
VND-00258,YellowBridge Partners International,CONSULTANT,United States,REG-AL938CZY02,LOW,2017-02-25,ACTIVE
VND-00259,Alpha_Inc,LOGISTICS,UAE,REG-TK724MGV00,LOW,2020-09-10,ACTIVE
VND-00260,CoreVault Systems LLC,LOGISTICS,Japan,REG-IG478DRM87,MEDIUM,2018-10-11,INACTIVE
VND-00261,KineticBlue Ltd Group,MANUFACTURER,Japan,REG-TL152AVV74,LOW,2024-04-28,ACTIVE
VND-00262,ClearPath Logistics,CONTRACTOR,India,REG-OZ493BGU29,MEDIUM,2019-08-10,ACTIVE
VND-00263,XpressCore Dynamics LLC,SERVICE_PROVIDER,United Kingdom,REG-EU161PAQ22,HIGH,2023-10-16,INACTIVE
VND-00264,Delta_Logistics Inc,LOGISTICS,United Kingdom,REG-TL637UKA45,LOW,2020-04-05,ACTIVE
VND-00265,ClearPath Logistics International,CONTRACTOR,Canada,REG-DT453KZR01,LOW,2023-08-18,ACTIVE
VND-00266,KineticBlue Ltd Inc,LOGISTICS,South Africa,REG-NO841OIE45,LOW,2017-03-28,ACTIVE
VND-00267,PeakVault Services International,DISTRIBUTOR,United States,REG-SJ279EWI56,LOW,2019-03-01,ACTIVE
VND-00268,HarborLight Services Holdings,LOGISTICS,United Kingdom,REG-CH339TXE18,MEDIUM,2015-12-10,ACTIVE
VND-00269,JetStream Analytics Inc,SUPPLIER,United Kingdom,REG-MK910IJK88,LOW,2019-11-27,ACTIVE
VND-00270,BridgeTech Consulting International,SERVICE_PROVIDER,Netherlands,REG-TL587FFG13,MEDIUM,2015-08-07,INACTIVE
VND-00271,FlowBridge Inc Holdings,SUPPLIER,Germany,REG-AD707KDJ28,LOW,2017-07-08,ACTIVE
VND-00272,PeakVault Services Holdings,CONSULTANT,United States,REG-AV740NLE64,HIGH,2023-11-16,BLACKLISTED
VND-00273,EcoVenture Supplies LLC,CONSULTANT,France,REG-DE065ECS18,LOW,2024-04-27,ACTIVE
VND-00274,FlowBridge Inc,CONSULTANT,United States,REG-YC622YYF65,LOW,2017-11-14,ACTIVE
VND-00275,HorizonEdge Inc International,LOGISTICS,India,REG-IZ825HIU12,LOW,2016-03-31,ACTIVE
VND-00276,PrimeAxis Corp International,LOGISTICS,Japan,REG-RU300IBI47,LOW,2022-03-02,ACTIVE
VND-00277,FusionCore Analytics Ltd,SUPPLIER,Japan,REG-JR633MUW75,LOW,2021-01-04,ACTIVE
VND-00278,JetStream Analytics Holdings,SUPPLIER,South Africa,REG-PN106EGM90,LOW,2019-10-25,ACTIVE
VND-00279,LatticeCore Partners LLC,SUPPLIER,UAE,REG-VC079ZCO03,LOW,2022-06-30,ACTIVE
VND-00280,HorizonEdge Inc Ltd,LOGISTICS,Netherlands,REG-SO830UKU28,HIGH,2020-09-09,ACTIVE
VND-00281,EcoVenture Supplies,SERVICE_PROVIDER,Canada,REG-JQ995HOA34,LOW,2022-02-16,ACTIVE
VND-00282,Alpha_Inc,CONSULTANT,Japan,REG-VL440ORB89,LOW,2018-11-13,ACTIVE
VND-00283,XpressCore Dynamics Holdings,SUPPLIER,Germany,REG-YH870USA56,LOW,2016-06-30,ACTIVE
VND-00284,LatticeCore Partners Inc,MANUFACTURER,Australia,REG-WI624EPO62,LOW,2023-09-27,ACTIVE
VND-00285,LatticeCore Partners Inc,SUPPLIER,Australia,REG-AA427JHI08,CRITICAL,2016-07-06,BLACKLISTED
VND-00286,Alpha_Inc Group,CONTRACTOR,India,REG-PF634CXF35,LOW,2015-06-21,ACTIVE
VND-00287,IronPoint Manufacturing International,SUPPLIER,Ireland,REG-RM830MCE46,LOW,2017-11-03,INACTIVE
VND-00288,YellowBridge Partners,CONTRACTOR,India,REG-NV398TAN37,LOW,2022-05-09,ACTIVE
VND-00289,ZenithBridge Corp LLC,SERVICE_PROVIDER,Germany,REG-TN317ZPJ39,LOW,2019-12-07,ACTIVE
VND-00290,FusionCore Analytics Holdings,DISTRIBUTOR,India,REG-PW546TQX78,HIGH,2023-12-10,ACTIVE
VND-00291,FlowBridge Inc International,LOGISTICS,United Kingdom,REG-WU877NXU17,MEDIUM,2021-10-03,ACTIVE
VND-00292,FlowBridge Inc Holdings,CONTRACTOR,India,REG-BQ609JLL32,LOW,2022-05-31,ACTIVE
VND-00293,KineticBlue Ltd LLC,CONTRACTOR,Australia,REG-OY642KPF35,LOW,2019-12-24,ACTIVE
VND-00294,WaveCore Manufacturing Ltd,CONTRACTOR,Japan,REG-DK854UYW77,LOW,2019-11-17,ACTIVE
VND-00295,EdgeWave Technologies LLC,SERVICE_PROVIDER,Canada,REG-IP228DHC72,CRITICAL,2022-02-24,BLACKLISTED
VND-00296,KineticBlue Ltd,LOGISTICS,South Africa,REG-OO100ETJ62,LOW,2016-08-07,ACTIVE
VND-00297,InnoCore Dynamics,LOGISTICS,Ireland,REG-DN038OQN75,LOW,2017-08-24,ACTIVE
VND-00298,KryptonPath Ltd,CONSULTANT,Australia,REG-JA770ABH08,LOW,2021-10-14,ACTIVE
VND-00299,XpressCore Dynamics,CONSULTANT,UAE,REG-SR484BZL08,HIGH,2021-06-08,ACTIVE
VND-00300,RedPoint Consulting Group,SUPPLIER,United Kingdom,REG-MN118HQW23,LOW,2016-04-09,ACTIVE
VND-00301,JadeCore Solutions,LOGISTICS,India,REG-DK461PSO56,LOW,2017-12-08,ACTIVE
VND-00302,NexPoint Analytics Holdings,SERVICE_PROVIDER,United Kingdom,REG-YY410JED16,MEDIUM,2022-10-13,ACTIVE
VND-00303,ClearPath Logistics Group,SERVICE_PROVIDER,United States,REG-PY021VKG76,LOW,2022-12-31,ACTIVE
VND-00304,UltraVista Technologies LLC,MANUFACTURER,United States,REG-ER803CER39,MEDIUM,2018-11-24,BLACKLISTED
VND-00305,TrueNorth Services Inc,MANUFACTURER,Japan,REG-UB489NLJ02,LOW,2016-10-07,ACTIVE
VND-00306,OmegaLink Systems,LOGISTICS,United States,REG-PK614YRI29,LOW,2017-04-03,ACTIVE
VND-00307,XcelPath Networks Ltd,CONTRACTOR,Australia,REG-VW562DGB18,LOW,2021-06-02,ACTIVE
VND-00308,NexPoint Analytics,CONTRACTOR,Canada,REG-MZ315XUB99,MEDIUM,2015-09-27,ACTIVE
VND-00309,HorizonEdge Inc International,SERVICE_PROVIDER,China,REG-JY477BLR35,CRITICAL,2023-08-17,BLACKLISTED
VND-00310,PeakVault Services,SERVICE_PROVIDER,Netherlands,REG-ZP961TEF94,LOW,2020-01-18,INACTIVE
VND-00311,YellowBridge Partners Ltd,DISTRIBUTOR,United Kingdom,REG-UX426GFA26,LOW,2022-03-05,ACTIVE
VND-00312,GreenBridge Consulting Inc,LOGISTICS,United States,REG-IF475LBC41,MEDIUM,2015-08-15,ACTIVE
VND-00313,KineticBlue Ltd Holdings,CONSULTANT,Germany,REG-BF888WJF61,LOW,2022-12-15,ACTIVE
VND-00314,SilverPath Holdings Inc,CONTRACTOR,United Kingdom,REG-SA995YXF60,HIGH,2015-11-20,ACTIVE
VND-00315,InnoCore Dynamics LLC,DISTRIBUTOR,UAE,REG-RY839KIR82,LOW,2018-05-25,ACTIVE
VND-00316,LucentBridge Technologies Ltd,CONSULTANT,Japan,REG-KB447RAT21,LOW,2016-09-23,ACTIVE
VND-00317,Beta_Supplies Ltd,LOGISTICS,United States,REG-UO715FMN43,MEDIUM,2015-06-18,ACTIVE
VND-00318,YellowBridge Partners Ltd,MANUFACTURER,United Kingdom,REG-AZ371VNY24,LOW,2017-12-20,ACTIVE
VND-00319,OpenBridge Systems,MANUFACTURER,UAE,REG-IT575UMS69,MEDIUM,2020-08-01,ACTIVE
VND-00320,EcoVenture Supplies Group,LOGISTICS,Singapore,REG-US375VSO26,LOW,2024-01-10,INACTIVE
VND-00321,DeltaPath Logistics Group,SERVICE_PROVIDER,France,REG-RY793ZXH56,LOW,2019-12-06,ACTIVE
VND-00322,JetStream Analytics Holdings,CONTRACTOR,Germany,REG-RX939JBU82,LOW,2023-01-21,ACTIVE
VND-00323,XcelPath Networks Ltd,SUPPLIER,Germany,REG-YY737ARF41,HIGH,2021-04-19,ACTIVE
VND-00324,ClearPath Logistics Group,SUPPLIER,United States,REG-TB243YYE42,LOW,2016-07-31,ACTIVE
VND-00325,NexPoint Analytics International,LOGISTICS,United Kingdom,REG-IG797SAI96,LOW,2017-10-13,ACTIVE
VND-00326,VoltEdge Solutions Holdings,LOGISTICS,United Kingdom,REG-GX058PQQ91,MEDIUM,2017-02-16,INACTIVE
VND-00327,FusionCore Analytics Holdings,SUPPLIER,United States,REG-PR529PZW09,LOW,2020-07-30,ACTIVE
VND-00328,PrimeAxis Corp Group,CONTRACTOR,United States,REG-QO561GVH01,HIGH,2021-07-17,ACTIVE
VND-00329,Beta_Supplies LLC,SERVICE_PROVIDER,India,REG-XZ899DXR37,LOW,2022-07-17,ACTIVE
VND-00330,BlueStar Procurement Group,MANUFACTURER,Canada,REG-EG982SAF50,LOW,2017-12-19,ACTIVE
VND-00331,ZenithBridge Corp,DISTRIBUTOR,United Kingdom,REG-DY125NHE45,MEDIUM,2021-05-24,ACTIVE
VND-00332,YieldPoint Partners Ltd,LOGISTICS,China,REG-UE571TCZ77,LOW,2020-01-19,ACTIVE
VND-00333,SkyBridge Logistics Ltd,CONSULTANT,United States,REG-VP105HLJ12,LOW,2016-05-01,INACTIVE
VND-00334,VertiLink Distributors Ltd,LOGISTICS,United States,REG-OZ258ZOL67,LOW,2019-02-06,ACTIVE
VND-00335,GreenBridge Consulting,SUPPLIER,United States,REG-MC266LBY09,LOW,2015-07-05,ACTIVE
VND-00336,HorizonEdge Inc International,DISTRIBUTOR,Netherlands,REG-KG033ZIL41,MEDIUM,2016-09-02,ACTIVE
VND-00337,UltraVista Technologies Group,DISTRIBUTOR,India,REG-QQ553FHO71,LOW,2019-05-29,ACTIVE
VND-00338,GreenBridge Consulting Ltd,MANUFACTURER,China,REG-LH596WWD96,LOW,2020-06-29,ACTIVE
VND-00339,XcelPath Networks Holdings,SUPPLIER,Singapore,REG-FR924IUH99,LOW,2022-07-22,ACTIVE
VND-00340,VoltEdge Solutions Inc,MANUFACTURER,United States,REG-SJ341GYA25,LOW,2022-09-19,ACTIVE
VND-00341,PeakVault Services Inc,DISTRIBUTOR,China,REG-LF929OIS66,LOW,2023-09-15,ACTIVE
VND-00342,EcoVenture Supplies Group,MANUFACTURER,Japan,REG-IL282UCN74,LOW,2020-11-17,ACTIVE
VND-00343,Gamma_Co LLC,SUPPLIER,China,REG-MY050JGP72,MEDIUM,2017-09-19,ACTIVE
VND-00344,BridgeTech Consulting International,SERVICE_PROVIDER,United States,REG-FK767FKB67,HIGH,2018-07-08,ACTIVE
VND-00345,GreenBridge Consulting Inc,SERVICE_PROVIDER,United States,REG-IS340KXD43,LOW,2021-11-09,ACTIVE
VND-00346,JadeCore Solutions Holdings,SERVICE_PROVIDER,UAE,REG-KH978RXI81,MEDIUM,2022-06-05,ACTIVE
VND-00347,DawnTech Services Ltd,DISTRIBUTOR,Germany,REG-NB580GVP78,LOW,2018-11-03,INACTIVE
VND-00348,SkyBridge Logistics LLC,MANUFACTURER,India,REG-WF340CHX74,LOW,2024-01-05,ACTIVE
VND-00349,PrimeAxis Corp Holdings,CONTRACTOR,United Kingdom,REG-OB339KNI59,LOW,2021-04-04,ACTIVE
VND-00350,YellowBridge Partners Holdings,CONSULTANT,France,REG-IR330MIK95,HIGH,2022-11-27,BLACKLISTED
VND-00351,Alpha_Inc LLC,CONTRACTOR,United States,REG-GR544GIW94,LOW,2018-01-25,ACTIVE
VND-00352,ZenithBridge Corp Inc,LOGISTICS,United States,REG-PJ604TUP22,LOW,2018-11-14,ACTIVE
VND-00353,UnityCore Technologies,SERVICE_PROVIDER,Ireland,REG-OA672YCE94,LOW,2018-11-19,ACTIVE
VND-00354,MeridianTech Inc,CONTRACTOR,China,REG-DF168ULA45,LOW,2021-01-15,ACTIVE
VND-00355,NexPoint Analytics LLC,CONSULTANT,India,REG-ZN175BNF18,LOW,2021-07-31,ACTIVE
VND-00356,OmegaLink Systems LLC,SUPPLIER,United States,REG-KI454KFY58,LOW,2017-08-11,ACTIVE
VND-00357,GlobalNex Corp LLC,CONSULTANT,United States,REG-BH500KCD17,LOW,2023-08-24,ACTIVE
VND-00358,KineticBlue Ltd International,SERVICE_PROVIDER,France,REG-KR063FPX24,HIGH,2022-04-28,BLACKLISTED
VND-00359,SilverPath Holdings,MANUFACTURER,United States,REG-ZO415TUS20,LOW,2018-03-15,ACTIVE
VND-00360,KryptonPath Ltd Group,MANUFACTURER,United States,REG-NE361EIL10,HIGH,2020-12-31,ACTIVE
VND-00361,Beta_Supplies Group,LOGISTICS,Canada,REG-SV387HBS00,HIGH,2015-05-29,ACTIVE
VND-00362,WavePath Inc,SUPPLIER,United States,REG-FU271ZGG36,MEDIUM,2018-03-31,ACTIVE
VND-00363,VertiLink Distributors Holdings,MANUFACTURER,UAE,REG-XW554IPR26,LOW,2020-02-05,ACTIVE
VND-00364,InnoCore Dynamics Inc,SERVICE_PROVIDER,India,REG-NP218KCW90,LOW,2020-08-27,ACTIVE
VND-00365,KineticBlue Ltd LLC,MANUFACTURER,India,REG-NF326GIW97,LOW,2020-02-23,ACTIVE
VND-00366,VertiLink Distributors Inc,DISTRIBUTOR,United Kingdom,REG-UY196IPR56,MEDIUM,2018-04-23,ACTIVE
VND-00367,ZenithBridge Corp Inc,DISTRIBUTOR,Germany,REG-UM138SXS99,LOW,2019-10-18,ACTIVE
VND-00368,LatticeCore Partners Group,CONTRACTOR,India,REG-GM043VZS89,LOW,2020-05-09,ACTIVE
VND-00369,ClearPath Logistics Inc,CONTRACTOR,India,REG-PF037OME61,LOW,2017-12-29,ACTIVE
VND-00370,QuantumEdge Solutions LLC,MANUFACTURER,India,REG-YK805AXI52,LOW,2019-01-12,ACTIVE
VND-00371,TrueNorth Services Group,MANUFACTURER,Netherlands,REG-EA271QNC09,LOW,2019-07-19,ACTIVE
VND-00372,YellowBridge Partners Holdings,SUPPLIER,Japan,REG-XA068BSZ48,HIGH,2022-09-28,BLACKLISTED
VND-00373,NexPoint Analytics Group,CONSULTANT,France,REG-RF188TFG92,HIGH,2017-06-16,ACTIVE
VND-00374,MomentumCore Corp Holdings,MANUFACTURER,China,REG-LO328WPR56,LOW,2019-08-31,ACTIVE
VND-00375,Delta_Logistics LLC,CONSULTANT,India,REG-PF146BHD30,HIGH,2024-04-04,INACTIVE
VND-00376,Alpha_Inc,SERVICE_PROVIDER,UAE,REG-HA990TIS42,LOW,2020-11-22,ACTIVE
VND-00377,KryptonPath Ltd,LOGISTICS,China,REG-HY027UQK58,MEDIUM,2015-09-10,ACTIVE
VND-00378,IronPoint Manufacturing Group,CONTRACTOR,Netherlands,REG-VZ524BRH10,HIGH,2016-11-04,ACTIVE
VND-00379,UnityCore Technologies Ltd,SUPPLIER,Netherlands,REG-DG149XDF17,LOW,2020-06-25,ACTIVE
VND-00380,InnoCore Dynamics Ltd,SERVICE_PROVIDER,China,REG-XG925KRU24,LOW,2019-08-29,ACTIVE
VND-00381,Delta_Logistics Holdings,SUPPLIER,Canada,REG-AP138CEX00,LOW,2023-02-10,ACTIVE
VND-00382,NorthBridge Supplies Ltd,SUPPLIER,Singapore,REG-ZT622VPA08,LOW,2015-10-27,ACTIVE
VND-00383,DeltaPath Logistics,SUPPLIER,India,REG-RE353KXH65,LOW,2020-04-17,ACTIVE
VND-00384,YellowBridge Partners LLC,MANUFACTURER,Singapore,REG-CZ802EDS38,LOW,2023-03-07,ACTIVE
VND-00385,ClearPath Logistics Inc,SERVICE_PROVIDER,United States,REG-AX451MSK87,LOW,2019-03-27,ACTIVE
VND-00386,IronPoint Manufacturing Group,LOGISTICS,Germany,REG-LF493XXM75,LOW,2022-04-30,ACTIVE
VND-00387,ZenithBridge Corp Ltd,MANUFACTURER,United Kingdom,REG-BO832IWO06,LOW,2016-06-05,BLACKLISTED
VND-00388,TrueNorth Services International,MANUFACTURER,UAE,REG-GN050HPA64,MEDIUM,2022-07-21,ACTIVE
VND-00389,OmegaLink Systems Group,CONTRACTOR,United States,REG-CO702HAS41,LOW,2020-03-01,ACTIVE
VND-00390,VoltEdge Solutions Inc,SUPPLIER,Singapore,REG-GI571OZE91,LOW,2016-04-07,ACTIVE
VND-00391,BridgeTech Consulting Group,SUPPLIER,United States,REG-PS990QUZ62,LOW,2017-04-24,ACTIVE
VND-00392,SkyBridge Logistics LLC,CONSULTANT,United States,REG-OE655MIX74,LOW,2015-07-19,ACTIVE
VND-00393,NorthBridge Supplies Inc,SUPPLIER,United States,REG-CD912UAH12,LOW,2023-09-14,ACTIVE
VND-00394,Gamma_Co LLC,CONTRACTOR,China,REG-DQ853HFK74,LOW,2021-06-17,ACTIVE
VND-00395,UltraVista Technologies Group,CONSULTANT,Netherlands,REG-JF490TPW35,LOW,2018-05-21,ACTIVE
VND-00396,DeltaPath Logistics Ltd,MANUFACTURER,United Kingdom,REG-LB680ZCJ44,LOW,2021-08-20,ACTIVE
VND-00397,FusionCore Analytics,MANUFACTURER,Canada,REG-ZY831IHA71,LOW,2018-11-11,ACTIVE
VND-00398,Acuity Systems International,CONTRACTOR,Canada,REG-XR032OPF36,MEDIUM,2016-09-03,ACTIVE
VND-00399,PrimeAxis Corp Inc,CONTRACTOR,United States,REG-EM994PCZ10,LOW,2017-07-12,ACTIVE
VND-00400,JadeCore Solutions International,DISTRIBUTOR,UAE,REG-DD215KKB10,MEDIUM,2019-09-03,INACTIVE
VND-00401,NorthBridge Supplies Holdings,SUPPLIER,Australia,REG-LW670NLR66,LOW,2022-04-02,ACTIVE
VND-00402,VoltEdge Solutions Inc,SUPPLIER,India,REG-NN472PPS09,MEDIUM,2017-02-19,ACTIVE
VND-00403,CoreVault Systems Inc,CONSULTANT,Brazil,REG-FR768YIA70,LOW,2015-10-26,ACTIVE
VND-00404,EcoVenture Supplies Group,CONTRACTOR,United States,REG-YY383TWE80,MEDIUM,2018-09-25,ACTIVE
VND-00405,WavePath Inc,LOGISTICS,France,REG-UY875RLB98,LOW,2023-05-18,ACTIVE
VND-00406,UnityCore Technologies Group,CONSULTANT,China,REG-DZ593EHW04,HIGH,2019-06-13,INACTIVE
VND-00407,DawnTech Services Ltd,CONTRACTOR,India,REG-QP932RIY13,LOW,2022-04-11,ACTIVE
VND-00408,FusionCore Analytics International,LOGISTICS,France,REG-LL039PLU65,LOW,2016-02-08,ACTIVE
VND-00409,NorthBridge Supplies Holdings,SERVICE_PROVIDER,United States,REG-KJ590KMZ59,MEDIUM,2018-07-05,ACTIVE
VND-00410,JetStream Analytics,DISTRIBUTOR,Brazil,REG-CF784DOM27,LOW,2017-12-04,ACTIVE
VND-00411,JetStream Analytics Group,CONSULTANT,Canada,REG-VN308MZI70,LOW,2018-09-13,ACTIVE
VND-00412,JadeCore Solutions LLC,CONTRACTOR,India,REG-JL525TJX00,LOW,2022-09-06,ACTIVE
VND-00413,VoltEdge Solutions LLC,SERVICE_PROVIDER,Australia,REG-TQ185ZLG15,MEDIUM,2023-04-18,ACTIVE
VND-00414,KineticBlue Ltd Group,DISTRIBUTOR,France,REG-UB545YOF22,LOW,2023-01-29,ACTIVE
VND-00415,PeakVault Services,SUPPLIER,United States,REG-OQ528LLY95,LOW,2020-11-16,ACTIVE
VND-00416,XpressCore Dynamics,CONSULTANT,Japan,REG-SK442ZXK20,HIGH,2019-08-17,INACTIVE
VND-00417,Apex Solutions Group,SERVICE_PROVIDER,Canada,REG-OO029KGF59,LOW,2020-09-02,ACTIVE
VND-00418,NexPoint Analytics International,SERVICE_PROVIDER,United States,REG-UK251OFT35,LOW,2022-05-24,ACTIVE
VND-00419,Apex Solutions,MANUFACTURER,India,REG-PS570EWQ43,LOW,2020-12-08,ACTIVE
VND-00420,GreenBridge Consulting Inc,MANUFACTURER,Singapore,REG-UA100KAF67,LOW,2022-10-29,ACTIVE
VND-00421,GlobalNex Corp,CONSULTANT,India,REG-EY658KPW61,MEDIUM,2020-11-17,INACTIVE
VND-00422,Gamma_Co Holdings,LOGISTICS,Canada,REG-SB327UQG10,LOW,2017-12-30,ACTIVE
VND-00423,DawnTech Services Ltd,MANUFACTURER,United Kingdom,REG-UE152JFV62,LOW,2017-09-23,INACTIVE
VND-00424,FlowBridge Inc LLC,LOGISTICS,United States,REG-PK997MBK06,LOW,2022-04-15,ACTIVE
VND-00425,JadeCore Solutions International,MANUFACTURER,United States,REG-AS015JUU33,LOW,2015-08-18,ACTIVE
VND-00426,Epsilon_Group International,LOGISTICS,Germany,REG-GD844ZKJ43,MEDIUM,2022-03-26,ACTIVE
VND-00427,GlobalNex Corp Ltd,CONSULTANT,United Kingdom,REG-BF720SQO50,LOW,2015-06-24,ACTIVE
VND-00428,KryptonPath Ltd International,SUPPLIER,United States,REG-NK973OSF10,HIGH,2018-01-15,INACTIVE
VND-00429,IronPoint Manufacturing Ltd,SUPPLIER,United Kingdom,REG-FQ714QFP67,LOW,2022-05-19,ACTIVE
VND-00430,NorthBridge Supplies Ltd,LOGISTICS,Canada,REG-XL862CCQ56,HIGH,2016-08-13,ACTIVE
VND-00431,KryptonPath Ltd Group,LOGISTICS,Canada,REG-KD774JWS34,HIGH,2021-05-10,ACTIVE
VND-00432,YieldPoint Partners Inc,CONSULTANT,United States,REG-WL115OJD86,LOW,2023-04-18,ACTIVE
VND-00433,DeltaPath Logistics,CONSULTANT,United States,REG-KP686ETF87,LOW,2019-11-26,INACTIVE
VND-00434,MomentumCore Corp International,CONTRACTOR,United States,REG-ZK608RNJ98,LOW,2023-09-04,ACTIVE
VND-00435,ClearPath Logistics International,CONTRACTOR,China,REG-ZM172ICB23,LOW,2017-07-23,ACTIVE
VND-00436,SkyBridge Logistics Ltd,SERVICE_PROVIDER,United States,REG-QU163UZE29,HIGH,2022-05-30,ACTIVE
VND-00437,PrimeAxis Corp LLC,SUPPLIER,India,REG-UR168HDA68,MEDIUM,2015-10-29,ACTIVE
VND-00438,OpenBridge Systems Group,SERVICE_PROVIDER,Germany,REG-AJ998JKL61,LOW,2023-04-18,ACTIVE
VND-00439,TrueNorth Services International,LOGISTICS,India,REG-YS911IWA91,LOW,2019-01-14,ACTIVE
VND-00440,BlueStar Procurement International,DISTRIBUTOR,Netherlands,REG-EC467LRZ99,LOW,2021-03-31,ACTIVE
VND-00441,WaveCore Manufacturing Ltd,DISTRIBUTOR,Brazil,REG-ZV299SPD60,LOW,2016-01-17,ACTIVE
VND-00442,Apex Solutions Holdings,SERVICE_PROVIDER,United States,REG-YT745TRF05,MEDIUM,2019-08-22,ACTIVE
VND-00443,PrimeAxis Corp Ltd,CONSULTANT,Canada,REG-XU132RUA47,MEDIUM,2020-11-04,ACTIVE
VND-00444,RedPoint Consulting International,SUPPLIER,United Kingdom,REG-AV913FWH73,LOW,2016-08-20,ACTIVE
VND-00445,EcoVenture Supplies Inc,CONTRACTOR,India,REG-TT508GZI21,LOW,2015-11-12,ACTIVE
VND-00446,FusionCore Analytics Ltd,CONSULTANT,Australia,REG-MD890PCD23,HIGH,2021-11-30,INACTIVE
VND-00447,ZenithBridge Corp Holdings,SERVICE_PROVIDER,Germany,REG-DG053ZOH45,LOW,2021-12-15,ACTIVE
VND-00448,Gamma_Co Inc,DISTRIBUTOR,United States,REG-CL035ELJ79,LOW,2022-04-20,ACTIVE
VND-00449,TitanPath Holdings Group,CONTRACTOR,United Kingdom,REG-SB552YDK41,LOW,2020-05-16,ACTIVE
VND-00450,SilverPath Holdings LLC,MANUFACTURER,France,REG-RP933AGB33,HIGH,2022-10-17,BLACKLISTED
VND-00451,UltraVista Technologies International,LOGISTICS,Canada,REG-ZA072OQM29,HIGH,2018-02-22,INACTIVE
VND-00452,MeridianTech Ltd,CONSULTANT,China,REG-DQ446NDT65,LOW,2021-02-12,ACTIVE
VND-00453,UnityCore Technologies Group,LOGISTICS,India,REG-AG896QXJ91,LOW,2019-12-01,ACTIVE
VND-00454,Epsilon_Group Inc,SERVICE_PROVIDER,France,REG-EE994VRO41,MEDIUM,2023-12-01,ACTIVE
VND-00455,QuantumEdge Solutions LLC,MANUFACTURER,Singapore,REG-JH544WPD43,LOW,2016-09-23,ACTIVE
VND-00456,MomentumCore Corp International,SERVICE_PROVIDER,UAE,REG-PF965SQA20,MEDIUM,2021-07-12,ACTIVE
VND-00457,TitanPath Holdings International,SUPPLIER,Canada,REG-MV660UTO99,LOW,2021-02-04,ACTIVE
VND-00458,MomentumCore Corp LLC,SUPPLIER,India,REG-KQ875JLS84,MEDIUM,2015-12-15,ACTIVE
VND-00459,PeakVault Services Ltd,DISTRIBUTOR,Ireland,REG-WL172RVP48,LOW,2015-07-01,ACTIVE
VND-00460,XpressCore Dynamics Holdings,SERVICE_PROVIDER,United States,REG-AY135VXQ34,LOW,2023-12-06,ACTIVE
VND-00461,GreenBridge Consulting LLC,DISTRIBUTOR,Brazil,REG-DO947LLN17,LOW,2020-10-25,ACTIVE
VND-00462,XcelPath Networks International,LOGISTICS,Brazil,REG-RY173HTA81,LOW,2020-03-11,ACTIVE
VND-00463,BridgeTech Consulting International,CONTRACTOR,Singapore,REG-AK022DJU35,LOW,2016-03-04,ACTIVE
VND-00464,Beta_Supplies LLC,CONTRACTOR,India,REG-UO217DAC52,HIGH,2016-08-03,ACTIVE
VND-00465,HorizonEdge Inc International,SERVICE_PROVIDER,United States,REG-FY432WXF92,LOW,2018-11-27,ACTIVE
VND-00466,UltraVista Technologies,SUPPLIER,United States,REG-BE296YAC66,LOW,2018-05-14,ACTIVE
VND-00467,GlobalNex Corp LLC,CONSULTANT,India,REG-WH835MBR05,LOW,2023-12-22,ACTIVE
VND-00468,VertiLink Distributors Ltd,SERVICE_PROVIDER,United Kingdom,REG-IG033YGL54,LOW,2019-10-13,ACTIVE
VND-00469,LatticeCore Partners LLC,SERVICE_PROVIDER,Canada,REG-SD421UHM04,MEDIUM,2022-05-16,ACTIVE
VND-00470,MeridianTech International,SERVICE_PROVIDER,Canada,REG-FW856WMK25,LOW,2021-08-22,ACTIVE
VND-00471,RedPoint Consulting Inc,LOGISTICS,United States,REG-NU603BLG32,LOW,2022-11-22,ACTIVE
VND-00472,IronPoint Manufacturing Group,CONTRACTOR,United Kingdom,REG-OQ215XIN06,LOW,2019-02-07,ACTIVE
VND-00473,FusionCore Analytics Ltd,CONTRACTOR,Brazil,REG-DS090HAC10,LOW,2022-03-02,ACTIVE
VND-00474,HarborLight Services Holdings,LOGISTICS,Australia,REG-SJ618NSR47,LOW,2018-12-12,ACTIVE
VND-00475,UnityCore Technologies Inc,DISTRIBUTOR,Brazil,REG-RN046MSI18,LOW,2018-05-03,ACTIVE
VND-00476,HarborLight Services Group,SUPPLIER,United Kingdom,REG-SH618YGF91,LOW,2018-06-04,ACTIVE
VND-00477,YieldPoint Partners International,CONSULTANT,China,REG-MW393TAS48,LOW,2021-09-08,ACTIVE
VND-00478,OpenBridge Systems Ltd,MANUFACTURER,United Kingdom,REG-SE208VPA73,LOW,2022-10-11,ACTIVE
VND-00479,InnoCore Dynamics Group,LOGISTICS,Australia,REG-JF011XGE97,LOW,2018-07-12,ACTIVE
VND-00480,Apex Solutions International,CONSULTANT,Canada,REG-QD143DGL74,LOW,2016-07-13,ACTIVE
VND-00481,FusionCore Analytics International,SERVICE_PROVIDER,Singapore,REG-VH045GWC56,HIGH,2022-09-05,ACTIVE
VND-00482,KineticBlue Ltd,SUPPLIER,United Kingdom,REG-CN022RUF55,MEDIUM,2021-05-04,ACTIVE
VND-00483,IronPoint Manufacturing Holdings,LOGISTICS,Australia,REG-ZD552RYS16,LOW,2016-11-19,ACTIVE
VND-00484,FusionCore Analytics Ltd,SUPPLIER,China,REG-SU762DKG12,LOW,2020-09-23,ACTIVE
VND-00485,Gamma_Co Holdings,LOGISTICS,United States,REG-LN697YXW97,LOW,2021-01-29,ACTIVE
VND-00486,NorthBridge Supplies International,MANUFACTURER,Ireland,REG-HA902CCE77,MEDIUM,2016-02-24,ACTIVE
VND-00487,CoreVault Systems International,CONTRACTOR,United States,REG-UK450OQV89,MEDIUM,2017-12-12,ACTIVE
VND-00488,YellowBridge Partners Inc,CONSULTANT,Brazil,REG-QU889PEW16,LOW,2017-08-28,BLACKLISTED
VND-00489,NexPoint Analytics LLC,CONSULTANT,South Africa,REG-AP628KGE90,LOW,2019-10-20,ACTIVE
VND-00490,NorthBridge Supplies Inc,DISTRIBUTOR,Germany,REG-PV721RDG75,LOW,2015-09-01,ACTIVE
VND-00491,KineticBlue Ltd Holdings,CONTRACTOR,India,REG-FD386CZK63,LOW,2022-11-23,ACTIVE
VND-00492,GreenBridge Consulting LLC,SUPPLIER,United States,REG-HF717VPB75,LOW,2024-02-21,INACTIVE
VND-00493,DeltaPath Logistics Holdings,CONSULTANT,United States,REG-JA166FYM08,HIGH,2022-05-10,INACTIVE
VND-00494,Beta_Supplies Group,LOGISTICS,Canada,REG-PQ948DVX83,LOW,2023-07-16,ACTIVE
VND-00495,RedPoint Consulting LLC,SERVICE_PROVIDER,Australia,REG-XN037MET58,LOW,2019-08-24,ACTIVE
VND-00496,YellowBridge Partners,DISTRIBUTOR,India,REG-AV571WOZ13,LOW,2019-07-09,ACTIVE
VND-00497,DawnTech Services International,DISTRIBUTOR,United States,REG-CK488FIT51,LOW,2018-09-02,ACTIVE
VND-00498,FlowBridge Inc LLC,MANUFACTURER,Germany,REG-MH614ZND93,MEDIUM,2020-02-21,ACTIVE
VND-00499,ZenithBridge Corp Group,LOGISTICS,United Kingdom,REG-OR351LHX60,MEDIUM,2019-10-26,ACTIVE
VND-00500,SilverPath Holdings,DISTRIBUTOR,United States,REG-FA779HVD82,LOW,2021-02-19,ACTIVE
VND-00501,VertiLink Distributors LLC,SUPPLIER,United States,REG-XL869SLL78,LOW,2023-07-20,ACTIVE
VND-00502,DawnTech Services,LOGISTICS,United Kingdom,REG-UG216YAM99,LOW,2016-05-23,ACTIVE
VND-00503,BlueStar Procurement Group,CONSULTANT,Ireland,REG-CZ346IIA54,LOW,2022-09-21,ACTIVE
VND-00504,RedPoint Consulting,CONTRACTOR,India,REG-TV984JON85,LOW,2022-05-05,ACTIVE
VND-00505,PeakVault Services Group,SERVICE_PROVIDER,Japan,REG-RI339TPL45,LOW,2015-08-01,ACTIVE
VND-00506,OmegaLink Systems International,SUPPLIER,United States,REG-JE885LKQ15,LOW,2022-05-08,ACTIVE
VND-00507,InnoCore Dynamics Ltd,DISTRIBUTOR,Australia,REG-HG684BYJ60,LOW,2017-07-15,ACTIVE
VND-00508,Gamma_Co,MANUFACTURER,United States,REG-SR003QJD42,LOW,2019-09-26,ACTIVE
VND-00509,FlowBridge Inc LLC,SUPPLIER,United States,REG-CG438NRV05,LOW,2024-01-15,ACTIVE
VND-00510,InnoCore Dynamics International,LOGISTICS,United States,REG-GY838YZS63,LOW,2023-09-04,ACTIVE
VND-00511,EdgeWave Technologies Ltd,SUPPLIER,South Africa,REG-YR406UJD66,LOW,2021-04-26,ACTIVE
VND-00512,VoltEdge Solutions Group,MANUFACTURER,United States,REG-OO043TTP97,LOW,2022-01-16,ACTIVE
VND-00513,ClearPath Logistics Inc,SUPPLIER,United States,REG-XU598MSC93,HIGH,2017-06-08,INACTIVE
VND-00514,VoltEdge Solutions International,SERVICE_PROVIDER,Germany,REG-HY212CBR28,LOW,2018-12-10,ACTIVE
VND-00515,PeakVault Services,DISTRIBUTOR,Brazil,REG-QA842VDT29,MEDIUM,2017-10-13,ACTIVE
VND-00516,YellowBridge Partners LLC,LOGISTICS,India,REG-DX202ONQ59,LOW,2015-04-20,ACTIVE
VND-00517,MeridianTech LLC,CONTRACTOR,Ireland,REG-EY479TUH85,LOW,2019-05-24,ACTIVE
VND-00518,PrimeAxis Corp International,SUPPLIER,India,REG-KA328IIZ18,LOW,2019-04-30,ACTIVE
VND-00519,HorizonEdge Inc,CONTRACTOR,United States,REG-VX153SNW35,LOW,2019-01-19,ACTIVE
VND-00520,Acuity Systems Holdings,MANUFACTURER,United Kingdom,REG-HQ987WCP80,LOW,2021-02-15,ACTIVE
VND-00521,YellowBridge Partners,DISTRIBUTOR,United States,REG-YY993HYQ05,MEDIUM,2015-03-10,BLACKLISTED
VND-00522,DeltaPath Logistics Inc,DISTRIBUTOR,India,REG-GZ840GCF85,LOW,2019-06-19,ACTIVE
VND-00523,Acuity Systems International,SERVICE_PROVIDER,United States,REG-FG043KXI58,LOW,2022-11-14,ACTIVE
VND-00524,JetStream Analytics Holdings,CONTRACTOR,United States,REG-RB801GNI33,LOW,2015-12-09,ACTIVE
VND-00525,Delta_Logistics Group,CONTRACTOR,Canada,REG-TV612CFE07,LOW,2021-01-06,ACTIVE
VND-00526,PeakVault Services LLC,SUPPLIER,India,REG-KO024QAY81,LOW,2022-03-19,ACTIVE
VND-00527,Epsilon_Group Group,CONSULTANT,United States,REG-YR766HIA50,LOW,2015-08-26,ACTIVE
VND-00528,NexPoint Analytics Ltd,CONTRACTOR,United Kingdom,REG-WG919GSY01,HIGH,2015-08-14,ACTIVE
VND-00529,TitanPath Holdings,SERVICE_PROVIDER,Germany,REG-YZ491QBE47,LOW,2016-11-02,ACTIVE
VND-00530,VoltEdge Solutions Holdings,CONTRACTOR,United States,REG-YZ283ISO26,LOW,2016-11-14,ACTIVE
VND-00531,VoltEdge Solutions,SUPPLIER,Germany,REG-JJ245HCA08,MEDIUM,2023-08-26,ACTIVE
VND-00532,EdgeWave Technologies Holdings,DISTRIBUTOR,Japan,REG-FT996NVV88,MEDIUM,2022-12-27,ACTIVE
VND-00533,XcelPath Networks,LOGISTICS,China,REG-KL536ONQ82,LOW,2020-08-08,ACTIVE
VND-00534,YellowBridge Partners,MANUFACTURER,United States,REG-WJ312DPJ90,LOW,2021-06-08,ACTIVE
VND-00535,CoreVault Systems Inc,CONSULTANT,United States,REG-MU141LFV41,LOW,2015-02-20,ACTIVE
VND-00536,JetStream Analytics Group,DISTRIBUTOR,Ireland,REG-NE523MUF14,LOW,2015-05-25,ACTIVE
VND-00537,Acuity Systems LLC,CONTRACTOR,United States,REG-JK759KXZ49,LOW,2018-08-03,ACTIVE
VND-00538,SkyBridge Logistics,CONSULTANT,Netherlands,REG-PY562OTV05,LOW,2017-01-04,ACTIVE
VND-00539,EdgeWave Technologies International,LOGISTICS,India,REG-ED645CWX25,CRITICAL,2018-03-02,BLACKLISTED
VND-00540,Apex Solutions Holdings,CONTRACTOR,China,REG-PM478FRI12,LOW,2017-04-01,ACTIVE
VND-00541,PrimeAxis Corp International,DISTRIBUTOR,France,REG-BG834OBL11,MEDIUM,2019-02-17,ACTIVE
VND-00542,VoltEdge Solutions Ltd,LOGISTICS,India,REG-JQ969IIE30,CRITICAL,2023-07-12,BLACKLISTED
VND-00543,BridgeTech Consulting Group,CONTRACTOR,Japan,REG-US256IDG39,LOW,2021-01-27,ACTIVE
VND-00544,VertiLink Distributors,MANUFACTURER,Canada,REG-AQ816PZN58,MEDIUM,2023-07-06,ACTIVE
VND-00545,GlobalNex Corp Group,CONSULTANT,Singapore,REG-LK282KQJ72,MEDIUM,2020-12-10,ACTIVE
VND-00546,JetStream Analytics LLC,SUPPLIER,United States,REG-OE750QXO37,LOW,2018-02-20,ACTIVE
VND-00547,HorizonEdge Inc International,CONTRACTOR,Australia,REG-ED038CCP56,HIGH,2022-11-10,BLACKLISTED
VND-00548,GlobalNex Corp Ltd,MANUFACTURER,Canada,REG-LI518KLY44,HIGH,2016-06-30,ACTIVE
VND-00549,BlueStar Procurement LLC,CONSULTANT,India,REG-QY659OHZ18,LOW,2016-06-19,ACTIVE
VND-00550,Delta_Logistics International,LOGISTICS,Germany,REG-AG557ICK79,LOW,2022-11-10,ACTIVE
VND-00551,EdgeWave Technologies Group,LOGISTICS,Brazil,REG-JL318KXM43,LOW,2016-07-11,ACTIVE
VND-00552,ClearPath Logistics International,SERVICE_PROVIDER,United States,REG-ER136EEN51,LOW,2018-07-10,ACTIVE
VND-00553,NorthBridge Supplies International,SERVICE_PROVIDER,India,REG-CI926KLK03,LOW,2018-06-16,INACTIVE
VND-00554,Delta_Logistics LLC,LOGISTICS,South Africa,REG-DK280QLH92,MEDIUM,2018-05-31,ACTIVE
VND-00555,UltraVista Technologies Group,MANUFACTURER,India,REG-FN699CME04,LOW,2016-01-09,ACTIVE
VND-00556,DeltaPath Logistics LLC,CONTRACTOR,United Kingdom,REG-JY723LXL69,HIGH,2018-05-09,ACTIVE
VND-00557,ClearPath Logistics Ltd,DISTRIBUTOR,India,REG-DM984LEO25,LOW,2023-05-23,ACTIVE
VND-00558,Alpha_Inc Group,SUPPLIER,United States,REG-MH662GRA10,LOW,2016-05-12,ACTIVE
VND-00559,InnoCore Dynamics Group,SERVICE_PROVIDER,Canada,REG-NM291CYI27,MEDIUM,2024-03-27,BLACKLISTED
VND-00560,FlowBridge Inc Ltd,CONTRACTOR,United States,REG-MI811AXR72,LOW,2021-07-28,ACTIVE
VND-00561,PeakVault Services International,CONSULTANT,United States,REG-SH686BOZ50,LOW,2024-01-28,ACTIVE
VND-00562,VertiLink Distributors,SERVICE_PROVIDER,United States,REG-GB765IQE99,HIGH,2015-06-24,BLACKLISTED
VND-00563,Gamma_Co LLC,SERVICE_PROVIDER,United States,REG-AQ314MAT98,LOW,2019-06-06,ACTIVE
VND-00564,WaveCore Manufacturing Group,CONTRACTOR,India,REG-AY098PNS18,LOW,2017-02-05,ACTIVE
VND-00565,NexPoint Analytics Ltd,CONSULTANT,Ireland,REG-BP565LQQ12,LOW,2021-12-02,ACTIVE
VND-00566,JadeCore Solutions International,SUPPLIER,India,REG-RR869ZWN59,LOW,2015-09-07,ACTIVE
VND-00567,PeakVault Services Inc,CONSULTANT,Japan,REG-XJ688JEQ72,LOW,2020-11-23,ACTIVE
VND-00568,BridgeTech Consulting International,MANUFACTURER,Germany,REG-QH495VOC62,CRITICAL,2023-10-08,BLACKLISTED
VND-00569,WaveCore Manufacturing Ltd,CONTRACTOR,Canada,REG-YV213ZJN86,LOW,2020-08-19,ACTIVE
VND-00570,MomentumCore Corp Group,LOGISTICS,India,REG-JE026MBF01,LOW,2015-05-01,ACTIVE
VND-00571,HorizonEdge Inc Holdings,DISTRIBUTOR,United Kingdom,REG-MC143UYZ51,LOW,2023-08-07,BLACKLISTED
VND-00572,RapidCore Consulting Group,DISTRIBUTOR,United States,REG-XL984OFC90,HIGH,2017-12-27,ACTIVE
VND-00573,KryptonPath Ltd Inc,SERVICE_PROVIDER,Germany,REG-CY038MGH43,MEDIUM,2023-12-11,INACTIVE
VND-00574,LatticeCore Partners Group,DISTRIBUTOR,Germany,REG-PP392AKF05,HIGH,2017-08-26,BLACKLISTED
VND-00575,LucentBridge Technologies,MANUFACTURER,Germany,REG-LM465HAV66,MEDIUM,2022-11-21,ACTIVE
VND-00576,KryptonPath Ltd Group,LOGISTICS,France,REG-LW118WRO48,HIGH,2024-05-20,ACTIVE
VND-00577,CoreVault Systems,CONSULTANT,South Africa,REG-AQ937LAG69,LOW,2015-08-19,ACTIVE
VND-00578,Apex Solutions Holdings,CONSULTANT,United States,REG-VH181ZGQ84,LOW,2021-11-20,ACTIVE
VND-00579,Delta_Logistics Inc,SUPPLIER,United States,REG-KE894XPW76,LOW,2018-08-18,ACTIVE
VND-00580,JetStream Analytics Inc,LOGISTICS,UAE,REG-EH577QEY90,LOW,2016-03-30,ACTIVE
VND-00581,XcelPath Networks LLC,SERVICE_PROVIDER,Brazil,REG-HI335ASQ65,MEDIUM,2022-06-05,BLACKLISTED
VND-00582,InnoCore Dynamics Group,SERVICE_PROVIDER,Japan,REG-EJ341LEU65,LOW,2023-03-19,ACTIVE
VND-00583,LatticeCore Partners LLC,MANUFACTURER,South Africa,REG-VR539MFV42,HIGH,2021-04-20,INACTIVE
VND-00584,LucentBridge Technologies Inc,SERVICE_PROVIDER,India,REG-OM333PNW43,MEDIUM,2016-12-19,ACTIVE
VND-00585,LatticeCore Partners LLC,MANUFACTURER,China,REG-NA211WIC17,MEDIUM,2015-01-08,ACTIVE
VND-00586,KryptonPath Ltd,DISTRIBUTOR,Germany,REG-KR759FLW57,LOW,2017-01-15,BLACKLISTED
VND-00587,OmegaLink Systems LLC,SUPPLIER,France,REG-ID846HZB39,HIGH,2021-05-05,BLACKLISTED
VND-00588,PrimeAxis Corp Holdings,CONSULTANT,Japan,REG-ZR780XLD85,LOW,2018-08-01,ACTIVE
VND-00589,UnityCore Technologies LLC,MANUFACTURER,Germany,REG-AR187NYL50,MEDIUM,2022-03-02,ACTIVE
VND-00590,PrimeAxis Corp LLC,CONTRACTOR,India,REG-LJ155QPR94,LOW,2015-10-05,ACTIVE
VND-00591,DeltaPath Logistics International,MANUFACTURER,Singapore,REG-FB795NAS52,MEDIUM,2019-11-30,ACTIVE
VND-00592,FusionCore Analytics International,DISTRIBUTOR,Canada,REG-LK556IKR47,HIGH,2018-12-09,BLACKLISTED
VND-00593,KryptonPath Ltd LLC,MANUFACTURER,United Kingdom,REG-BY314MJZ38,LOW,2023-07-03,ACTIVE
VND-00594,Epsilon_Group,SUPPLIER,Germany,REG-FI270OHI26,LOW,2018-04-22,ACTIVE
VND-00595,VertiLink Distributors Group,CONSULTANT,United States,REG-KD574ZGS48,LOW,2019-03-18,ACTIVE
VND-00596,FlowBridge Inc Holdings,DISTRIBUTOR,France,REG-OG203CVV47,LOW,2021-08-30,ACTIVE
VND-00597,PeakVault Services Group,SERVICE_PROVIDER,United Kingdom,REG-ZQ455WBA88,MEDIUM,2021-10-23,ACTIVE
VND-00598,MeridianTech International,DISTRIBUTOR,UAE,REG-KP159PIL39,LOW,2022-10-26,ACTIVE
VND-00599,PrimeAxis Corp,SERVICE_PROVIDER,China,REG-XV455CFY87,LOW,2015-07-23,ACTIVE
VND-00600,DeltaPath Logistics Holdings,SERVICE_PROVIDER,United States,REG-OZ947VAO22,LOW,2015-01-16,ACTIVE
VND-00601,MomentumCore Corp International,SUPPLIER,United States,REG-KV996OUU11,LOW,2017-03-28,ACTIVE
VND-00602,FlowBridge Inc International,CONTRACTOR,Canada,REG-CX449XVL64,LOW,2016-04-18,ACTIVE
VND-00603,QuantumEdge Solutions,DISTRIBUTOR,Canada,REG-BI876UPQ22,LOW,2022-03-14,ACTIVE
VND-00604,XcelPath Networks Group,SUPPLIER,India,REG-GG413EEJ26,LOW,2019-12-31,ACTIVE
VND-00605,Beta_Supplies Holdings,SUPPLIER,United States,REG-GQ006NJF81,LOW,2021-04-30,ACTIVE
VND-00606,FlowBridge Inc LLC,LOGISTICS,UAE,REG-CO643IIH34,MEDIUM,2018-11-09,ACTIVE
VND-00607,OmegaLink Systems Ltd,LOGISTICS,Canada,REG-ED200IRJ55,LOW,2015-09-07,ACTIVE
VND-00608,IronPoint Manufacturing LLC,DISTRIBUTOR,India,REG-MD728OVO29,MEDIUM,2020-04-28,ACTIVE
VND-00609,Epsilon_Group LLC,DISTRIBUTOR,China,REG-WE968IOZ84,LOW,2015-05-23,ACTIVE
VND-00610,SkyBridge Logistics Ltd,SUPPLIER,Australia,REG-QJ174TAA56,HIGH,2016-08-26,BLACKLISTED
VND-00611,NorthBridge Supplies Inc,CONSULTANT,United States,REG-IA825SFW47,LOW,2017-02-28,INACTIVE
VND-00612,BlueStar Procurement Group,MANUFACTURER,United States,REG-MO740YAJ64,LOW,2024-03-23,INACTIVE
VND-00613,VoltEdge Solutions Inc,SUPPLIER,Canada,REG-ZP536KTV86,MEDIUM,2015-10-02,ACTIVE
VND-00614,Epsilon_Group Holdings,SERVICE_PROVIDER,United States,REG-BO663PHW41,LOW,2020-10-29,ACTIVE
VND-00615,HorizonEdge Inc,SUPPLIER,Singapore,REG-AM944ELI84,MEDIUM,2019-09-15,ACTIVE
VND-00616,LucentBridge Technologies Inc,SUPPLIER,China,REG-RS417NFM97,LOW,2016-02-15,ACTIVE
VND-00617,IronPoint Manufacturing Holdings,CONTRACTOR,Canada,REG-BL502GSR08,MEDIUM,2019-08-11,ACTIVE
VND-00618,EcoVenture Supplies,CONTRACTOR,Singapore,REG-JA270FNV31,LOW,2016-12-06,ACTIVE
VND-00619,TitanPath Holdings International,SERVICE_PROVIDER,Germany,REG-SY647CVF57,LOW,2015-06-08,ACTIVE
VND-00620,EcoVenture Supplies Holdings,SUPPLIER,Germany,REG-IE204LMQ61,LOW,2019-03-06,ACTIVE
VND-00621,RedPoint Consulting Inc,LOGISTICS,United States,REG-XC601PVC36,MEDIUM,2020-07-06,ACTIVE
VND-00622,TrueNorth Services LLC,LOGISTICS,Germany,REG-EY371RTU83,HIGH,2019-12-20,ACTIVE
VND-00623,PeakVault Services,SERVICE_PROVIDER,United Kingdom,REG-QE208OTM81,LOW,2017-02-08,ACTIVE
VND-00624,FusionCore Analytics Inc,LOGISTICS,Canada,REG-OB503UAK13,HIGH,2020-10-16,ACTIVE
VND-00625,KineticBlue Ltd,MANUFACTURER,Netherlands,REG-AC491LYS63,MEDIUM,2018-06-28,ACTIVE
VND-00626,HorizonEdge Inc Ltd,CONSULTANT,United Kingdom,REG-PK792FFR51,LOW,2015-04-29,ACTIVE
VND-00627,DeltaPath Logistics Group,SERVICE_PROVIDER,United States,REG-PJ950SIY05,MEDIUM,2015-05-16,ACTIVE
VND-00628,RedPoint Consulting Holdings,SERVICE_PROVIDER,Netherlands,REG-JY127PWW35,HIGH,2024-03-27,INACTIVE
VND-00629,SkyBridge Logistics,CONTRACTOR,France,REG-UI730QCF65,LOW,2017-09-17,ACTIVE
VND-00630,EcoVenture Supplies Ltd,CONTRACTOR,Germany,REG-MK784LIW87,LOW,2021-03-08,ACTIVE
VND-00631,WavePath Inc,SUPPLIER,India,REG-KE574HJC98,LOW,2022-09-22,ACTIVE
VND-00632,Epsilon_Group Ltd,CONSULTANT,United Kingdom,REG-AX448OGY57,LOW,2023-09-30,ACTIVE
VND-00633,RedPoint Consulting LLC,DISTRIBUTOR,United States,REG-PU209UEQ59,LOW,2019-08-05,ACTIVE
VND-00634,SkyBridge Logistics,CONSULTANT,Ireland,REG-XJ863JNS87,MEDIUM,2020-04-25,BLACKLISTED
VND-00635,OmegaLink Systems Holdings,LOGISTICS,India,REG-HQ565ECI11,LOW,2021-10-27,ACTIVE
VND-00636,RedPoint Consulting International,LOGISTICS,Germany,REG-MG203CKP17,MEDIUM,2019-03-23,ACTIVE
VND-00637,TrueNorth Services LLC,LOGISTICS,Japan,REG-QD678XOM99,LOW,2020-11-02,ACTIVE
VND-00638,GreenBridge Consulting LLC,CONTRACTOR,China,REG-DZ103ODX71,LOW,2024-05-31,ACTIVE
VND-00639,TrueNorth Services LLC,SERVICE_PROVIDER,United States,REG-RH865CUE09,LOW,2016-03-18,ACTIVE
VND-00640,UltraVista Technologies Inc,CONTRACTOR,Ireland,REG-GU413OIY81,LOW,2018-02-08,ACTIVE
VND-00641,TrueNorth Services Group,DISTRIBUTOR,India,REG-OL338JVJ39,MEDIUM,2016-09-06,INACTIVE
VND-00642,Delta_Logistics Inc,SERVICE_PROVIDER,Germany,REG-SQ619BGK57,MEDIUM,2021-09-23,ACTIVE
VND-00643,PeakVault Services International,CONTRACTOR,Singapore,REG-QK286IMC85,LOW,2018-04-25,ACTIVE
VND-00644,LucentBridge Technologies LLC,LOGISTICS,United Kingdom,REG-AW558OBU55,LOW,2021-06-01,ACTIVE
VND-00645,SkyBridge Logistics Ltd,LOGISTICS,France,REG-NY593XJV98,LOW,2022-02-27,ACTIVE
VND-00646,GreenBridge Consulting Holdings,LOGISTICS,China,REG-AU457CSM76,HIGH,2016-11-27,INACTIVE
VND-00647,InnoCore Dynamics LLC,MANUFACTURER,China,REG-TO082NUB40,LOW,2017-11-25,ACTIVE
VND-00648,SkyBridge Logistics Holdings,SUPPLIER,United Kingdom,REG-KJ488GCD89,MEDIUM,2022-05-04,ACTIVE
VND-00649,TrueNorth Services International,CONTRACTOR,Canada,REG-LP522OQZ45,LOW,2023-11-03,ACTIVE
VND-00650,Epsilon_Group,SUPPLIER,Japan,REG-NU419EUU69,LOW,2020-04-11,ACTIVE
VND-00651,EdgeWave Technologies International,DISTRIBUTOR,United States,REG-MP727TCU91,LOW,2017-03-07,ACTIVE
VND-00652,TrueNorth Services International,LOGISTICS,United States,REG-WB961AHX05,MEDIUM,2015-08-10,ACTIVE
VND-00653,Acuity Systems Ltd,CONSULTANT,Germany,REG-TH390CUI60,LOW,2020-02-18,ACTIVE
VND-00654,FlowBridge Inc International,MANUFACTURER,United Kingdom,REG-JD925RUZ83,MEDIUM,2018-09-24,ACTIVE
VND-00655,ClearPath Logistics Holdings,LOGISTICS,United Kingdom,REG-OB799SYZ81,LOW,2017-05-07,ACTIVE
VND-00656,Alpha_Inc Inc,SUPPLIER,United States,REG-KV225DJZ17,LOW,2023-09-29,ACTIVE
VND-00657,ZenithBridge Corp International,SERVICE_PROVIDER,United States,REG-XS416IWI86,LOW,2020-05-09,ACTIVE
VND-00658,XcelPath Networks,LOGISTICS,UAE,REG-PK783MJN76,LOW,2018-08-12,ACTIVE
VND-00659,OpenBridge Systems LLC,CONSULTANT,Germany,REG-XB833URK14,LOW,2017-10-16,ACTIVE
VND-00660,GreenBridge Consulting Ltd,CONSULTANT,United States,REG-WM116UWM65,LOW,2018-06-07,ACTIVE
VND-00661,SilverPath Holdings International,DISTRIBUTOR,Brazil,REG-ZC042NJC59,MEDIUM,2023-03-01,ACTIVE
VND-00662,SkyBridge Logistics Group,SERVICE_PROVIDER,Germany,REG-WU033FHV52,LOW,2018-11-04,ACTIVE
VND-00663,Delta_Logistics International,CONSULTANT,United Kingdom,REG-AV039SZH24,MEDIUM,2015-03-20,ACTIVE
VND-00664,VoltEdge Solutions,DISTRIBUTOR,United Kingdom,REG-NV477INN05,MEDIUM,2021-08-12,ACTIVE
VND-00665,Alpha_Inc,MANUFACTURER,India,REG-NU884JSS87,LOW,2019-03-17,ACTIVE
VND-00666,MomentumCore Corp,SUPPLIER,Ireland,REG-QK069DSM80,MEDIUM,2022-06-04,ACTIVE
VND-00667,HarborLight Services International,SERVICE_PROVIDER,United States,REG-EY940QRQ70,MEDIUM,2019-12-25,ACTIVE
VND-00668,JetStream Analytics Group,MANUFACTURER,Japan,REG-OY510GTG46,LOW,2022-10-18,ACTIVE
VND-00669,GlobalNex Corp LLC,CONTRACTOR,Japan,REG-LM579GDJ81,LOW,2020-11-01,ACTIVE
VND-00670,Beta_Supplies,MANUFACTURER,Japan,REG-VF003ZVK84,LOW,2020-09-26,ACTIVE
VND-00671,GlobalNex Corp International,DISTRIBUTOR,United Kingdom,REG-PG055RZD54,LOW,2017-03-24,ACTIVE
VND-00672,MeridianTech Holdings,SERVICE_PROVIDER,India,REG-OJ460VZQ84,MEDIUM,2022-11-21,ACTIVE
VND-00673,NorthBridge Supplies LLC,CONTRACTOR,India,REG-OR216OAP89,LOW,2020-05-22,ACTIVE
VND-00674,HarborLight Services Inc,MANUFACTURER,France,REG-VC926IIN49,LOW,2021-06-09,ACTIVE
VND-00675,GreenBridge Consulting,MANUFACTURER,United States,REG-TS298THI32,LOW,2023-02-11,ACTIVE
VND-00676,DawnTech Services Holdings,SERVICE_PROVIDER,United States,REG-EJ629IUH25,HIGH,2017-12-17,INACTIVE
VND-00677,CoreVault Systems Inc,CONTRACTOR,Germany,REG-AA252TCV05,LOW,2018-04-05,ACTIVE
VND-00678,Epsilon_Group Inc,SUPPLIER,United States,REG-LB423WNN12,LOW,2015-07-07,ACTIVE
VND-00679,WaveCore Manufacturing International,CONTRACTOR,United States,REG-MO499ORB93,LOW,2021-12-21,ACTIVE
VND-00680,HarborLight Services International,SERVICE_PROVIDER,India,REG-ME517TPX28,LOW,2019-06-28,ACTIVE
VND-00681,EcoVenture Supplies Inc,MANUFACTURER,United Kingdom,REG-KM267OCA72,MEDIUM,2019-09-24,ACTIVE
VND-00682,DeltaPath Logistics Inc,SUPPLIER,Singapore,REG-WN046ELC33,LOW,2016-10-14,ACTIVE
VND-00683,KryptonPath Ltd LLC,CONSULTANT,South Africa,REG-BZ975XCM73,HIGH,2019-11-30,ACTIVE
VND-00684,BridgeTech Consulting Inc,LOGISTICS,United States,REG-MI656HPT99,LOW,2022-09-04,ACTIVE
VND-00685,Acuity Systems International,SUPPLIER,India,REG-CP081HIZ77,LOW,2015-07-08,ACTIVE
VND-00686,SkyBridge Logistics Ltd,MANUFACTURER,China,REG-MS086CZT80,LOW,2023-08-10,ACTIVE
VND-00687,RapidCore Consulting Inc,DISTRIBUTOR,Netherlands,REG-ND472SHJ64,MEDIUM,2018-10-17,ACTIVE
VND-00688,BlueStar Procurement LLC,CONSULTANT,France,REG-LX771LSI81,LOW,2023-02-24,ACTIVE
VND-00689,YieldPoint Partners Group,LOGISTICS,China,REG-BL266DLT57,LOW,2024-05-29,ACTIVE
VND-00690,Apex Solutions LLC,DISTRIBUTOR,France,REG-SP371TYK45,MEDIUM,2016-10-04,ACTIVE
VND-00691,EdgeWave Technologies Inc,CONTRACTOR,India,REG-FH111TYU75,MEDIUM,2020-07-06,ACTIVE
VND-00692,GreenBridge Consulting Group,MANUFACTURER,Canada,REG-YC892XKV68,LOW,2021-03-04,ACTIVE
VND-00693,DawnTech Services International,DISTRIBUTOR,Australia,REG-XT922DAT22,LOW,2023-12-26,ACTIVE
VND-00694,UltraVista Technologies,MANUFACTURER,Ireland,REG-IM474ANW21,LOW,2020-07-30,ACTIVE
VND-00695,CoreVault Systems Ltd,SUPPLIER,United States,REG-IZ407AMF77,LOW,2021-02-27,ACTIVE
VND-00696,OpenBridge Systems Holdings,DISTRIBUTOR,United Kingdom,REG-AC339FMM77,MEDIUM,2020-09-13,BLACKLISTED
VND-00697,VertiLink Distributors Holdings,SUPPLIER,United Kingdom,REG-OJ038NDL49,LOW,2024-04-03,ACTIVE
VND-00698,YellowBridge Partners Ltd,SERVICE_PROVIDER,Canada,REG-CQ205KMT02,MEDIUM,2021-09-23,ACTIVE
VND-00699,XpressCore Dynamics LLC,SUPPLIER,Germany,REG-LK510RSN16,MEDIUM,2017-06-27,ACTIVE
VND-00700,Delta_Logistics Holdings,DISTRIBUTOR,Canada,REG-VL998XCF27,LOW,2021-02-21,ACTIVE
VND-00701,KineticBlue Ltd International,LOGISTICS,Singapore,REG-WB455JES61,MEDIUM,2016-07-29,ACTIVE
VND-00702,MeridianTech,CONSULTANT,Australia,REG-HA721HNS45,LOW,2019-05-29,ACTIVE
VND-00703,VertiLink Distributors,SERVICE_PROVIDER,United States,REG-UO390HFE19,MEDIUM,2023-06-29,ACTIVE
VND-00704,LucentBridge Technologies,SERVICE_PROVIDER,Australia,REG-QH946KNW95,HIGH,2023-08-29,BLACKLISTED
VND-00705,InnoCore Dynamics International,DISTRIBUTOR,United States,REG-UO299FFZ78,LOW,2015-01-18,INACTIVE
VND-00706,LucentBridge Technologies International,LOGISTICS,United Kingdom,REG-AH293BDO43,LOW,2020-09-13,ACTIVE
VND-00707,Gamma_Co Group,SERVICE_PROVIDER,Brazil,REG-CV139WJZ66,LOW,2016-02-29,ACTIVE
VND-00708,YieldPoint Partners International,MANUFACTURER,India,REG-YE303TTG44,LOW,2021-10-30,ACTIVE
VND-00709,SilverPath Holdings International,CONSULTANT,United States,REG-VZ850UKN15,LOW,2024-01-10,INACTIVE
VND-00710,WavePath Inc Ltd,LOGISTICS,China,REG-RE023EZC55,LOW,2018-05-09,ACTIVE
VND-00711,JadeCore Solutions LLC,CONSULTANT,United Kingdom,REG-VD272YAV78,MEDIUM,2017-06-09,ACTIVE
VND-00712,WaveCore Manufacturing LLC,MANUFACTURER,Ireland,REG-JI084BNK95,LOW,2016-06-27,ACTIVE
VND-00713,IronPoint Manufacturing LLC,CONTRACTOR,United States,REG-BV551YOI24,HIGH,2022-02-21,ACTIVE
VND-00714,LucentBridge Technologies Ltd,MANUFACTURER,Singapore,REG-MH299YWT62,MEDIUM,2022-06-25,ACTIVE
VND-00715,IronPoint Manufacturing Holdings,LOGISTICS,United States,REG-FP504XCT61,LOW,2019-09-27,ACTIVE
VND-00716,JetStream Analytics,SUPPLIER,United Kingdom,REG-XY384CXM21,LOW,2022-07-08,ACTIVE
VND-00717,SilverPath Holdings LLC,CONSULTANT,United States,REG-GJ178MVE07,LOW,2017-10-23,ACTIVE
VND-00718,XpressCore Dynamics Ltd,CONTRACTOR,Australia,REG-HR845INU21,LOW,2015-05-13,ACTIVE
VND-00719,WavePath Inc Ltd,MANUFACTURER,Ireland,REG-AT076CRM81,LOW,2017-07-07,ACTIVE
VND-00720,Alpha_Inc Inc,MANUFACTURER,India,REG-HX157QVT01,LOW,2023-12-16,ACTIVE
VND-00721,YieldPoint Partners International,LOGISTICS,Germany,REG-MM094SRI35,LOW,2019-09-03,ACTIVE
VND-00722,WavePath Inc Holdings,DISTRIBUTOR,Australia,REG-KR571HAN42,HIGH,2017-04-11,ACTIVE
VND-00723,UnityCore Technologies LLC,CONTRACTOR,Brazil,REG-WJ881URJ38,MEDIUM,2022-04-06,INACTIVE
VND-00724,YellowBridge Partners LLC,CONTRACTOR,Australia,REG-TN493VIC21,LOW,2017-03-03,ACTIVE
VND-00725,LatticeCore Partners Group,DISTRIBUTOR,United States,REG-GY020DFB70,LOW,2023-03-30,ACTIVE
VND-00726,JadeCore Solutions Holdings,CONSULTANT,Brazil,REG-NW629TVM97,LOW,2016-06-16,ACTIVE
VND-00727,DawnTech Services LLC,SUPPLIER,United States,REG-FZ817SDG92,MEDIUM,2016-09-26,ACTIVE
VND-00728,YellowBridge Partners LLC,LOGISTICS,India,REG-OJ747NQX73,HIGH,2021-11-26,ACTIVE
VND-00729,WaveCore Manufacturing,MANUFACTURER,Germany,REG-FB625EEH57,LOW,2023-10-17,ACTIVE
VND-00730,HorizonEdge Inc,DISTRIBUTOR,United Kingdom,REG-XW577MKI24,LOW,2023-10-26,INACTIVE
VND-00731,FlowBridge Inc Holdings,CONSULTANT,Germany,REG-JP816EYT15,LOW,2017-06-25,ACTIVE
VND-00732,XpressCore Dynamics Ltd,SERVICE_PROVIDER,China,REG-PN876PJK96,LOW,2020-12-12,ACTIVE
VND-00733,Apex Solutions,CONTRACTOR,Australia,REG-SL761BYB53,MEDIUM,2022-07-02,BLACKLISTED
VND-00734,NexPoint Analytics Group,MANUFACTURER,Germany,REG-QQ958EVT32,LOW,2015-06-13,ACTIVE
VND-00735,HarborLight Services International,DISTRIBUTOR,India,REG-DU971JGC99,LOW,2017-11-16,ACTIVE
VND-00736,YellowBridge Partners Holdings,LOGISTICS,Netherlands,REG-GR246MXY19,LOW,2020-10-07,ACTIVE
VND-00737,PeakVault Services Group,DISTRIBUTOR,United States,REG-IL570WOZ13,LOW,2018-08-05,ACTIVE
VND-00738,YellowBridge Partners Ltd,SUPPLIER,Japan,REG-SY022NKC78,HIGH,2020-12-24,ACTIVE
VND-00739,YellowBridge Partners Group,SERVICE_PROVIDER,United States,REG-YR335TBT49,LOW,2022-09-08,ACTIVE
VND-00740,WavePath Inc,MANUFACTURER,United States,REG-GZ519ISD09,LOW,2019-11-18,ACTIVE
VND-00741,DawnTech Services LLC,SUPPLIER,United States,REG-WH580SBP08,MEDIUM,2018-09-20,ACTIVE
VND-00742,QuantumEdge Solutions Ltd,DISTRIBUTOR,United Kingdom,REG-ZY696BIN56,LOW,2015-10-16,ACTIVE
VND-00743,ClearPath Logistics LLC,SERVICE_PROVIDER,Germany,REG-YX272AJS38,HIGH,2019-07-15,ACTIVE
VND-00744,IronPoint Manufacturing,MANUFACTURER,Japan,REG-JU220FQB10,LOW,2022-03-12,ACTIVE
VND-00745,CoreVault Systems LLC,CONTRACTOR,Netherlands,REG-YS212MBN67,LOW,2015-10-25,ACTIVE
VND-00746,TrueNorth Services Ltd,CONTRACTOR,Australia,REG-CY278WOL68,LOW,2015-12-21,ACTIVE
VND-00747,BridgeTech Consulting International,DISTRIBUTOR,United Kingdom,REG-UP690TGR97,LOW,2016-10-02,ACTIVE
VND-00748,Delta_Logistics Inc,CONTRACTOR,Japan,REG-CK689ETX50,LOW,2021-02-13,ACTIVE
VND-00749,Alpha_Inc Inc,MANUFACTURER,Canada,REG-UU197HWX12,LOW,2023-03-07,ACTIVE
VND-00750,JadeCore Solutions Group,SUPPLIER,United States,REG-NF478PEO18,HIGH,2016-05-19,ACTIVE
VND-00751,JadeCore Solutions,CONSULTANT,Germany,REG-DV189IXA49,LOW,2018-06-02,ACTIVE
VND-00752,Epsilon_Group Ltd,CONSULTANT,United Kingdom,REG-UV778AWZ79,LOW,2016-08-06,ACTIVE
VND-00753,MeridianTech,MANUFACTURER,China,REG-VT442UYK09,LOW,2017-01-12,ACTIVE
VND-00754,JadeCore Solutions International,DISTRIBUTOR,United States,REG-KD407QSZ92,MEDIUM,2022-03-25,ACTIVE
VND-00755,GlobalNex Corp Group,DISTRIBUTOR,France,REG-IG904EYR71,LOW,2023-02-20,ACTIVE
VND-00756,RapidCore Consulting LLC,SUPPLIER,India,REG-QA429VHM44,HIGH,2017-08-18,ACTIVE
VND-00757,UltraVista Technologies International,CONTRACTOR,South Africa,REG-ZL292QYS75,LOW,2020-01-20,ACTIVE
VND-00758,JetStream Analytics Ltd,CONTRACTOR,Germany,REG-VF372JMJ80,LOW,2021-05-10,ACTIVE
VND-00759,UltraVista Technologies Group,CONSULTANT,Ireland,REG-UO766KNK37,HIGH,2023-10-24,ACTIVE
VND-00760,InnoCore Dynamics LLC,CONTRACTOR,France,REG-KD504ZET10,LOW,2023-03-22,ACTIVE
VND-00761,TrueNorth Services International,SUPPLIER,United Kingdom,REG-EQ783JHB66,LOW,2021-03-09,ACTIVE
VND-00762,RedPoint Consulting Inc,CONSULTANT,UAE,REG-HR047CGI65,LOW,2024-04-08,ACTIVE
VND-00763,OpenBridge Systems,SUPPLIER,United States,REG-RR569ZGQ45,LOW,2023-02-27,ACTIVE
VND-00764,Gamma_Co Ltd,SERVICE_PROVIDER,Brazil,REG-XM967HVR39,MEDIUM,2021-06-29,ACTIVE
VND-00765,QuantumEdge Solutions Ltd,SERVICE_PROVIDER,Ireland,REG-EA258AGH00,LOW,2021-01-19,ACTIVE
VND-00766,OmegaLink Systems Inc,MANUFACTURER,India,REG-QM175CBN34,MEDIUM,2021-08-12,ACTIVE
VND-00767,FlowBridge Inc International,DISTRIBUTOR,United States,REG-OH109THF39,LOW,2019-01-30,ACTIVE
VND-00768,Delta_Logistics Ltd,CONSULTANT,Netherlands,REG-HS926LQS92,LOW,2022-09-03,ACTIVE
VND-00769,KryptonPath Ltd,LOGISTICS,United States,REG-SQ717XXU46,LOW,2022-05-24,ACTIVE
VND-00770,WaveCore Manufacturing,LOGISTICS,France,REG-YY421VDQ40,MEDIUM,2017-06-15,ACTIVE
VND-00771,OmegaLink Systems,CONSULTANT,Netherlands,REG-MN427ZLP17,LOW,2022-07-01,ACTIVE
VND-00772,EcoVenture Supplies International,SUPPLIER,Ireland,REG-NN712PGC86,HIGH,2015-07-10,ACTIVE
VND-00773,HorizonEdge Inc LLC,CONTRACTOR,India,REG-KU410QXC11,LOW,2024-04-21,ACTIVE
VND-00774,YieldPoint Partners LLC,CONTRACTOR,Brazil,REG-QY072RJS00,LOW,2019-03-31,ACTIVE
VND-00775,HorizonEdge Inc Holdings,CONSULTANT,Netherlands,REG-TX569FEB08,LOW,2019-03-22,ACTIVE
VND-00776,WaveCore Manufacturing International,SERVICE_PROVIDER,South Africa,REG-YS618XEH30,LOW,2023-11-21,ACTIVE
VND-00777,ClearPath Logistics Group,SUPPLIER,Netherlands,REG-ZD985OPF54,LOW,2017-07-31,ACTIVE
VND-00778,LatticeCore Partners Group,DISTRIBUTOR,United States,REG-WX585SPM17,LOW,2019-01-23,ACTIVE
VND-00779,VertiLink Distributors LLC,SERVICE_PROVIDER,France,REG-TS280YGO63,LOW,2016-04-09,ACTIVE
VND-00780,PeakVault Services Inc,SUPPLIER,India,REG-IC571MBU73,LOW,2019-08-11,ACTIVE
VND-00781,KineticBlue Ltd Group,DISTRIBUTOR,United States,REG-YI937PTF61,LOW,2022-01-22,ACTIVE
VND-00782,KineticBlue Ltd Holdings,DISTRIBUTOR,Singapore,REG-DV870YUC05,MEDIUM,2017-01-07,ACTIVE
VND-00783,BridgeTech Consulting LLC,MANUFACTURER,India,REG-RI613JVL87,LOW,2023-03-01,ACTIVE
VND-00784,MomentumCore Corp International,CONSULTANT,United Kingdom,REG-PB310ENC27,HIGH,2020-05-26,ACTIVE
VND-00785,Alpha_Inc Ltd,LOGISTICS,United Kingdom,REG-TY320GDN20,MEDIUM,2024-03-14,ACTIVE
VND-00786,KineticBlue Ltd LLC,CONTRACTOR,Australia,REG-FM291ZNO11,LOW,2022-09-09,ACTIVE
VND-00787,YieldPoint Partners International,SUPPLIER,United States,REG-UH136RKI56,LOW,2016-06-25,ACTIVE
VND-00788,GreenBridge Consulting LLC,LOGISTICS,United States,REG-LV253EHR09,LOW,2019-09-16,ACTIVE
VND-00789,NexPoint Analytics Ltd,LOGISTICS,UAE,REG-KC262PLC58,LOW,2015-06-09,ACTIVE
VND-00790,EcoVenture Supplies LLC,DISTRIBUTOR,UAE,REG-BF219FAA62,LOW,2016-06-17,ACTIVE
VND-00791,YellowBridge Partners LLC,SERVICE_PROVIDER,Netherlands,REG-SZ219YXE46,MEDIUM,2022-04-13,INACTIVE
VND-00792,TitanPath Holdings Ltd,CONSULTANT,France,REG-CA232PLN48,LOW,2019-10-24,ACTIVE
VND-00793,LucentBridge Technologies Inc,LOGISTICS,China,REG-FO092YTW79,MEDIUM,2023-04-25,ACTIVE
VND-00794,EcoVenture Supplies Inc,LOGISTICS,United States,REG-HH608GNX33,LOW,2017-08-10,ACTIVE
VND-00795,Acuity Systems Holdings,SUPPLIER,United States,REG-RD883MHY73,LOW,2017-02-13,ACTIVE
VND-00796,Apex Solutions International,CONSULTANT,Germany,REG-QC277DPX22,LOW,2022-05-05,ACTIVE
VND-00797,BlueStar Procurement LLC,CONTRACTOR,India,REG-NZ436WDC45,LOW,2021-07-25,ACTIVE
VND-00798,XcelPath Networks Ltd,MANUFACTURER,Canada,REG-YB108FGH22,MEDIUM,2018-02-02,ACTIVE
VND-00799,Alpha_Inc Ltd,CONSULTANT,Canada,REG-UA137MVR99,MEDIUM,2020-05-30,ACTIVE
VND-00800,TrueNorth Services Ltd,LOGISTICS,Canada,REG-GP531VAM53,LOW,2018-11-11,ACTIVE
VND-00801,RapidCore Consulting,CONSULTANT,Australia,REG-FD631BJN79,MEDIUM,2023-05-22,ACTIVE
VND-00802,GlobalNex Corp Group,SERVICE_PROVIDER,Germany,REG-ID972UMO65,MEDIUM,2020-09-13,INACTIVE
VND-00803,SkyBridge Logistics LLC,CONSULTANT,Canada,REG-CS543KDR52,MEDIUM,2015-08-02,ACTIVE
VND-00804,FlowBridge Inc,SERVICE_PROVIDER,Brazil,REG-KW217VOS76,HIGH,2016-08-18,ACTIVE
VND-00805,OmegaLink Systems Holdings,DISTRIBUTOR,United States,REG-JO929FAH29,LOW,2015-11-24,ACTIVE
VND-00806,ZenithBridge Corp Ltd,DISTRIBUTOR,India,REG-RA739UBV77,MEDIUM,2022-05-11,INACTIVE
VND-00807,YellowBridge Partners Inc,MANUFACTURER,France,REG-OL335JKA69,MEDIUM,2016-12-18,ACTIVE
VND-00808,RapidCore Consulting Inc,CONTRACTOR,United Kingdom,REG-CB600HZE78,LOW,2020-10-23,ACTIVE
VND-00809,HorizonEdge Inc LLC,DISTRIBUTOR,United Kingdom,REG-JW177ASU31,LOW,2017-08-06,ACTIVE
VND-00810,PeakVault Services,SUPPLIER,India,REG-PP632FBE54,LOW,2016-10-06,ACTIVE
VND-00811,ZenithBridge Corp International,CONSULTANT,Netherlands,REG-BD427DXI99,MEDIUM,2021-07-28,ACTIVE
VND-00812,FlowBridge Inc Ltd,MANUFACTURER,China,REG-OE625YSV70,LOW,2018-03-11,ACTIVE
VND-00813,Gamma_Co Holdings,DISTRIBUTOR,United Kingdom,REG-SN804IKY64,HIGH,2017-07-15,ACTIVE
VND-00814,Apex Solutions Holdings,SERVICE_PROVIDER,Netherlands,REG-GR319XDH50,LOW,2016-12-17,ACTIVE
VND-00815,SilverPath Holdings,LOGISTICS,Netherlands,REG-XX657LPJ90,LOW,2016-04-24,ACTIVE
VND-00816,Gamma_Co Inc,CONTRACTOR,Australia,REG-PI183HPE25,HIGH,2021-06-12,BLACKLISTED
VND-00817,YellowBridge Partners Group,CONTRACTOR,Australia,REG-RG933RBR55,HIGH,2023-06-30,ACTIVE
VND-00818,BridgeTech Consulting International,CONTRACTOR,United States,REG-FG015HHE57,LOW,2016-04-21,ACTIVE
VND-00819,OmegaLink Systems LLC,CONSULTANT,Germany,REG-XZ884RSZ79,LOW,2022-11-12,ACTIVE
VND-00820,IronPoint Manufacturing,LOGISTICS,India,REG-ZL137SEG11,LOW,2022-11-10,ACTIVE
VND-00821,SkyBridge Logistics LLC,CONTRACTOR,United States,REG-JN241HOB27,LOW,2024-03-17,ACTIVE
VND-00822,UltraVista Technologies Holdings,DISTRIBUTOR,India,REG-WA468CVP27,LOW,2017-06-14,ACTIVE
VND-00823,MeridianTech International,CONSULTANT,India,REG-ZO043HPV10,LOW,2023-04-08,ACTIVE
VND-00824,NorthBridge Supplies Group,LOGISTICS,India,REG-LQ695SHJ57,MEDIUM,2017-04-10,ACTIVE
VND-00825,YellowBridge Partners,SUPPLIER,France,REG-YT774KYQ92,MEDIUM,2016-05-06,ACTIVE
VND-00826,IronPoint Manufacturing,CONTRACTOR,Japan,REG-JW375SDK40,LOW,2020-05-29,ACTIVE
VND-00827,KryptonPath Ltd Inc,SERVICE_PROVIDER,United Kingdom,REG-LT928SQY42,LOW,2018-01-30,ACTIVE
VND-00828,RedPoint Consulting International,LOGISTICS,China,REG-UK223ICQ10,CRITICAL,2017-06-28,BLACKLISTED
VND-00829,BlueStar Procurement International,SUPPLIER,Netherlands,REG-QU523WJX80,LOW,2021-01-23,ACTIVE
VND-00830,YellowBridge Partners Group,SUPPLIER,Netherlands,REG-HB782ZFX84,LOW,2020-02-16,ACTIVE
VND-00831,Apex Solutions LLC,SERVICE_PROVIDER,Brazil,REG-VI275GVP20,LOW,2017-05-13,ACTIVE
VND-00832,QuantumEdge Solutions Group,CONTRACTOR,India,REG-ZK474UCV92,LOW,2021-02-24,ACTIVE
VND-00833,VertiLink Distributors Holdings,SERVICE_PROVIDER,Singapore,REG-HT170BZN28,LOW,2017-01-23,INACTIVE
VND-00834,XcelPath Networks Holdings,CONTRACTOR,Australia,REG-DM375PML15,LOW,2019-06-29,ACTIVE
VND-00835,KryptonPath Ltd LLC,LOGISTICS,United States,REG-FI834CRQ30,LOW,2017-07-25,ACTIVE
VND-00836,JadeCore Solutions International,CONSULTANT,United States,REG-UM186MGD37,MEDIUM,2019-04-10,ACTIVE
VND-00837,EcoVenture Supplies Inc,CONSULTANT,Singapore,REG-YX562ASW65,MEDIUM,2015-02-09,ACTIVE
VND-00838,Epsilon_Group LLC,DISTRIBUTOR,Germany,REG-NU547CVA81,LOW,2020-10-18,BLACKLISTED
VND-00839,JadeCore Solutions Inc,SUPPLIER,Canada,REG-IL742MFJ66,MEDIUM,2021-05-14,ACTIVE
VND-00840,NorthBridge Supplies Inc,SERVICE_PROVIDER,Japan,REG-EL347WYF85,LOW,2017-11-07,ACTIVE
VND-00841,QuantumEdge Solutions Holdings,DISTRIBUTOR,China,REG-JD064TKW62,LOW,2019-01-15,ACTIVE
VND-00842,BridgeTech Consulting International,CONTRACTOR,South Africa,REG-JF232CTL64,HIGH,2016-05-11,ACTIVE
VND-00843,PeakVault Services Ltd,LOGISTICS,India,REG-BY478AJQ73,LOW,2016-12-15,ACTIVE
VND-00844,FusionCore Analytics Inc,SERVICE_PROVIDER,United States,REG-LF471SPP46,LOW,2023-04-05,ACTIVE
VND-00845,OpenBridge Systems Group,MANUFACTURER,Germany,REG-MV014XLE71,LOW,2016-11-17,ACTIVE
VND-00846,ZenithBridge Corp Inc,SUPPLIER,United Kingdom,REG-XG964UKB71,LOW,2015-10-20,ACTIVE
VND-00847,PeakVault Services Holdings,CONTRACTOR,South Africa,REG-UD429SIW02,LOW,2022-12-19,ACTIVE
VND-00848,ClearPath Logistics Inc,MANUFACTURER,Brazil,REG-OW204DSS56,LOW,2019-01-27,ACTIVE
VND-00849,KineticBlue Ltd Group,CONSULTANT,India,REG-WG818MWK32,LOW,2015-04-05,ACTIVE
VND-00850,TitanPath Holdings LLC,CONSULTANT,United Kingdom,REG-RS855SXG44,LOW,2015-11-24,ACTIVE
VND-00851,EcoVenture Supplies Ltd,SUPPLIER,Canada,REG-IH895SXX20,LOW,2015-08-09,ACTIVE
VND-00852,GlobalNex Corp Holdings,CONSULTANT,United States,REG-NJ765GOM21,LOW,2021-12-06,BLACKLISTED
VND-00853,TrueNorth Services Group,MANUFACTURER,India,REG-SW898ZHA88,LOW,2017-10-10,ACTIVE
VND-00854,HorizonEdge Inc,SUPPLIER,United States,REG-EW711TSX20,LOW,2016-11-29,ACTIVE
VND-00855,UltraVista Technologies Inc,SERVICE_PROVIDER,UAE,REG-LT279TBV85,LOW,2020-05-04,ACTIVE
VND-00856,InnoCore Dynamics LLC,CONSULTANT,Brazil,REG-TI132NIF23,HIGH,2021-01-17,ACTIVE
VND-00857,OpenBridge Systems Ltd,DISTRIBUTOR,Japan,REG-WB611CMG07,LOW,2019-11-17,ACTIVE
VND-00858,WaveCore Manufacturing International,CONSULTANT,United States,REG-HQ089CET07,LOW,2021-01-19,ACTIVE
VND-00859,QuantumEdge Solutions Group,SUPPLIER,United States,REG-LM011LQW93,LOW,2018-05-28,ACTIVE
VND-00860,InnoCore Dynamics Holdings,SERVICE_PROVIDER,UAE,REG-WW012KGX49,LOW,2018-03-20,ACTIVE
VND-00861,XpressCore Dynamics International,SUPPLIER,Singapore,REG-GL938WAH91,LOW,2018-05-12,ACTIVE
VND-00862,Alpha_Inc,CONTRACTOR,United Kingdom,REG-AU334GNG28,MEDIUM,2021-02-23,ACTIVE
VND-00863,ZenithBridge Corp Group,MANUFACTURER,Ireland,REG-RG759LWY27,LOW,2016-10-30,ACTIVE
VND-00864,QuantumEdge Solutions,MANUFACTURER,India,REG-HW638UHD36,LOW,2019-09-26,ACTIVE
VND-00865,NexPoint Analytics Inc,MANUFACTURER,India,REG-TS182JUC75,LOW,2022-10-13,ACTIVE
VND-00866,Delta_Logistics Holdings,CONSULTANT,United States,REG-SD157MVT16,LOW,2019-08-19,ACTIVE
VND-00867,OpenBridge Systems International,SERVICE_PROVIDER,India,REG-BM738EZE64,LOW,2021-12-05,ACTIVE
VND-00868,UltraVista Technologies,SUPPLIER,UAE,REG-ZC520HQR71,MEDIUM,2016-09-15,ACTIVE
VND-00869,SilverPath Holdings,MANUFACTURER,Australia,REG-SL112GVK66,LOW,2016-05-27,INACTIVE
VND-00870,JetStream Analytics,CONSULTANT,Germany,REG-MZ153HOB53,MEDIUM,2020-07-14,ACTIVE
VND-00871,FusionCore Analytics Holdings,MANUFACTURER,United States,REG-WY749ZPZ94,LOW,2020-03-14,ACTIVE
VND-00872,JetStream Analytics,LOGISTICS,Canada,REG-GR579JXD67,LOW,2017-12-27,ACTIVE
VND-00873,MeridianTech Inc,LOGISTICS,Canada,REG-OO114IBG77,LOW,2017-10-21,ACTIVE
VND-00874,YellowBridge Partners LLC,SERVICE_PROVIDER,Australia,REG-YM017RUJ02,MEDIUM,2017-10-16,ACTIVE
VND-00875,MeridianTech International,LOGISTICS,United States,REG-QW499HXF11,LOW,2023-03-31,BLACKLISTED
VND-00876,EcoVenture Supplies International,CONTRACTOR,Germany,REG-GQ734IVZ77,LOW,2022-08-23,INACTIVE
VND-00877,WavePath Inc Ltd,SUPPLIER,India,REG-HY880CUY06,LOW,2020-11-03,ACTIVE
VND-00878,XcelPath Networks,CONSULTANT,United States,REG-JQ770XTT02,LOW,2022-06-23,ACTIVE
VND-00879,Apex Solutions Group,CONTRACTOR,Brazil,REG-TY276FWH24,LOW,2023-11-28,ACTIVE
VND-00880,Apex Solutions,LOGISTICS,France,REG-EE978JKG89,LOW,2021-07-08,ACTIVE
VND-00881,YellowBridge Partners,CONSULTANT,France,REG-YN064RWX79,LOW,2017-10-15,ACTIVE
VND-00882,XpressCore Dynamics LLC,SUPPLIER,Germany,REG-CI450XWZ09,LOW,2015-09-03,ACTIVE
VND-00883,Alpha_Inc,SERVICE_PROVIDER,United Kingdom,REG-BW905WAW61,LOW,2016-05-30,ACTIVE
VND-00884,PeakVault Services Inc,LOGISTICS,Australia,REG-LF033SET34,LOW,2018-11-23,ACTIVE
VND-00885,YieldPoint Partners Holdings,CONSULTANT,India,REG-UC152DQB08,MEDIUM,2023-02-15,ACTIVE
VND-00886,ClearPath Logistics Ltd,DISTRIBUTOR,France,REG-SE986LBU40,MEDIUM,2018-04-22,ACTIVE
VND-00887,WaveCore Manufacturing Holdings,SERVICE_PROVIDER,India,REG-GZ696FGS59,LOW,2023-03-19,ACTIVE
VND-00888,JadeCore Solutions Group,DISTRIBUTOR,United States,REG-KN357TXB85,MEDIUM,2015-10-10,ACTIVE
VND-00889,IronPoint Manufacturing Holdings,SUPPLIER,Japan,REG-SQ371DTK83,LOW,2020-02-03,ACTIVE
VND-00890,BridgeTech Consulting Ltd,LOGISTICS,Japan,REG-GL639VRE19,LOW,2019-01-31,ACTIVE
VND-00891,RapidCore Consulting Ltd,SERVICE_PROVIDER,United Kingdom,REG-WY987EPT63,LOW,2024-03-08,ACTIVE
VND-00892,JadeCore Solutions Group,CONTRACTOR,Germany,REG-MA846ZQN85,LOW,2021-11-16,ACTIVE
VND-00893,GlobalNex Corp Ltd,SUPPLIER,United States,REG-OT878HLK20,LOW,2022-05-22,ACTIVE
VND-00894,CoreVault Systems Group,SERVICE_PROVIDER,United Kingdom,REG-ZN737XBK48,MEDIUM,2016-03-14,ACTIVE
VND-00895,Beta_Supplies International,SERVICE_PROVIDER,UAE,REG-JP083JVR57,LOW,2022-05-18,ACTIVE
VND-00896,DeltaPath Logistics Holdings,DISTRIBUTOR,United States,REG-ON466ARS51,LOW,2017-06-23,ACTIVE
VND-00897,PeakVault Services International,SUPPLIER,Australia,REG-PH249JMB36,LOW,2024-05-01,ACTIVE
VND-00898,JadeCore Solutions LLC,LOGISTICS,Canada,REG-BB347PCM78,MEDIUM,2019-08-31,ACTIVE
VND-00899,NexPoint Analytics Holdings,SUPPLIER,United States,REG-YZ242RQJ04,MEDIUM,2020-12-06,ACTIVE
VND-00900,NorthBridge Supplies Ltd,SUPPLIER,United Kingdom,REG-FU207MTE00,MEDIUM,2016-02-02,ACTIVE
VND-00901,HorizonEdge Inc LLC,DISTRIBUTOR,Japan,REG-PH651KVG62,LOW,2017-10-15,ACTIVE
VND-00902,JadeCore Solutions International,SUPPLIER,Japan,REG-FF189PMH84,HIGH,2023-05-15,ACTIVE
VND-00903,TitanPath Holdings LLC,SUPPLIER,United Kingdom,REG-BN559JGL63,LOW,2019-10-16,ACTIVE
VND-00904,GreenBridge Consulting Holdings,CONSULTANT,UAE,REG-LD347FIX64,MEDIUM,2022-05-17,ACTIVE
VND-00905,WaveCore Manufacturing Holdings,CONTRACTOR,Canada,REG-RP158RYJ67,CRITICAL,2021-03-03,BLACKLISTED
VND-00906,Gamma_Co LLC,DISTRIBUTOR,India,REG-PM575CVQ40,LOW,2018-08-17,ACTIVE
VND-00907,YellowBridge Partners Ltd,CONTRACTOR,Canada,REG-TO034SXZ86,LOW,2023-05-08,ACTIVE
VND-00908,ZenithBridge Corp,SUPPLIER,India,REG-AZ183QTF76,HIGH,2023-02-22,ACTIVE
VND-00909,TrueNorth Services,CONSULTANT,United Kingdom,REG-OU343ZXP27,LOW,2018-05-15,ACTIVE
VND-00910,Gamma_Co LLC,CONTRACTOR,China,REG-EV604AVT17,MEDIUM,2024-03-22,ACTIVE
VND-00911,KryptonPath Ltd Group,SUPPLIER,Australia,REG-EW612AMU48,LOW,2016-01-22,ACTIVE
VND-00912,XcelPath Networks Ltd,CONSULTANT,India,REG-PP857LOC00,LOW,2017-10-20,ACTIVE
VND-00913,ZenithBridge Corp Ltd,MANUFACTURER,United States,REG-UK206FHK34,MEDIUM,2017-06-09,ACTIVE
VND-00914,LatticeCore Partners International,MANUFACTURER,China,REG-YU382CEV96,MEDIUM,2024-04-05,ACTIVE
VND-00915,PeakVault Services Holdings,MANUFACTURER,China,REG-ZS242MFA95,MEDIUM,2015-06-03,ACTIVE
VND-00916,YellowBridge Partners Holdings,LOGISTICS,Singapore,REG-OB526BJP69,LOW,2018-11-26,ACTIVE
VND-00917,YellowBridge Partners Group,MANUFACTURER,South Africa,REG-QS931KDZ73,LOW,2023-05-21,ACTIVE
VND-00918,OpenBridge Systems International,CONTRACTOR,UAE,REG-FX969KKH42,HIGH,2015-08-10,INACTIVE
VND-00919,JetStream Analytics Holdings,MANUFACTURER,United Kingdom,REG-HO086TNM77,LOW,2020-08-19,ACTIVE
VND-00920,ZenithBridge Corp International,DISTRIBUTOR,China,REG-BN447MNS62,LOW,2023-06-11,ACTIVE
VND-00921,SilverPath Holdings Inc,CONSULTANT,United States,REG-BS362QPN62,LOW,2019-06-04,ACTIVE
VND-00922,WavePath Inc,SERVICE_PROVIDER,India,REG-FA735EIU97,LOW,2021-02-23,ACTIVE
VND-00923,YellowBridge Partners LLC,LOGISTICS,United States,REG-QE636GJD69,LOW,2016-06-18,ACTIVE
VND-00924,ZenithBridge Corp LLC,CONSULTANT,China,REG-MQ053ZMT75,LOW,2021-05-29,ACTIVE
VND-00925,PrimeAxis Corp Group,CONTRACTOR,Singapore,REG-YT004ZQX89,LOW,2015-10-21,ACTIVE
VND-00926,FlowBridge Inc,SERVICE_PROVIDER,Singapore,REG-QK280GFV92,LOW,2022-07-14,ACTIVE
VND-00927,WaveCore Manufacturing Ltd,SUPPLIER,India,REG-BJ721QHU58,LOW,2022-05-08,ACTIVE
VND-00928,Gamma_Co Inc,DISTRIBUTOR,United States,REG-BS027QNW45,LOW,2019-12-17,ACTIVE
VND-00929,OmegaLink Systems Group,CONTRACTOR,United States,REG-UV485FWJ62,LOW,2022-09-08,ACTIVE
VND-00930,HarborLight Services LLC,CONSULTANT,Japan,REG-DO870LCE32,MEDIUM,2015-08-12,ACTIVE
VND-00931,Gamma_Co Holdings,CONTRACTOR,United States,REG-FC427CWT61,HIGH,2015-02-26,BLACKLISTED
VND-00932,VertiLink Distributors Group,DISTRIBUTOR,United Kingdom,REG-UJ877HWF71,LOW,2023-04-20,ACTIVE
VND-00933,QuantumEdge Solutions Ltd,DISTRIBUTOR,United States,REG-RK342QLN28,LOW,2020-06-01,ACTIVE
VND-00934,YieldPoint Partners Ltd,DISTRIBUTOR,United States,REG-AE908PXF92,LOW,2022-06-10,ACTIVE
VND-00935,MeridianTech Inc,DISTRIBUTOR,India,REG-ZX150LGU41,LOW,2022-10-23,ACTIVE
VND-00936,Apex Solutions,MANUFACTURER,India,REG-DO201RMQ77,LOW,2019-05-11,ACTIVE
VND-00937,XcelPath Networks Inc,SUPPLIER,India,REG-UU050UZK97,LOW,2016-03-17,ACTIVE
VND-00938,OmegaLink Systems International,MANUFACTURER,United States,REG-ZD230VEJ45,MEDIUM,2020-09-13,ACTIVE
VND-00939,MomentumCore Corp Ltd,CONSULTANT,United Kingdom,REG-LP961XZF64,HIGH,2015-12-27,ACTIVE
VND-00940,UnityCore Technologies,CONSULTANT,UAE,REG-SP032WPJ66,LOW,2015-06-12,ACTIVE
VND-00941,WavePath Inc Group,CONTRACTOR,Germany,REG-RM147IWQ64,LOW,2015-03-17,ACTIVE
VND-00942,GreenBridge Consulting Holdings,SUPPLIER,Japan,REG-CY158ERK37,LOW,2024-02-08,ACTIVE
VND-00943,Gamma_Co,CONTRACTOR,United Kingdom,REG-NL961BOB65,LOW,2021-03-23,ACTIVE
VND-00944,RapidCore Consulting Group,MANUFACTURER,Canada,REG-RO108PRT57,LOW,2015-12-26,ACTIVE
VND-00945,OpenBridge Systems LLC,SERVICE_PROVIDER,India,REG-SD278BFZ81,LOW,2017-07-20,ACTIVE
VND-00946,TrueNorth Services Ltd,SERVICE_PROVIDER,UAE,REG-PH742BSK24,LOW,2018-09-10,ACTIVE
VND-00947,LucentBridge Technologies Ltd,LOGISTICS,United Kingdom,REG-GG081BAG08,LOW,2022-09-02,ACTIVE
VND-00948,UnityCore Technologies Ltd,SERVICE_PROVIDER,United States,REG-LF794XGB54,MEDIUM,2016-07-07,ACTIVE
VND-00949,KineticBlue Ltd Holdings,DISTRIBUTOR,UAE,REG-CF172ATT26,LOW,2015-10-05,ACTIVE
VND-00950,UltraVista Technologies Inc,MANUFACTURER,United States,REG-ZQ597VZL79,HIGH,2016-08-19,ACTIVE
VND-00951,Acuity Systems International,SERVICE_PROVIDER,Japan,REG-RG321BIB94,MEDIUM,2018-05-27,INACTIVE
VND-00952,YellowBridge Partners Group,CONSULTANT,United Kingdom,REG-PE061DSZ02,HIGH,2016-03-13,ACTIVE
VND-00953,NexPoint Analytics Holdings,DISTRIBUTOR,South Africa,REG-XS974RSR99,LOW,2021-10-16,INACTIVE
VND-00954,SkyBridge Logistics,SUPPLIER,France,REG-AM641HBS22,LOW,2019-01-11,ACTIVE
VND-00955,EcoVenture Supplies LLC,CONTRACTOR,United Kingdom,REG-PP303BOY72,LOW,2022-04-14,ACTIVE
VND-00956,InnoCore Dynamics Group,CONSULTANT,United States,REG-JE831BBH47,MEDIUM,2017-03-02,ACTIVE
VND-00957,RedPoint Consulting International,MANUFACTURER,United Kingdom,REG-BC227LPM77,LOW,2017-06-30,INACTIVE
VND-00958,ClearPath Logistics Inc,SERVICE_PROVIDER,Germany,REG-AG496OTB05,MEDIUM,2021-12-02,ACTIVE
VND-00959,BlueStar Procurement International,SUPPLIER,South Africa,REG-SC679FZF98,MEDIUM,2023-09-15,INACTIVE
VND-00960,UltraVista Technologies International,MANUFACTURER,China,REG-TD899HBB73,MEDIUM,2021-11-09,ACTIVE
VND-00961,UnityCore Technologies Inc,DISTRIBUTOR,United States,REG-PA958EHF14,LOW,2015-06-07,ACTIVE
VND-00962,CoreVault Systems Group,DISTRIBUTOR,Canada,REG-KS957UME60,LOW,2020-10-25,ACTIVE
VND-00963,YieldPoint Partners Ltd,MANUFACTURER,United States,REG-LR573VMT83,CRITICAL,2023-08-01,ACTIVE
VND-00964,TrueNorth Services Inc,CONTRACTOR,Australia,REG-RP724VXY66,LOW,2024-04-12,ACTIVE
VND-00965,DeltaPath Logistics LLC,CONSULTANT,Australia,REG-SV729FQE34,LOW,2020-10-18,ACTIVE
VND-00966,VoltEdge Solutions Ltd,CONSULTANT,Brazil,REG-FG223YAF29,MEDIUM,2016-04-08,ACTIVE
VND-00967,InnoCore Dynamics International,CONTRACTOR,Australia,REG-BW433QWR80,HIGH,2019-08-21,INACTIVE
VND-00968,UnityCore Technologies Group,SUPPLIER,India,REG-VB228HNO01,LOW,2020-02-06,ACTIVE
VND-00969,UnityCore Technologies Inc,MANUFACTURER,United States,REG-VY183WXC74,LOW,2016-11-02,ACTIVE
VND-00970,OpenBridge Systems Holdings,DISTRIBUTOR,Canada,REG-QG842TDC89,LOW,2015-12-16,ACTIVE
VND-00971,NexPoint Analytics Group,DISTRIBUTOR,Canada,REG-YG711JCG99,MEDIUM,2019-04-01,BLACKLISTED
VND-00972,VertiLink Distributors Ltd,LOGISTICS,United States,REG-KU121STC35,LOW,2022-05-25,ACTIVE
VND-00973,YellowBridge Partners LLC,SERVICE_PROVIDER,India,REG-VI871HMC25,LOW,2015-07-30,ACTIVE
VND-00974,ClearPath Logistics Holdings,CONSULTANT,United States,REG-SG603KFR75,LOW,2022-01-09,ACTIVE
VND-00975,Apex Solutions Ltd,CONTRACTOR,United States,REG-WW565HAY32,MEDIUM,2023-08-02,BLACKLISTED
VND-00976,IronPoint Manufacturing Inc,DISTRIBUTOR,France,REG-DH326YRX66,LOW,2015-01-24,ACTIVE
VND-00977,EcoVenture Supplies International,SERVICE_PROVIDER,United States,REG-EF072VUZ08,LOW,2019-08-07,ACTIVE
VND-00978,JadeCore Solutions Holdings,MANUFACTURER,China,REG-QP260JKD60,LOW,2021-12-13,ACTIVE
VND-00979,LatticeCore Partners Group,MANUFACTURER,Germany,REG-TU846VUW68,MEDIUM,2015-08-14,ACTIVE
VND-00980,RapidCore Consulting Ltd,DISTRIBUTOR,India,REG-SZ048CPN92,LOW,2024-05-25,ACTIVE
VND-00981,GlobalNex Corp International,CONSULTANT,India,REG-ZY899PZX75,LOW,2016-12-31,ACTIVE
VND-00982,MomentumCore Corp Ltd,DISTRIBUTOR,United Kingdom,REG-VY341UUV08,LOW,2023-10-30,ACTIVE
VND-00983,XcelPath Networks,LOGISTICS,India,REG-FG288JTH43,HIGH,2016-01-17,INACTIVE
VND-00984,Gamma_Co,SERVICE_PROVIDER,China,REG-LQ520PXT08,LOW,2023-07-04,ACTIVE
VND-00985,HarborLight Services LLC,CONTRACTOR,UAE,REG-QO681GWH05,LOW,2018-01-29,ACTIVE
VND-00986,NorthBridge Supplies Ltd,SUPPLIER,China,REG-VA017DVP49,LOW,2015-08-27,ACTIVE
VND-00987,FlowBridge Inc International,MANUFACTURER,South Africa,REG-WT998SQY93,MEDIUM,2023-02-13,ACTIVE
VND-00988,SilverPath Holdings International,LOGISTICS,Germany,REG-GU926HLM83,HIGH,2021-10-29,BLACKLISTED
VND-00989,NexPoint Analytics Holdings,DISTRIBUTOR,China,REG-AF571FDB26,LOW,2016-06-15,ACTIVE
VND-00990,FusionCore Analytics International,CONSULTANT,South Africa,REG-XR273HZL71,LOW,2024-01-23,ACTIVE
VND-00991,MeridianTech,SUPPLIER,Australia,REG-FO886BCS49,LOW,2016-04-29,ACTIVE
VND-00992,Epsilon_Group Group,DISTRIBUTOR,Singapore,REG-IF762TDI28,LOW,2023-12-20,ACTIVE
VND-00993,JadeCore Solutions Inc,CONSULTANT,United States,REG-EC881VKJ37,LOW,2022-02-24,ACTIVE
VND-00994,QuantumEdge Solutions Inc,CONTRACTOR,India,REG-HX519KSC61,LOW,2015-10-05,ACTIVE
VND-00995,Apex Solutions,CONTRACTOR,Germany,REG-XT821SFB54,LOW,2022-09-10,ACTIVE
VND-00996,BridgeTech Consulting Inc,CONSULTANT,Germany,REG-TS229NLV60,LOW,2016-12-20,ACTIVE
VND-00997,EcoVenture Supplies International,SUPPLIER,Ireland,REG-EC701AEK85,MEDIUM,2023-12-10,INACTIVE
VND-00998,DawnTech Services Inc,CONTRACTOR,Australia,REG-EU497MIW56,LOW,2021-01-08,ACTIVE
VND-00999,WavePath Inc,DISTRIBUTOR,India,REG-JU287UFZ77,MEDIUM,2024-05-13,ACTIVE
VND-01000,JadeCore Solutions Ltd,CONSULTANT,China,REG-ZV996ICQ63,LOW,2015-03-18,ACTIVE
VND-01001,Alpha_Inc Holdings,CONSULTANT,India,REG-KO741YXT20,LOW,2015-09-29,ACTIVE
VND-01002,YieldPoint Partners LLC,LOGISTICS,United Kingdom,REG-MN481IKW81,MEDIUM,2020-12-28,ACTIVE
VND-01003,MomentumCore Corp,LOGISTICS,India,REG-GB098HQI37,LOW,2023-10-10,ACTIVE
VND-01004,CoreVault Systems Holdings,SUPPLIER,France,REG-TL204CFZ33,MEDIUM,2019-08-23,ACTIVE
VND-01005,Beta_Supplies Holdings,DISTRIBUTOR,India,REG-CF895BVB69,MEDIUM,2017-06-04,ACTIVE
VND-01006,CoreVault Systems Inc,SUPPLIER,Australia,REG-YQ260FHG85,LOW,2017-04-07,ACTIVE
VND-01007,GreenBridge Consulting Group,CONTRACTOR,France,REG-QX824FJT22,LOW,2017-02-18,ACTIVE
VND-01008,YellowBridge Partners Holdings,LOGISTICS,United States,REG-LB620TDT95,MEDIUM,2016-08-09,ACTIVE
VND-01009,SkyBridge Logistics Group,MANUFACTURER,United States,REG-UQ615YHD26,MEDIUM,2017-04-20,INACTIVE
VND-01010,HorizonEdge Inc,CONTRACTOR,United States,REG-FG339WGY93,LOW,2015-01-17,ACTIVE
VND-01011,FlowBridge Inc Holdings,SUPPLIER,United States,REG-JA140EEB57,LOW,2020-03-27,ACTIVE
VND-01012,TrueNorth Services,LOGISTICS,India,REG-LR630GPW48,LOW,2021-06-23,ACTIVE
VND-01013,MeridianTech Group,CONTRACTOR,UAE,REG-CF824OGN96,LOW,2018-03-19,ACTIVE
VND-01014,HarborLight Services Holdings,CONSULTANT,India,REG-IB258JCC23,LOW,2016-09-03,ACTIVE
VND-01015,JadeCore Solutions Ltd,CONSULTANT,UAE,REG-AD079ERM42,LOW,2016-02-24,INACTIVE
VND-01016,JetStream Analytics LLC,CONTRACTOR,China,REG-GS465CKV39,LOW,2024-01-07,ACTIVE
VND-01017,NexPoint Analytics Holdings,SERVICE_PROVIDER,United States,REG-ZS891HIU41,LOW,2021-01-23,ACTIVE
VND-01018,SkyBridge Logistics,SERVICE_PROVIDER,United States,REG-GZ846URV39,LOW,2016-03-09,ACTIVE
VND-01019,UnityCore Technologies Ltd,MANUFACTURER,Australia,REG-VN474DMV35,LOW,2021-08-24,ACTIVE
VND-01020,Gamma_Co Group,LOGISTICS,UAE,REG-AA020RLA97,LOW,2022-12-30,ACTIVE
VND-01021,XpressCore Dynamics International,CONSULTANT,United States,REG-YP876PEI81,LOW,2021-05-14,ACTIVE
VND-01022,DawnTech Services,CONTRACTOR,Ireland,REG-MW071YLX56,MEDIUM,2020-02-10,INACTIVE
VND-01023,OmegaLink Systems Group,LOGISTICS,South Africa,REG-CA017OVB53,MEDIUM,2016-08-11,ACTIVE
VND-01024,LatticeCore Partners LLC,CONTRACTOR,Germany,REG-OT453ZTO19,LOW,2022-06-17,ACTIVE
VND-01025,EcoVenture Supplies,SERVICE_PROVIDER,Australia,REG-FT375TMN04,LOW,2018-12-10,ACTIVE
VND-01026,WaveCore Manufacturing Ltd,CONSULTANT,Netherlands,REG-KG036FKJ14,MEDIUM,2021-06-11,ACTIVE
VND-01027,Alpha_Inc,DISTRIBUTOR,Ireland,REG-EL399IVE92,LOW,2018-08-27,ACTIVE
VND-01028,DawnTech Services International,SERVICE_PROVIDER,India,REG-UY249RMR38,LOW,2021-08-15,ACTIVE
VND-01029,EcoVenture Supplies International,CONTRACTOR,United Kingdom,REG-DA089BPR48,LOW,2015-09-28,ACTIVE
VND-01030,Alpha_Inc International,LOGISTICS,Germany,REG-HR056HDF64,MEDIUM,2021-05-12,ACTIVE
VND-01031,RapidCore Consulting LLC,MANUFACTURER,China,REG-RA580ICU30,LOW,2015-11-16,ACTIVE
VND-01032,MomentumCore Corp International,DISTRIBUTOR,United States,REG-KZ063BVO51,MEDIUM,2018-08-25,ACTIVE
VND-01033,ZenithBridge Corp,SUPPLIER,Brazil,REG-VT613EOO32,MEDIUM,2021-09-16,ACTIVE
VND-01034,FusionCore Analytics LLC,SUPPLIER,United States,REG-LZ107OVQ60,MEDIUM,2022-05-28,ACTIVE
VND-01035,LucentBridge Technologies Inc,LOGISTICS,United States,REG-DV317HYP35,LOW,2022-02-18,ACTIVE
VND-01036,ClearPath Logistics Ltd,SERVICE_PROVIDER,South Africa,REG-OC199LHF71,MEDIUM,2018-04-08,ACTIVE
VND-01037,SkyBridge Logistics Holdings,DISTRIBUTOR,India,REG-YI006DZC51,LOW,2018-05-12,ACTIVE
VND-01038,UnityCore Technologies Holdings,DISTRIBUTOR,United States,REG-GR049DJD61,HIGH,2016-01-01,BLACKLISTED
VND-01039,Epsilon_Group Group,SUPPLIER,Canada,REG-WA466OMY19,LOW,2018-04-19,ACTIVE
VND-01040,Apex Solutions LLC,LOGISTICS,Germany,REG-YB907NNG67,HIGH,2021-04-12,BLACKLISTED
VND-01041,BridgeTech Consulting Group,MANUFACTURER,Brazil,REG-LM507GGA85,LOW,2019-11-04,ACTIVE
VND-01042,YieldPoint Partners International,SERVICE_PROVIDER,UAE,REG-IO919GQW39,LOW,2019-04-12,ACTIVE
VND-01043,InnoCore Dynamics Group,SERVICE_PROVIDER,Canada,REG-PI679ZCD72,LOW,2021-03-25,ACTIVE
VND-01044,RapidCore Consulting Group,SUPPLIER,United States,REG-PW249WTL68,MEDIUM,2016-07-04,ACTIVE
VND-01045,FusionCore Analytics LLC,CONSULTANT,United States,REG-MV822SXA74,LOW,2019-11-24,ACTIVE
VND-01046,DawnTech Services Inc,DISTRIBUTOR,Singapore,REG-GJ892DBW03,LOW,2022-10-19,ACTIVE
VND-01047,BlueStar Procurement Ltd,SERVICE_PROVIDER,Canada,REG-MQ333ESS15,LOW,2024-03-13,ACTIVE
VND-01048,MomentumCore Corp,SERVICE_PROVIDER,India,REG-VN795TAV99,LOW,2021-06-25,ACTIVE
VND-01049,IronPoint Manufacturing Ltd,SUPPLIER,United States,REG-OA217OOS07,MEDIUM,2019-02-12,ACTIVE
VND-01050,HarborLight Services Ltd,MANUFACTURER,United States,REG-EV379XVZ33,LOW,2020-05-26,ACTIVE
VND-01051,Epsilon_Group Inc,CONTRACTOR,Australia,REG-XA636EWB20,LOW,2023-09-26,ACTIVE
VND-01052,NexPoint Analytics,SERVICE_PROVIDER,Japan,REG-MO812LWX47,LOW,2017-10-01,ACTIVE
VND-01053,EdgeWave Technologies LLC,DISTRIBUTOR,Brazil,REG-LO003QUL34,MEDIUM,2022-02-08,BLACKLISTED
VND-01054,VertiLink Distributors Ltd,SUPPLIER,France,REG-BL583QGB23,LOW,2023-09-24,ACTIVE
VND-01055,KryptonPath Ltd LLC,SERVICE_PROVIDER,Germany,REG-TD261PXZ53,LOW,2018-09-19,ACTIVE
VND-01056,SilverPath Holdings Group,MANUFACTURER,Brazil,REG-TE528HJI96,HIGH,2015-05-25,INACTIVE
VND-01057,KryptonPath Ltd Holdings,MANUFACTURER,France,REG-UM338BOP65,MEDIUM,2015-09-09,ACTIVE
VND-01058,RapidCore Consulting Holdings,MANUFACTURER,Japan,REG-SY099JUP38,LOW,2024-01-27,ACTIVE
VND-01059,InnoCore Dynamics Ltd,LOGISTICS,India,REG-FN042UFY89,LOW,2015-11-11,ACTIVE
VND-01060,RedPoint Consulting Inc,SUPPLIER,United States,REG-YW791PWG28,LOW,2017-11-18,ACTIVE
VND-01061,WavePath Inc Group,SERVICE_PROVIDER,Canada,REG-UT578XHS72,LOW,2022-05-23,ACTIVE
VND-01062,TitanPath Holdings Group,CONSULTANT,UAE,REG-ZO777YLP49,MEDIUM,2020-06-09,ACTIVE
VND-01063,FlowBridge Inc Group,LOGISTICS,United States,REG-PZ033NTB37,MEDIUM,2021-09-05,ACTIVE
VND-01064,Acuity Systems Inc,CONSULTANT,Australia,REG-JF692IWF54,MEDIUM,2019-04-19,ACTIVE
VND-01065,KryptonPath Ltd LLC,SUPPLIER,Ireland,REG-LC478DGN53,MEDIUM,2018-11-14,ACTIVE
VND-01066,DeltaPath Logistics Group,SERVICE_PROVIDER,France,REG-AX567ZFU76,LOW,2020-03-15,ACTIVE
VND-01067,XpressCore Dynamics Ltd,SERVICE_PROVIDER,Canada,REG-OQ460PEW27,LOW,2017-08-15,ACTIVE
VND-01068,BlueStar Procurement,LOGISTICS,Australia,REG-PF148YRO88,LOW,2018-03-28,ACTIVE
VND-01069,HorizonEdge Inc LLC,SUPPLIER,UAE,REG-IM111VMR50,LOW,2015-06-18,ACTIVE
VND-01070,BlueStar Procurement Ltd,LOGISTICS,India,REG-TM544IWT43,LOW,2022-04-24,INACTIVE
VND-01071,GlobalNex Corp Holdings,DISTRIBUTOR,Canada,REG-WY840ZZL44,LOW,2022-05-04,ACTIVE
VND-01072,PrimeAxis Corp LLC,DISTRIBUTOR,United Kingdom,REG-OO078UVN26,LOW,2022-07-15,ACTIVE
VND-01073,LatticeCore Partners Holdings,SUPPLIER,United States,REG-WD738UDV98,LOW,2021-02-21,ACTIVE
VND-01074,GlobalNex Corp Ltd,MANUFACTURER,Australia,REG-NC153CJB66,MEDIUM,2016-03-01,ACTIVE
VND-01075,QuantumEdge Solutions Group,SUPPLIER,Japan,REG-VA529FZQ24,LOW,2015-05-20,ACTIVE
VND-01076,RapidCore Consulting Inc,DISTRIBUTOR,Japan,REG-RW553ZWX66,LOW,2017-06-07,ACTIVE
VND-01077,FlowBridge Inc,CONSULTANT,Canada,REG-KY845CIJ90,LOW,2021-10-12,INACTIVE
VND-01078,KryptonPath Ltd Inc,SUPPLIER,United Kingdom,REG-ZY599NZE99,LOW,2017-01-26,ACTIVE
VND-01079,EdgeWave Technologies LLC,CONTRACTOR,Singapore,REG-VK863COT71,LOW,2020-02-01,ACTIVE
VND-01080,YellowBridge Partners Holdings,CONSULTANT,United States,REG-CS121MFB82,LOW,2017-11-20,ACTIVE
VND-01081,YieldPoint Partners Holdings,CONTRACTOR,India,REG-NO231SQH64,LOW,2015-09-04,ACTIVE
VND-01082,MeridianTech Ltd,CONSULTANT,Ireland,REG-AK170UAZ58,LOW,2019-05-28,ACTIVE
VND-01083,YellowBridge Partners International,DISTRIBUTOR,Ireland,REG-EV212EYN86,LOW,2017-06-13,ACTIVE
VND-01084,QuantumEdge Solutions,SUPPLIER,United States,REG-KM234KTL67,LOW,2015-05-23,ACTIVE
VND-01085,ClearPath Logistics,CONSULTANT,Ireland,REG-AJ387CEZ43,LOW,2020-07-31,ACTIVE
VND-01086,RapidCore Consulting International,CONSULTANT,Germany,REG-FD938DKC59,LOW,2017-12-27,ACTIVE
VND-01087,GreenBridge Consulting LLC,SERVICE_PROVIDER,France,REG-ZN147ZLA54,HIGH,2023-08-24,ACTIVE
VND-01088,YellowBridge Partners Inc,SUPPLIER,UAE,REG-YQ329LSK67,LOW,2023-10-22,ACTIVE
VND-01089,TitanPath Holdings Inc,SERVICE_PROVIDER,United States,REG-RO160ISQ32,LOW,2023-09-30,ACTIVE
VND-01090,WaveCore Manufacturing Holdings,CONTRACTOR,Singapore,REG-HX137EWG68,LOW,2022-08-24,ACTIVE
VND-01091,PeakVault Services,DISTRIBUTOR,Germany,REG-QN856GCD72,LOW,2019-02-05,BLACKLISTED
VND-01092,YellowBridge Partners Holdings,CONSULTANT,United Kingdom,REG-VZ017MZC65,LOW,2022-04-07,ACTIVE
VND-01093,RapidCore Consulting Group,MANUFACTURER,Canada,REG-QV041DFD25,LOW,2018-05-09,INACTIVE
VND-01094,WaveCore Manufacturing International,MANUFACTURER,Australia,REG-IE118RKK37,MEDIUM,2015-12-14,ACTIVE
VND-01095,MeridianTech,DISTRIBUTOR,India,REG-HI091VZK24,MEDIUM,2023-01-27,ACTIVE
VND-01096,IronPoint Manufacturing LLC,SERVICE_PROVIDER,UAE,REG-WL104NTC27,LOW,2018-06-14,ACTIVE
VND-01097,BridgeTech Consulting,SUPPLIER,Germany,REG-PQ837TQG08,HIGH,2018-10-21,BLACKLISTED
VND-01098,HarborLight Services Group,MANUFACTURER,Netherlands,REG-AD647XYX09,MEDIUM,2024-01-19,ACTIVE
VND-01099,IronPoint Manufacturing Group,DISTRIBUTOR,United Kingdom,REG-FB335ABA33,LOW,2023-04-24,ACTIVE
VND-01100,JetStream Analytics International,SUPPLIER,France,REG-ZQ531KUK31,HIGH,2022-05-02,ACTIVE
VND-01101,PrimeAxis Corp LLC,CONSULTANT,United States,REG-UJ068OMN15,HIGH,2022-04-11,INACTIVE
VND-01102,TrueNorth Services Inc,SUPPLIER,Australia,REG-ON386GWU61,LOW,2023-11-25,ACTIVE
VND-01103,EdgeWave Technologies Inc,SUPPLIER,United States,REG-YN206DOE50,LOW,2024-03-02,ACTIVE
VND-01104,OmegaLink Systems,CONSULTANT,Singapore,REG-NA495TXM01,LOW,2024-01-09,ACTIVE
VND-01105,WavePath Inc LLC,CONTRACTOR,United States,REG-QG718MUO92,LOW,2019-07-05,ACTIVE
VND-01106,InnoCore Dynamics Holdings,LOGISTICS,United Kingdom,REG-QE625EVB25,HIGH,2024-05-19,ACTIVE
VND-01107,VertiLink Distributors,CONTRACTOR,United States,REG-OV997OGL68,MEDIUM,2016-05-09,ACTIVE
VND-01108,XcelPath Networks Ltd,SERVICE_PROVIDER,India,REG-TP030VBW91,MEDIUM,2016-11-06,ACTIVE
VND-01109,GlobalNex Corp Inc,DISTRIBUTOR,Canada,REG-XF391SMJ02,HIGH,2022-02-02,ACTIVE
VND-01110,FusionCore Analytics,SUPPLIER,United Kingdom,REG-CV630VIR39,MEDIUM,2015-01-27,ACTIVE
VND-01111,LucentBridge Technologies Holdings,MANUFACTURER,France,REG-WB508OUV64,HIGH,2019-09-01,INACTIVE
VND-01112,OpenBridge Systems Holdings,SERVICE_PROVIDER,Singapore,REG-QP533ZRS80,LOW,2020-11-12,ACTIVE
VND-01113,TitanPath Holdings,CONSULTANT,France,REG-LC396OAE85,LOW,2021-09-08,ACTIVE
VND-01114,Gamma_Co Inc,CONTRACTOR,Singapore,REG-NI713FLL02,LOW,2018-05-18,ACTIVE
VND-01115,HarborLight Services Ltd,DISTRIBUTOR,Canada,REG-BU833DTK81,LOW,2016-01-27,ACTIVE
VND-01116,GreenBridge Consulting Group,LOGISTICS,Japan,REG-PT336SKC29,MEDIUM,2020-03-16,BLACKLISTED
VND-01117,MeridianTech,CONSULTANT,France,REG-ZY347KEC15,LOW,2023-12-07,ACTIVE
VND-01118,CoreVault Systems,CONTRACTOR,India,REG-YE689BWY62,LOW,2022-03-26,ACTIVE
VND-01119,NexPoint Analytics Inc,SERVICE_PROVIDER,United States,REG-JJ614ULQ98,LOW,2023-07-04,ACTIVE
VND-01120,IronPoint Manufacturing Group,LOGISTICS,United States,REG-YJ674MEE74,LOW,2016-10-09,ACTIVE
VND-01121,PrimeAxis Corp LLC,DISTRIBUTOR,Brazil,REG-MA527AGU32,LOW,2019-12-27,ACTIVE
VND-01122,SkyBridge Logistics Holdings,LOGISTICS,United States,REG-VX576YFT66,LOW,2017-07-31,ACTIVE
VND-01123,WavePath Inc International,SERVICE_PROVIDER,United Kingdom,REG-YK916KMW01,LOW,2017-03-30,ACTIVE
VND-01124,DeltaPath Logistics International,CONSULTANT,South Africa,REG-OS645XSD87,LOW,2016-08-16,ACTIVE
VND-01125,InnoCore Dynamics International,CONSULTANT,Japan,REG-CX663OTR37,LOW,2023-01-27,ACTIVE
VND-01126,VertiLink Distributors Group,MANUFACTURER,China,REG-RJ024QPM97,LOW,2015-05-12,ACTIVE
VND-01127,Epsilon_Group International,SERVICE_PROVIDER,United Kingdom,REG-PT920YZT11,LOW,2020-02-22,ACTIVE
VND-01128,SilverPath Holdings Ltd,LOGISTICS,Japan,REG-KB918QST36,MEDIUM,2016-10-04,ACTIVE
VND-01129,KryptonPath Ltd,SUPPLIER,Singapore,REG-UA886WUF94,HIGH,2017-07-29,BLACKLISTED
VND-01130,NorthBridge Supplies Ltd,LOGISTICS,Australia,REG-VN195VZS24,MEDIUM,2020-04-23,ACTIVE
VND-01131,WavePath Inc,CONSULTANT,Germany,REG-GE402XSA70,LOW,2017-10-07,ACTIVE
VND-01132,LucentBridge Technologies Group,SUPPLIER,Singapore,REG-LX864LTI62,LOW,2021-06-07,ACTIVE
VND-01133,EcoVenture Supplies LLC,DISTRIBUTOR,United States,REG-CK372NLM81,CRITICAL,2023-08-15,ACTIVE
VND-01134,Delta_Logistics Inc,LOGISTICS,United States,REG-CO023NGO46,LOW,2022-10-24,ACTIVE
VND-01135,JadeCore Solutions Inc,MANUFACTURER,Singapore,REG-HR214EVB16,LOW,2015-02-20,ACTIVE
VND-01136,SilverPath Holdings Group,SUPPLIER,United States,REG-AD937RWA71,HIGH,2022-04-06,ACTIVE
VND-01137,UnityCore Technologies International,MANUFACTURER,Brazil,REG-YA901YMH38,LOW,2021-05-25,ACTIVE
VND-01138,YellowBridge Partners Group,SERVICE_PROVIDER,United Kingdom,REG-BV477XRV59,LOW,2022-11-20,ACTIVE
VND-01139,DawnTech Services LLC,SUPPLIER,Japan,REG-ND535WVZ66,MEDIUM,2022-02-07,ACTIVE
VND-01140,VertiLink Distributors Ltd,CONTRACTOR,Singapore,REG-BM107HHR62,LOW,2015-05-14,ACTIVE
VND-01141,NexPoint Analytics Ltd,LOGISTICS,United Kingdom,REG-GA357QMA97,MEDIUM,2021-06-14,ACTIVE
VND-01142,VertiLink Distributors LLC,DISTRIBUTOR,Canada,REG-RC505OMF05,MEDIUM,2015-08-13,ACTIVE
VND-01143,XcelPath Networks International,SUPPLIER,Canada,REG-EQ691SGU56,MEDIUM,2021-12-10,ACTIVE
VND-01144,UnityCore Technologies,MANUFACTURER,United Kingdom,REG-HK649YTG32,LOW,2021-04-15,ACTIVE
VND-01145,IronPoint Manufacturing,SERVICE_PROVIDER,Brazil,REG-RJ027DKC14,LOW,2022-04-12,ACTIVE
VND-01146,XpressCore Dynamics LLC,CONSULTANT,Germany,REG-NK178WQS33,MEDIUM,2023-07-14,ACTIVE
VND-01147,SkyBridge Logistics International,SUPPLIER,United States,REG-UY116XRO02,LOW,2018-02-09,ACTIVE
VND-01148,GreenBridge Consulting Ltd,SUPPLIER,France,REG-OU471FFY28,LOW,2024-04-20,ACTIVE
VND-01149,IronPoint Manufacturing Holdings,DISTRIBUTOR,Canada,REG-PV539YTV91,MEDIUM,2020-01-26,ACTIVE
VND-01150,Delta_Logistics,SERVICE_PROVIDER,United States,REG-QH686SFH33,MEDIUM,2017-02-10,INACTIVE
VND-01151,SilverPath Holdings,CONSULTANT,India,REG-KX159IUY31,LOW,2016-03-23,ACTIVE
VND-01152,JetStream Analytics Inc,DISTRIBUTOR,Japan,REG-IM904YBU09,LOW,2017-04-16,ACTIVE
VND-01153,SkyBridge Logistics Ltd,SERVICE_PROVIDER,Germany,REG-OG528ZAI99,LOW,2016-06-24,ACTIVE
VND-01154,BridgeTech Consulting Holdings,SUPPLIER,United States,REG-FR752DJM43,LOW,2017-02-13,ACTIVE
VND-01155,HorizonEdge Inc LLC,SERVICE_PROVIDER,Brazil,REG-TG420SHR95,MEDIUM,2018-10-07,ACTIVE
VND-01156,UltraVista Technologies International,MANUFACTURER,UAE,REG-TY973DZV74,LOW,2021-08-27,ACTIVE
VND-01157,TrueNorth Services Ltd,LOGISTICS,India,REG-FU233ZTQ02,MEDIUM,2016-06-24,ACTIVE
VND-01158,EcoVenture Supplies Holdings,LOGISTICS,United States,REG-BR208EWW65,LOW,2018-03-26,ACTIVE
VND-01159,KineticBlue Ltd,MANUFACTURER,UAE,REG-SS661MSJ84,LOW,2016-10-20,ACTIVE
VND-01160,Beta_Supplies LLC,MANUFACTURER,United States,REG-ZD612TTD59,LOW,2022-10-08,INACTIVE
VND-01161,UltraVista Technologies Ltd,SERVICE_PROVIDER,India,REG-SJ292NNZ77,LOW,2016-06-02,ACTIVE
VND-01162,UnityCore Technologies,CONTRACTOR,Germany,REG-RY305JYB91,LOW,2022-06-19,ACTIVE
VND-01163,KineticBlue Ltd,SUPPLIER,United States,REG-LD201HGP57,LOW,2018-05-20,ACTIVE
VND-01164,JetStream Analytics International,CONSULTANT,United States,REG-PC596HPZ26,LOW,2018-08-04,ACTIVE
VND-01165,GreenBridge Consulting Holdings,MANUFACTURER,India,REG-XS749YQQ26,HIGH,2022-04-05,ACTIVE
VND-01166,XpressCore Dynamics Ltd,CONSULTANT,China,REG-XA176HHF47,LOW,2022-06-24,ACTIVE
VND-01167,VertiLink Distributors LLC,MANUFACTURER,France,REG-LK178KER30,MEDIUM,2016-04-05,INACTIVE
VND-01168,JadeCore Solutions,SUPPLIER,Singapore,REG-PS192BTK67,HIGH,2018-06-15,ACTIVE
VND-01169,WaveCore Manufacturing,SUPPLIER,South Africa,REG-LZ215SBZ18,LOW,2018-08-29,ACTIVE
VND-01170,OmegaLink Systems Inc,CONTRACTOR,United Kingdom,REG-HL888ITY71,LOW,2023-08-09,ACTIVE
VND-01171,ClearPath Logistics LLC,SUPPLIER,Netherlands,REG-SL131AJC29,LOW,2022-07-13,ACTIVE
VND-01172,MomentumCore Corp Ltd,SUPPLIER,Canada,REG-NP510KFJ29,LOW,2020-09-26,ACTIVE
VND-01173,BlueStar Procurement Holdings,CONTRACTOR,United States,REG-TX401IKB18,LOW,2019-05-01,ACTIVE
VND-01174,ClearPath Logistics Inc,SUPPLIER,United Kingdom,REG-YS034QIC08,LOW,2021-04-16,ACTIVE
VND-01175,Acuity Systems Inc,CONTRACTOR,United Kingdom,REG-WM297IGN58,MEDIUM,2019-12-18,ACTIVE
VND-01176,BlueStar Procurement LLC,CONSULTANT,Brazil,REG-JT103NIM03,MEDIUM,2019-08-24,BLACKLISTED
VND-01177,TrueNorth Services International,CONTRACTOR,United States,REG-IU839NBE54,LOW,2020-11-21,ACTIVE
VND-01178,YieldPoint Partners,SERVICE_PROVIDER,Japan,REG-ZD844FQR62,HIGH,2015-01-28,ACTIVE
VND-01179,JadeCore Solutions International,DISTRIBUTOR,United States,REG-OU628ROS31,HIGH,2022-12-19,ACTIVE
VND-01180,SilverPath Holdings Ltd,SUPPLIER,India,REG-KA359JUY89,LOW,2020-07-02,ACTIVE
VND-01181,JadeCore Solutions LLC,CONSULTANT,United States,REG-ER660HIH93,MEDIUM,2020-03-13,ACTIVE
VND-01182,TrueNorth Services LLC,MANUFACTURER,France,REG-XV861XRJ51,MEDIUM,2024-05-10,ACTIVE
VND-01183,SilverPath Holdings International,SERVICE_PROVIDER,Ireland,REG-OY340GYH16,LOW,2017-01-04,ACTIVE
VND-01184,RedPoint Consulting International,DISTRIBUTOR,Canada,REG-GH284WSK97,LOW,2015-10-01,ACTIVE
VND-01185,QuantumEdge Solutions LLC,SERVICE_PROVIDER,United States,REG-DK484UWY91,LOW,2022-09-10,ACTIVE
VND-01186,BridgeTech Consulting Inc,CONSULTANT,Brazil,REG-ZE258LIQ89,LOW,2017-11-29,ACTIVE
VND-01187,TitanPath Holdings Group,CONSULTANT,United States,REG-YK082VRD22,LOW,2019-01-03,ACTIVE
VND-01188,WaveCore Manufacturing,CONTRACTOR,UAE,REG-LC539WZD67,LOW,2018-04-02,ACTIVE
VND-01189,MeridianTech Inc,CONSULTANT,United States,REG-TO844TOF68,LOW,2022-01-16,ACTIVE
VND-01190,UltraVista Technologies Inc,LOGISTICS,India,REG-EU465PFK11,LOW,2018-07-19,ACTIVE
VND-01191,XcelPath Networks,DISTRIBUTOR,Germany,REG-FZ901ABR48,LOW,2020-12-28,ACTIVE
VND-01192,HorizonEdge Inc Holdings,LOGISTICS,France,REG-RR827ISH78,MEDIUM,2019-03-08,ACTIVE
VND-01193,KineticBlue Ltd,CONSULTANT,Netherlands,REG-TB609SIV30,LOW,2017-06-11,ACTIVE
VND-01194,JadeCore Solutions Ltd,LOGISTICS,UAE,REG-MC538KRW90,LOW,2022-09-25,ACTIVE
VND-01195,TitanPath Holdings Inc,SUPPLIER,Singapore,REG-IG832WDB15,MEDIUM,2024-01-01,ACTIVE
VND-01196,Gamma_Co Group,SERVICE_PROVIDER,Germany,REG-VR762PIX51,LOW,2015-03-13,ACTIVE
VND-01197,Gamma_Co International,DISTRIBUTOR,Germany,REG-QN144AVO74,LOW,2021-09-13,ACTIVE
VND-01198,WavePath Inc,CONSULTANT,United States,REG-CD963NFD48,LOW,2016-04-30,ACTIVE
VND-01199,OmegaLink Systems Holdings,CONSULTANT,United States,REG-TW509GAW75,MEDIUM,2016-05-28,ACTIVE
VND-01200,XpressCore Dynamics Inc,SUPPLIER,United States,REG-BF265MFH01,CRITICAL,2016-04-02,BLACKLISTED
VND-01201,CoreVault Systems Group,SUPPLIER,Netherlands,REG-AJ826XQQ17,MEDIUM,2016-03-17,ACTIVE
VND-01202,QuantumEdge Solutions,CONTRACTOR,United States,REG-XB376LIZ54,LOW,2015-09-29,ACTIVE
VND-01203,MomentumCore Corp Group,CONSULTANT,United Kingdom,REG-IW417VBA72,MEDIUM,2021-08-03,ACTIVE
VND-01204,JetStream Analytics Inc,CONTRACTOR,Brazil,REG-CI531ZAV34,LOW,2023-05-15,ACTIVE
VND-01205,GreenBridge Consulting Inc,DISTRIBUTOR,India,REG-QR502HAF37,LOW,2023-03-04,ACTIVE
VND-01206,Gamma_Co Ltd,SUPPLIER,UAE,REG-GU872VYI56,LOW,2023-07-24,ACTIVE
VND-01207,SilverPath Holdings Group,DISTRIBUTOR,United States,REG-WG110AXR22,LOW,2023-06-16,ACTIVE
VND-01208,NorthBridge Supplies Ltd,SERVICE_PROVIDER,Canada,REG-VA305BES69,HIGH,2022-12-08,ACTIVE
VND-01209,SkyBridge Logistics,LOGISTICS,Germany,REG-NJ471UGL63,LOW,2017-01-10,ACTIVE
VND-01210,GreenBridge Consulting Group,SUPPLIER,Germany,REG-QB341MET43,CRITICAL,2019-07-28,BLACKLISTED
VND-01211,InnoCore Dynamics International,CONTRACTOR,India,REG-LO189OJO23,LOW,2023-07-20,ACTIVE
VND-01212,UltraVista Technologies International,SERVICE_PROVIDER,India,REG-MJ126BBN04,LOW,2016-04-18,ACTIVE
VND-01213,SkyBridge Logistics Inc,CONSULTANT,China,REG-HT310SOO66,LOW,2019-12-24,ACTIVE
VND-01214,BlueStar Procurement Group,LOGISTICS,France,REG-GB356PDT70,LOW,2015-10-13,INACTIVE
VND-01215,Apex Solutions LLC,MANUFACTURER,United States,REG-TA145PUD45,HIGH,2020-07-06,ACTIVE
VND-01216,SkyBridge Logistics,CONSULTANT,Canada,REG-NS200ERM05,LOW,2016-05-03,ACTIVE
VND-01217,GlobalNex Corp LLC,SUPPLIER,Canada,REG-XV162THG47,LOW,2016-11-22,ACTIVE
VND-01218,MomentumCore Corp Inc,SUPPLIER,United Kingdom,REG-VZ082XVX55,HIGH,2019-07-14,ACTIVE
VND-01219,RedPoint Consulting Inc,LOGISTICS,Brazil,REG-PR989NLY53,MEDIUM,2023-01-01,ACTIVE
VND-01220,Delta_Logistics LLC,CONTRACTOR,France,REG-CL112PMM91,LOW,2019-06-28,ACTIVE
VND-01221,FusionCore Analytics Ltd,CONSULTANT,Australia,REG-VT711UEW89,LOW,2018-02-16,INACTIVE
VND-01222,FusionCore Analytics Group,CONSULTANT,United States,REG-MA382JTQ02,LOW,2022-01-17,ACTIVE
VND-01223,EdgeWave Technologies International,SUPPLIER,United Kingdom,REG-BE855EAH71,LOW,2022-08-09,ACTIVE
VND-01224,JetStream Analytics Holdings,DISTRIBUTOR,United States,REG-SI802SCK94,LOW,2021-12-22,ACTIVE
VND-01225,HorizonEdge Inc,LOGISTICS,Australia,REG-GE036KCW78,MEDIUM,2020-07-09,ACTIVE
VND-01226,FusionCore Analytics Ltd,DISTRIBUTOR,Germany,REG-MR868NLA66,LOW,2017-12-07,ACTIVE
VND-01227,BridgeTech Consulting Inc,SERVICE_PROVIDER,United States,REG-YG293DGT90,MEDIUM,2015-05-10,ACTIVE
VND-01228,YieldPoint Partners International,SUPPLIER,United States,REG-TR844JHK34,LOW,2020-02-26,ACTIVE
VND-01229,YellowBridge Partners Holdings,CONSULTANT,France,REG-CO308JRI34,LOW,2022-12-02,ACTIVE
VND-01230,YieldPoint Partners International,SUPPLIER,China,REG-HA403PWO38,LOW,2023-07-27,ACTIVE
VND-01231,SkyBridge Logistics Ltd,SERVICE_PROVIDER,France,REG-QU955IAN18,LOW,2021-06-01,ACTIVE
VND-01232,DeltaPath Logistics International,SERVICE_PROVIDER,Brazil,REG-OU450RLQ05,LOW,2017-12-14,ACTIVE
VND-01233,WaveCore Manufacturing Inc,CONTRACTOR,United States,REG-PQ089OOM16,HIGH,2018-03-11,INACTIVE
VND-01234,Beta_Supplies Holdings,LOGISTICS,Brazil,REG-RN837LOZ35,LOW,2018-11-29,ACTIVE
VND-01235,VertiLink Distributors International,SERVICE_PROVIDER,Germany,REG-XJ627EFF36,LOW,2016-02-03,ACTIVE
VND-01236,DeltaPath Logistics LLC,CONSULTANT,India,REG-KF272ULP23,CRITICAL,2017-09-27,BLACKLISTED
VND-01237,TitanPath Holdings,SUPPLIER,Germany,REG-ZR404MME22,LOW,2018-06-02,ACTIVE
VND-01238,CoreVault Systems International,LOGISTICS,Singapore,REG-PZ216GUH37,LOW,2022-05-18,ACTIVE
VND-01239,RedPoint Consulting,SERVICE_PROVIDER,Brazil,REG-YB209HAW16,LOW,2022-10-21,ACTIVE
VND-01240,KryptonPath Ltd International,DISTRIBUTOR,United States,REG-JO023MAY14,LOW,2018-08-13,ACTIVE
VND-01241,SkyBridge Logistics Group,SERVICE_PROVIDER,Netherlands,REG-MI018EWK51,MEDIUM,2018-10-08,ACTIVE
VND-01242,KineticBlue Ltd,CONTRACTOR,Singapore,REG-JP724DIS57,MEDIUM,2018-05-11,ACTIVE
VND-01243,Alpha_Inc,CONSULTANT,India,REG-GI481SGG00,LOW,2021-01-03,ACTIVE
VND-01244,KryptonPath Ltd International,CONSULTANT,Japan,REG-OB620YJW30,LOW,2024-01-09,ACTIVE
VND-01245,Epsilon_Group Ltd,DISTRIBUTOR,Germany,REG-KH436OGS17,MEDIUM,2016-01-24,ACTIVE
VND-01246,HorizonEdge Inc International,CONSULTANT,Germany,REG-XF519CMJ51,LOW,2019-10-16,ACTIVE
VND-01247,TrueNorth Services Ltd,CONTRACTOR,Singapore,REG-LR268BJQ59,MEDIUM,2024-01-07,ACTIVE
VND-01248,Acuity Systems International,DISTRIBUTOR,Netherlands,REG-RF494QXQ51,LOW,2017-10-26,ACTIVE
VND-01249,LatticeCore Partners,MANUFACTURER,Netherlands,REG-JY102CUY25,LOW,2022-01-15,ACTIVE
VND-01250,NorthBridge Supplies LLC,MANUFACTURER,Australia,REG-UR711JFU96,MEDIUM,2024-03-28,ACTIVE
VND-01251,Delta_Logistics Ltd,SERVICE_PROVIDER,China,REG-FB226ESA55,LOW,2023-08-17,ACTIVE
VND-01252,MeridianTech Holdings,CONSULTANT,India,REG-AJ952FII36,MEDIUM,2020-03-09,ACTIVE
VND-01253,TrueNorth Services Inc,SERVICE_PROVIDER,Germany,REG-FL788TAH36,LOW,2019-11-19,ACTIVE
VND-01254,OpenBridge Systems Group,CONTRACTOR,India,REG-AN931BXJ35,MEDIUM,2019-08-17,INACTIVE
VND-01255,MomentumCore Corp Group,CONSULTANT,United States,REG-XX721ISD05,LOW,2019-07-21,ACTIVE
VND-01256,Delta_Logistics Inc,SERVICE_PROVIDER,France,REG-OD286VIH33,LOW,2018-06-25,ACTIVE
VND-01257,PeakVault Services,CONSULTANT,India,REG-DS260GQL65,LOW,2017-04-07,ACTIVE
VND-01258,Delta_Logistics Holdings,DISTRIBUTOR,United Kingdom,REG-JX179JFP20,LOW,2022-05-21,ACTIVE
VND-01259,VoltEdge Solutions International,SUPPLIER,United States,REG-WL109EVI62,LOW,2023-10-10,ACTIVE
VND-01260,MomentumCore Corp Holdings,SERVICE_PROVIDER,Canada,REG-CY847PSA65,MEDIUM,2015-09-18,ACTIVE
VND-01261,ZenithBridge Corp Inc,LOGISTICS,United States,REG-MW412LGK00,LOW,2023-02-14,ACTIVE
VND-01262,GreenBridge Consulting,MANUFACTURER,Brazil,REG-TQ066KGT78,LOW,2020-11-07,ACTIVE
VND-01263,QuantumEdge Solutions International,CONSULTANT,Brazil,REG-HY362IVN41,HIGH,2016-01-05,BLACKLISTED
VND-01264,VertiLink Distributors Inc,MANUFACTURER,Canada,REG-LV690JME36,LOW,2021-07-21,ACTIVE
VND-01265,BlueStar Procurement Group,SUPPLIER,United Kingdom,REG-KD775ZXP66,MEDIUM,2016-08-13,ACTIVE
VND-01266,Acuity Systems Holdings,SUPPLIER,France,REG-EX634MXV11,LOW,2021-08-11,ACTIVE
VND-01267,HarborLight Services Holdings,SERVICE_PROVIDER,France,REG-GE034NMA28,LOW,2021-02-13,ACTIVE
VND-01268,Alpha_Inc Group,SERVICE_PROVIDER,Canada,REG-PR438FKK30,LOW,2019-01-26,INACTIVE
VND-01269,MomentumCore Corp,MANUFACTURER,United States,REG-UF097TAW00,MEDIUM,2023-04-17,ACTIVE
VND-01270,PrimeAxis Corp Holdings,SERVICE_PROVIDER,India,REG-WZ468UWI35,LOW,2021-03-13,ACTIVE
VND-01271,Delta_Logistics LLC,DISTRIBUTOR,India,REG-GZ156XJB81,LOW,2016-05-14,ACTIVE
VND-01272,ZenithBridge Corp Holdings,SUPPLIER,India,REG-SK967JRD90,MEDIUM,2018-05-17,ACTIVE
VND-01273,KineticBlue Ltd International,CONTRACTOR,Ireland,REG-XT113KGH32,LOW,2022-01-30,ACTIVE
VND-01274,FlowBridge Inc,SERVICE_PROVIDER,France,REG-VS985XNB72,LOW,2023-09-28,ACTIVE
VND-01275,VertiLink Distributors LLC,LOGISTICS,United States,REG-ME063JKO39,MEDIUM,2019-09-27,INACTIVE
VND-01276,GreenBridge Consulting,SERVICE_PROVIDER,South Africa,REG-JZ710YFF24,MEDIUM,2018-12-12,ACTIVE
VND-01277,UltraVista Technologies International,SUPPLIER,United States,REG-KE175RKX24,MEDIUM,2022-10-18,ACTIVE
VND-01278,ClearPath Logistics Inc,CONSULTANT,United States,REG-QE511QWC27,LOW,2022-03-10,ACTIVE
VND-01279,UltraVista Technologies Ltd,SUPPLIER,United Kingdom,REG-XS219ZAN70,LOW,2015-12-03,ACTIVE
VND-01280,YellowBridge Partners Inc,LOGISTICS,United States,REG-UX275FRA89,LOW,2022-04-13,ACTIVE
VND-01281,Alpha_Inc Holdings,SERVICE_PROVIDER,United States,REG-PD874VYP09,MEDIUM,2020-01-24,ACTIVE
VND-01282,Gamma_Co Holdings,CONTRACTOR,United Kingdom,REG-YK802KZE14,LOW,2023-12-19,ACTIVE
VND-01283,ZenithBridge Corp International,DISTRIBUTOR,United Kingdom,REG-DD367PID15,LOW,2024-05-11,ACTIVE
VND-01284,JadeCore Solutions LLC,MANUFACTURER,United Kingdom,REG-XB112MZV16,LOW,2021-11-11,ACTIVE
VND-01285,MeridianTech Holdings,LOGISTICS,United Kingdom,REG-NS155VEH97,HIGH,2022-11-12,BLACKLISTED
VND-01286,MomentumCore Corp Holdings,SUPPLIER,Canada,REG-EJ470ONU82,LOW,2016-09-03,ACTIVE
VND-01287,Apex Solutions LLC,SERVICE_PROVIDER,Australia,REG-ZX909YBE60,LOW,2020-11-23,ACTIVE
VND-01288,OmegaLink Systems LLC,CONSULTANT,India,REG-RQ303OLF06,MEDIUM,2017-04-12,ACTIVE
VND-01289,InnoCore Dynamics International,DISTRIBUTOR,United Kingdom,REG-TT214CAH61,LOW,2017-04-26,ACTIVE
VND-01290,SkyBridge Logistics Group,CONSULTANT,Singapore,REG-BV342WTK01,CRITICAL,2019-09-10,INACTIVE
VND-01291,QuantumEdge Solutions Group,SERVICE_PROVIDER,India,REG-IS356YKS77,MEDIUM,2021-12-05,ACTIVE
VND-01292,DawnTech Services,SERVICE_PROVIDER,United States,REG-JY659MME60,LOW,2015-02-12,ACTIVE
VND-01293,ZenithBridge Corp LLC,MANUFACTURER,Canada,REG-AJ992DJF55,MEDIUM,2017-05-19,BLACKLISTED
VND-01294,QuantumEdge Solutions,DISTRIBUTOR,United States,REG-UA516CIO48,MEDIUM,2016-01-26,ACTIVE
VND-01295,EcoVenture Supplies Holdings,MANUFACTURER,Brazil,REG-VM791ASI03,LOW,2021-10-19,ACTIVE
VND-01296,Apex Solutions Holdings,DISTRIBUTOR,Canada,REG-NM296RKA35,MEDIUM,2020-08-28,ACTIVE
VND-01297,XcelPath Networks Group,SUPPLIER,Brazil,REG-GH550SFP44,LOW,2021-04-10,ACTIVE
VND-01298,FusionCore Analytics Holdings,CONSULTANT,United States,REG-IB766HWV55,LOW,2020-04-01,ACTIVE
VND-01299,JetStream Analytics Holdings,CONTRACTOR,United States,REG-LJ127MKI65,LOW,2016-04-23,ACTIVE
VND-01300,Beta_Supplies Holdings,CONTRACTOR,Singapore,REG-SN664GFZ64,HIGH,2023-05-22,ACTIVE
VND-01301,NexPoint Analytics Inc,CONTRACTOR,Netherlands,REG-GF110VWN96,LOW,2023-07-17,ACTIVE
VND-01302,UltraVista Technologies LLC,LOGISTICS,United States,REG-ZC817QSA89,LOW,2020-07-05,ACTIVE
VND-01303,OpenBridge Systems Inc,SUPPLIER,United Kingdom,REG-HM337EHW86,LOW,2019-12-08,ACTIVE
VND-01304,CoreVault Systems International,CONSULTANT,Australia,REG-YO766GSR05,LOW,2017-12-01,ACTIVE
VND-01305,FusionCore Analytics,CONTRACTOR,China,REG-AC446ABJ30,LOW,2019-12-14,BLACKLISTED
VND-01306,Epsilon_Group LLC,SUPPLIER,Germany,REG-KK589BPJ55,LOW,2016-08-29,ACTIVE
VND-01307,LatticeCore Partners Inc,MANUFACTURER,Netherlands,REG-ZK639BIO60,LOW,2016-11-20,ACTIVE
VND-01308,RapidCore Consulting Ltd,DISTRIBUTOR,United States,REG-KB626OGT58,MEDIUM,2017-05-19,ACTIVE
VND-01309,Acuity Systems,LOGISTICS,France,REG-WO281QJK96,LOW,2017-10-05,ACTIVE
VND-01310,BridgeTech Consulting Holdings,MANUFACTURER,United States,REG-BA531OXL10,LOW,2022-08-22,ACTIVE
VND-01311,GlobalNex Corp Inc,CONSULTANT,United States,REG-KY209BVU81,LOW,2018-08-18,ACTIVE
VND-01312,RapidCore Consulting International,MANUFACTURER,India,REG-PO275TMI23,LOW,2020-02-03,ACTIVE
VND-01313,CoreVault Systems LLC,SERVICE_PROVIDER,Germany,REG-FJ364OBO04,LOW,2021-12-24,ACTIVE
VND-01314,Delta_Logistics Ltd,CONSULTANT,United States,REG-HG911JSQ79,HIGH,2016-06-13,BLACKLISTED
VND-01315,Delta_Logistics,SUPPLIER,China,REG-NZ211GFY75,MEDIUM,2023-05-05,ACTIVE
VND-01316,ZenithBridge Corp Holdings,CONSULTANT,Singapore,REG-NR061AYU71,HIGH,2016-12-30,ACTIVE
VND-01317,KineticBlue Ltd International,SERVICE_PROVIDER,India,REG-LQ722KOM40,LOW,2023-09-28,ACTIVE
VND-01318,JetStream Analytics,SERVICE_PROVIDER,Singapore,REG-NM015IAK57,LOW,2018-05-07,INACTIVE
VND-01319,SkyBridge Logistics Ltd,CONTRACTOR,United States,REG-BI841BHG39,MEDIUM,2016-06-21,INACTIVE
VND-01320,FusionCore Analytics International,SERVICE_PROVIDER,India,REG-BU235IOF13,MEDIUM,2019-05-09,ACTIVE
VND-01321,XpressCore Dynamics International,CONTRACTOR,South Africa,REG-FW244TJP73,LOW,2024-02-04,ACTIVE
VND-01322,FlowBridge Inc,CONTRACTOR,Australia,REG-ZM477QLM68,LOW,2020-10-03,ACTIVE
VND-01323,UnityCore Technologies Group,DISTRIBUTOR,Japan,REG-TK461YNU99,LOW,2020-07-21,ACTIVE
VND-01324,DawnTech Services International,LOGISTICS,France,REG-VR767UNG69,LOW,2015-11-21,ACTIVE
VND-01325,SkyBridge Logistics Holdings,DISTRIBUTOR,Singapore,REG-WX966OEC39,LOW,2017-10-15,INACTIVE
VND-01326,EdgeWave Technologies,SUPPLIER,Netherlands,REG-AS208MPH49,LOW,2020-10-03,ACTIVE
VND-01327,RapidCore Consulting LLC,LOGISTICS,India,REG-ZU560BYL12,LOW,2021-05-17,ACTIVE
VND-01328,YellowBridge Partners Ltd,SUPPLIER,Australia,REG-XJ531XUH35,LOW,2015-03-08,ACTIVE
VND-01329,ZenithBridge Corp,SERVICE_PROVIDER,India,REG-DK050YUO53,LOW,2015-12-08,ACTIVE
VND-01330,XpressCore Dynamics LLC,DISTRIBUTOR,India,REG-NH816NGJ49,LOW,2020-01-17,ACTIVE
VND-01331,Delta_Logistics Group,CONSULTANT,United States,REG-RW491BUU96,LOW,2017-05-14,ACTIVE
VND-01332,SkyBridge Logistics,DISTRIBUTOR,United States,REG-CR330AHH77,MEDIUM,2019-11-12,ACTIVE
VND-01333,KineticBlue Ltd LLC,SERVICE_PROVIDER,Singapore,REG-YP729KBS59,LOW,2020-05-08,ACTIVE
VND-01334,MomentumCore Corp LLC,CONTRACTOR,Japan,REG-IZ090CIH74,MEDIUM,2020-06-16,BLACKLISTED
VND-01335,TitanPath Holdings LLC,MANUFACTURER,Canada,REG-GZ050AUT17,MEDIUM,2022-09-28,ACTIVE
VND-01336,InnoCore Dynamics,SUPPLIER,United States,REG-JX455UFN61,MEDIUM,2017-02-20,ACTIVE
VND-01337,BridgeTech Consulting Group,MANUFACTURER,United States,REG-PH064XNG77,LOW,2020-05-24,ACTIVE
VND-01338,OpenBridge Systems Inc,DISTRIBUTOR,United Kingdom,REG-GU030SUB02,LOW,2023-11-10,ACTIVE
VND-01339,JetStream Analytics International,SUPPLIER,United States,REG-IA321SDQ35,LOW,2019-09-25,ACTIVE
VND-01340,TitanPath Holdings International,SERVICE_PROVIDER,United States,REG-QV010SNY41,LOW,2020-06-09,ACTIVE
VND-01341,MeridianTech Holdings,LOGISTICS,Canada,REG-DH642IUJ29,MEDIUM,2021-05-21,ACTIVE
VND-01342,OpenBridge Systems Inc,SERVICE_PROVIDER,Singapore,REG-HP967KEQ18,LOW,2022-12-30,ACTIVE
VND-01343,MomentumCore Corp LLC,CONTRACTOR,United States,REG-FQ745XST73,MEDIUM,2021-03-20,ACTIVE
VND-01344,LucentBridge Technologies LLC,MANUFACTURER,France,REG-SE158EFD33,LOW,2021-11-09,ACTIVE
VND-01345,BridgeTech Consulting International,CONTRACTOR,China,REG-MF303GVN76,LOW,2021-06-18,ACTIVE
VND-01346,Acuity Systems International,SERVICE_PROVIDER,Japan,REG-TD988PJG54,LOW,2016-04-23,ACTIVE
VND-01347,TitanPath Holdings International,CONSULTANT,India,REG-CN123GMX56,HIGH,2015-03-27,ACTIVE
VND-01348,ClearPath Logistics Group,CONSULTANT,Brazil,REG-KR631TKP46,MEDIUM,2020-09-10,ACTIVE
VND-01349,MomentumCore Corp Inc,MANUFACTURER,Australia,REG-PB127DLR11,HIGH,2023-01-08,ACTIVE
VND-01350,UnityCore Technologies International,LOGISTICS,Ireland,REG-QH078JFW75,LOW,2019-09-04,ACTIVE
VND-01351,Delta_Logistics Inc,DISTRIBUTOR,United Kingdom,REG-BG632VDC68,MEDIUM,2016-10-25,ACTIVE
VND-01352,RapidCore Consulting International,CONSULTANT,United Kingdom,REG-UB451MSM06,LOW,2016-06-12,ACTIVE
VND-01353,Alpha_Inc International,CONTRACTOR,India,REG-MF629HBG48,LOW,2020-07-15,ACTIVE
VND-01354,BridgeTech Consulting Holdings,CONTRACTOR,United Kingdom,REG-DC031KRP31,LOW,2017-12-04,ACTIVE
VND-01355,GreenBridge Consulting,SUPPLIER,Germany,REG-NS181TZZ43,LOW,2024-01-18,ACTIVE
VND-01356,HarborLight Services Ltd,SERVICE_PROVIDER,India,REG-NK613YNW47,LOW,2017-07-06,ACTIVE
VND-01357,YellowBridge Partners,DISTRIBUTOR,India,REG-LG494SNE01,CRITICAL,2023-08-21,BLACKLISTED
VND-01358,GreenBridge Consulting Ltd,SUPPLIER,United States,REG-KL432VDJ51,MEDIUM,2022-07-05,ACTIVE
VND-01359,DawnTech Services Inc,SUPPLIER,United States,REG-LQ076EKR50,HIGH,2023-06-23,ACTIVE
VND-01360,Epsilon_Group,DISTRIBUTOR,United States,REG-AF095PEH79,MEDIUM,2024-03-27,ACTIVE
VND-01361,HarborLight Services Inc,CONTRACTOR,United Kingdom,REG-HG009KWJ43,LOW,2017-04-21,ACTIVE
VND-01362,XpressCore Dynamics Ltd,MANUFACTURER,United States,REG-FV114WIQ57,MEDIUM,2020-08-03,ACTIVE
VND-01363,Gamma_Co Group,LOGISTICS,United Kingdom,REG-WT745TVH70,LOW,2016-05-18,ACTIVE
VND-01364,YellowBridge Partners,LOGISTICS,France,REG-UO971BJA48,LOW,2017-10-01,ACTIVE
VND-01365,FlowBridge Inc Holdings,MANUFACTURER,Singapore,REG-PK325VSB70,LOW,2019-03-06,ACTIVE
VND-01366,JetStream Analytics Inc,DISTRIBUTOR,Singapore,REG-OG531ROR36,LOW,2023-06-14,ACTIVE
VND-01367,BlueStar Procurement International,SERVICE_PROVIDER,Netherlands,REG-RW878VZL24,MEDIUM,2019-08-04,ACTIVE
VND-01368,BridgeTech Consulting International,LOGISTICS,United States,REG-LH644SVN30,MEDIUM,2016-08-19,ACTIVE
VND-01369,EdgeWave Technologies,CONTRACTOR,Singapore,REG-SH167AFR95,MEDIUM,2018-10-17,ACTIVE
VND-01370,DeltaPath Logistics International,SUPPLIER,Ireland,REG-NJ272QKT84,CRITICAL,2023-07-07,INACTIVE
VND-01371,OpenBridge Systems LLC,MANUFACTURER,Netherlands,REG-DC741NSL40,LOW,2023-12-17,ACTIVE
VND-01372,SkyBridge Logistics LLC,LOGISTICS,India,REG-BW107QAD40,HIGH,2021-03-17,ACTIVE
VND-01373,WaveCore Manufacturing,CONTRACTOR,UAE,REG-QX425JJF48,MEDIUM,2024-04-10,ACTIVE
VND-01374,ZenithBridge Corp International,CONSULTANT,UAE,REG-FS423OCE69,LOW,2022-03-22,ACTIVE
VND-01375,ClearPath Logistics LLC,LOGISTICS,Ireland,REG-GQ536TMT66,LOW,2018-11-15,ACTIVE
VND-01376,TrueNorth Services,DISTRIBUTOR,Germany,REG-IR296XMQ59,LOW,2015-06-01,ACTIVE
VND-01377,InnoCore Dynamics Ltd,CONTRACTOR,United Kingdom,REG-TF268TKO34,LOW,2021-01-24,ACTIVE
VND-01378,HorizonEdge Inc Holdings,MANUFACTURER,United Kingdom,REG-GI782HCS66,LOW,2023-06-28,ACTIVE
VND-01379,IronPoint Manufacturing Ltd,CONSULTANT,India,REG-BD585AAD75,LOW,2017-11-25,ACTIVE
VND-01380,HarborLight Services LLC,LOGISTICS,Canada,REG-WI080NTY61,MEDIUM,2015-09-03,BLACKLISTED
VND-01381,HarborLight Services,MANUFACTURER,United States,REG-NI398KSD52,LOW,2023-06-26,ACTIVE
VND-01382,Apex Solutions International,CONSULTANT,Brazil,REG-ZW626HDD07,LOW,2018-10-20,ACTIVE
VND-01383,OpenBridge Systems LLC,LOGISTICS,Brazil,REG-MG104SKE15,LOW,2020-12-24,ACTIVE
VND-01384,RapidCore Consulting Inc,MANUFACTURER,China,REG-VT501DSN98,LOW,2024-02-21,ACTIVE
VND-01385,HorizonEdge Inc LLC,SUPPLIER,Germany,REG-OR828OJT72,LOW,2017-10-11,ACTIVE
VND-01386,YellowBridge Partners Holdings,SUPPLIER,United States,REG-HE407AJM93,LOW,2020-02-04,ACTIVE
VND-01387,FlowBridge Inc,SERVICE_PROVIDER,United States,REG-GE181BGC33,MEDIUM,2015-09-12,ACTIVE
VND-01388,XcelPath Networks LLC,SERVICE_PROVIDER,Brazil,REG-EL601PIQ46,LOW,2020-11-25,ACTIVE
VND-01389,QuantumEdge Solutions Ltd,MANUFACTURER,Singapore,REG-JO979BLJ16,LOW,2020-08-05,ACTIVE
VND-01390,FusionCore Analytics LLC,LOGISTICS,United Kingdom,REG-EE328SSQ83,CRITICAL,2019-09-04,BLACKLISTED
VND-01391,UnityCore Technologies International,MANUFACTURER,Netherlands,REG-ZY197SZG54,LOW,2016-06-13,ACTIVE
VND-01392,NorthBridge Supplies International,SUPPLIER,United Kingdom,REG-SD766HKY20,MEDIUM,2020-04-22,ACTIVE
VND-01393,HarborLight Services Ltd,SUPPLIER,United States,REG-CC094WID09,HIGH,2019-08-01,ACTIVE
VND-01394,HorizonEdge Inc Group,CONTRACTOR,India,REG-GG740NWT25,LOW,2016-04-27,ACTIVE
VND-01395,FusionCore Analytics,CONSULTANT,United States,REG-PJ868WPU12,CRITICAL,2023-11-15,BLACKLISTED
VND-01396,TrueNorth Services Holdings,CONSULTANT,France,REG-YW957QTZ24,MEDIUM,2017-06-02,ACTIVE
VND-01397,EdgeWave Technologies Inc,SERVICE_PROVIDER,France,REG-QL176KTG79,LOW,2015-07-03,ACTIVE
VND-01398,VertiLink Distributors Inc,SERVICE_PROVIDER,South Africa,REG-LW842LNZ59,LOW,2019-03-26,ACTIVE
VND-01399,OpenBridge Systems International,SERVICE_PROVIDER,Australia,REG-GQ100GFR23,LOW,2023-07-17,ACTIVE
VND-01400,FlowBridge Inc,MANUFACTURER,Japan,REG-LU753YWA31,LOW,2022-01-03,ACTIVE
VND-01401,ZenithBridge Corp Holdings,SUPPLIER,Australia,REG-CV109ECW41,LOW,2021-01-24,ACTIVE
VND-01402,KineticBlue Ltd LLC,DISTRIBUTOR,Japan,REG-GS590CYI25,MEDIUM,2015-04-12,ACTIVE
VND-01403,JadeCore Solutions LLC,MANUFACTURER,China,REG-FC983RSO34,MEDIUM,2016-05-22,ACTIVE
VND-01404,IronPoint Manufacturing Ltd,SUPPLIER,China,REG-FL326BOQ83,LOW,2023-07-01,INACTIVE
VND-01405,GreenBridge Consulting,MANUFACTURER,UAE,REG-XX130AKI20,LOW,2016-05-07,ACTIVE
VND-01406,Alpha_Inc Group,LOGISTICS,Brazil,REG-MN152KEG87,LOW,2017-10-01,ACTIVE
VND-01407,MomentumCore Corp Holdings,DISTRIBUTOR,United States,REG-ZE559CBO82,LOW,2019-07-04,ACTIVE
VND-01408,VertiLink Distributors International,SERVICE_PROVIDER,United States,REG-YH619TGH12,LOW,2017-01-09,ACTIVE
VND-01409,QuantumEdge Solutions,SUPPLIER,UAE,REG-VB730OSQ98,MEDIUM,2016-04-14,ACTIVE
VND-01410,QuantumEdge Solutions Inc,CONSULTANT,India,REG-EI651KPH24,LOW,2016-01-03,ACTIVE
VND-01411,DeltaPath Logistics Ltd,CONSULTANT,United States,REG-DI984SHL69,HIGH,2018-08-25,INACTIVE
VND-01412,GlobalNex Corp Holdings,SERVICE_PROVIDER,Germany,REG-AQ740MVW05,MEDIUM,2016-08-06,ACTIVE
VND-01413,HarborLight Services,CONSULTANT,Brazil,REG-WQ023DPF85,LOW,2017-04-09,ACTIVE
VND-01414,XpressCore Dynamics Ltd,SUPPLIER,India,REG-EA199MVN05,LOW,2019-04-27,ACTIVE
VND-01415,Acuity Systems,SUPPLIER,Singapore,REG-UC187GCF24,LOW,2020-06-06,ACTIVE
VND-01416,BridgeTech Consulting Holdings,DISTRIBUTOR,United States,REG-TY835OBD67,LOW,2021-03-19,ACTIVE
VND-01417,Alpha_Inc Group,DISTRIBUTOR,Singapore,REG-RR038VBJ96,LOW,2018-06-01,ACTIVE
VND-01418,GreenBridge Consulting Group,CONSULTANT,Canada,REG-BS706BJI62,LOW,2023-10-12,ACTIVE
VND-01419,PrimeAxis Corp Ltd,DISTRIBUTOR,Australia,REG-WM171VBD95,LOW,2019-10-02,ACTIVE
VND-01420,Beta_Supplies Ltd,MANUFACTURER,United Kingdom,REG-OA331VWZ90,LOW,2018-03-30,ACTIVE
VND-01421,EcoVenture Supplies Holdings,CONTRACTOR,Canada,REG-DE890DIC03,LOW,2021-09-14,ACTIVE
VND-01422,NorthBridge Supplies Ltd,CONTRACTOR,United States,REG-MP240PSI55,CRITICAL,2020-09-21,BLACKLISTED
VND-01423,EdgeWave Technologies Holdings,SERVICE_PROVIDER,United States,REG-EQ967INF11,LOW,2016-01-03,ACTIVE
VND-01424,RedPoint Consulting International,DISTRIBUTOR,Netherlands,REG-XJ537SPP45,MEDIUM,2017-05-13,ACTIVE
VND-01425,SkyBridge Logistics Holdings,CONTRACTOR,Australia,REG-GD845WAT88,HIGH,2022-02-14,ACTIVE
VND-01426,UltraVista Technologies Holdings,SERVICE_PROVIDER,Brazil,REG-IH974OTV13,LOW,2017-05-12,ACTIVE
VND-01427,InnoCore Dynamics LLC,DISTRIBUTOR,France,REG-CP831SCP52,LOW,2015-01-09,ACTIVE
VND-01428,LatticeCore Partners International,MANUFACTURER,France,REG-RR710LYT70,LOW,2021-03-26,ACTIVE
VND-01429,Alpha_Inc LLC,SUPPLIER,UAE,REG-FB104YYC96,MEDIUM,2022-04-21,ACTIVE
VND-01430,RapidCore Consulting International,SUPPLIER,Germany,REG-QB033IDQ62,LOW,2022-07-16,ACTIVE
VND-01431,MomentumCore Corp Holdings,CONSULTANT,United States,REG-MW408VQZ50,HIGH,2019-05-04,ACTIVE
VND-01432,MeridianTech International,CONSULTANT,United States,REG-BB930YUV59,LOW,2015-02-08,ACTIVE
VND-01433,UnityCore Technologies Holdings,SUPPLIER,South Africa,REG-ID018BKU64,MEDIUM,2017-02-23,ACTIVE
VND-01434,OmegaLink Systems Group,CONTRACTOR,United States,REG-DV984PIA26,LOW,2020-07-15,ACTIVE
VND-01435,UnityCore Technologies Ltd,SUPPLIER,United Kingdom,REG-SV441KZC38,LOW,2017-05-06,ACTIVE
VND-01436,HarborLight Services Inc,DISTRIBUTOR,Netherlands,REG-YP945ZXM44,CRITICAL,2018-02-10,BLACKLISTED
VND-01437,RapidCore Consulting LLC,MANUFACTURER,South Africa,REG-QL014CDB95,LOW,2021-05-06,ACTIVE
VND-01438,InnoCore Dynamics LLC,CONSULTANT,India,REG-EO707JNA05,LOW,2015-09-24,ACTIVE
VND-01439,HorizonEdge Inc LLC,CONTRACTOR,United Kingdom,REG-JU091ECL49,HIGH,2023-10-10,BLACKLISTED
VND-01440,TitanPath Holdings LLC,DISTRIBUTOR,India,REG-OO444LJN72,MEDIUM,2020-12-22,ACTIVE
VND-01441,Apex Solutions International,MANUFACTURER,Ireland,REG-RG031CLU02,LOW,2022-03-10,ACTIVE
VND-01442,BlueStar Procurement Inc,CONTRACTOR,United States,REG-QB083RWI04,LOW,2019-07-25,ACTIVE
VND-01443,XcelPath Networks Ltd,SUPPLIER,United Kingdom,REG-EG093CHG51,LOW,2023-07-06,ACTIVE
VND-01444,IronPoint Manufacturing International,SUPPLIER,Canada,REG-XR133AEP59,LOW,2018-07-19,ACTIVE
VND-01445,KryptonPath Ltd Inc,MANUFACTURER,United Kingdom,REG-MY642XVA05,LOW,2015-04-14,ACTIVE
VND-01446,EdgeWave Technologies Group,CONSULTANT,Germany,REG-KX574CSJ90,HIGH,2017-03-17,ACTIVE
VND-01447,GlobalNex Corp,SERVICE_PROVIDER,United States,REG-ZU901GTX93,LOW,2020-05-19,ACTIVE
VND-01448,VertiLink Distributors Inc,CONSULTANT,United States,REG-LC895QUJ36,LOW,2017-10-22,ACTIVE
VND-01449,Beta_Supplies,CONTRACTOR,Netherlands,REG-GK611OJU39,LOW,2024-03-19,INACTIVE
VND-01450,YellowBridge Partners Ltd,SERVICE_PROVIDER,United States,REG-ME681QHH80,MEDIUM,2021-12-12,INACTIVE
VND-01451,FlowBridge Inc,SERVICE_PROVIDER,Germany,REG-SP754VPZ39,LOW,2015-05-17,ACTIVE
VND-01452,Alpha_Inc Group,LOGISTICS,Australia,REG-SP537CUA51,MEDIUM,2015-09-11,ACTIVE
VND-01453,BlueStar Procurement,MANUFACTURER,United States,REG-EX515PEM88,LOW,2016-02-22,ACTIVE
VND-01454,YieldPoint Partners International,DISTRIBUTOR,Singapore,REG-II376PXA39,LOW,2016-01-28,ACTIVE
VND-01455,RapidCore Consulting Ltd,SERVICE_PROVIDER,Canada,REG-VU929HFA44,LOW,2015-02-13,ACTIVE
VND-01456,NexPoint Analytics Ltd,CONTRACTOR,Ireland,REG-OX682MLD97,LOW,2016-02-19,ACTIVE
VND-01457,DawnTech Services Ltd,DISTRIBUTOR,United Kingdom,REG-WJ021TEV64,HIGH,2018-09-06,INACTIVE
VND-01458,UnityCore Technologies,LOGISTICS,United Kingdom,REG-SK120EIG60,LOW,2021-08-25,ACTIVE
VND-01459,GreenBridge Consulting Holdings,SERVICE_PROVIDER,France,REG-ZS866JPT52,HIGH,2018-12-26,ACTIVE
VND-01460,PrimeAxis Corp Group,SUPPLIER,United States,REG-MN415GUC59,MEDIUM,2023-12-09,ACTIVE
VND-01461,GreenBridge Consulting LLC,CONTRACTOR,India,REG-VB157SWE67,LOW,2023-06-17,ACTIVE
VND-01462,JetStream Analytics Group,CONTRACTOR,South Africa,REG-JA229LLX81,LOW,2020-04-07,ACTIVE
VND-01463,Apex Solutions Ltd,MANUFACTURER,United States,REG-GU765LRX72,LOW,2021-07-30,ACTIVE
VND-01464,Beta_Supplies Ltd,SERVICE_PROVIDER,Germany,REG-DK134HHL75,LOW,2015-08-12,ACTIVE
VND-01465,MeridianTech Inc,CONTRACTOR,United Kingdom,REG-UW864LJC56,LOW,2015-10-08,ACTIVE
VND-01466,DawnTech Services Ltd,CONTRACTOR,Brazil,REG-NU368GWS49,LOW,2022-10-07,ACTIVE
VND-01467,TrueNorth Services International,CONSULTANT,United States,REG-CO214KSQ47,LOW,2018-09-08,ACTIVE
VND-01468,CoreVault Systems International,SUPPLIER,Japan,REG-GN913JGW42,LOW,2017-06-17,ACTIVE
VND-01469,NexPoint Analytics Group,SERVICE_PROVIDER,Germany,REG-IZ209MAF08,LOW,2017-09-06,ACTIVE
VND-01470,ZenithBridge Corp Group,SUPPLIER,Canada,REG-BU053CHI49,MEDIUM,2024-04-06,ACTIVE
VND-01471,JadeCore Solutions,CONTRACTOR,Australia,REG-BF741QFI17,LOW,2016-08-06,ACTIVE
VND-01472,XpressCore Dynamics Holdings,SUPPLIER,United Kingdom,REG-UE415UKG13,LOW,2015-06-29,ACTIVE
VND-01473,QuantumEdge Solutions LLC,CONTRACTOR,China,REG-TS547UCB81,LOW,2016-12-14,ACTIVE
VND-01474,LatticeCore Partners Inc,SUPPLIER,United States,REG-QO185COO38,LOW,2017-12-08,ACTIVE
VND-01475,PeakVault Services Inc,CONTRACTOR,United Kingdom,REG-OR032MQE96,MEDIUM,2016-03-30,ACTIVE
VND-01476,Delta_Logistics Holdings,CONSULTANT,UAE,REG-IM272OFH74,LOW,2022-05-31,ACTIVE
VND-01477,BlueStar Procurement LLC,SUPPLIER,United States,REG-JN306NTL17,HIGH,2015-09-25,BLACKLISTED
VND-01478,MeridianTech Group,SERVICE_PROVIDER,Canada,REG-OL064POW96,MEDIUM,2020-12-21,ACTIVE
VND-01479,OpenBridge Systems Group,LOGISTICS,South Africa,REG-SQ782FFY43,LOW,2015-07-09,ACTIVE
VND-01480,SilverPath Holdings Inc,CONTRACTOR,India,REG-SG695OHW87,LOW,2016-08-31,ACTIVE
VND-01481,InnoCore Dynamics Inc,DISTRIBUTOR,France,REG-QB467HLD53,LOW,2020-09-12,ACTIVE
VND-01482,EcoVenture Supplies Inc,DISTRIBUTOR,United States,REG-XE515ZFM62,LOW,2022-06-10,ACTIVE
VND-01483,PeakVault Services Inc,CONTRACTOR,France,REG-GN630YAD44,LOW,2020-09-16,ACTIVE
VND-01484,UnityCore Technologies Holdings,MANUFACTURER,France,REG-ZZ854CBZ56,LOW,2020-11-22,ACTIVE
VND-01485,RedPoint Consulting Ltd,MANUFACTURER,Brazil,REG-VO404CTC73,MEDIUM,2019-07-01,ACTIVE
VND-01486,MeridianTech International,SERVICE_PROVIDER,United Kingdom,REG-NX639OHN28,LOW,2017-08-18,ACTIVE
VND-01487,KryptonPath Ltd Group,CONTRACTOR,China,REG-BU952BZY98,LOW,2019-03-13,ACTIVE
VND-01488,SilverPath Holdings International,CONTRACTOR,United Kingdom,REG-PD155HNX81,LOW,2020-10-26,ACTIVE
VND-01489,NexPoint Analytics Holdings,SERVICE_PROVIDER,Australia,REG-TO832SZK86,LOW,2019-10-12,ACTIVE
VND-01490,FusionCore Analytics Holdings,SERVICE_PROVIDER,United States,REG-UP556ACB38,LOW,2018-01-23,ACTIVE
VND-01491,PeakVault Services,SUPPLIER,India,REG-CK818STB67,LOW,2019-01-10,ACTIVE
VND-01492,PeakVault Services,CONTRACTOR,United Kingdom,REG-YY330PZI41,MEDIUM,2023-10-24,ACTIVE
VND-01493,CoreVault Systems Ltd,CONTRACTOR,United Kingdom,REG-UT411WUA18,LOW,2017-03-31,ACTIVE
VND-01494,WavePath Inc,MANUFACTURER,India,REG-GV008LYZ92,LOW,2023-08-14,ACTIVE
VND-01495,InnoCore Dynamics Inc,MANUFACTURER,UAE,REG-GV394BTR56,LOW,2023-06-09,ACTIVE
VND-01496,TrueNorth Services Holdings,CONTRACTOR,Singapore,REG-EY731SBF49,HIGH,2024-03-22,ACTIVE
VND-01497,XpressCore Dynamics LLC,SERVICE_PROVIDER,Ireland,REG-SS368IGP47,HIGH,2015-02-18,BLACKLISTED
VND-01498,JetStream Analytics Inc,CONSULTANT,United Kingdom,REG-WI607TGC65,LOW,2019-06-17,ACTIVE
VND-01499,OmegaLink Systems Ltd,LOGISTICS,China,REG-CX390EKG63,MEDIUM,2021-08-01,ACTIVE
VND-01500,DawnTech Services Holdings,SUPPLIER,Germany,REG-JK452NFL11,MEDIUM,2023-11-18,ACTIVE
VND-01501,TitanPath Holdings International,SERVICE_PROVIDER,Australia,REG-EH312UKW69,MEDIUM,2017-05-08,ACTIVE
VND-01502,InnoCore Dynamics Ltd,CONTRACTOR,United States,REG-TV307VJC46,MEDIUM,2016-06-09,ACTIVE
VND-01503,WaveCore Manufacturing Holdings,SERVICE_PROVIDER,Singapore,REG-RS599NWJ60,LOW,2017-07-12,ACTIVE
VND-01504,YellowBridge Partners LLC,CONTRACTOR,Germany,REG-UD787TEG53,LOW,2021-01-11,ACTIVE
VND-01505,CoreVault Systems Group,CONTRACTOR,China,REG-YI811WAK61,LOW,2016-09-21,ACTIVE
VND-01506,MomentumCore Corp Ltd,SERVICE_PROVIDER,United Kingdom,REG-HC812BFK37,LOW,2019-05-21,ACTIVE
VND-01507,YieldPoint Partners Group,SUPPLIER,Germany,REG-ZA872SHB86,HIGH,2020-04-28,ACTIVE
VND-01508,TrueNorth Services,SUPPLIER,China,REG-XK448PKJ59,LOW,2016-12-03,ACTIVE
VND-01509,MomentumCore Corp International,CONSULTANT,United Kingdom,REG-HM483QED95,LOW,2015-04-20,ACTIVE
VND-01510,SilverPath Holdings Group,CONTRACTOR,UAE,REG-TE352AUA28,LOW,2017-08-12,INACTIVE
VND-01511,HorizonEdge Inc,CONTRACTOR,Singapore,REG-TS227MMS10,LOW,2016-12-04,ACTIVE
VND-01512,InnoCore Dynamics Ltd,SERVICE_PROVIDER,United States,REG-DN187DMK51,LOW,2019-09-10,INACTIVE
VND-01513,NorthBridge Supplies Group,CONTRACTOR,Singapore,REG-OA158MRS35,LOW,2017-04-22,ACTIVE
VND-01514,KineticBlue Ltd,CONTRACTOR,Brazil,REG-XZ694QJI59,MEDIUM,2021-06-13,ACTIVE
VND-01515,DawnTech Services Holdings,SUPPLIER,United States,REG-UN319RLQ21,LOW,2017-04-06,ACTIVE
VND-01516,MomentumCore Corp Inc,DISTRIBUTOR,Germany,REG-PX912YVK89,LOW,2017-10-08,ACTIVE
VND-01517,DawnTech Services International,SUPPLIER,United States,REG-NK994AYO97,HIGH,2021-06-17,BLACKLISTED
VND-01518,DawnTech Services Holdings,LOGISTICS,India,REG-KE319AUE22,LOW,2022-11-08,ACTIVE
VND-01519,Epsilon_Group Group,CONSULTANT,United Kingdom,REG-QE028UTG76,LOW,2019-08-28,ACTIVE
VND-01520,DawnTech Services International,CONSULTANT,China,REG-XY138TEW66,MEDIUM,2022-05-23,ACTIVE
VND-01521,CoreVault Systems Group,CONTRACTOR,Japan,REG-MN485KOR81,LOW,2016-10-08,ACTIVE
VND-01522,EdgeWave Technologies LLC,MANUFACTURER,United Kingdom,REG-SY268QRH77,LOW,2023-02-23,ACTIVE
VND-01523,XpressCore Dynamics Ltd,CONTRACTOR,United States,REG-XD865XQW20,HIGH,2016-05-11,ACTIVE
VND-01524,YellowBridge Partners Holdings,SERVICE_PROVIDER,United Kingdom,REG-YX639LVA83,MEDIUM,2019-08-07,ACTIVE
VND-01525,DawnTech Services,MANUFACTURER,Australia,REG-AL375TVG83,LOW,2015-10-27,ACTIVE
VND-01526,Epsilon_Group Group,SUPPLIER,United States,REG-RC548PRP09,LOW,2019-06-13,ACTIVE
VND-01527,InnoCore Dynamics Holdings,MANUFACTURER,Australia,REG-OD760KBT44,LOW,2022-07-08,ACTIVE
VND-01528,JadeCore Solutions LLC,MANUFACTURER,Australia,REG-EV797PWI72,LOW,2017-09-19,ACTIVE
VND-01529,Beta_Supplies Group,LOGISTICS,United States,REG-TJ105TVL09,LOW,2016-11-29,ACTIVE
VND-01530,HarborLight Services Ltd,SERVICE_PROVIDER,United Kingdom,REG-CO216TDU10,LOW,2023-04-25,ACTIVE
VND-01531,SkyBridge Logistics Holdings,SERVICE_PROVIDER,Germany,REG-VB184VRU39,LOW,2016-09-20,ACTIVE
VND-01532,SkyBridge Logistics Ltd,SERVICE_PROVIDER,United States,REG-QZ295AQQ80,LOW,2017-06-04,ACTIVE
VND-01533,PeakVault Services LLC,MANUFACTURER,United States,REG-UR013FLC82,MEDIUM,2023-01-13,ACTIVE
VND-01534,DeltaPath Logistics Ltd,SUPPLIER,Canada,REG-AL049OVA38,LOW,2015-01-20,ACTIVE
VND-01535,XcelPath Networks Group,SUPPLIER,United States,REG-VD448KSF51,MEDIUM,2017-03-30,INACTIVE
VND-01536,VertiLink Distributors Inc,MANUFACTURER,United States,REG-LU971FLU11,LOW,2017-02-26,INACTIVE
VND-01537,Delta_Logistics Inc,MANUFACTURER,United Kingdom,REG-OX902DFU03,LOW,2024-04-24,ACTIVE
VND-01538,GreenBridge Consulting,CONTRACTOR,Germany,REG-DY343TSL24,MEDIUM,2024-02-23,ACTIVE
VND-01539,NorthBridge Supplies Ltd,SERVICE_PROVIDER,United States,REG-OM429RML56,LOW,2019-06-07,ACTIVE
VND-01540,UltraVista Technologies Group,SERVICE_PROVIDER,Ireland,REG-FW447LXW41,LOW,2015-03-03,ACTIVE
VND-01541,DawnTech Services Group,MANUFACTURER,India,REG-YJ872IKN09,LOW,2015-09-28,ACTIVE
VND-01542,EdgeWave Technologies Group,CONTRACTOR,Brazil,REG-SG654JVY35,LOW,2019-08-11,ACTIVE
VND-01543,UnityCore Technologies Ltd,LOGISTICS,China,REG-ND418QCH34,LOW,2023-11-16,BLACKLISTED
VND-01544,MomentumCore Corp Holdings,MANUFACTURER,Canada,REG-LU827XKY27,LOW,2022-01-28,INACTIVE
VND-01545,TitanPath Holdings Group,CONSULTANT,Japan,REG-AK905AEV15,LOW,2018-09-22,INACTIVE
VND-01546,Epsilon_Group LLC,SUPPLIER,Germany,REG-KD512ILW54,MEDIUM,2020-05-28,ACTIVE
VND-01547,ClearPath Logistics International,MANUFACTURER,United Kingdom,REG-KS079BUZ79,LOW,2020-09-24,ACTIVE
VND-01548,Apex Solutions Group,DISTRIBUTOR,United States,REG-VE734RZT59,LOW,2015-03-28,ACTIVE
VND-01549,XpressCore Dynamics Group,SUPPLIER,United States,REG-BX038RKZ16,LOW,2021-12-13,ACTIVE
VND-01550,MeridianTech Group,CONSULTANT,Ireland,REG-TM902SHM82,LOW,2019-03-20,ACTIVE
VND-01551,MomentumCore Corp International,CONTRACTOR,United States,REG-FT922YXJ50,LOW,2023-04-16,ACTIVE
VND-01552,XpressCore Dynamics,LOGISTICS,Singapore,REG-AQ576JML27,LOW,2020-11-03,ACTIVE
VND-01553,BridgeTech Consulting Group,CONTRACTOR,Germany,REG-NB441FUP23,LOW,2023-03-21,ACTIVE
VND-01554,RapidCore Consulting Group,MANUFACTURER,United Kingdom,REG-KW285GEJ07,LOW,2023-12-27,ACTIVE
VND-01555,UltraVista Technologies Group,MANUFACTURER,United States,REG-TP637WGY67,LOW,2019-12-17,ACTIVE
VND-01556,MeridianTech,CONSULTANT,United Kingdom,REG-SR252UBM65,LOW,2022-02-11,ACTIVE
VND-01557,JadeCore Solutions Inc,CONSULTANT,India,REG-QV681LBO57,LOW,2023-12-02,ACTIVE
VND-01558,DawnTech Services Holdings,MANUFACTURER,United Kingdom,REG-VG923ANM55,LOW,2016-11-03,ACTIVE
VND-01559,PrimeAxis Corp Holdings,DISTRIBUTOR,Australia,REG-MC613NTB27,LOW,2018-03-14,ACTIVE
VND-01560,Alpha_Inc International,CONTRACTOR,Canada,REG-JS156TYR26,HIGH,2015-11-24,ACTIVE
VND-01561,BlueStar Procurement Ltd,MANUFACTURER,Singapore,REG-KZ704RHG62,LOW,2021-11-01,ACTIVE
VND-01562,Alpha_Inc International,LOGISTICS,Canada,REG-ZZ715AKU16,MEDIUM,2015-03-23,ACTIVE
VND-01563,TrueNorth Services Ltd,CONSULTANT,China,REG-AF298PQZ67,LOW,2021-01-09,ACTIVE
VND-01564,DawnTech Services Holdings,CONTRACTOR,Canada,REG-VO604HMZ64,MEDIUM,2020-02-01,ACTIVE
VND-01565,VertiLink Distributors Group,SERVICE_PROVIDER,United Kingdom,REG-IX785HYL75,LOW,2023-01-07,ACTIVE
VND-01566,Apex Solutions Inc,MANUFACTURER,Canada,REG-AV686TLQ12,LOW,2020-08-12,ACTIVE
VND-01567,ZenithBridge Corp LLC,SERVICE_PROVIDER,France,REG-DD389SCH76,LOW,2019-03-09,ACTIVE
VND-01568,EdgeWave Technologies International,SUPPLIER,Canada,REG-RX775QBV09,LOW,2015-06-09,INACTIVE
VND-01569,XpressCore Dynamics International,LOGISTICS,Germany,REG-SW408ABC42,HIGH,2017-11-11,ACTIVE
VND-01570,TitanPath Holdings,SUPPLIER,Ireland,REG-WU540CIV91,LOW,2022-10-23,ACTIVE
VND-01571,PrimeAxis Corp Group,SUPPLIER,Canada,REG-GI632UJO18,LOW,2020-05-10,ACTIVE
VND-01572,TitanPath Holdings LLC,CONSULTANT,India,REG-SN764PUH57,LOW,2022-03-28,ACTIVE
VND-01573,JetStream Analytics Holdings,DISTRIBUTOR,Brazil,REG-XC970JMU15,LOW,2017-10-10,ACTIVE
VND-01574,Apex Solutions,SUPPLIER,Ireland,REG-OV168TBZ15,HIGH,2023-08-24,BLACKLISTED
VND-01575,UnityCore Technologies Ltd,DISTRIBUTOR,United Kingdom,REG-HY024MKQ16,MEDIUM,2015-11-26,ACTIVE
VND-01576,BlueStar Procurement Holdings,CONTRACTOR,Netherlands,REG-SZ498DXK83,MEDIUM,2022-10-04,ACTIVE
VND-01577,YieldPoint Partners Ltd,MANUFACTURER,Singapore,REG-RG736QCM42,HIGH,2018-06-15,INACTIVE
VND-01578,FlowBridge Inc,DISTRIBUTOR,Germany,REG-AN624BYA40,MEDIUM,2022-02-18,INACTIVE
VND-01579,NorthBridge Supplies LLC,MANUFACTURER,India,REG-YO244UGO79,MEDIUM,2019-06-19,ACTIVE
VND-01580,FusionCore Analytics,SUPPLIER,Singapore,REG-NS305UTM31,LOW,2016-02-01,ACTIVE
VND-01581,VoltEdge Solutions International,CONSULTANT,Canada,REG-IY796EJA95,LOW,2016-11-29,ACTIVE
VND-01582,FusionCore Analytics Group,SUPPLIER,Australia,REG-JD555VFN57,LOW,2020-08-20,ACTIVE
VND-01583,MeridianTech,CONSULTANT,United Kingdom,REG-CQ826KFO46,LOW,2023-05-30,ACTIVE
VND-01584,Acuity Systems International,DISTRIBUTOR,United States,REG-VH785XTS13,LOW,2022-01-11,ACTIVE
VND-01585,SilverPath Holdings,SUPPLIER,India,REG-NL577KNW02,MEDIUM,2019-03-28,ACTIVE
VND-01586,PrimeAxis Corp International,MANUFACTURER,United States,REG-JV966FPY04,LOW,2020-06-10,ACTIVE
VND-01587,Apex Solutions LLC,LOGISTICS,United States,REG-GZ826NNH91,LOW,2021-07-13,ACTIVE
VND-01588,Apex Solutions International,DISTRIBUTOR,India,REG-JA942WWN26,LOW,2021-10-05,ACTIVE
VND-01589,VertiLink Distributors Ltd,CONTRACTOR,Canada,REG-OG694QRO55,HIGH,2019-10-26,ACTIVE
VND-01590,UltraVista Technologies Inc,CONTRACTOR,Singapore,REG-OZ588FWD86,LOW,2017-09-08,ACTIVE
VND-01591,WaveCore Manufacturing Inc,LOGISTICS,United States,REG-SA472IVW26,LOW,2018-09-14,ACTIVE
VND-01592,ZenithBridge Corp LLC,CONSULTANT,United States,REG-PA721AAM69,LOW,2024-05-14,ACTIVE
VND-01593,RedPoint Consulting LLC,LOGISTICS,India,REG-NG093FMK29,LOW,2023-06-05,ACTIVE
VND-01594,RapidCore Consulting Inc,DISTRIBUTOR,Singapore,REG-KK605OER93,LOW,2020-04-30,ACTIVE
VND-01595,OpenBridge Systems Inc,SUPPLIER,Japan,REG-JG150MKD96,LOW,2018-08-12,ACTIVE
VND-01596,Delta_Logistics LLC,MANUFACTURER,Australia,REG-UI532SEB73,LOW,2018-08-26,ACTIVE
VND-01597,WavePath Inc Ltd,SUPPLIER,Germany,REG-RM397CPY73,LOW,2023-11-27,ACTIVE
VND-01598,EcoVenture Supplies LLC,SUPPLIER,Canada,REG-VK278PDU19,LOW,2022-11-05,ACTIVE
VND-01599,JetStream Analytics Inc,DISTRIBUTOR,Netherlands,REG-EY100EYA68,LOW,2020-10-31,ACTIVE
VND-01600,FlowBridge Inc Holdings,MANUFACTURER,China,REG-TB481CEU98,LOW,2024-05-02,ACTIVE
VND-01601,ClearPath Logistics,MANUFACTURER,UAE,REG-ZT046GOP05,CRITICAL,2020-05-28,BLACKLISTED
VND-01602,XpressCore Dynamics LLC,SUPPLIER,United States,REG-QW761LWY12,LOW,2022-11-06,ACTIVE
VND-01603,KineticBlue Ltd Holdings,LOGISTICS,India,REG-JP125YEN65,LOW,2019-04-20,ACTIVE
VND-01604,EcoVenture Supplies LLC,MANUFACTURER,United States,REG-TF415WPW17,LOW,2016-05-19,ACTIVE
VND-01605,FusionCore Analytics,MANUFACTURER,Germany,REG-YC454SQK75,HIGH,2023-12-03,INACTIVE
VND-01606,YellowBridge Partners Ltd,MANUFACTURER,Germany,REG-HS490BOX22,MEDIUM,2015-09-22,INACTIVE
VND-01607,WavePath Inc LLC,MANUFACTURER,Ireland,REG-KO954TET42,LOW,2019-04-13,ACTIVE
VND-01608,BlueStar Procurement Inc,CONSULTANT,India,REG-MS742YQO22,MEDIUM,2017-08-13,BLACKLISTED
VND-01609,FlowBridge Inc Holdings,DISTRIBUTOR,United Kingdom,REG-JL303AQX94,LOW,2023-04-22,ACTIVE
VND-01610,XcelPath Networks Group,SERVICE_PROVIDER,China,REG-KW886PJL79,MEDIUM,2018-07-07,ACTIVE
VND-01611,LucentBridge Technologies Ltd,LOGISTICS,Canada,REG-FP858KHE56,MEDIUM,2017-02-16,ACTIVE
VND-01612,XcelPath Networks Inc,LOGISTICS,United States,REG-VO276TNO01,HIGH,2022-08-14,ACTIVE
VND-01613,OmegaLink Systems,SUPPLIER,UAE,REG-WF249DKO13,LOW,2019-06-08,ACTIVE
VND-01614,Gamma_Co Holdings,CONSULTANT,France,REG-QC083ZOG35,MEDIUM,2024-05-22,ACTIVE
VND-01615,SilverPath Holdings Group,MANUFACTURER,United States,REG-IV581IFZ48,LOW,2023-05-18,ACTIVE
VND-01616,TitanPath Holdings,LOGISTICS,China,REG-PQ079ZVL83,LOW,2018-01-25,ACTIVE
VND-01617,FusionCore Analytics Holdings,SERVICE_PROVIDER,United States,REG-MR337JRF20,LOW,2022-11-24,ACTIVE
VND-01618,Gamma_Co LLC,LOGISTICS,United Kingdom,REG-DN312OPL84,CRITICAL,2017-05-12,BLACKLISTED
VND-01619,YellowBridge Partners Group,MANUFACTURER,Canada,REG-YD977UYO18,MEDIUM,2020-06-19,ACTIVE
VND-01620,Epsilon_Group Group,DISTRIBUTOR,Canada,REG-FE137MGI17,LOW,2015-03-30,ACTIVE
VND-01621,WaveCore Manufacturing Inc,SERVICE_PROVIDER,United States,REG-KA939LBH74,LOW,2019-05-23,ACTIVE
VND-01622,TitanPath Holdings Group,LOGISTICS,China,REG-AQ739WAM97,LOW,2022-11-11,ACTIVE
VND-01623,XpressCore Dynamics Inc,LOGISTICS,United States,REG-EG472SPT58,LOW,2021-07-05,ACTIVE
VND-01624,DawnTech Services LLC,DISTRIBUTOR,United States,REG-RJ483GTO54,MEDIUM,2016-11-01,ACTIVE
VND-01625,JetStream Analytics Group,LOGISTICS,United Kingdom,REG-UG712EFK70,LOW,2017-06-12,ACTIVE
VND-01626,VoltEdge Solutions Inc,SUPPLIER,United States,REG-CV216ORI41,MEDIUM,2021-06-15,ACTIVE
VND-01627,SkyBridge Logistics Inc,SUPPLIER,United States,REG-TG231TUX33,LOW,2016-11-20,INACTIVE
VND-01628,DeltaPath Logistics,MANUFACTURER,Germany,REG-NK871RJU49,LOW,2020-10-12,ACTIVE
VND-01629,OpenBridge Systems LLC,CONSULTANT,United States,REG-NQ236KUH22,LOW,2019-07-13,INACTIVE
VND-01630,TrueNorth Services LLC,CONSULTANT,Ireland,REG-QE796TXJ43,LOW,2021-09-07,ACTIVE
VND-01631,Alpha_Inc LLC,SUPPLIER,Australia,REG-TB455KZW57,MEDIUM,2022-05-21,ACTIVE
VND-01632,RedPoint Consulting LLC,SERVICE_PROVIDER,Canada,REG-WP606ZID06,MEDIUM,2022-04-29,ACTIVE
VND-01633,HarborLight Services International,MANUFACTURER,Netherlands,REG-SX403BUB34,LOW,2022-03-12,ACTIVE
VND-01634,KryptonPath Ltd International,MANUFACTURER,United States,REG-ZN658NGC83,LOW,2018-01-26,ACTIVE
VND-01635,EcoVenture Supplies LLC,SERVICE_PROVIDER,India,REG-UU411EUL32,MEDIUM,2022-11-18,ACTIVE
VND-01636,EdgeWave Technologies LLC,DISTRIBUTOR,United Kingdom,REG-RM706LYD73,LOW,2023-12-02,ACTIVE
VND-01637,ZenithBridge Corp Ltd,DISTRIBUTOR,UAE,REG-XC105SHE48,LOW,2024-03-02,ACTIVE
VND-01638,LucentBridge Technologies Ltd,LOGISTICS,Ireland,REG-JL215TKM62,LOW,2023-01-02,ACTIVE
VND-01639,RapidCore Consulting,LOGISTICS,Brazil,REG-KI817WQQ35,LOW,2017-01-10,ACTIVE
VND-01640,ClearPath Logistics Inc,SUPPLIER,United States,REG-XX884EYS02,LOW,2018-07-11,ACTIVE
VND-01641,KineticBlue Ltd,CONTRACTOR,United States,REG-UD557ODX32,LOW,2021-04-22,ACTIVE
VND-01642,TrueNorth Services Holdings,CONSULTANT,Singapore,REG-VB534IHP49,LOW,2021-02-07,ACTIVE
VND-01643,PrimeAxis Corp Holdings,DISTRIBUTOR,India,REG-HD666GXB70,HIGH,2015-07-09,INACTIVE
VND-01644,KryptonPath Ltd International,CONTRACTOR,Netherlands,REG-YI960FSK85,LOW,2022-10-18,ACTIVE
VND-01645,MomentumCore Corp Ltd,CONSULTANT,United States,REG-JX511HIK91,HIGH,2020-09-22,BLACKLISTED
VND-01646,CoreVault Systems Group,CONTRACTOR,United Kingdom,REG-PM819WEX79,LOW,2016-08-03,ACTIVE
VND-01647,NorthBridge Supplies Ltd,CONTRACTOR,United States,REG-PV647ELP72,HIGH,2019-01-10,INACTIVE
VND-01648,JadeCore Solutions Holdings,SERVICE_PROVIDER,Ireland,REG-BZ957KSA86,MEDIUM,2017-12-03,ACTIVE
VND-01649,FlowBridge Inc Holdings,SERVICE_PROVIDER,United States,REG-UB960JQO03,HIGH,2022-08-03,ACTIVE
VND-01650,VoltEdge Solutions Holdings,MANUFACTURER,Ireland,REG-XK958WTK73,LOW,2022-02-06,ACTIVE
VND-01651,RapidCore Consulting LLC,DISTRIBUTOR,South Africa,REG-LG232BIM34,LOW,2024-03-14,ACTIVE
VND-01652,UltraVista Technologies Inc,SERVICE_PROVIDER,United States,REG-UU028OQN51,LOW,2019-11-12,ACTIVE
VND-01653,RedPoint Consulting,SUPPLIER,China,REG-ON342XWB64,HIGH,2020-12-16,ACTIVE
VND-01654,FlowBridge Inc Holdings,LOGISTICS,India,REG-CV271VNY60,LOW,2018-09-28,ACTIVE
VND-01655,RedPoint Consulting,SERVICE_PROVIDER,United Kingdom,REG-NX077YLH63,LOW,2016-02-06,ACTIVE
VND-01656,HarborLight Services Group,MANUFACTURER,India,REG-HK128WNH98,LOW,2020-11-26,ACTIVE
VND-01657,GlobalNex Corp Ltd,MANUFACTURER,China,REG-MN795FZG56,LOW,2018-11-30,ACTIVE
VND-01658,MomentumCore Corp,CONSULTANT,Germany,REG-DB574AYZ81,MEDIUM,2015-07-16,ACTIVE
VND-01659,WaveCore Manufacturing Inc,MANUFACTURER,UAE,REG-TE661BPT55,HIGH,2023-04-25,ACTIVE
VND-01660,ZenithBridge Corp International,CONSULTANT,India,REG-RU316PUC70,LOW,2021-08-23,ACTIVE
VND-01661,JetStream Analytics LLC,CONSULTANT,Canada,REG-IH232JIS90,LOW,2016-06-01,ACTIVE
VND-01662,VoltEdge Solutions LLC,MANUFACTURER,India,REG-VQ700SXN93,LOW,2019-02-25,ACTIVE
VND-01663,DawnTech Services Group,CONTRACTOR,Australia,REG-HJ626VZZ22,LOW,2019-12-03,ACTIVE
VND-01664,BlueStar Procurement Ltd,LOGISTICS,United Kingdom,REG-FN251TZO20,LOW,2023-01-21,ACTIVE
VND-01665,TrueNorth Services International,CONTRACTOR,United States,REG-YB549VBE50,LOW,2023-08-23,ACTIVE
VND-01666,PrimeAxis Corp,DISTRIBUTOR,United States,REG-YW026MUH08,LOW,2016-11-07,ACTIVE
VND-01667,FusionCore Analytics Inc,SERVICE_PROVIDER,Netherlands,REG-OF221AEH05,LOW,2015-02-13,ACTIVE
VND-01668,FusionCore Analytics Ltd,MANUFACTURER,UAE,REG-IM776ZOA87,HIGH,2022-09-07,ACTIVE
VND-01669,NexPoint Analytics Group,MANUFACTURER,United States,REG-UQ477IXN42,LOW,2024-04-28,ACTIVE
VND-01670,WavePath Inc Holdings,MANUFACTURER,UAE,REG-IO177GIZ93,MEDIUM,2017-09-27,ACTIVE
VND-01671,ClearPath Logistics Group,LOGISTICS,UAE,REG-SN231GPO16,LOW,2022-07-25,ACTIVE
VND-01672,XcelPath Networks Inc,DISTRIBUTOR,Germany,REG-QL424HHK57,HIGH,2016-06-30,ACTIVE
VND-01673,YieldPoint Partners Group,SUPPLIER,Germany,REG-QJ425LVC65,HIGH,2019-03-09,ACTIVE
VND-01674,IronPoint Manufacturing Inc,LOGISTICS,United States,REG-JO603CYP20,HIGH,2023-08-06,ACTIVE
VND-01675,QuantumEdge Solutions Group,MANUFACTURER,Japan,REG-EE265WMO09,LOW,2015-01-10,ACTIVE
VND-01676,TrueNorth Services LLC,LOGISTICS,United States,REG-NQ967ICH37,LOW,2020-10-12,ACTIVE
VND-01677,Epsilon_Group International,CONTRACTOR,United States,REG-QV485ZFX52,HIGH,2015-08-24,BLACKLISTED
VND-01678,WaveCore Manufacturing,CONTRACTOR,United Kingdom,REG-QE871YXB58,LOW,2015-01-22,ACTIVE
VND-01679,BlueStar Procurement International,SUPPLIER,UAE,REG-DH082HJT13,LOW,2017-03-20,ACTIVE
VND-01680,HarborLight Services International,CONSULTANT,India,REG-BJ425FGL47,LOW,2015-01-29,ACTIVE
VND-01681,TrueNorth Services Holdings,CONSULTANT,UAE,REG-XB683MUV23,LOW,2019-10-21,ACTIVE
VND-01682,ClearPath Logistics LLC,SERVICE_PROVIDER,United Kingdom,REG-HH589DZI29,MEDIUM,2024-05-31,ACTIVE
VND-01683,Apex Solutions Holdings,CONSULTANT,United States,REG-XK583GRK82,LOW,2022-12-14,ACTIVE
VND-01684,ZenithBridge Corp International,CONTRACTOR,United States,REG-BM932RDZ89,LOW,2023-05-06,ACTIVE
VND-01685,EcoVenture Supplies LLC,SUPPLIER,Singapore,REG-DU468IUT67,LOW,2017-12-24,ACTIVE
VND-01686,SkyBridge Logistics LLC,CONTRACTOR,Singapore,REG-NU014NME84,LOW,2016-06-05,ACTIVE
VND-01687,Beta_Supplies Inc,CONSULTANT,United States,REG-KW062ZPZ27,LOW,2019-05-12,ACTIVE
VND-01688,InnoCore Dynamics Group,DISTRIBUTOR,United States,REG-PW266EOR93,HIGH,2018-11-10,INACTIVE
VND-01689,SkyBridge Logistics Inc,SERVICE_PROVIDER,Brazil,REG-NC261JRR92,MEDIUM,2018-11-02,ACTIVE
VND-01690,SilverPath Holdings,SUPPLIER,Singapore,REG-HG501XOM84,MEDIUM,2020-06-13,ACTIVE
VND-01691,GreenBridge Consulting Group,CONTRACTOR,United States,REG-IV737NDJ41,LOW,2017-10-18,ACTIVE
VND-01692,PrimeAxis Corp LLC,SERVICE_PROVIDER,United Kingdom,REG-QH154ODB06,MEDIUM,2024-03-15,BLACKLISTED
VND-01693,GlobalNex Corp LLC,DISTRIBUTOR,South Africa,REG-HG927FUM43,LOW,2023-03-11,ACTIVE
VND-01694,LucentBridge Technologies LLC,CONSULTANT,United Kingdom,REG-AD953OGX76,LOW,2022-02-11,BLACKLISTED
VND-01695,RedPoint Consulting Group,SERVICE_PROVIDER,United States,REG-AQ444QWF85,LOW,2016-08-21,ACTIVE
VND-01696,DeltaPath Logistics International,DISTRIBUTOR,India,REG-FO017LBQ39,LOW,2019-07-27,ACTIVE
VND-01697,OmegaLink Systems Holdings,SERVICE_PROVIDER,United States,REG-KY417MHQ89,MEDIUM,2019-10-12,BLACKLISTED
VND-01698,TrueNorth Services,CONTRACTOR,India,REG-YP609GKG19,LOW,2018-01-07,ACTIVE
VND-01699,PrimeAxis Corp Holdings,CONSULTANT,United States,REG-AZ135TVC99,HIGH,2015-07-14,INACTIVE
VND-01700,UltraVista Technologies Group,SERVICE_PROVIDER,India,REG-CZ577ZOV98,LOW,2018-03-14,ACTIVE
VND-01701,LatticeCore Partners Holdings,CONTRACTOR,Germany,REG-BO603VGS92,HIGH,2020-07-05,ACTIVE
VND-01702,Apex Solutions LLC,LOGISTICS,United States,REG-RW607WPR45,LOW,2021-03-10,ACTIVE
VND-01703,XcelPath Networks LLC,DISTRIBUTOR,UAE,REG-XY705KNJ74,LOW,2023-09-25,ACTIVE
VND-01704,RedPoint Consulting Group,SERVICE_PROVIDER,United States,REG-FF856VWN52,LOW,2021-07-21,ACTIVE
VND-01705,WavePath Inc Ltd,SUPPLIER,Brazil,REG-UF835OZU41,MEDIUM,2016-05-07,ACTIVE
VND-01706,Gamma_Co Group,MANUFACTURER,Australia,REG-QT972FWV63,HIGH,2017-03-01,BLACKLISTED
VND-01707,IronPoint Manufacturing Ltd,CONTRACTOR,France,REG-BH752MLT25,HIGH,2018-11-05,ACTIVE
VND-01708,VoltEdge Solutions Group,CONSULTANT,United Kingdom,REG-LZ884NSE88,CRITICAL,2015-06-29,INACTIVE
VND-01709,XpressCore Dynamics Inc,CONTRACTOR,Canada,REG-QJ311TVI96,LOW,2021-04-14,ACTIVE
VND-01710,BlueStar Procurement,SERVICE_PROVIDER,UAE,REG-VZ562SNK61,LOW,2020-05-31,ACTIVE
VND-01711,BridgeTech Consulting Group,CONTRACTOR,United States,REG-PJ153JQR70,HIGH,2021-09-20,ACTIVE
VND-01712,DeltaPath Logistics Inc,CONSULTANT,Canada,REG-OC073PZN33,LOW,2022-10-12,INACTIVE
VND-01713,GreenBridge Consulting,SERVICE_PROVIDER,Netherlands,REG-NE204CAJ30,LOW,2016-11-08,ACTIVE
VND-01714,ZenithBridge Corp Ltd,CONSULTANT,United Kingdom,REG-HL893ZOK62,LOW,2018-01-17,ACTIVE
VND-01715,LucentBridge Technologies LLC,LOGISTICS,Netherlands,REG-XX645PUI46,LOW,2015-02-06,ACTIVE
VND-01716,HorizonEdge Inc Holdings,LOGISTICS,United Kingdom,REG-YI512LIG53,LOW,2018-05-27,ACTIVE
VND-01717,HarborLight Services Group,SUPPLIER,UAE,REG-ZM878OUW51,LOW,2017-07-06,ACTIVE
VND-01718,JetStream Analytics Holdings,CONTRACTOR,United States,REG-DD837NCF49,LOW,2016-06-28,ACTIVE
VND-01719,Gamma_Co Group,SUPPLIER,United States,REG-JC961JPD20,LOW,2020-12-29,ACTIVE
VND-01720,XcelPath Networks Holdings,MANUFACTURER,China,REG-EU572RKQ15,LOW,2015-12-07,ACTIVE
VND-01721,NexPoint Analytics Holdings,SUPPLIER,Japan,REG-ZN097QCT62,LOW,2018-08-22,ACTIVE
VND-01722,OmegaLink Systems LLC,CONSULTANT,India,REG-ZG845AJX39,MEDIUM,2018-02-19,ACTIVE
VND-01723,YellowBridge Partners Inc,SUPPLIER,Canada,REG-DT895WWL09,HIGH,2021-07-17,ACTIVE
VND-01724,OpenBridge Systems LLC,DISTRIBUTOR,United Kingdom,REG-AU119KUM18,HIGH,2021-10-11,ACTIVE
VND-01725,RedPoint Consulting Group,MANUFACTURER,Canada,REG-PF392UHV20,MEDIUM,2021-07-10,ACTIVE
VND-01726,VoltEdge Solutions International,CONSULTANT,France,REG-ZA116YSE96,LOW,2019-02-18,ACTIVE
VND-01727,LatticeCore Partners Inc,CONSULTANT,China,REG-WL252TBQ14,LOW,2016-12-22,ACTIVE
VND-01728,PeakVault Services Holdings,CONTRACTOR,United Kingdom,REG-MO712WPO46,LOW,2015-03-28,ACTIVE
VND-01729,SkyBridge Logistics Ltd,SUPPLIER,United States,REG-QB157MDJ18,MEDIUM,2017-02-08,ACTIVE
VND-01730,PeakVault Services International,MANUFACTURER,UAE,REG-HA051AUY20,LOW,2016-02-15,ACTIVE
VND-01731,Apex Solutions Ltd,SERVICE_PROVIDER,Canada,REG-EL409MON95,LOW,2016-02-13,ACTIVE
VND-01732,XpressCore Dynamics Inc,SUPPLIER,United States,REG-GR728JMX35,LOW,2022-03-24,ACTIVE
VND-01733,JetStream Analytics LLC,SUPPLIER,United States,REG-JC927BNC28,LOW,2021-09-22,ACTIVE
VND-01734,WavePath Inc,LOGISTICS,United States,REG-WR814LLH41,HIGH,2018-10-18,ACTIVE
VND-01735,KryptonPath Ltd International,CONSULTANT,India,REG-JN217VDQ39,LOW,2024-02-23,ACTIVE
VND-01736,DeltaPath Logistics Ltd,CONTRACTOR,Japan,REG-EV867PXJ18,LOW,2022-10-05,ACTIVE
VND-01737,CoreVault Systems,CONTRACTOR,United States,REG-WD373EZQ60,LOW,2021-02-08,ACTIVE
VND-01738,JetStream Analytics,SUPPLIER,United Kingdom,REG-HK918KSI15,LOW,2017-07-07,ACTIVE
VND-01739,PeakVault Services Holdings,MANUFACTURER,Canada,REG-UI868CWM34,LOW,2017-07-14,ACTIVE
VND-01740,HarborLight Services International,SUPPLIER,United Kingdom,REG-FF466BFG66,LOW,2016-11-25,ACTIVE
VND-01741,WaveCore Manufacturing,CONTRACTOR,United States,REG-TF587YXS96,LOW,2021-11-26,INACTIVE
VND-01742,FlowBridge Inc,CONSULTANT,United Kingdom,REG-TL080VKI31,LOW,2021-10-12,ACTIVE
VND-01743,LatticeCore Partners LLC,CONSULTANT,India,REG-DT250YMW80,LOW,2019-10-08,ACTIVE
VND-01744,GlobalNex Corp Holdings,MANUFACTURER,Canada,REG-LG806XRS88,LOW,2020-08-06,ACTIVE
VND-01745,UnityCore Technologies Inc,LOGISTICS,United States,REG-OT031UET72,HIGH,2015-11-09,BLACKLISTED
VND-01746,YellowBridge Partners LLC,CONTRACTOR,United States,REG-AC373YNS99,MEDIUM,2016-08-23,BLACKLISTED
VND-01747,Alpha_Inc International,SUPPLIER,United States,REG-LY140OXZ35,LOW,2024-02-19,ACTIVE
VND-01748,RedPoint Consulting Group,CONTRACTOR,United States,REG-NQ022QBR93,LOW,2016-01-06,INACTIVE
VND-01749,UltraVista Technologies International,SERVICE_PROVIDER,Singapore,REG-SA943AAY46,LOW,2019-10-03,ACTIVE
VND-01750,InnoCore Dynamics Inc,CONSULTANT,Canada,REG-AO437SZC49,LOW,2022-05-02,ACTIVE
VND-01751,IronPoint Manufacturing International,DISTRIBUTOR,United Kingdom,REG-HK723YFE11,LOW,2020-12-21,ACTIVE
VND-01752,Acuity Systems Ltd,LOGISTICS,United Kingdom,REG-RT285SZS24,LOW,2021-06-24,ACTIVE
VND-01753,Apex Solutions Group,CONTRACTOR,China,REG-GW844HZM94,MEDIUM,2015-03-12,ACTIVE
VND-01754,HarborLight Services,CONTRACTOR,United States,REG-HC187EEG32,LOW,2018-12-01,ACTIVE
VND-01755,Epsilon_Group Ltd,CONSULTANT,United Kingdom,REG-FW130SZE62,LOW,2019-09-21,ACTIVE
VND-01756,InnoCore Dynamics,MANUFACTURER,United States,REG-VJ369CMX57,MEDIUM,2022-10-20,ACTIVE
VND-01757,BlueStar Procurement Holdings,MANUFACTURER,United States,REG-CK083AJV35,LOW,2015-08-10,ACTIVE
VND-01758,Beta_Supplies Ltd,SUPPLIER,United States,REG-PD425ZYJ73,LOW,2016-10-09,ACTIVE
VND-01759,EdgeWave Technologies,LOGISTICS,Singapore,REG-OM481VQU32,LOW,2021-05-20,ACTIVE
VND-01760,WavePath Inc Group,DISTRIBUTOR,India,REG-MH707SJK13,LOW,2023-05-23,ACTIVE
VND-01761,ClearPath Logistics Inc,MANUFACTURER,United States,REG-RE285AHI01,LOW,2022-03-26,ACTIVE
VND-01762,PeakVault Services,LOGISTICS,United Kingdom,REG-CJ092GRO55,LOW,2021-10-10,ACTIVE
VND-01763,Beta_Supplies International,SERVICE_PROVIDER,China,REG-YX060KHO90,LOW,2022-08-16,ACTIVE
VND-01764,KryptonPath Ltd,MANUFACTURER,United Kingdom,REG-PE098KPY10,MEDIUM,2018-06-07,ACTIVE
VND-01765,FlowBridge Inc Ltd,CONSULTANT,United Kingdom,REG-RF496NQW73,LOW,2019-03-27,ACTIVE
VND-01766,ZenithBridge Corp Group,MANUFACTURER,China,REG-XO772JSO78,LOW,2024-03-22,ACTIVE
VND-01767,TitanPath Holdings International,CONTRACTOR,Ireland,REG-VB264BZT25,LOW,2020-05-09,ACTIVE
VND-01768,KineticBlue Ltd,CONTRACTOR,Ireland,REG-OZ207IOW68,LOW,2024-01-04,ACTIVE
VND-01769,GlobalNex Corp,DISTRIBUTOR,Germany,REG-UC366CYD67,LOW,2019-01-25,ACTIVE
VND-01770,IronPoint Manufacturing,CONSULTANT,Brazil,REG-UH555NPN62,LOW,2015-09-25,ACTIVE
VND-01771,MeridianTech Ltd,MANUFACTURER,United States,REG-DJ393WYA95,LOW,2017-04-06,ACTIVE
VND-01772,KryptonPath Ltd,DISTRIBUTOR,France,REG-EG543IPC62,LOW,2015-07-03,ACTIVE
VND-01773,TrueNorth Services,LOGISTICS,India,REG-NV496JKQ03,LOW,2018-12-31,ACTIVE
VND-01774,UltraVista Technologies Inc,MANUFACTURER,Germany,REG-BS686NYK27,HIGH,2019-05-20,ACTIVE
VND-01775,GlobalNex Corp Holdings,MANUFACTURER,Netherlands,REG-KY249ZMJ26,HIGH,2019-07-27,INACTIVE
VND-01776,JetStream Analytics,LOGISTICS,Canada,REG-WF657UNW32,LOW,2021-08-02,ACTIVE
VND-01777,CoreVault Systems Holdings,CONSULTANT,Australia,REG-FB980ADV11,LOW,2016-10-22,ACTIVE
VND-01778,UnityCore Technologies Group,LOGISTICS,Ireland,REG-NT155EXN32,LOW,2017-06-02,ACTIVE
VND-01779,GreenBridge Consulting Ltd,DISTRIBUTOR,Ireland,REG-TL597STG75,LOW,2023-03-04,ACTIVE
VND-01780,ClearPath Logistics Inc,CONTRACTOR,India,REG-HI822NAK26,LOW,2016-06-21,ACTIVE
VND-01781,BlueStar Procurement,LOGISTICS,Canada,REG-HQ887JCG43,LOW,2022-12-29,ACTIVE
VND-01782,MomentumCore Corp,DISTRIBUTOR,Japan,REG-EK026XBL76,LOW,2016-09-16,BLACKLISTED
VND-01783,Apex Solutions Group,LOGISTICS,India,REG-CB579FQK92,CRITICAL,2023-08-05,ACTIVE
VND-01784,Alpha_Inc,SUPPLIER,Australia,REG-LI551NTR51,LOW,2020-08-05,INACTIVE
VND-01785,KineticBlue Ltd,DISTRIBUTOR,Canada,REG-ST621YYF35,LOW,2018-02-21,ACTIVE
VND-01786,UnityCore Technologies Inc,CONTRACTOR,France,REG-LA597KXQ09,LOW,2020-03-02,ACTIVE
VND-01787,ClearPath Logistics LLC,SUPPLIER,China,REG-FU384KDP80,HIGH,2016-07-29,INACTIVE
VND-01788,SilverPath Holdings International,LOGISTICS,Japan,REG-VC344RVW76,LOW,2019-08-03,ACTIVE
VND-01789,XcelPath Networks Ltd,CONTRACTOR,Canada,REG-IN715AVK80,HIGH,2022-01-02,ACTIVE
VND-01790,ClearPath Logistics Holdings,SUPPLIER,Japan,REG-YY046CSR37,LOW,2022-08-27,ACTIVE
VND-01791,Alpha_Inc Group,LOGISTICS,China,REG-YB465ATV58,HIGH,2022-11-06,ACTIVE
VND-01792,SilverPath Holdings International,DISTRIBUTOR,Singapore,REG-FS254RFC83,LOW,2016-10-10,ACTIVE
VND-01793,DawnTech Services LLC,CONTRACTOR,Australia,REG-ZI158ZWG10,MEDIUM,2016-01-18,ACTIVE
VND-01794,Gamma_Co International,SUPPLIER,United Kingdom,REG-JK312ZPX51,LOW,2016-03-22,ACTIVE
VND-01795,ZenithBridge Corp Inc,CONSULTANT,Singapore,REG-NE110JLO05,MEDIUM,2019-11-10,INACTIVE
VND-01796,MomentumCore Corp International,MANUFACTURER,France,REG-DT751IMV91,LOW,2017-05-20,ACTIVE
VND-01797,IronPoint Manufacturing Group,CONSULTANT,Japan,REG-BY121RON10,LOW,2020-04-08,ACTIVE
VND-01798,MomentumCore Corp Inc,SUPPLIER,Canada,REG-ME016MTF58,LOW,2019-04-07,ACTIVE
VND-01799,NorthBridge Supplies,LOGISTICS,United States,REG-DC927LGA49,MEDIUM,2017-05-16,BLACKLISTED
VND-01800,RedPoint Consulting Holdings,CONSULTANT,United States,REG-IK123MSH42,HIGH,2022-02-16,INACTIVE
VND-01801,FlowBridge Inc Holdings,SERVICE_PROVIDER,Singapore,REG-KZ132OLS53,LOW,2022-12-27,ACTIVE
VND-01802,QuantumEdge Solutions Group,SUPPLIER,United States,REG-BQ968WVP43,LOW,2024-04-24,ACTIVE
VND-01803,XpressCore Dynamics Holdings,CONSULTANT,Germany,REG-ED804EFW42,MEDIUM,2016-11-04,ACTIVE
VND-01804,IronPoint Manufacturing LLC,CONSULTANT,Singapore,REG-AV096RFU17,HIGH,2023-10-16,ACTIVE
VND-01805,YieldPoint Partners Inc,DISTRIBUTOR,Brazil,REG-QU959UCW19,LOW,2015-02-10,ACTIVE
VND-01806,LucentBridge Technologies Ltd,CONTRACTOR,Germany,REG-UI757VMO47,LOW,2016-08-15,ACTIVE
VND-01807,JetStream Analytics International,SUPPLIER,Singapore,REG-DD920UYZ56,LOW,2018-07-20,ACTIVE
VND-01808,ClearPath Logistics Inc,MANUFACTURER,Australia,REG-VW777YAB22,LOW,2016-05-29,ACTIVE
VND-01809,CoreVault Systems Group,CONSULTANT,Singapore,REG-XA256BYQ26,LOW,2023-05-13,ACTIVE
VND-01810,MomentumCore Corp International,CONTRACTOR,United Kingdom,REG-GB229ZEJ23,LOW,2017-06-04,ACTIVE
VND-01811,KryptonPath Ltd,LOGISTICS,Canada,REG-ZK453TJR07,HIGH,2019-02-25,BLACKLISTED
VND-01812,GreenBridge Consulting Inc,MANUFACTURER,France,REG-BB337KFQ97,LOW,2016-05-25,ACTIVE
VND-01813,Acuity Systems Holdings,LOGISTICS,UAE,REG-TE051MSJ15,LOW,2018-12-13,ACTIVE
VND-01814,VertiLink Distributors,SERVICE_PROVIDER,Singapore,REG-FA387TOK36,LOW,2016-12-21,INACTIVE
VND-01815,KineticBlue Ltd,SERVICE_PROVIDER,India,REG-HM549IHS69,LOW,2019-11-21,ACTIVE
VND-01816,BlueStar Procurement LLC,MANUFACTURER,Japan,REG-EE552BCX59,MEDIUM,2018-03-06,ACTIVE
VND-01817,GlobalNex Corp,LOGISTICS,United States,REG-UO633EYR53,HIGH,2024-01-15,BLACKLISTED
VND-01818,Acuity Systems,MANUFACTURER,Japan,REG-IU859YOK53,LOW,2020-07-26,ACTIVE
VND-01819,ClearPath Logistics Ltd,LOGISTICS,United States,REG-FK399EBU33,HIGH,2021-07-08,ACTIVE
VND-01820,NorthBridge Supplies Group,SERVICE_PROVIDER,China,REG-UF816HFD29,LOW,2023-09-18,ACTIVE
VND-01821,EcoVenture Supplies,LOGISTICS,Australia,REG-XM941YXR76,LOW,2018-12-07,ACTIVE
VND-01822,UnityCore Technologies Inc,SERVICE_PROVIDER,United States,REG-OO250AUW73,LOW,2023-04-24,ACTIVE
VND-01823,GreenBridge Consulting Holdings,MANUFACTURER,India,REG-UF978UMI24,HIGH,2018-01-01,INACTIVE
VND-01824,Acuity Systems LLC,SUPPLIER,Singapore,REG-SU339DVM91,LOW,2017-09-16,ACTIVE
VND-01825,Alpha_Inc Holdings,DISTRIBUTOR,Brazil,REG-BS884ATQ36,LOW,2024-02-28,ACTIVE
VND-01826,KryptonPath Ltd International,DISTRIBUTOR,Canada,REG-PP324WAF00,LOW,2017-09-17,ACTIVE
VND-01827,Beta_Supplies,DISTRIBUTOR,Singapore,REG-JK572MCW76,LOW,2023-12-27,ACTIVE
VND-01828,VoltEdge Solutions Group,CONTRACTOR,Netherlands,REG-MT514MDS74,LOW,2019-07-10,ACTIVE
VND-01829,UnityCore Technologies Inc,DISTRIBUTOR,United States,REG-HD292UJE50,LOW,2016-06-01,ACTIVE
VND-01830,Beta_Supplies Inc,CONTRACTOR,China,REG-BO525BPU68,LOW,2022-01-13,ACTIVE
VND-01831,FlowBridge Inc,SERVICE_PROVIDER,United States,REG-PS625UKW90,LOW,2015-04-16,ACTIVE
VND-01832,BridgeTech Consulting Ltd,DISTRIBUTOR,United States,REG-FE908EIJ02,LOW,2022-12-08,ACTIVE
VND-01833,VoltEdge Solutions Group,MANUFACTURER,Japan,REG-WX182WVF31,LOW,2020-02-02,ACTIVE
VND-01834,PeakVault Services Group,CONSULTANT,UAE,REG-ID651HAP76,MEDIUM,2018-05-01,ACTIVE
VND-01835,Delta_Logistics Inc,LOGISTICS,India,REG-CK628HWQ13,MEDIUM,2019-03-29,ACTIVE
VND-01836,JetStream Analytics LLC,MANUFACTURER,Brazil,REG-DP330SOE80,LOW,2015-04-05,ACTIVE
VND-01837,MomentumCore Corp,CONSULTANT,India,REG-IG003UUY32,MEDIUM,2016-03-14,ACTIVE
VND-01838,EdgeWave Technologies International,LOGISTICS,United Kingdom,REG-BQ608TSA47,LOW,2019-01-20,ACTIVE
VND-01839,BridgeTech Consulting International,SERVICE_PROVIDER,Japan,REG-CN810OLF39,LOW,2015-10-29,ACTIVE
VND-01840,YieldPoint Partners Holdings,SERVICE_PROVIDER,United Kingdom,REG-GK051ZNJ95,LOW,2022-02-08,ACTIVE
VND-01841,LatticeCore Partners LLC,MANUFACTURER,South Africa,REG-JX809GYK44,LOW,2021-05-12,ACTIVE
VND-01842,VertiLink Distributors Holdings,DISTRIBUTOR,Brazil,REG-UQ394ZHP53,MEDIUM,2020-06-05,ACTIVE
VND-01843,WavePath Inc Holdings,CONSULTANT,South Africa,REG-PQ470GXZ79,LOW,2016-05-13,ACTIVE
VND-01844,GreenBridge Consulting Inc,CONSULTANT,Canada,REG-ZG321VNM06,LOW,2016-09-16,ACTIVE
VND-01845,UltraVista Technologies Group,SUPPLIER,United States,REG-XD943DPO94,LOW,2017-06-19,ACTIVE
VND-01846,FlowBridge Inc Holdings,DISTRIBUTOR,Ireland,REG-BT394ANL38,LOW,2022-12-10,ACTIVE
VND-01847,FusionCore Analytics International,SERVICE_PROVIDER,United Kingdom,REG-DZ537MWK65,LOW,2020-09-30,ACTIVE
VND-01848,Epsilon_Group LLC,SERVICE_PROVIDER,United States,REG-YQ778PEN94,LOW,2018-02-25,ACTIVE
VND-01849,TrueNorth Services Group,CONSULTANT,France,REG-AR100ATC90,LOW,2023-11-27,ACTIVE
VND-01850,MomentumCore Corp LLC,LOGISTICS,Germany,REG-XN692PMB10,LOW,2018-01-17,ACTIVE
VND-01851,BlueStar Procurement Group,CONTRACTOR,Canada,REG-TX514CHT60,LOW,2021-05-12,ACTIVE
VND-01852,ClearPath Logistics Group,DISTRIBUTOR,India,REG-OV247RYB31,MEDIUM,2015-05-19,ACTIVE
VND-01853,Gamma_Co LLC,CONTRACTOR,Canada,REG-UP720DLS11,LOW,2020-12-12,ACTIVE
VND-01854,UltraVista Technologies International,CONSULTANT,Germany,REG-EE844USJ09,LOW,2023-11-14,ACTIVE
VND-01855,XcelPath Networks Holdings,LOGISTICS,Germany,REG-CF316BDA60,LOW,2016-08-17,ACTIVE
VND-01856,Apex Solutions LLC,CONSULTANT,Australia,REG-XR209TSU01,LOW,2018-09-09,ACTIVE
VND-01857,OmegaLink Systems Ltd,SERVICE_PROVIDER,India,REG-MP734SCZ04,LOW,2015-09-29,ACTIVE
VND-01858,GlobalNex Corp Ltd,MANUFACTURER,South Africa,REG-SF009YOT68,LOW,2018-02-12,ACTIVE
VND-01859,RapidCore Consulting,MANUFACTURER,Singapore,REG-XD045EIK19,HIGH,2021-06-08,BLACKLISTED
VND-01860,Gamma_Co Holdings,CONSULTANT,United States,REG-UV558OWA82,LOW,2017-03-22,ACTIVE
VND-01861,RedPoint Consulting International,SUPPLIER,Australia,REG-WX296SJR57,MEDIUM,2016-05-03,ACTIVE
VND-01862,YieldPoint Partners Group,SUPPLIER,India,REG-FM786QIV56,LOW,2021-06-18,ACTIVE
VND-01863,KryptonPath Ltd,CONTRACTOR,United States,REG-CV577GOJ82,LOW,2020-03-06,ACTIVE
VND-01864,IronPoint Manufacturing Ltd,CONTRACTOR,Ireland,REG-IY958NSZ29,MEDIUM,2015-06-10,ACTIVE
VND-01865,Beta_Supplies Inc,MANUFACTURER,India,REG-CH161GKA88,LOW,2019-08-28,ACTIVE
VND-01866,ZenithBridge Corp,LOGISTICS,Germany,REG-FH482UUZ35,LOW,2021-03-29,ACTIVE
VND-01867,TrueNorth Services LLC,SERVICE_PROVIDER,Ireland,REG-OK586WVA86,LOW,2020-02-05,ACTIVE
VND-01868,XcelPath Networks Ltd,SUPPLIER,United Kingdom,REG-TA137YGZ23,HIGH,2016-02-25,ACTIVE
VND-01869,GlobalNex Corp Holdings,MANUFACTURER,Singapore,REG-PW172ZTN14,LOW,2022-09-17,ACTIVE
VND-01870,VoltEdge Solutions Inc,LOGISTICS,UAE,REG-BS813HNL00,LOW,2019-02-19,ACTIVE
VND-01871,DeltaPath Logistics Holdings,SUPPLIER,United States,REG-BW114QZA71,CRITICAL,2023-10-21,BLACKLISTED
VND-01872,QuantumEdge Solutions Holdings,DISTRIBUTOR,Canada,REG-NT945BNL65,LOW,2022-09-18,ACTIVE
VND-01873,InnoCore Dynamics Ltd,SUPPLIER,United States,REG-CF799UWB07,LOW,2020-03-02,ACTIVE
VND-01874,LucentBridge Technologies Inc,MANUFACTURER,Australia,REG-BS476LNW81,LOW,2019-08-20,ACTIVE
VND-01875,PrimeAxis Corp Ltd,MANUFACTURER,France,REG-WF706EQI07,LOW,2020-05-11,ACTIVE
VND-01876,VoltEdge Solutions International,SUPPLIER,India,REG-YV113VPM17,HIGH,2017-07-14,ACTIVE
VND-01877,WaveCore Manufacturing Ltd,LOGISTICS,India,REG-XT705CNN48,MEDIUM,2024-05-15,ACTIVE
VND-01878,NorthBridge Supplies LLC,SUPPLIER,France,REG-RX610BGC29,LOW,2015-11-16,ACTIVE
VND-01879,NorthBridge Supplies International,SERVICE_PROVIDER,United Kingdom,REG-SK182YZI74,LOW,2024-03-06,ACTIVE
VND-01880,Gamma_Co Ltd,DISTRIBUTOR,Netherlands,REG-FL049CSK18,LOW,2023-07-17,ACTIVE
VND-01881,TrueNorth Services LLC,MANUFACTURER,United States,REG-HR049JEM56,MEDIUM,2020-02-03,ACTIVE
VND-01882,InnoCore Dynamics Group,SERVICE_PROVIDER,Australia,REG-XV773ZPL06,MEDIUM,2019-01-29,ACTIVE
VND-01883,YellowBridge Partners International,SUPPLIER,India,REG-VR604LFO23,MEDIUM,2017-02-08,ACTIVE
VND-01884,KryptonPath Ltd LLC,CONSULTANT,Australia,REG-IV711MKB22,LOW,2016-02-23,ACTIVE
VND-01885,PrimeAxis Corp,CONSULTANT,India,REG-TH775SXO60,MEDIUM,2020-03-02,ACTIVE
VND-01886,ClearPath Logistics Holdings,SUPPLIER,China,REG-RB816JSB70,LOW,2017-12-23,ACTIVE
VND-01887,JetStream Analytics International,SERVICE_PROVIDER,Netherlands,REG-EZ111GPI45,LOW,2020-08-18,ACTIVE
VND-01888,XcelPath Networks,MANUFACTURER,Canada,REG-LQ102MCQ19,LOW,2015-07-21,ACTIVE
VND-01889,SilverPath Holdings Group,CONSULTANT,Brazil,REG-EY858QLL47,MEDIUM,2019-07-08,ACTIVE
VND-01890,HorizonEdge Inc International,MANUFACTURER,United States,REG-MJ618TIV03,LOW,2016-03-23,ACTIVE
VND-01891,OmegaLink Systems,SUPPLIER,China,REG-YA605HHQ08,LOW,2015-08-06,INACTIVE
VND-01892,GlobalNex Corp Holdings,DISTRIBUTOR,Singapore,REG-ZI498UPE04,LOW,2017-07-16,ACTIVE
VND-01893,VoltEdge Solutions Inc,CONTRACTOR,France,REG-NG337LYJ77,LOW,2022-10-04,ACTIVE
VND-01894,WaveCore Manufacturing LLC,MANUFACTURER,Brazil,REG-JW812EEG28,LOW,2018-03-25,ACTIVE
VND-01895,LatticeCore Partners Ltd,DISTRIBUTOR,France,REG-OX192OQA36,LOW,2022-11-09,ACTIVE
VND-01896,TitanPath Holdings Group,CONTRACTOR,United States,REG-BM060QUX56,MEDIUM,2016-11-28,ACTIVE
VND-01897,DawnTech Services Group,MANUFACTURER,France,REG-EN679YGA32,LOW,2015-02-22,ACTIVE
VND-01898,QuantumEdge Solutions,MANUFACTURER,United States,REG-FX239EBM84,LOW,2016-11-30,ACTIVE
VND-01899,LucentBridge Technologies,LOGISTICS,India,REG-TX061JXP81,LOW,2020-06-23,INACTIVE
VND-01900,BridgeTech Consulting Ltd,CONTRACTOR,United Kingdom,REG-DP054ZVT64,LOW,2022-08-17,ACTIVE
VND-01901,JetStream Analytics Inc,SUPPLIER,India,REG-GF895YWS47,LOW,2016-01-20,ACTIVE
VND-01902,FusionCore Analytics LLC,DISTRIBUTOR,India,REG-IE989VFS99,MEDIUM,2018-12-07,ACTIVE
VND-01903,DawnTech Services,CONTRACTOR,India,REG-OE758QOR89,LOW,2024-04-13,ACTIVE
VND-01904,YellowBridge Partners LLC,SERVICE_PROVIDER,United States,REG-UU449PKM83,MEDIUM,2021-09-06,INACTIVE
VND-01905,OpenBridge Systems,SERVICE_PROVIDER,United Kingdom,REG-RA543RQM58,LOW,2016-08-28,ACTIVE
VND-01906,FusionCore Analytics,DISTRIBUTOR,Singapore,REG-MR639RXT24,LOW,2017-09-27,ACTIVE
VND-01907,MeridianTech International,SUPPLIER,India,REG-LH885LHU37,LOW,2022-03-01,ACTIVE
VND-01908,ClearPath Logistics Ltd,CONTRACTOR,Germany,REG-LP433ZFX95,MEDIUM,2016-12-17,ACTIVE
VND-01909,Acuity Systems Holdings,CONSULTANT,United States,REG-DI367VJQ49,MEDIUM,2018-06-20,ACTIVE
VND-01910,Beta_Supplies Ltd,SERVICE_PROVIDER,Australia,REG-JZ914AEM16,LOW,2016-05-18,ACTIVE
VND-01911,WaveCore Manufacturing Holdings,SUPPLIER,France,REG-RG477KAM89,LOW,2016-03-27,ACTIVE
VND-01912,SkyBridge Logistics Group,CONTRACTOR,Japan,REG-GE406BYU79,HIGH,2020-11-12,ACTIVE
VND-01913,FusionCore Analytics Holdings,LOGISTICS,India,REG-WZ122DCE15,LOW,2015-09-22,ACTIVE
VND-01914,SilverPath Holdings Inc,SUPPLIER,United States,REG-IY418GVR84,LOW,2021-08-26,ACTIVE
VND-01915,WaveCore Manufacturing LLC,SUPPLIER,United States,REG-AH630VNU90,LOW,2024-05-09,ACTIVE
VND-01916,SilverPath Holdings Inc,MANUFACTURER,China,REG-ON446MKW33,LOW,2020-08-18,ACTIVE
VND-01917,RedPoint Consulting Group,CONSULTANT,Singapore,REG-BJ485LUW32,LOW,2023-03-22,ACTIVE
VND-01918,OmegaLink Systems,CONTRACTOR,India,REG-NB326KFK38,LOW,2020-04-22,ACTIVE
VND-01919,BlueStar Procurement International,CONTRACTOR,India,REG-PA947OPD11,MEDIUM,2016-02-06,ACTIVE
VND-01920,BlueStar Procurement LLC,LOGISTICS,Brazil,REG-GA922PQT34,LOW,2018-08-13,ACTIVE
VND-01921,QuantumEdge Solutions Group,DISTRIBUTOR,United Kingdom,REG-NO699GFA67,LOW,2019-09-02,ACTIVE
VND-01922,KryptonPath Ltd LLC,DISTRIBUTOR,United Kingdom,REG-WY772BIW69,LOW,2020-03-03,ACTIVE
VND-01923,BlueStar Procurement,DISTRIBUTOR,Australia,REG-VU437BFG68,LOW,2016-07-21,ACTIVE
VND-01924,SkyBridge Logistics LLC,SERVICE_PROVIDER,Germany,REG-XJ967TEM93,LOW,2019-01-04,ACTIVE
VND-01925,Acuity Systems International,DISTRIBUTOR,United States,REG-UW626ZRP33,LOW,2015-04-24,ACTIVE
VND-01926,XpressCore Dynamics Group,CONTRACTOR,India,REG-BR436KPP97,HIGH,2021-11-24,ACTIVE
VND-01927,NexPoint Analytics Ltd,CONTRACTOR,United States,REG-WX170YBF69,LOW,2021-05-05,ACTIVE
VND-01928,ZenithBridge Corp LLC,SERVICE_PROVIDER,Netherlands,REG-QW676ORX16,MEDIUM,2015-01-25,ACTIVE
VND-01929,DeltaPath Logistics Holdings,MANUFACTURER,United States,REG-LP472HMH23,LOW,2024-04-22,ACTIVE
VND-01930,SilverPath Holdings Ltd,MANUFACTURER,Germany,REG-WO306FTK50,LOW,2020-05-26,ACTIVE
VND-01931,LucentBridge Technologies LLC,MANUFACTURER,United States,REG-FH198QCJ04,MEDIUM,2020-09-23,ACTIVE
VND-01932,JadeCore Solutions LLC,CONSULTANT,United Kingdom,REG-OA426TKH42,MEDIUM,2020-07-21,ACTIVE
VND-01933,JetStream Analytics Holdings,CONTRACTOR,United States,REG-KP131YYV90,MEDIUM,2022-01-17,ACTIVE
VND-01934,MeridianTech,SUPPLIER,United States,REG-KP248BZM76,MEDIUM,2015-10-03,ACTIVE
VND-01935,GlobalNex Corp Group,SUPPLIER,France,REG-YL911IHX14,LOW,2017-04-16,ACTIVE
VND-01936,ZenithBridge Corp,CONTRACTOR,Singapore,REG-IL785PYA22,LOW,2016-05-13,ACTIVE
VND-01937,PrimeAxis Corp Inc,CONTRACTOR,South Africa,REG-GG524DZI80,LOW,2021-02-17,ACTIVE
VND-01938,NexPoint Analytics,CONSULTANT,Japan,REG-PM207XKY22,LOW,2019-11-06,ACTIVE
VND-01939,WavePath Inc LLC,CONSULTANT,Netherlands,REG-TH473TPK72,LOW,2017-09-12,ACTIVE
VND-01940,EcoVenture Supplies International,CONTRACTOR,United States,REG-AS901DHZ62,MEDIUM,2018-04-02,ACTIVE
VND-01941,RapidCore Consulting Holdings,SERVICE_PROVIDER,United States,REG-HD768PHW86,HIGH,2019-05-22,ACTIVE
VND-01942,JetStream Analytics,SERVICE_PROVIDER,United States,REG-AK996GFI48,LOW,2018-03-06,ACTIVE
VND-01943,TrueNorth Services,MANUFACTURER,Japan,REG-TH031MAY95,LOW,2022-03-27,ACTIVE
VND-01944,WaveCore Manufacturing Group,MANUFACTURER,Australia,REG-FM645WBN05,LOW,2020-03-31,ACTIVE
VND-01945,WaveCore Manufacturing Ltd,CONSULTANT,Germany,REG-PY627TZP92,LOW,2020-08-23,INACTIVE
VND-01946,GreenBridge Consulting,MANUFACTURER,United States,REG-FZ203DTD74,HIGH,2016-12-15,ACTIVE
VND-01947,VertiLink Distributors International,LOGISTICS,United States,REG-DP537JOG26,LOW,2023-01-08,ACTIVE
VND-01948,TrueNorth Services International,LOGISTICS,Ireland,REG-YP450BEM57,LOW,2015-10-07,ACTIVE
VND-01949,MomentumCore Corp LLC,DISTRIBUTOR,Netherlands,REG-CE458EWV87,LOW,2017-01-08,INACTIVE
VND-01950,InnoCore Dynamics LLC,DISTRIBUTOR,Brazil,REG-GJ348VTJ20,MEDIUM,2018-08-20,ACTIVE
VND-01951,ZenithBridge Corp,SUPPLIER,United Kingdom,REG-OH400XBC83,LOW,2015-07-04,ACTIVE
VND-01952,FusionCore Analytics LLC,CONTRACTOR,United Kingdom,REG-NU659SXD75,LOW,2020-05-05,ACTIVE
VND-01953,VoltEdge Solutions Inc,SUPPLIER,United Kingdom,REG-BW891GCQ77,CRITICAL,2017-08-27,BLACKLISTED
VND-01954,Acuity Systems,DISTRIBUTOR,India,REG-YV898QTC12,MEDIUM,2015-09-11,ACTIVE
VND-01955,EdgeWave Technologies International,CONTRACTOR,South Africa,REG-NY422RZO31,LOW,2023-07-24,ACTIVE
VND-01956,LatticeCore Partners Holdings,MANUFACTURER,Australia,REG-MA004KMA02,LOW,2016-03-16,ACTIVE
VND-01957,KryptonPath Ltd,CONSULTANT,India,REG-NA268EKC94,LOW,2017-03-29,INACTIVE
VND-01958,OmegaLink Systems Group,CONSULTANT,Singapore,REG-KR471FHF37,LOW,2023-04-28,ACTIVE
VND-01959,MeridianTech,SUPPLIER,Japan,REG-QK759JJV57,MEDIUM,2021-07-12,ACTIVE
VND-01960,CoreVault Systems Inc,SUPPLIER,Canada,REG-HR558RZM29,HIGH,2016-07-29,ACTIVE
VND-01961,EdgeWave Technologies Holdings,MANUFACTURER,Ireland,REG-RV330GTF67,MEDIUM,2017-01-29,ACTIVE
VND-01962,NorthBridge Supplies Ltd,SERVICE_PROVIDER,Netherlands,REG-GJ609JOY44,LOW,2024-04-12,ACTIVE
VND-01963,JadeCore Solutions Inc,LOGISTICS,United States,REG-SI337GXA21,LOW,2016-07-18,ACTIVE
VND-01964,EdgeWave Technologies Ltd,CONSULTANT,Netherlands,REG-FP669KNE54,LOW,2015-11-17,ACTIVE
VND-01965,OmegaLink Systems,DISTRIBUTOR,Germany,REG-BJ150AEB66,LOW,2021-09-29,ACTIVE
VND-01966,SilverPath Holdings Inc,SERVICE_PROVIDER,Germany,REG-FF551ZLN43,LOW,2017-10-26,ACTIVE
VND-01967,SilverPath Holdings,DISTRIBUTOR,India,REG-NZ663KVK43,LOW,2020-12-28,ACTIVE
VND-01968,GreenBridge Consulting Holdings,DISTRIBUTOR,United States,REG-GF959FYV61,MEDIUM,2019-06-24,INACTIVE
VND-01969,LucentBridge Technologies International,MANUFACTURER,United States,REG-FY028ZSP67,LOW,2017-12-13,ACTIVE
VND-01970,MeridianTech Holdings,SUPPLIER,United States,REG-CI200SXR72,LOW,2023-07-30,ACTIVE
VND-01971,VertiLink Distributors Inc,SUPPLIER,India,REG-TV591GCL02,LOW,2022-06-10,ACTIVE
VND-01972,KryptonPath Ltd,LOGISTICS,United States,REG-YK109ZFG03,LOW,2022-11-19,ACTIVE
VND-01973,Acuity Systems Ltd,DISTRIBUTOR,United States,REG-EN494SIE98,LOW,2023-04-17,ACTIVE
VND-01974,InnoCore Dynamics Holdings,SUPPLIER,United States,REG-GF794MOS28,MEDIUM,2023-02-10,ACTIVE
VND-01975,PeakVault Services Holdings,SERVICE_PROVIDER,India,REG-SE406ZCW52,LOW,2019-11-03,ACTIVE
VND-01976,OmegaLink Systems,SUPPLIER,United Kingdom,REG-ZP844YTQ66,MEDIUM,2015-08-15,ACTIVE
VND-01977,SkyBridge Logistics LLC,SUPPLIER,China,REG-TJ533CFD72,LOW,2023-04-11,ACTIVE
VND-01978,YieldPoint Partners LLC,SERVICE_PROVIDER,Singapore,REG-IJ912UES17,LOW,2016-05-27,ACTIVE
VND-01979,HarborLight Services Ltd,CONTRACTOR,United Kingdom,REG-BA559HPQ37,LOW,2019-02-15,ACTIVE
VND-01980,PrimeAxis Corp Group,DISTRIBUTOR,United States,REG-PC894XKZ37,LOW,2016-01-12,ACTIVE
VND-01981,Delta_Logistics Inc,DISTRIBUTOR,United States,REG-ZQ351YLF00,LOW,2021-01-05,ACTIVE
VND-01982,VoltEdge Solutions Group,SUPPLIER,United States,REG-UV765TBQ72,CRITICAL,2024-02-11,ACTIVE
VND-01983,SilverPath Holdings,CONTRACTOR,South Africa,REG-QA592FFV02,LOW,2018-07-10,ACTIVE
VND-01984,SilverPath Holdings Group,SERVICE_PROVIDER,France,REG-MF202RMU38,LOW,2021-10-18,ACTIVE
VND-01985,EdgeWave Technologies Holdings,CONSULTANT,France,REG-TV260ZNX05,LOW,2021-02-04,ACTIVE
VND-01986,Epsilon_Group Group,MANUFACTURER,India,REG-MN501JVR78,MEDIUM,2019-12-22,ACTIVE
VND-01987,SilverPath Holdings Inc,CONSULTANT,UAE,REG-LN848NMB68,HIGH,2022-05-01,INACTIVE
VND-01988,IronPoint Manufacturing Ltd,SUPPLIER,Germany,REG-IW079DCS84,MEDIUM,2016-03-03,ACTIVE
VND-01989,NexPoint Analytics International,SUPPLIER,United Kingdom,REG-EA506DMK91,HIGH,2018-02-19,INACTIVE
VND-01990,HorizonEdge Inc Group,MANUFACTURER,China,REG-QT359PCO37,HIGH,2018-06-03,BLACKLISTED
VND-01991,Gamma_Co Inc,SUPPLIER,India,REG-HO946COC40,LOW,2016-08-04,ACTIVE
VND-01992,DawnTech Services,SERVICE_PROVIDER,United States,REG-EZ360ZRI60,LOW,2015-03-29,ACTIVE
VND-01993,TrueNorth Services Inc,SUPPLIER,India,REG-XM860QDF84,LOW,2015-12-13,ACTIVE
VND-01994,BridgeTech Consulting Inc,SERVICE_PROVIDER,Australia,REG-XH938PYJ84,MEDIUM,2019-04-17,ACTIVE
VND-01995,LatticeCore Partners LLC,DISTRIBUTOR,United States,REG-RB528FVP30,LOW,2019-11-01,ACTIVE
VND-01996,XpressCore Dynamics Holdings,DISTRIBUTOR,Germany,REG-VU370QKQ12,LOW,2015-04-17,ACTIVE
VND-01997,Delta_Logistics Inc,CONSULTANT,United States,REG-NU446KXG26,HIGH,2021-08-17,BLACKLISTED
VND-01998,BlueStar Procurement Inc,LOGISTICS,United States,REG-EJ448HAP81,LOW,2019-10-18,ACTIVE
VND-01999,VoltEdge Solutions LLC,LOGISTICS,UAE,REG-VH142GXX17,MEDIUM,2018-03-23,ACTIVE
VND-02000,KryptonPath Ltd Inc,CONTRACTOR,United Kingdom,REG-QN878RYF17,LOW,2020-10-26,ACTIVE
VND-02001,PrimeAxis Corp Group,CONTRACTOR,India,REG-ZM515IQU26,HIGH,2015-03-04,ACTIVE
VND-02002,IronPoint Manufacturing Holdings,DISTRIBUTOR,Canada,REG-JV091KHS12,LOW,2018-10-14,ACTIVE
VND-02003,RedPoint Consulting LLC,LOGISTICS,Ireland,REG-VY837YWB50,LOW,2017-10-23,ACTIVE
VND-02004,HarborLight Services Holdings,MANUFACTURER,Germany,REG-MN186OEX32,MEDIUM,2021-05-17,ACTIVE
VND-02005,ClearPath Logistics International,SERVICE_PROVIDER,United States,REG-XD913YUP78,MEDIUM,2015-03-12,ACTIVE
VND-02006,EcoVenture Supplies LLC,CONSULTANT,Singapore,REG-MA530KWB07,LOW,2021-03-29,INACTIVE
VND-02007,RedPoint Consulting Ltd,CONTRACTOR,United States,REG-DF556IGM05,LOW,2021-03-08,ACTIVE
VND-02008,Alpha_Inc Holdings,LOGISTICS,France,REG-EF881JJU92,LOW,2017-11-29,ACTIVE
VND-02009,JetStream Analytics Inc,MANUFACTURER,United States,REG-PT519IBS05,LOW,2021-12-06,ACTIVE
VND-02010,LatticeCore Partners LLC,LOGISTICS,Australia,REG-SQ010YJR42,LOW,2020-09-06,ACTIVE
VND-02011,UnityCore Technologies Group,MANUFACTURER,India,REG-EF561TVT85,LOW,2015-09-07,ACTIVE
VND-02012,Epsilon_Group Inc,DISTRIBUTOR,United States,REG-LT600FIH45,HIGH,2018-12-18,ACTIVE
VND-02013,EdgeWave Technologies Ltd,SUPPLIER,Netherlands,REG-GQ991XVU51,LOW,2019-12-23,ACTIVE
VND-02014,KryptonPath Ltd Holdings,LOGISTICS,Singapore,REG-ZF129ODR39,LOW,2024-04-19,ACTIVE
VND-02015,SilverPath Holdings Group,CONTRACTOR,South Africa,REG-KS488ITJ18,LOW,2015-04-12,ACTIVE
VND-02016,Acuity Systems LLC,SERVICE_PROVIDER,India,REG-AF416QVR04,MEDIUM,2019-03-15,ACTIVE
VND-02017,CoreVault Systems Holdings,DISTRIBUTOR,United States,REG-AG021ECE19,LOW,2016-09-06,ACTIVE
VND-02018,UltraVista Technologies Ltd,LOGISTICS,Netherlands,REG-KL568JYP14,LOW,2023-01-10,ACTIVE
VND-02019,NorthBridge Supplies International,DISTRIBUTOR,United States,REG-SG152OZB29,MEDIUM,2024-04-25,ACTIVE
VND-02020,XpressCore Dynamics LLC,SUPPLIER,United Kingdom,REG-PA732ARH28,LOW,2015-11-18,ACTIVE
VND-02021,OpenBridge Systems Ltd,SERVICE_PROVIDER,UAE,REG-PD493BNN78,LOW,2023-03-26,BLACKLISTED
VND-02022,HorizonEdge Inc,DISTRIBUTOR,France,REG-IZ638LAL45,MEDIUM,2015-07-30,ACTIVE
VND-02023,UltraVista Technologies Holdings,LOGISTICS,China,REG-TA443QPM91,LOW,2017-03-09,ACTIVE
VND-02024,PrimeAxis Corp Inc,CONTRACTOR,United Kingdom,REG-MV701QSI69,LOW,2023-08-11,ACTIVE
VND-02025,HarborLight Services LLC,SERVICE_PROVIDER,Singapore,REG-IT929COP13,LOW,2017-09-14,ACTIVE
VND-02026,GreenBridge Consulting,MANUFACTURER,France,REG-RH016KAP23,LOW,2019-01-23,ACTIVE
VND-02027,Acuity Systems Group,LOGISTICS,United States,REG-VN310CJJ61,LOW,2021-05-21,ACTIVE
VND-02028,Acuity Systems LLC,MANUFACTURER,United States,REG-QH155RRC66,HIGH,2021-07-23,ACTIVE
VND-02029,VertiLink Distributors Holdings,SUPPLIER,Singapore,REG-MQ323QPF65,LOW,2016-04-28,ACTIVE
VND-02030,KryptonPath Ltd International,LOGISTICS,United Kingdom,REG-AB746DKD04,LOW,2022-02-04,INACTIVE
VND-02031,Apex Solutions Group,SERVICE_PROVIDER,India,REG-AH078SJS43,MEDIUM,2016-05-09,ACTIVE
VND-02032,EcoVenture Supplies LLC,CONSULTANT,United States,REG-YW426HEL07,MEDIUM,2016-02-18,ACTIVE
VND-02033,KineticBlue Ltd,DISTRIBUTOR,UAE,REG-MS754REY37,MEDIUM,2016-06-26,ACTIVE
VND-02034,WaveCore Manufacturing Group,MANUFACTURER,China,REG-IB427XPP37,HIGH,2019-07-06,BLACKLISTED
VND-02035,VertiLink Distributors Inc,DISTRIBUTOR,South Africa,REG-PJ763HRU88,LOW,2018-10-10,ACTIVE
VND-02036,CoreVault Systems,CONTRACTOR,Australia,REG-QH584ZTV14,LOW,2023-04-14,BLACKLISTED
VND-02037,WavePath Inc,CONTRACTOR,France,REG-PS601QZP91,HIGH,2019-11-20,INACTIVE
VND-02038,VoltEdge Solutions Inc,LOGISTICS,Netherlands,REG-OF899HAJ82,MEDIUM,2021-08-11,ACTIVE
VND-02039,LucentBridge Technologies Ltd,MANUFACTURER,Ireland,REG-VA058EML69,LOW,2019-02-24,ACTIVE
VND-02040,LatticeCore Partners Ltd,DISTRIBUTOR,India,REG-LM146OZQ44,LOW,2023-02-07,ACTIVE
VND-02041,TrueNorth Services International,SUPPLIER,China,REG-YE999NMP51,HIGH,2018-10-29,ACTIVE
VND-02042,GreenBridge Consulting Inc,CONTRACTOR,Germany,REG-WP505IVF57,LOW,2019-10-14,ACTIVE
VND-02043,JetStream Analytics,MANUFACTURER,United Kingdom,REG-GK368IOA01,LOW,2024-02-17,ACTIVE
VND-02044,NexPoint Analytics Holdings,CONTRACTOR,India,REG-VE037GRJ68,LOW,2016-02-12,ACTIVE
VND-02045,FusionCore Analytics International,CONSULTANT,India,REG-XG723CQA33,LOW,2017-07-05,ACTIVE
VND-02046,MomentumCore Corp Inc,CONSULTANT,India,REG-CN961FVP49,HIGH,2016-03-10,ACTIVE
VND-02047,Beta_Supplies Ltd,CONSULTANT,United States,REG-IV911OWP49,LOW,2023-06-19,ACTIVE
VND-02048,IronPoint Manufacturing Ltd,CONSULTANT,United States,REG-QW074SUA82,LOW,2023-12-17,ACTIVE
VND-02049,XcelPath Networks Group,DISTRIBUTOR,Singapore,REG-FG736LOK51,LOW,2018-02-28,ACTIVE
VND-02050,Beta_Supplies International,SUPPLIER,United States,REG-WC406JSK55,MEDIUM,2018-04-23,ACTIVE
VND-02051,QuantumEdge Solutions,CONTRACTOR,United States,REG-ML019KOV04,LOW,2016-07-14,ACTIVE
VND-02052,WavePath Inc,MANUFACTURER,United States,REG-IS023DDQ33,HIGH,2017-06-30,BLACKLISTED
VND-02053,RedPoint Consulting International,MANUFACTURER,Netherlands,REG-HU739UNX20,LOW,2022-01-27,ACTIVE
VND-02054,TitanPath Holdings,SERVICE_PROVIDER,United States,REG-EY462AKX12,LOW,2015-06-07,ACTIVE
VND-02055,UltraVista Technologies Group,MANUFACTURER,Japan,REG-FW082KNE61,HIGH,2021-04-05,INACTIVE
VND-02056,Apex Solutions Group,DISTRIBUTOR,Canada,REG-SK261RTH63,LOW,2016-07-14,ACTIVE
VND-02057,MeridianTech Holdings,CONSULTANT,France,REG-CK889MIQ95,MEDIUM,2020-04-09,ACTIVE
VND-02058,SilverPath Holdings Group,MANUFACTURER,United States,REG-NY937CRU62,MEDIUM,2017-03-24,ACTIVE
VND-02059,WavePath Inc Group,SERVICE_PROVIDER,United States,REG-ZS493YXI03,HIGH,2015-01-14,BLACKLISTED
VND-02060,UnityCore Technologies Group,SERVICE_PROVIDER,India,REG-DO719VSI12,LOW,2015-06-08,ACTIVE
VND-02061,PrimeAxis Corp LLC,SERVICE_PROVIDER,UAE,REG-TV187IDH69,LOW,2018-11-29,ACTIVE
VND-02062,TrueNorth Services Inc,CONTRACTOR,France,REG-DG283MIE23,LOW,2017-08-07,ACTIVE
VND-02063,MomentumCore Corp Holdings,SERVICE_PROVIDER,India,REG-HI388FQQ15,LOW,2021-02-03,ACTIVE
VND-02064,XpressCore Dynamics Inc,SERVICE_PROVIDER,Australia,REG-BF582NIZ20,LOW,2018-03-22,ACTIVE
VND-02065,HarborLight Services Group,CONTRACTOR,United States,REG-CE318BUO29,LOW,2020-03-18,ACTIVE
VND-02066,InnoCore Dynamics Inc,LOGISTICS,France,REG-RR815VBC72,LOW,2020-06-04,ACTIVE
VND-02067,BridgeTech Consulting Holdings,DISTRIBUTOR,United Kingdom,REG-UK000WVZ01,LOW,2018-01-02,ACTIVE
VND-02068,DeltaPath Logistics Ltd,CONTRACTOR,India,REG-ZG911CYI37,MEDIUM,2023-08-28,ACTIVE
VND-02069,Delta_Logistics International,SERVICE_PROVIDER,India,REG-WU509YRH02,LOW,2019-10-08,ACTIVE
VND-02070,VoltEdge Solutions Group,MANUFACTURER,United States,REG-FI844JMQ42,HIGH,2018-10-23,ACTIVE
VND-02071,KryptonPath Ltd Group,CONSULTANT,Japan,REG-HX987EJL47,LOW,2021-01-04,ACTIVE
VND-02072,NexPoint Analytics Holdings,DISTRIBUTOR,UAE,REG-YE489CGB05,LOW,2016-06-13,INACTIVE
VND-02073,Delta_Logistics International,LOGISTICS,Germany,REG-AQ700QPY90,LOW,2016-01-05,ACTIVE
VND-02074,JadeCore Solutions,SUPPLIER,Netherlands,REG-RH551JZY58,HIGH,2022-05-06,INACTIVE
VND-02075,KineticBlue Ltd Inc,SERVICE_PROVIDER,United Kingdom,REG-ZR913GOU62,LOW,2021-01-03,ACTIVE
VND-02076,XcelPath Networks Holdings,CONSULTANT,China,REG-YK505YUC42,LOW,2019-08-21,ACTIVE
VND-02077,CoreVault Systems Inc,LOGISTICS,UAE,REG-NP807AMN06,MEDIUM,2015-03-24,INACTIVE
VND-02078,FusionCore Analytics,CONTRACTOR,India,REG-XN879XOH50,LOW,2016-10-04,ACTIVE
VND-02079,TitanPath Holdings Group,CONTRACTOR,United States,REG-ZD221HZQ04,LOW,2015-05-19,ACTIVE
VND-02080,ZenithBridge Corp Group,MANUFACTURER,India,REG-QO818UQP80,MEDIUM,2024-03-05,ACTIVE
VND-02081,GreenBridge Consulting LLC,LOGISTICS,Singapore,REG-HM287YTW73,MEDIUM,2022-11-21,ACTIVE
VND-02082,IronPoint Manufacturing Ltd,SUPPLIER,Brazil,REG-PJ381REJ64,LOW,2016-09-13,ACTIVE
VND-02083,MomentumCore Corp Inc,LOGISTICS,Germany,REG-KP694QQU28,MEDIUM,2018-07-02,ACTIVE
VND-02084,TrueNorth Services Holdings,CONSULTANT,United States,REG-PA464WTI20,LOW,2020-02-23,ACTIVE
VND-02085,EcoVenture Supplies International,SERVICE_PROVIDER,United States,REG-TX586QFD31,LOW,2018-04-07,ACTIVE
VND-02086,RedPoint Consulting International,MANUFACTURER,UAE,REG-WW064XWS62,LOW,2018-03-10,ACTIVE
VND-02087,FusionCore Analytics LLC,CONTRACTOR,UAE,REG-VI026RLS35,LOW,2019-06-01,ACTIVE
VND-02088,KryptonPath Ltd,LOGISTICS,United Kingdom,REG-TA301YRS76,MEDIUM,2019-06-16,ACTIVE
VND-02089,GlobalNex Corp LLC,CONTRACTOR,United States,REG-XO898UGX80,LOW,2018-06-26,ACTIVE
VND-02090,GlobalNex Corp Ltd,CONSULTANT,France,REG-RV388UID82,MEDIUM,2016-11-24,BLACKLISTED
VND-02091,ZenithBridge Corp Ltd,SERVICE_PROVIDER,Netherlands,REG-RO905DSP04,LOW,2024-05-25,ACTIVE
VND-02092,OmegaLink Systems,SERVICE_PROVIDER,India,REG-HQ333LUT53,MEDIUM,2023-08-10,ACTIVE
VND-02093,Beta_Supplies Group,CONTRACTOR,China,REG-FG163TMD21,LOW,2015-05-30,ACTIVE
VND-02094,RedPoint Consulting LLC,LOGISTICS,China,REG-MM871PLF80,LOW,2017-05-06,ACTIVE
VND-02095,UltraVista Technologies LLC,CONTRACTOR,Australia,REG-PU373OCA26,MEDIUM,2017-08-23,ACTIVE
VND-02096,Epsilon_Group LLC,SUPPLIER,United States,REG-FW011UYG98,MEDIUM,2023-03-22,ACTIVE
VND-02097,InnoCore Dynamics Inc,CONSULTANT,Netherlands,REG-AA786LNB88,LOW,2015-02-25,ACTIVE
VND-02098,ClearPath Logistics Inc,SUPPLIER,Singapore,REG-HJ091IMH56,MEDIUM,2016-04-10,ACTIVE
VND-02099,HorizonEdge Inc International,MANUFACTURER,China,REG-OS036FQU57,LOW,2016-07-26,ACTIVE
VND-02100,HarborLight Services International,MANUFACTURER,India,REG-NR491NZX60,LOW,2018-04-20,ACTIVE
VND-02101,XcelPath Networks Ltd,CONSULTANT,United States,REG-TM952EZH01,LOW,2022-04-17,ACTIVE
VND-02102,Delta_Logistics Ltd,CONTRACTOR,Netherlands,REG-SO894OZH18,LOW,2023-01-05,ACTIVE
VND-02103,NorthBridge Supplies Holdings,MANUFACTURER,United States,REG-WA750MKU92,LOW,2023-05-17,ACTIVE
VND-02104,EcoVenture Supplies,SERVICE_PROVIDER,United Kingdom,REG-JE239PCR98,LOW,2018-07-25,ACTIVE
VND-02105,Apex Solutions Holdings,CONSULTANT,United Kingdom,REG-QC556SVU11,LOW,2022-11-13,ACTIVE
VND-02106,VertiLink Distributors,DISTRIBUTOR,Australia,REG-VC428XOB86,LOW,2015-09-08,ACTIVE
VND-02107,OpenBridge Systems Ltd,CONTRACTOR,Japan,REG-BY537VCH66,LOW,2017-07-14,ACTIVE
VND-02108,SilverPath Holdings Inc,DISTRIBUTOR,India,REG-CM112DHN60,LOW,2019-10-12,ACTIVE
VND-02109,QuantumEdge Solutions Ltd,MANUFACTURER,United Kingdom,REG-WB566YJR91,LOW,2021-01-25,ACTIVE
VND-02110,VoltEdge Solutions Group,CONSULTANT,India,REG-LX715NQV31,LOW,2018-02-20,ACTIVE
VND-02111,HorizonEdge Inc Ltd,LOGISTICS,Canada,REG-LB506KGF88,LOW,2022-03-26,ACTIVE
VND-02112,LucentBridge Technologies Ltd,LOGISTICS,South Africa,REG-NH768QSV29,LOW,2018-02-09,ACTIVE
VND-02113,KineticBlue Ltd,CONSULTANT,United Kingdom,REG-AY013HCX48,LOW,2023-10-14,ACTIVE
VND-02114,JetStream Analytics Group,SERVICE_PROVIDER,United States,REG-QJ354VHI37,LOW,2016-11-06,ACTIVE
VND-02115,DeltaPath Logistics Group,LOGISTICS,Australia,REG-NU603HDG35,LOW,2020-09-26,ACTIVE
VND-02116,TrueNorth Services Ltd,SUPPLIER,India,REG-GX570KLT90,LOW,2023-07-10,ACTIVE
VND-02117,YieldPoint Partners LLC,CONTRACTOR,India,REG-BT144CQL92,LOW,2020-04-27,ACTIVE
VND-02118,FlowBridge Inc Ltd,CONSULTANT,Japan,REG-OA269XNK99,MEDIUM,2017-05-26,ACTIVE
VND-02119,Beta_Supplies International,SERVICE_PROVIDER,France,REG-VU648RRW99,MEDIUM,2021-04-14,ACTIVE
VND-02120,HarborLight Services Ltd,MANUFACTURER,Germany,REG-IY718XLY42,LOW,2019-11-19,ACTIVE
VND-02121,Epsilon_Group International,MANUFACTURER,Germany,REG-GS932BXG59,LOW,2023-08-23,ACTIVE
VND-02122,JadeCore Solutions Group,CONTRACTOR,United Kingdom,REG-MG499LXZ32,MEDIUM,2019-04-16,ACTIVE
VND-02123,MeridianTech International,DISTRIBUTOR,United Kingdom,REG-KJ342DAN66,HIGH,2019-01-18,BLACKLISTED
VND-02124,GlobalNex Corp Holdings,DISTRIBUTOR,United States,REG-OH087DWA26,LOW,2017-11-05,ACTIVE
VND-02125,RedPoint Consulting LLC,SERVICE_PROVIDER,United States,REG-JU072OHM34,LOW,2020-05-14,ACTIVE
VND-02126,RedPoint Consulting LLC,DISTRIBUTOR,United States,REG-HI359QJW53,CRITICAL,2015-08-23,BLACKLISTED
VND-02127,MomentumCore Corp LLC,SERVICE_PROVIDER,United Kingdom,REG-QH040JSK56,MEDIUM,2020-02-05,INACTIVE
VND-02128,XpressCore Dynamics Ltd,SUPPLIER,United States,REG-ZY965JZL08,LOW,2024-01-21,ACTIVE
VND-02129,UnityCore Technologies Group,MANUFACTURER,United Kingdom,REG-FY582JYK64,LOW,2022-11-30,ACTIVE
VND-02130,Acuity Systems Inc,SUPPLIER,Australia,REG-AJ656EZB13,MEDIUM,2016-05-04,ACTIVE
VND-02131,GlobalNex Corp Inc,CONTRACTOR,United Kingdom,REG-KV123WHQ85,LOW,2021-02-06,ACTIVE
VND-02132,VertiLink Distributors Inc,LOGISTICS,Germany,REG-PL346YXT82,LOW,2022-07-15,ACTIVE
VND-02133,LucentBridge Technologies LLC,DISTRIBUTOR,United States,REG-EW840OAA02,MEDIUM,2019-02-09,ACTIVE
VND-02134,Beta_Supplies LLC,SUPPLIER,United States,REG-ED869HWY66,HIGH,2022-07-05,ACTIVE
VND-02135,JetStream Analytics LLC,SUPPLIER,United Kingdom,REG-NV831BDE13,LOW,2017-12-28,ACTIVE
VND-02136,MeridianTech LLC,SERVICE_PROVIDER,United Kingdom,REG-FS680OME94,LOW,2020-09-01,ACTIVE
VND-02137,Apex Solutions Holdings,DISTRIBUTOR,Germany,REG-OH507MLC62,LOW,2018-01-26,ACTIVE
VND-02138,Beta_Supplies LLC,DISTRIBUTOR,Australia,REG-OR620RBF53,LOW,2015-12-19,ACTIVE
VND-02139,LatticeCore Partners LLC,CONSULTANT,Germany,REG-KD779TCI46,LOW,2015-12-20,ACTIVE
VND-02140,YellowBridge Partners Group,SUPPLIER,United Kingdom,REG-WB662JZF92,LOW,2023-11-05,INACTIVE
VND-02141,VoltEdge Solutions Group,LOGISTICS,Ireland,REG-KS776MEX02,LOW,2018-06-14,ACTIVE
VND-02142,WavePath Inc,CONSULTANT,India,REG-QE406MMM88,HIGH,2023-04-12,BLACKLISTED
VND-02143,LatticeCore Partners Holdings,DISTRIBUTOR,Germany,REG-WT731KMW25,LOW,2016-07-29,ACTIVE
VND-02144,RedPoint Consulting Group,CONTRACTOR,India,REG-DA617NKR81,LOW,2016-12-26,ACTIVE
VND-02145,FusionCore Analytics Holdings,CONTRACTOR,Germany,REG-YH119OWB20,LOW,2021-06-28,ACTIVE
VND-02146,Beta_Supplies LLC,LOGISTICS,United Kingdom,REG-FI385KWY27,MEDIUM,2022-09-15,ACTIVE
VND-02147,YieldPoint Partners Group,DISTRIBUTOR,United Kingdom,REG-QI133STQ71,LOW,2021-01-12,ACTIVE
VND-02148,PeakVault Services Inc,LOGISTICS,India,REG-DJ902ZSG95,CRITICAL,2022-08-25,BLACKLISTED
VND-02149,GreenBridge Consulting Ltd,MANUFACTURER,India,REG-DP016CNR44,LOW,2024-04-22,ACTIVE
VND-02150,QuantumEdge Solutions Group,CONTRACTOR,United States,REG-GJ416DVY78,LOW,2020-03-30,ACTIVE
VND-02151,OpenBridge Systems Group,CONSULTANT,Australia,REG-AK782OFF21,HIGH,2020-04-30,ACTIVE
VND-02152,YieldPoint Partners LLC,SUPPLIER,Germany,REG-QH982AKK13,LOW,2021-08-07,ACTIVE
VND-02153,Apex Solutions Group,SERVICE_PROVIDER,Germany,REG-OW857BOI97,MEDIUM,2019-09-23,ACTIVE
VND-02154,LatticeCore Partners Holdings,CONSULTANT,Australia,REG-RU318ABV28,LOW,2018-06-08,ACTIVE
VND-02155,ClearPath Logistics Inc,SERVICE_PROVIDER,Brazil,REG-YS397LIU07,LOW,2021-11-30,ACTIVE
VND-02156,ZenithBridge Corp International,CONSULTANT,India,REG-SD661ZFP77,LOW,2024-05-09,ACTIVE
VND-02157,EcoVenture Supplies LLC,CONTRACTOR,United States,REG-WA682YIJ05,MEDIUM,2019-07-02,ACTIVE
VND-02158,XpressCore Dynamics Ltd,SERVICE_PROVIDER,Singapore,REG-UR122KFZ35,HIGH,2016-03-17,BLACKLISTED
VND-02159,ZenithBridge Corp Ltd,CONSULTANT,Netherlands,REG-GR505QZK87,MEDIUM,2015-04-27,BLACKLISTED
VND-02160,MomentumCore Corp LLC,CONSULTANT,China,REG-KI218UKZ21,LOW,2020-11-16,ACTIVE
VND-02161,VertiLink Distributors Inc,SUPPLIER,India,REG-IX790RRP89,MEDIUM,2015-08-09,ACTIVE
VND-02162,WaveCore Manufacturing International,CONSULTANT,Australia,REG-YI699BKI84,MEDIUM,2019-06-10,ACTIVE
VND-02163,LatticeCore Partners Holdings,SUPPLIER,United Kingdom,REG-QI050BUM93,LOW,2018-06-13,ACTIVE
VND-02164,FlowBridge Inc LLC,CONSULTANT,China,REG-MV484VNG24,LOW,2017-09-29,ACTIVE
VND-02165,EcoVenture Supplies Group,SUPPLIER,France,REG-CO811IGD45,MEDIUM,2018-11-12,ACTIVE
VND-02166,NorthBridge Supplies International,SERVICE_PROVIDER,Australia,REG-PI071ZCY52,LOW,2022-06-30,ACTIVE
VND-02167,GlobalNex Corp International,CONTRACTOR,United States,REG-NC738RYX20,MEDIUM,2016-06-10,ACTIVE
VND-02168,SilverPath Holdings Inc,MANUFACTURER,Singapore,REG-NI191FYI77,LOW,2022-07-26,ACTIVE
VND-02169,WaveCore Manufacturing International,MANUFACTURER,Brazil,REG-FT299JIU68,LOW,2022-07-06,ACTIVE
VND-02170,LatticeCore Partners Inc,CONTRACTOR,Canada,REG-YP893IUR70,LOW,2017-08-21,ACTIVE
VND-02171,NexPoint Analytics Ltd,SERVICE_PROVIDER,United States,REG-XD806SRB23,LOW,2023-06-06,ACTIVE
VND-02172,MeridianTech,CONTRACTOR,Singapore,REG-RD566KCB95,LOW,2017-05-15,ACTIVE
VND-02173,LatticeCore Partners International,CONTRACTOR,India,REG-XV124VXR82,LOW,2016-09-09,ACTIVE
VND-02174,CoreVault Systems Holdings,CONSULTANT,United Kingdom,REG-LZ428MIW67,LOW,2019-09-24,ACTIVE
VND-02175,GlobalNex Corp International,SUPPLIER,Germany,REG-RI942VKR32,LOW,2024-01-16,ACTIVE
VND-02176,ZenithBridge Corp Inc,SUPPLIER,United Kingdom,REG-GV633ZKQ89,LOW,2024-01-19,ACTIVE
VND-02177,YieldPoint Partners LLC,SUPPLIER,France,REG-UE152LVY85,LOW,2020-02-06,ACTIVE
VND-02178,BlueStar Procurement Inc,CONTRACTOR,Singapore,REG-OS292OVH69,LOW,2015-08-12,ACTIVE
VND-02179,MomentumCore Corp Inc,SERVICE_PROVIDER,Netherlands,REG-GJ951TZX38,LOW,2023-12-31,ACTIVE
VND-02180,VertiLink Distributors Inc,CONTRACTOR,United States,REG-YJ507UBN84,LOW,2020-12-31,ACTIVE
VND-02181,IronPoint Manufacturing Inc,LOGISTICS,United States,REG-AM574TON43,MEDIUM,2019-04-20,BLACKLISTED
VND-02182,UnityCore Technologies Ltd,CONSULTANT,Netherlands,REG-EM189EKD11,LOW,2017-11-22,ACTIVE
VND-02183,DawnTech Services International,SERVICE_PROVIDER,India,REG-RY385CFX93,MEDIUM,2015-07-18,ACTIVE
VND-02184,DawnTech Services Holdings,DISTRIBUTOR,Canada,REG-SD364GUU15,LOW,2015-07-25,ACTIVE
VND-02185,SilverPath Holdings Inc,SUPPLIER,UAE,REG-NN313AEU25,LOW,2024-03-09,ACTIVE
VND-02186,Acuity Systems,CONTRACTOR,India,REG-UC813BNR67,LOW,2020-01-04,ACTIVE
VND-02187,WaveCore Manufacturing LLC,DISTRIBUTOR,Canada,REG-XW214LDY10,LOW,2015-05-30,ACTIVE
VND-02188,GlobalNex Corp Group,CONSULTANT,Japan,REG-EJ981DMU98,LOW,2023-02-24,ACTIVE
VND-02189,WaveCore Manufacturing International,DISTRIBUTOR,India,REG-IP270GHJ45,LOW,2022-09-23,ACTIVE
VND-02190,VoltEdge Solutions Inc,DISTRIBUTOR,Australia,REG-JZ562ZXB25,HIGH,2020-11-14,BLACKLISTED
VND-02191,CoreVault Systems Group,MANUFACTURER,Japan,REG-AY605WCI98,LOW,2021-10-31,ACTIVE
VND-02192,GreenBridge Consulting LLC,CONTRACTOR,Japan,REG-FT744VGV22,MEDIUM,2015-11-19,ACTIVE
VND-02193,BridgeTech Consulting Group,CONTRACTOR,Ireland,REG-XY485UYT96,MEDIUM,2023-05-17,ACTIVE
VND-02194,BlueStar Procurement,CONSULTANT,China,REG-TN942HFZ82,MEDIUM,2023-11-25,ACTIVE
VND-02195,GreenBridge Consulting Ltd,CONSULTANT,United States,REG-CC650JZT20,LOW,2023-11-26,ACTIVE
VND-02196,XpressCore Dynamics International,MANUFACTURER,United Kingdom,REG-PI539PHZ31,LOW,2018-01-30,ACTIVE
VND-02197,MomentumCore Corp International,MANUFACTURER,India,REG-UV551ECH30,LOW,2017-01-12,ACTIVE
VND-02198,BridgeTech Consulting Inc,MANUFACTURER,United States,REG-ST368SHH21,LOW,2019-08-25,ACTIVE
VND-02199,Alpha_Inc LLC,SUPPLIER,United Kingdom,REG-TF966JFS99,LOW,2018-07-27,ACTIVE
VND-02200,OmegaLink Systems,CONTRACTOR,South Africa,REG-PA367JVA74,LOW,2021-11-09,ACTIVE
VND-02201,OpenBridge Systems Ltd,DISTRIBUTOR,Canada,REG-SN258EHN25,MEDIUM,2018-09-08,ACTIVE
VND-02202,VertiLink Distributors Holdings,CONTRACTOR,Australia,REG-EI281MMJ23,LOW,2018-08-02,ACTIVE
VND-02203,FusionCore Analytics Group,MANUFACTURER,United Kingdom,REG-YV049AFH10,LOW,2020-12-20,ACTIVE
VND-02204,CoreVault Systems LLC,SUPPLIER,Japan,REG-NT364JDW72,LOW,2021-05-29,ACTIVE
VND-02205,FlowBridge Inc Group,DISTRIBUTOR,Canada,REG-HT082FQD76,LOW,2023-05-22,INACTIVE
VND-02206,ClearPath Logistics LLC,SUPPLIER,United States,REG-UQ225VXJ77,LOW,2020-03-29,ACTIVE
VND-02207,WaveCore Manufacturing Ltd,SERVICE_PROVIDER,United States,REG-KC472UJN62,LOW,2019-11-03,ACTIVE
VND-02208,WavePath Inc International,SERVICE_PROVIDER,UAE,REG-PU187GZD68,MEDIUM,2017-08-19,ACTIVE
VND-02209,Epsilon_Group,SERVICE_PROVIDER,United Kingdom,REG-LE827DRN17,LOW,2016-02-02,ACTIVE
VND-02210,SilverPath Holdings Group,LOGISTICS,Singapore,REG-LB373ULL99,LOW,2016-10-13,ACTIVE
VND-02211,NorthBridge Supplies International,CONTRACTOR,Germany,REG-VA299KGU93,LOW,2021-09-20,ACTIVE
VND-02212,RapidCore Consulting LLC,LOGISTICS,Japan,REG-PJ659JJP14,MEDIUM,2022-02-06,ACTIVE
VND-02213,ZenithBridge Corp Group,SERVICE_PROVIDER,Australia,REG-IN255UJT39,LOW,2019-07-13,ACTIVE
VND-02214,KineticBlue Ltd Inc,SERVICE_PROVIDER,India,REG-VV461FOK77,LOW,2016-12-28,ACTIVE
VND-02215,XpressCore Dynamics International,CONSULTANT,United States,REG-VQ643QKZ09,LOW,2022-05-11,ACTIVE
VND-02216,Acuity Systems International,MANUFACTURER,United States,REG-ML791CAL27,LOW,2017-02-12,ACTIVE
VND-02217,NexPoint Analytics Ltd,DISTRIBUTOR,China,REG-DV927PQM12,LOW,2015-11-26,ACTIVE
VND-02218,UltraVista Technologies Ltd,CONSULTANT,China,REG-FT787UIL13,MEDIUM,2017-10-20,INACTIVE
VND-02219,XcelPath Networks,DISTRIBUTOR,Ireland,REG-BZ883RWG22,LOW,2023-05-02,ACTIVE
VND-02220,MeridianTech Inc,SERVICE_PROVIDER,Canada,REG-ML256CCQ08,LOW,2016-10-23,ACTIVE
VND-02221,EcoVenture Supplies LLC,CONTRACTOR,United States,REG-GG879KCW78,MEDIUM,2017-03-29,ACTIVE
VND-02222,NorthBridge Supplies Ltd,SERVICE_PROVIDER,India,REG-PO358IZD52,LOW,2020-03-03,ACTIVE
VND-02223,PrimeAxis Corp Inc,SERVICE_PROVIDER,Netherlands,REG-PY030PFK44,LOW,2016-12-25,ACTIVE
VND-02224,Beta_Supplies Holdings,CONSULTANT,Australia,REG-WK951NUK71,LOW,2016-10-14,ACTIVE
VND-02225,WavePath Inc,MANUFACTURER,Singapore,REG-XU102LVW92,MEDIUM,2022-08-25,ACTIVE
VND-02226,YieldPoint Partners,SERVICE_PROVIDER,India,REG-RP014VGM37,MEDIUM,2023-10-13,BLACKLISTED
VND-02227,UnityCore Technologies Inc,MANUFACTURER,UAE,REG-AE093FNR09,MEDIUM,2021-10-22,ACTIVE
VND-02228,Gamma_Co LLC,CONTRACTOR,Canada,REG-JZ971DOJ91,MEDIUM,2015-09-02,ACTIVE
VND-02229,CoreVault Systems Holdings,MANUFACTURER,Netherlands,REG-RS213DAD21,MEDIUM,2019-06-25,ACTIVE
VND-02230,Alpha_Inc,CONSULTANT,India,REG-HH201YZG91,LOW,2016-02-29,ACTIVE
VND-02231,Alpha_Inc,CONSULTANT,Canada,REG-UC220CIU19,MEDIUM,2023-02-05,ACTIVE
VND-02232,PrimeAxis Corp Inc,CONSULTANT,India,REG-NV587UNC33,LOW,2020-05-30,ACTIVE
VND-02233,EdgeWave Technologies International,SERVICE_PROVIDER,India,REG-VN493IAQ66,LOW,2022-12-14,ACTIVE
VND-02234,TitanPath Holdings International,LOGISTICS,Australia,REG-JW274YSL81,MEDIUM,2018-09-16,ACTIVE
VND-02235,MomentumCore Corp,CONSULTANT,United States,REG-RZ114OHI08,LOW,2023-07-16,ACTIVE
VND-02236,XcelPath Networks Ltd,MANUFACTURER,India,REG-JM509SYI52,LOW,2019-01-25,ACTIVE
VND-02237,KryptonPath Ltd LLC,SERVICE_PROVIDER,Australia,REG-UY093YEZ55,LOW,2018-06-02,ACTIVE
VND-02238,Delta_Logistics LLC,CONSULTANT,South Africa,REG-IX039SLF95,LOW,2016-06-10,ACTIVE
VND-02239,OpenBridge Systems Group,LOGISTICS,United Kingdom,REG-JR013MBW71,LOW,2015-04-25,ACTIVE
VND-02240,Apex Solutions Holdings,MANUFACTURER,Netherlands,REG-TW858INB56,LOW,2019-01-31,ACTIVE
VND-02241,ZenithBridge Corp International,CONSULTANT,Germany,REG-ED412BHX02,MEDIUM,2021-12-08,BLACKLISTED
VND-02242,GreenBridge Consulting Holdings,CONTRACTOR,Canada,REG-FR927DKM38,LOW,2020-11-13,ACTIVE
VND-02243,KineticBlue Ltd Inc,SERVICE_PROVIDER,United Kingdom,REG-BL907BAO16,MEDIUM,2020-11-21,ACTIVE
VND-02244,RapidCore Consulting,CONSULTANT,India,REG-VU224QKR81,LOW,2018-11-03,ACTIVE
VND-02245,MomentumCore Corp Inc,LOGISTICS,United States,REG-DH034BNX03,LOW,2023-03-05,ACTIVE
VND-02246,DawnTech Services Ltd,SUPPLIER,UAE,REG-BY679TNE75,LOW,2022-02-28,ACTIVE
VND-02247,XcelPath Networks LLC,SERVICE_PROVIDER,Japan,REG-SB579LPQ55,MEDIUM,2015-05-15,ACTIVE
VND-02248,EdgeWave Technologies Holdings,DISTRIBUTOR,UAE,REG-BA712HCJ47,LOW,2021-03-16,ACTIVE
VND-02249,DeltaPath Logistics International,DISTRIBUTOR,India,REG-NB018ZVY10,MEDIUM,2021-05-10,BLACKLISTED
VND-02250,LatticeCore Partners LLC,LOGISTICS,India,REG-ZR683WFF17,LOW,2022-04-19,ACTIVE
VND-02251,LatticeCore Partners,CONTRACTOR,China,REG-AH268GZU08,LOW,2021-10-31,ACTIVE
VND-02252,VoltEdge Solutions Inc,CONSULTANT,Netherlands,REG-BU571GVT29,LOW,2015-09-18,ACTIVE
VND-02253,PrimeAxis Corp Ltd,DISTRIBUTOR,France,REG-CA071CGP38,LOW,2023-07-17,ACTIVE
VND-02254,Alpha_Inc,LOGISTICS,Japan,REG-DS073XHR51,LOW,2018-07-30,ACTIVE
VND-02255,ClearPath Logistics,CONSULTANT,United States,REG-HT743MBB62,LOW,2020-05-03,ACTIVE
VND-02256,FusionCore Analytics Holdings,SUPPLIER,Brazil,REG-HR962WCB58,LOW,2021-05-20,ACTIVE
VND-02257,VoltEdge Solutions International,MANUFACTURER,United Kingdom,REG-NH694JAV70,LOW,2023-09-20,ACTIVE
VND-02258,XpressCore Dynamics International,CONTRACTOR,Singapore,REG-ZC339QBZ62,LOW,2015-01-03,ACTIVE
VND-02259,LatticeCore Partners Holdings,SERVICE_PROVIDER,Netherlands,REG-EH621PIS59,LOW,2020-09-08,ACTIVE
VND-02260,QuantumEdge Solutions Inc,CONSULTANT,Germany,REG-ZA700BGT04,LOW,2020-12-19,ACTIVE
VND-02261,TrueNorth Services LLC,SUPPLIER,United Kingdom,REG-DC590LFQ11,LOW,2019-12-08,ACTIVE
VND-02262,GreenBridge Consulting International,CONSULTANT,United Kingdom,REG-VP714QLP00,LOW,2020-07-23,ACTIVE
VND-02263,TrueNorth Services,CONTRACTOR,Japan,REG-KA881UPQ94,LOW,2019-12-21,ACTIVE
VND-02264,MeridianTech Inc,LOGISTICS,United Kingdom,REG-NM152GCZ04,LOW,2016-03-21,ACTIVE
VND-02265,UltraVista Technologies Inc,SERVICE_PROVIDER,United States,REG-YM949HFO76,LOW,2020-12-12,ACTIVE
VND-02266,NorthBridge Supplies Ltd,CONSULTANT,Germany,REG-CR313HAY79,LOW,2022-07-15,ACTIVE
VND-02267,Alpha_Inc Group,DISTRIBUTOR,United Kingdom,REG-YG984JNF16,LOW,2016-10-08,ACTIVE
VND-02268,EcoVenture Supplies LLC,LOGISTICS,Singapore,REG-RP407OLW79,LOW,2021-09-04,ACTIVE
VND-02269,QuantumEdge Solutions International,CONTRACTOR,Canada,REG-QL562MSL38,MEDIUM,2024-05-10,ACTIVE
VND-02270,WaveCore Manufacturing Inc,CONTRACTOR,Australia,REG-ET919QKB70,LOW,2023-05-11,ACTIVE
VND-02271,XpressCore Dynamics International,LOGISTICS,Singapore,REG-GD203IKG70,LOW,2015-01-24,ACTIVE
VND-02272,PeakVault Services Inc,SERVICE_PROVIDER,India,REG-OZ160QOQ20,LOW,2016-07-27,ACTIVE
VND-02273,NorthBridge Supplies LLC,CONTRACTOR,India,REG-RS181WNK35,LOW,2023-01-14,ACTIVE
VND-02274,BlueStar Procurement Inc,CONTRACTOR,China,REG-JH898FCB97,MEDIUM,2019-04-16,ACTIVE
VND-02275,NorthBridge Supplies Ltd,SERVICE_PROVIDER,India,REG-BE889IZQ48,LOW,2020-08-22,ACTIVE
VND-02276,UltraVista Technologies LLC,MANUFACTURER,Brazil,REG-CW482HGV21,LOW,2020-05-18,ACTIVE
VND-02277,CoreVault Systems Inc,SERVICE_PROVIDER,France,REG-CA397ILD85,LOW,2022-05-24,INACTIVE
VND-02278,LucentBridge Technologies International,SUPPLIER,United States,REG-EU048EQF06,LOW,2015-08-31,INACTIVE
VND-02279,XcelPath Networks International,SUPPLIER,France,REG-TM236ZFW91,LOW,2018-03-10,ACTIVE
VND-02280,UltraVista Technologies Inc,SERVICE_PROVIDER,United States,REG-RY128KMQ79,LOW,2023-03-20,ACTIVE
VND-02281,KryptonPath Ltd Group,SUPPLIER,Australia,REG-UW688ZLQ27,MEDIUM,2021-04-20,ACTIVE
VND-02282,XpressCore Dynamics LLC,DISTRIBUTOR,UAE,REG-WO704THQ09,LOW,2017-12-03,ACTIVE
VND-02283,InnoCore Dynamics Inc,SUPPLIER,Germany,REG-BC196FJP15,MEDIUM,2023-08-20,ACTIVE
VND-02284,YellowBridge Partners International,CONSULTANT,United Kingdom,REG-JO327VUY48,HIGH,2023-05-19,ACTIVE
VND-02285,XcelPath Networks Holdings,MANUFACTURER,India,REG-LS517OCM96,LOW,2017-03-26,ACTIVE
VND-02286,BridgeTech Consulting Group,MANUFACTURER,Singapore,REG-IP649UQN66,LOW,2016-05-03,ACTIVE
VND-02287,Delta_Logistics,DISTRIBUTOR,United States,REG-TJ604ECA78,LOW,2024-04-29,ACTIVE
VND-02288,BridgeTech Consulting Ltd,SUPPLIER,Netherlands,REG-JK285WLW16,HIGH,2019-11-26,ACTIVE
VND-02289,IronPoint Manufacturing International,DISTRIBUTOR,Germany,REG-IA364GKY88,MEDIUM,2018-03-03,ACTIVE
VND-02290,KryptonPath Ltd,LOGISTICS,United States,REG-SG348ONC68,LOW,2021-04-05,ACTIVE
VND-02291,Epsilon_Group Inc,DISTRIBUTOR,Australia,REG-JW624HCM67,LOW,2015-12-26,ACTIVE
VND-02292,XpressCore Dynamics,MANUFACTURER,Singapore,REG-EF916TEN09,LOW,2023-08-09,BLACKLISTED
VND-02293,WavePath Inc Group,CONTRACTOR,United States,REG-OK193NTA59,MEDIUM,2022-04-18,ACTIVE
VND-02294,DawnTech Services Ltd,MANUFACTURER,Singapore,REG-AV133LPC76,LOW,2023-10-05,ACTIVE
VND-02295,SilverPath Holdings,LOGISTICS,Canada,REG-ZV458XSB81,MEDIUM,2021-12-29,ACTIVE
VND-02296,BlueStar Procurement Group,LOGISTICS,United Kingdom,REG-JQ254HNG47,LOW,2017-11-26,ACTIVE
VND-02297,IronPoint Manufacturing International,MANUFACTURER,United Kingdom,REG-RB650YKA34,LOW,2022-05-01,ACTIVE
VND-02298,WaveCore Manufacturing LLC,CONSULTANT,United Kingdom,REG-XH617ISQ71,MEDIUM,2021-06-20,ACTIVE
VND-02299,LatticeCore Partners,DISTRIBUTOR,South Africa,REG-II989UAZ80,MEDIUM,2015-04-18,ACTIVE
VND-02300,InnoCore Dynamics Ltd,SUPPLIER,Germany,REG-FC782RAH14,HIGH,2018-11-28,ACTIVE
VND-02301,RapidCore Consulting Group,CONTRACTOR,United Kingdom,REG-ZO135YQI92,MEDIUM,2017-04-06,INACTIVE
VND-02302,NorthBridge Supplies Inc,SUPPLIER,United States,REG-SL698ZSN93,LOW,2018-12-26,ACTIVE
VND-02303,HarborLight Services Inc,SUPPLIER,Australia,REG-KT874SFU86,MEDIUM,2019-03-17,INACTIVE
VND-02304,NorthBridge Supplies International,SERVICE_PROVIDER,Australia,REG-HH594NIU50,MEDIUM,2015-07-21,ACTIVE
VND-02305,YieldPoint Partners Ltd,SUPPLIER,United States,REG-PS920YSC75,LOW,2024-02-19,ACTIVE
VND-02306,LucentBridge Technologies LLC,SUPPLIER,United Kingdom,REG-BR511UDO71,HIGH,2020-10-16,ACTIVE
VND-02307,FusionCore Analytics LLC,CONTRACTOR,Germany,REG-AU988PAT63,MEDIUM,2021-10-13,ACTIVE
VND-02308,FlowBridge Inc,CONTRACTOR,France,REG-UX218MDY94,LOW,2020-09-07,ACTIVE
VND-02309,DawnTech Services,SERVICE_PROVIDER,Singapore,REG-PP700KTZ09,LOW,2015-01-30,ACTIVE
VND-02310,WaveCore Manufacturing Holdings,LOGISTICS,United States,REG-LD248SYY94,LOW,2018-06-23,ACTIVE
VND-02311,TrueNorth Services Group,SUPPLIER,Ireland,REG-FA489DUY66,LOW,2022-11-12,ACTIVE
VND-02312,EcoVenture Supplies,MANUFACTURER,Ireland,REG-UB642XFW04,LOW,2018-01-30,ACTIVE
VND-02313,Epsilon_Group Group,DISTRIBUTOR,United States,REG-CY758TXU09,MEDIUM,2016-12-27,ACTIVE
VND-02314,TitanPath Holdings International,SUPPLIER,United States,REG-BI338PYX90,LOW,2023-07-20,ACTIVE
VND-02315,WavePath Inc LLC,CONTRACTOR,Japan,REG-XA466VSS22,LOW,2018-04-15,ACTIVE
VND-02316,LatticeCore Partners Group,CONSULTANT,United Kingdom,REG-MW016ODA59,LOW,2020-10-25,ACTIVE
VND-02317,Alpha_Inc Group,SERVICE_PROVIDER,United Kingdom,REG-JS622LWZ12,LOW,2015-05-03,ACTIVE
VND-02318,Beta_Supplies Holdings,CONTRACTOR,United States,REG-ZI767WUN74,LOW,2021-12-22,ACTIVE
VND-02319,EcoVenture Supplies,LOGISTICS,United States,REG-LR160TGF11,MEDIUM,2023-03-30,ACTIVE
VND-02320,YieldPoint Partners Inc,MANUFACTURER,UAE,REG-OY584DAW88,HIGH,2021-09-17,ACTIVE
VND-02321,WaveCore Manufacturing Group,SERVICE_PROVIDER,United States,REG-HZ801ETF79,LOW,2016-01-13,ACTIVE
VND-02322,Acuity Systems Inc,SERVICE_PROVIDER,United States,REG-KM823WCY12,LOW,2021-01-07,ACTIVE
VND-02323,Apex Solutions Holdings,SERVICE_PROVIDER,India,REG-YQ047KOZ26,MEDIUM,2020-05-04,ACTIVE
VND-02324,XcelPath Networks Ltd,MANUFACTURER,United States,REG-DN612HQO12,LOW,2022-06-30,ACTIVE
VND-02325,Epsilon_Group Ltd,CONSULTANT,United Kingdom,REG-SL753UYW65,LOW,2017-03-14,ACTIVE
VND-02326,JetStream Analytics Group,SUPPLIER,United States,REG-OK807XQG85,LOW,2022-05-24,ACTIVE
VND-02327,NexPoint Analytics,CONSULTANT,India,REG-SW242OGU18,MEDIUM,2017-10-20,ACTIVE
VND-02328,VertiLink Distributors LLC,MANUFACTURER,Brazil,REG-RB454QTP00,LOW,2020-03-07,ACTIVE
VND-02329,RedPoint Consulting Inc,CONTRACTOR,Singapore,REG-ME547HIM52,LOW,2016-06-23,ACTIVE
VND-02330,WavePath Inc,MANUFACTURER,Canada,REG-WV274UFR89,LOW,2015-05-21,ACTIVE
VND-02331,LatticeCore Partners,MANUFACTURER,United States,REG-WN917PQS76,LOW,2016-08-08,ACTIVE
VND-02332,ZenithBridge Corp Holdings,DISTRIBUTOR,France,REG-JI272YRK03,MEDIUM,2015-02-17,ACTIVE
VND-02333,OpenBridge Systems Inc,DISTRIBUTOR,Singapore,REG-DZ175EMY08,LOW,2024-02-29,ACTIVE
VND-02334,NexPoint Analytics Holdings,SERVICE_PROVIDER,United States,REG-TO630MCY45,LOW,2021-02-13,ACTIVE
VND-02335,GreenBridge Consulting Holdings,CONSULTANT,India,REG-JR935NOV88,MEDIUM,2018-10-13,ACTIVE
VND-02336,YellowBridge Partners Ltd,MANUFACTURER,United States,REG-GE340TZC01,LOW,2020-02-13,ACTIVE
VND-02337,HorizonEdge Inc Holdings,LOGISTICS,Canada,REG-BW784LRQ81,LOW,2015-09-16,ACTIVE
VND-02338,IronPoint Manufacturing Group,CONSULTANT,Australia,REG-DI454NIX46,LOW,2016-01-23,ACTIVE
VND-02339,UnityCore Technologies Holdings,LOGISTICS,Germany,REG-CT179YJG93,MEDIUM,2016-06-01,ACTIVE
VND-02340,FlowBridge Inc,CONSULTANT,Canada,REG-JI053DGG91,LOW,2020-08-29,ACTIVE
VND-02341,GreenBridge Consulting Group,LOGISTICS,United Kingdom,REG-LB486LHG99,MEDIUM,2016-08-03,INACTIVE
VND-02342,WavePath Inc Holdings,DISTRIBUTOR,United States,REG-EL290SIE45,MEDIUM,2020-11-22,ACTIVE
VND-02343,DeltaPath Logistics Inc,CONTRACTOR,UAE,REG-YO147CZF24,LOW,2020-12-23,ACTIVE
VND-02344,HorizonEdge Inc Group,CONSULTANT,United States,REG-RI986NJP42,LOW,2019-03-14,ACTIVE
VND-02345,Epsilon_Group Ltd,LOGISTICS,United States,REG-PP397KYG28,LOW,2017-07-15,ACTIVE
VND-02346,BlueStar Procurement Inc,CONTRACTOR,United States,REG-ZK218KNL70,LOW,2017-04-08,INACTIVE
VND-02347,SilverPath Holdings International,SERVICE_PROVIDER,France,REG-NK880JHC98,HIGH,2020-11-07,BLACKLISTED
VND-02348,TrueNorth Services,CONTRACTOR,China,REG-AB102ESH32,LOW,2015-11-03,ACTIVE
VND-02349,VoltEdge Solutions Ltd,SUPPLIER,United States,REG-CB676GOM61,LOW,2021-08-29,ACTIVE
VND-02350,EcoVenture Supplies Inc,LOGISTICS,India,REG-JF876SMX10,MEDIUM,2016-10-18,ACTIVE
VND-02351,Acuity Systems International,CONSULTANT,India,REG-JS614UPP03,LOW,2021-08-19,ACTIVE
VND-02352,RedPoint Consulting Group,SUPPLIER,Brazil,REG-RA198YWX07,MEDIUM,2019-07-03,ACTIVE
VND-02353,ClearPath Logistics Group,CONTRACTOR,Germany,REG-AL823URY54,HIGH,2022-07-16,ACTIVE
VND-02354,TrueNorth Services Ltd,LOGISTICS,Japan,REG-DW100ZLA30,LOW,2016-02-25,ACTIVE
VND-02355,ClearPath Logistics Holdings,SUPPLIER,UAE,REG-CE545VBS96,LOW,2024-03-21,ACTIVE
VND-02356,EdgeWave Technologies Inc,CONTRACTOR,India,REG-RF066EAP66,MEDIUM,2023-01-28,ACTIVE
VND-02357,Beta_Supplies Holdings,MANUFACTURER,Australia,REG-TO654SAZ11,HIGH,2016-04-07,ACTIVE
VND-02358,UnityCore Technologies LLC,SERVICE_PROVIDER,India,REG-NL785RXN16,LOW,2023-11-29,ACTIVE
VND-02359,VoltEdge Solutions Ltd,LOGISTICS,Canada,REG-XX708JWM90,LOW,2021-09-19,ACTIVE
VND-02360,FusionCore Analytics Inc,SERVICE_PROVIDER,Singapore,REG-JJ668YIU34,LOW,2022-11-13,ACTIVE
VND-02361,YellowBridge Partners Holdings,MANUFACTURER,India,REG-YM999DYA62,LOW,2023-02-13,ACTIVE
VND-02362,VertiLink Distributors International,LOGISTICS,India,REG-JH838OKH68,HIGH,2022-06-24,INACTIVE
VND-02363,GlobalNex Corp LLC,SERVICE_PROVIDER,India,REG-XB787XZL91,CRITICAL,2024-01-15,ACTIVE
VND-02364,BlueStar Procurement LLC,SUPPLIER,France,REG-KD625YBS71,LOW,2017-12-24,ACTIVE
VND-02365,YieldPoint Partners Ltd,LOGISTICS,Canada,REG-IB932SWW01,LOW,2020-10-26,ACTIVE
VND-02366,Beta_Supplies Inc,SUPPLIER,China,REG-YA789TFJ82,LOW,2022-03-17,ACTIVE
VND-02367,PrimeAxis Corp Holdings,MANUFACTURER,South Africa,REG-YD095XVG21,LOW,2021-07-04,INACTIVE
VND-02368,WavePath Inc,MANUFACTURER,Australia,REG-ST517FQV77,LOW,2018-11-23,ACTIVE
VND-02369,HorizonEdge Inc,LOGISTICS,Japan,REG-LY274EGI69,MEDIUM,2019-06-22,ACTIVE
VND-02370,BridgeTech Consulting Group,CONSULTANT,United States,REG-TL824ZIB19,MEDIUM,2021-05-11,ACTIVE
VND-02371,SilverPath Holdings International,SUPPLIER,Australia,REG-EV422GLE29,LOW,2023-12-29,ACTIVE
VND-02372,Gamma_Co LLC,CONTRACTOR,India,REG-IG704JWR54,MEDIUM,2018-11-10,ACTIVE
VND-02373,UltraVista Technologies International,MANUFACTURER,India,REG-BX457GIA05,LOW,2022-11-03,ACTIVE
VND-02374,JadeCore Solutions Inc,MANUFACTURER,Germany,REG-AT922KBU57,MEDIUM,2021-02-19,ACTIVE
VND-02375,YellowBridge Partners Inc,LOGISTICS,France,REG-AR016DDK35,MEDIUM,2016-12-05,ACTIVE
VND-02376,NexPoint Analytics Ltd,LOGISTICS,United Kingdom,REG-GK324JNU72,MEDIUM,2023-04-19,ACTIVE
VND-02377,VoltEdge Solutions,SERVICE_PROVIDER,Germany,REG-HP400HLK17,LOW,2022-03-04,ACTIVE
VND-02378,XpressCore Dynamics International,CONTRACTOR,France,REG-AE473YIY12,LOW,2017-04-08,ACTIVE
VND-02379,XcelPath Networks Inc,CONSULTANT,Germany,REG-YW507JPS10,LOW,2016-10-14,ACTIVE
VND-02380,TrueNorth Services Ltd,MANUFACTURER,China,REG-AN011LDZ95,LOW,2022-11-08,ACTIVE
VND-02381,LatticeCore Partners International,MANUFACTURER,United States,REG-FV115CVX26,LOW,2021-12-08,ACTIVE
VND-02382,MomentumCore Corp LLC,LOGISTICS,India,REG-MC370CDE92,LOW,2019-07-16,ACTIVE
VND-02383,WaveCore Manufacturing International,SERVICE_PROVIDER,United States,REG-EQ695SPF00,LOW,2016-06-28,ACTIVE
VND-02384,Delta_Logistics Holdings,DISTRIBUTOR,United States,REG-SS894OZP85,MEDIUM,2021-11-17,ACTIVE
VND-02385,Gamma_Co,DISTRIBUTOR,United States,REG-LJ298KNA76,LOW,2017-10-04,ACTIVE
VND-02386,FusionCore Analytics Group,MANUFACTURER,United Kingdom,REG-EX529HAU44,LOW,2024-05-05,ACTIVE
VND-02387,PeakVault Services Inc,CONSULTANT,United States,REG-MZ198TZI27,LOW,2017-06-03,ACTIVE
VND-02388,Epsilon_Group Ltd,LOGISTICS,Australia,REG-VC131JWX04,LOW,2020-06-02,INACTIVE
VND-02389,KryptonPath Ltd Group,CONSULTANT,Netherlands,REG-ED896SNY32,LOW,2019-08-16,ACTIVE
VND-02390,YieldPoint Partners LLC,MANUFACTURER,Canada,REG-VJ574AHD83,LOW,2017-12-07,ACTIVE
VND-02391,XcelPath Networks Holdings,CONTRACTOR,UAE,REG-VB648CML60,MEDIUM,2017-08-19,ACTIVE
VND-02392,InnoCore Dynamics Holdings,MANUFACTURER,India,REG-GM834JTL48,LOW,2024-04-12,INACTIVE
VND-02393,GlobalNex Corp Inc,MANUFACTURER,France,REG-II536DVV46,MEDIUM,2020-09-09,ACTIVE
VND-02394,Gamma_Co Ltd,MANUFACTURER,Germany,REG-ZX077CNV40,LOW,2017-07-22,ACTIVE
VND-02395,JadeCore Solutions Inc,SERVICE_PROVIDER,India,REG-NK515LUA62,MEDIUM,2017-07-06,ACTIVE
VND-02396,NexPoint Analytics International,DISTRIBUTOR,Singapore,REG-GC908FOS55,LOW,2020-07-29,ACTIVE
VND-02397,BridgeTech Consulting Ltd,DISTRIBUTOR,Ireland,REG-GF409GDX13,LOW,2020-01-11,BLACKLISTED
VND-02398,UnityCore Technologies Group,MANUFACTURER,Germany,REG-JV861ZST90,LOW,2015-09-19,ACTIVE
VND-02399,KryptonPath Ltd Holdings,SUPPLIER,Brazil,REG-OB760ZTN22,LOW,2023-02-28,ACTIVE
VND-02400,InnoCore Dynamics International,MANUFACTURER,Australia,REG-RL535AFQ41,LOW,2017-05-31,ACTIVE
VND-02401,TrueNorth Services Holdings,DISTRIBUTOR,Netherlands,REG-WD227AKA59,LOW,2017-08-10,ACTIVE
VND-02402,IronPoint Manufacturing LLC,CONTRACTOR,United States,REG-NU015LWZ15,HIGH,2021-07-31,ACTIVE
VND-02403,XpressCore Dynamics Holdings,SUPPLIER,United States,REG-CC947SCF95,HIGH,2021-08-03,ACTIVE
VND-02404,VoltEdge Solutions Group,CONSULTANT,India,REG-MJ173DWT27,LOW,2023-03-20,ACTIVE
VND-02405,LatticeCore Partners Inc,SUPPLIER,Ireland,REG-DA950ZSR31,HIGH,2017-01-12,INACTIVE
VND-02406,VertiLink Distributors,SERVICE_PROVIDER,China,REG-SL934HAR03,HIGH,2016-01-21,INACTIVE
VND-02407,Delta_Logistics International,MANUFACTURER,France,REG-CG520NSW36,MEDIUM,2019-04-11,ACTIVE
VND-02408,GlobalNex Corp Holdings,CONSULTANT,Singapore,REG-ON411GOP84,LOW,2018-12-25,ACTIVE
VND-02409,LatticeCore Partners Holdings,CONSULTANT,United Kingdom,REG-WW599WWP28,MEDIUM,2019-07-03,ACTIVE
VND-02410,FlowBridge Inc Holdings,LOGISTICS,United States,REG-XY595ECD20,LOW,2020-01-25,ACTIVE
VND-02411,MomentumCore Corp,SUPPLIER,Canada,REG-PB679ZKB90,LOW,2021-03-31,ACTIVE
VND-02412,HorizonEdge Inc,CONTRACTOR,Canada,REG-TC801EQC86,LOW,2015-01-20,ACTIVE
VND-02413,KryptonPath Ltd,LOGISTICS,United States,REG-TN378QMK42,LOW,2019-03-16,ACTIVE
VND-02414,NexPoint Analytics International,DISTRIBUTOR,United Kingdom,REG-BA449ZFD53,HIGH,2017-01-14,ACTIVE
VND-02415,SkyBridge Logistics Group,CONTRACTOR,China,REG-NK625OWA50,HIGH,2021-09-22,ACTIVE
VND-02416,Epsilon_Group Inc,DISTRIBUTOR,United States,REG-QI173ZLS65,LOW,2016-12-28,ACTIVE
VND-02417,NexPoint Analytics,LOGISTICS,United States,REG-LD178OLQ42,MEDIUM,2021-01-10,ACTIVE
VND-02418,SilverPath Holdings,MANUFACTURER,United Kingdom,REG-VG923EAV34,MEDIUM,2018-11-30,ACTIVE
VND-02419,GlobalNex Corp International,DISTRIBUTOR,United States,REG-WP090AOW60,LOW,2017-03-02,ACTIVE
VND-02420,DawnTech Services LLC,LOGISTICS,Canada,REG-PA886JHF84,CRITICAL,2021-02-22,BLACKLISTED
VND-02421,RapidCore Consulting Ltd,CONTRACTOR,India,REG-NA667SRV32,MEDIUM,2015-09-26,INACTIVE
VND-02422,Gamma_Co International,LOGISTICS,Singapore,REG-CU759KLF88,LOW,2017-02-10,ACTIVE
VND-02423,EcoVenture Supplies Inc,MANUFACTURER,Brazil,REG-KZ299COP64,LOW,2022-05-25,ACTIVE
VND-02424,RapidCore Consulting LLC,DISTRIBUTOR,China,REG-XW620HLE27,LOW,2018-08-05,ACTIVE
VND-02425,ZenithBridge Corp Inc,MANUFACTURER,United Kingdom,REG-IA477CHF09,LOW,2021-02-15,ACTIVE
VND-02426,XpressCore Dynamics Group,MANUFACTURER,Singapore,REG-LM523BSK80,LOW,2018-04-14,ACTIVE
VND-02427,FusionCore Analytics,SUPPLIER,Germany,REG-HY192HHK15,LOW,2020-07-05,ACTIVE
VND-02428,TrueNorth Services International,LOGISTICS,India,REG-BG705XHG91,LOW,2023-10-26,ACTIVE
VND-02429,HorizonEdge Inc,CONSULTANT,United States,REG-JJ638FUL55,MEDIUM,2015-06-20,ACTIVE
VND-02430,KryptonPath Ltd,MANUFACTURER,Germany,REG-TS597GYJ72,LOW,2016-12-11,ACTIVE
VND-02431,DeltaPath Logistics Holdings,CONSULTANT,Germany,REG-EI800WZS53,MEDIUM,2019-04-26,ACTIVE
VND-02432,Gamma_Co LLC,MANUFACTURER,Netherlands,REG-MJ931GLE86,HIGH,2019-11-12,ACTIVE
VND-02433,XcelPath Networks LLC,SUPPLIER,United Kingdom,REG-DQ284GGI54,LOW,2022-11-03,ACTIVE
VND-02434,OmegaLink Systems LLC,SUPPLIER,United Kingdom,REG-LJ272NNS00,LOW,2018-08-04,ACTIVE
VND-02435,NexPoint Analytics,SERVICE_PROVIDER,United Kingdom,REG-DQ823FRR22,LOW,2015-07-05,ACTIVE
VND-02436,SilverPath Holdings,MANUFACTURER,Germany,REG-VH743EAX28,HIGH,2017-09-11,ACTIVE
VND-02437,Gamma_Co Group,LOGISTICS,Singapore,REG-VO993VAI02,CRITICAL,2019-03-03,BLACKLISTED
VND-02438,PrimeAxis Corp Ltd,CONTRACTOR,Singapore,REG-OI030ITC42,LOW,2022-07-01,ACTIVE
VND-02439,OpenBridge Systems Holdings,MANUFACTURER,India,REG-XT752MCX13,LOW,2017-04-19,ACTIVE
VND-02440,Gamma_Co International,CONTRACTOR,United Kingdom,REG-DA281QZM65,LOW,2019-03-25,ACTIVE
VND-02441,MomentumCore Corp,MANUFACTURER,Canada,REG-CD005DWZ93,MEDIUM,2022-01-10,ACTIVE
VND-02442,InnoCore Dynamics LLC,CONSULTANT,United States,REG-IX919ERB83,LOW,2022-09-25,ACTIVE
VND-02443,Alpha_Inc International,CONSULTANT,UAE,REG-ET291YMC61,LOW,2015-09-30,ACTIVE
VND-02444,QuantumEdge Solutions LLC,MANUFACTURER,Canada,REG-YB298QPV31,LOW,2023-01-07,ACTIVE
VND-02445,Epsilon_Group Ltd,SUPPLIER,United States,REG-ZK841JKF96,LOW,2017-12-07,ACTIVE
VND-02446,MeridianTech,LOGISTICS,France,REG-GD316XZJ70,LOW,2021-03-22,ACTIVE
VND-02447,CoreVault Systems International,SUPPLIER,United States,REG-YO566SZJ70,LOW,2020-05-15,ACTIVE
VND-02448,LatticeCore Partners,MANUFACTURER,United States,REG-XD198TLS65,LOW,2023-07-21,ACTIVE
VND-02449,ClearPath Logistics LLC,SERVICE_PROVIDER,Brazil,REG-ZM440RTM76,LOW,2016-08-07,ACTIVE
VND-02450,GreenBridge Consulting Inc,LOGISTICS,United Kingdom,REG-AT339PMY65,MEDIUM,2017-02-13,ACTIVE
VND-02451,Apex Solutions Group,LOGISTICS,India,REG-YI273BHF22,MEDIUM,2018-10-30,ACTIVE
VND-02452,MeridianTech LLC,SERVICE_PROVIDER,Canada,REG-QI424VVP36,HIGH,2015-08-20,ACTIVE
VND-02453,EdgeWave Technologies Group,MANUFACTURER,United Kingdom,REG-RG854GOC21,LOW,2017-01-23,ACTIVE
VND-02454,BridgeTech Consulting Inc,SUPPLIER,India,REG-VN879AJO91,LOW,2019-12-10,ACTIVE
VND-02455,KineticBlue Ltd Group,CONTRACTOR,United States,REG-RY341QOM99,LOW,2021-02-19,ACTIVE
VND-02456,HorizonEdge Inc Ltd,DISTRIBUTOR,United Kingdom,REG-DL853XQD24,LOW,2015-03-13,ACTIVE
VND-02457,CoreVault Systems Group,MANUFACTURER,United Kingdom,REG-QM583CZS33,MEDIUM,2016-03-01,ACTIVE
VND-02458,DeltaPath Logistics Inc,LOGISTICS,China,REG-FZ311BXU58,LOW,2019-05-07,ACTIVE
VND-02459,OpenBridge Systems,DISTRIBUTOR,United States,REG-RR457FVY69,LOW,2021-04-27,ACTIVE
VND-02460,EcoVenture Supplies Ltd,SERVICE_PROVIDER,India,REG-MX769PBX45,LOW,2022-03-26,ACTIVE
VND-02461,WavePath Inc Group,SERVICE_PROVIDER,South Africa,REG-UM974XGY66,LOW,2022-08-29,ACTIVE
VND-02462,OpenBridge Systems International,CONSULTANT,Australia,REG-FL163VSX42,LOW,2020-05-16,INACTIVE
VND-02463,JetStream Analytics Holdings,MANUFACTURER,United Kingdom,REG-NT080GFV95,LOW,2022-02-22,ACTIVE
VND-02464,QuantumEdge Solutions Group,MANUFACTURER,United States,REG-YX269KYZ25,HIGH,2019-02-16,ACTIVE
VND-02465,CoreVault Systems International,MANUFACTURER,UAE,REG-AD472RIP13,LOW,2019-08-08,ACTIVE
VND-02466,InnoCore Dynamics Inc,CONTRACTOR,United Kingdom,REG-YH591SDQ42,MEDIUM,2022-01-10,BLACKLISTED
VND-02467,Acuity Systems International,SERVICE_PROVIDER,Australia,REG-YK489AHT33,HIGH,2023-03-24,ACTIVE
VND-02468,VertiLink Distributors Holdings,SERVICE_PROVIDER,United States,REG-KA543OQX07,HIGH,2022-06-18,ACTIVE
VND-02469,NorthBridge Supplies LLC,DISTRIBUTOR,United Kingdom,REG-IP731RUH00,MEDIUM,2017-02-21,ACTIVE
VND-02470,Alpha_Inc Ltd,SERVICE_PROVIDER,China,REG-HF785XUJ22,HIGH,2019-01-28,INACTIVE
VND-02471,XcelPath Networks LLC,CONSULTANT,Canada,REG-KN718XQR45,MEDIUM,2018-06-11,ACTIVE
VND-02472,PeakVault Services International,LOGISTICS,Japan,REG-RR268PRF74,LOW,2018-05-15,ACTIVE
VND-02473,VertiLink Distributors Ltd,MANUFACTURER,Canada,REG-PR017BSH32,LOW,2016-10-03,ACTIVE
VND-02474,ClearPath Logistics,CONSULTANT,Canada,REG-DC652IKB37,HIGH,2022-10-13,ACTIVE
VND-02475,WavePath Inc LLC,LOGISTICS,United States,REG-DA656HRD33,LOW,2021-04-26,ACTIVE
VND-02476,Delta_Logistics Group,SERVICE_PROVIDER,Germany,REG-EB052XUP78,LOW,2016-09-09,ACTIVE
VND-02477,InnoCore Dynamics Inc,CONTRACTOR,South Africa,REG-ER800LUI02,LOW,2020-06-16,ACTIVE
VND-02478,WavePath Inc LLC,MANUFACTURER,United States,REG-QM142HBB57,HIGH,2015-05-25,INACTIVE
VND-02479,Apex Solutions Inc,CONTRACTOR,United States,REG-XN943WZH91,MEDIUM,2015-08-05,ACTIVE
VND-02480,MeridianTech LLC,CONSULTANT,India,REG-HM172YNW03,LOW,2016-09-08,ACTIVE
VND-02481,UltraVista Technologies Ltd,SERVICE_PROVIDER,France,REG-UB528MPL62,MEDIUM,2024-04-15,ACTIVE
VND-02482,TrueNorth Services,DISTRIBUTOR,United Kingdom,REG-UX973NWQ52,LOW,2023-12-31,ACTIVE
VND-02483,Acuity Systems,DISTRIBUTOR,Singapore,REG-OS332XCO22,HIGH,2020-12-20,ACTIVE
VND-02484,EcoVenture Supplies LLC,MANUFACTURER,India,REG-LA938SXE99,LOW,2018-02-25,ACTIVE
VND-02485,JetStream Analytics International,LOGISTICS,United States,REG-BB353FGW23,HIGH,2016-02-02,INACTIVE
VND-02486,YieldPoint Partners International,LOGISTICS,United States,REG-JD076CGL10,LOW,2016-11-29,ACTIVE
VND-02487,XcelPath Networks International,DISTRIBUTOR,United Kingdom,REG-ZK697MYC18,LOW,2021-07-23,INACTIVE
VND-02488,FusionCore Analytics LLC,CONTRACTOR,Germany,REG-ZG107WPJ12,LOW,2021-05-10,ACTIVE
VND-02489,EdgeWave Technologies Group,DISTRIBUTOR,India,REG-FQ388YOB21,CRITICAL,2016-07-06,BLACKLISTED
VND-02490,HarborLight Services Inc,CONSULTANT,Japan,REG-MU484CWQ67,LOW,2022-07-02,ACTIVE
VND-02491,Alpha_Inc,DISTRIBUTOR,France,REG-JK223TGB32,LOW,2018-12-23,ACTIVE
VND-02492,Acuity Systems Group,LOGISTICS,India,REG-WJ194QVK42,LOW,2019-02-04,ACTIVE
VND-02493,HorizonEdge Inc,CONTRACTOR,United Kingdom,REG-DY222LNV56,LOW,2020-06-28,ACTIVE
VND-02494,TrueNorth Services Holdings,SERVICE_PROVIDER,Germany,REG-OY350UEZ63,LOW,2020-01-13,ACTIVE
VND-02495,XpressCore Dynamics LLC,MANUFACTURER,United States,REG-RZ311RYF80,LOW,2020-02-20,ACTIVE
VND-02496,NexPoint Analytics,DISTRIBUTOR,United States,REG-QU413OJT07,LOW,2023-03-29,ACTIVE
VND-02497,EcoVenture Supplies International,SUPPLIER,India,REG-QE185OXY20,LOW,2019-05-10,ACTIVE
VND-02498,Delta_Logistics Ltd,SERVICE_PROVIDER,Singapore,REG-QZ260OKU84,LOW,2023-10-17,ACTIVE
VND-02499,WaveCore Manufacturing LLC,DISTRIBUTOR,United Kingdom,REG-UR756YEC15,MEDIUM,2017-12-07,ACTIVE
VND-02500,ClearPath Logistics LLC,LOGISTICS,Germany,REG-ZL554OQE91,LOW,2015-12-14,ACTIVE
VND-02501,BridgeTech Consulting Inc,LOGISTICS,United States,REG-EK516XRV41,MEDIUM,2016-06-10,INACTIVE
VND-02502,EdgeWave Technologies Group,LOGISTICS,India,REG-QF564KUY09,LOW,2021-05-31,ACTIVE
VND-02503,Apex Solutions LLC,MANUFACTURER,Germany,REG-JF939WZL57,MEDIUM,2015-02-25,ACTIVE
VND-02504,JetStream Analytics Ltd,LOGISTICS,Australia,REG-QK070BKQ20,MEDIUM,2022-01-08,ACTIVE
VND-02505,RapidCore Consulting,SUPPLIER,United States,REG-IU019QFJ71,LOW,2021-11-14,ACTIVE
VND-02506,WavePath Inc,SUPPLIER,United States,REG-WT413BNZ93,MEDIUM,2017-01-30,ACTIVE
VND-02507,OmegaLink Systems Group,MANUFACTURER,United States,REG-CK789HEN76,LOW,2015-07-24,ACTIVE
VND-02508,MeridianTech International,CONSULTANT,France,REG-OF126ZMX77,LOW,2024-03-02,ACTIVE
VND-02509,SilverPath Holdings LLC,DISTRIBUTOR,United States,REG-DV227SKH60,LOW,2022-08-01,ACTIVE
VND-02510,FlowBridge Inc Group,CONTRACTOR,United States,REG-WP897ONO86,LOW,2017-03-20,ACTIVE
VND-02511,MeridianTech LLC,MANUFACTURER,United States,REG-FO943XYV19,MEDIUM,2016-05-22,ACTIVE
VND-02512,XpressCore Dynamics Group,SERVICE_PROVIDER,Japan,REG-OV430LOH89,LOW,2016-10-27,ACTIVE
VND-02513,Acuity Systems Ltd,CONTRACTOR,United Kingdom,REG-EW202BXW19,MEDIUM,2022-03-08,ACTIVE
VND-02514,WavePath Inc Group,SUPPLIER,Ireland,REG-OD764ZSE49,LOW,2020-12-13,ACTIVE
VND-02515,SilverPath Holdings Inc,SUPPLIER,United States,REG-JD000ZTT26,MEDIUM,2016-10-22,ACTIVE
VND-02516,VoltEdge Solutions,LOGISTICS,Singapore,REG-KC867LCT64,LOW,2021-12-13,ACTIVE
VND-02517,UnityCore Technologies International,MANUFACTURER,United States,REG-BS163CQV65,LOW,2015-02-19,ACTIVE
VND-02518,XcelPath Networks LLC,DISTRIBUTOR,United States,REG-US006OEM35,LOW,2022-08-21,ACTIVE
VND-02519,UltraVista Technologies International,MANUFACTURER,France,REG-BN096LDC49,LOW,2019-01-06,ACTIVE
VND-02520,FusionCore Analytics Holdings,MANUFACTURER,United Kingdom,REG-KS119YOU52,LOW,2021-02-14,ACTIVE
VND-02521,TitanPath Holdings,SERVICE_PROVIDER,Australia,REG-UA305LXW97,LOW,2019-08-06,ACTIVE
VND-02522,ZenithBridge Corp International,SERVICE_PROVIDER,United States,REG-AR128NBT27,LOW,2020-03-17,ACTIVE
VND-02523,Acuity Systems,LOGISTICS,Germany,REG-HN315JKW94,LOW,2016-07-25,ACTIVE
VND-02524,JetStream Analytics International,SUPPLIER,Singapore,REG-AQ596BPT54,LOW,2019-02-06,ACTIVE
VND-02525,LatticeCore Partners Group,CONSULTANT,United Kingdom,REG-TQ544YEY34,MEDIUM,2021-08-25,ACTIVE
VND-02526,JetStream Analytics Holdings,CONSULTANT,United States,REG-ML491PWM69,LOW,2018-10-13,ACTIVE
VND-02527,Beta_Supplies Inc,CONTRACTOR,United Kingdom,REG-SO344KRA97,LOW,2021-02-28,ACTIVE
VND-02528,FusionCore Analytics International,LOGISTICS,United Kingdom,REG-JO408DLV82,LOW,2019-11-18,ACTIVE
VND-02529,WaveCore Manufacturing,CONTRACTOR,France,REG-UN862KQI97,LOW,2015-10-02,ACTIVE
VND-02530,HorizonEdge Inc International,CONSULTANT,Singapore,REG-KG894AWK13,LOW,2024-01-05,ACTIVE
VND-02531,OpenBridge Systems Group,MANUFACTURER,India,REG-EW720CEU21,LOW,2018-10-18,INACTIVE
VND-02532,HarborLight Services Ltd,DISTRIBUTOR,India,REG-OT485YAX34,LOW,2016-06-14,ACTIVE
VND-02533,TitanPath Holdings Inc,CONTRACTOR,China,REG-CP579ACT22,LOW,2016-06-08,ACTIVE
VND-02534,ClearPath Logistics Holdings,CONSULTANT,United Kingdom,REG-EJ496UNO46,HIGH,2019-09-05,ACTIVE
VND-02535,UltraVista Technologies LLC,LOGISTICS,India,REG-GI900XHN25,HIGH,2020-05-04,INACTIVE
VND-02536,VertiLink Distributors LLC,CONSULTANT,Germany,REG-TM756ZMV58,LOW,2017-03-07,ACTIVE
VND-02537,OmegaLink Systems LLC,DISTRIBUTOR,India,REG-BZ957FKN08,MEDIUM,2021-08-25,ACTIVE
VND-02538,KryptonPath Ltd International,CONTRACTOR,Netherlands,REG-TM314QSU58,MEDIUM,2015-03-21,ACTIVE
VND-02539,JetStream Analytics Ltd,SUPPLIER,UAE,REG-OI663JXD11,MEDIUM,2018-08-10,ACTIVE
VND-02540,VoltEdge Solutions Holdings,SERVICE_PROVIDER,Canada,REG-KQ342VIC36,LOW,2015-10-02,ACTIVE
VND-02541,RedPoint Consulting LLC,CONTRACTOR,United States,REG-LQ334ANP74,MEDIUM,2016-08-09,ACTIVE
VND-02542,Apex Solutions Holdings,LOGISTICS,Japan,REG-TL104AGV37,LOW,2018-12-29,ACTIVE
VND-02543,RedPoint Consulting Holdings,CONTRACTOR,South Africa,REG-YP680UTT08,LOW,2020-06-08,ACTIVE
VND-02544,Delta_Logistics LLC,DISTRIBUTOR,South Africa,REG-DJ294ZPF69,MEDIUM,2017-02-09,ACTIVE
VND-02545,WavePath Inc Group,LOGISTICS,Netherlands,REG-QM774CTN17,LOW,2020-11-14,ACTIVE
VND-02546,BlueStar Procurement LLC,LOGISTICS,United States,REG-YY502XDK38,LOW,2024-03-06,ACTIVE
VND-02547,SilverPath Holdings,MANUFACTURER,Ireland,REG-ZV289LCW46,LOW,2015-04-29,ACTIVE
VND-02548,DawnTech Services Inc,SERVICE_PROVIDER,Japan,REG-HJ523NYO32,MEDIUM,2016-08-27,ACTIVE
VND-02549,ClearPath Logistics Inc,SUPPLIER,India,REG-ZK020GNN25,LOW,2018-07-10,ACTIVE
VND-02550,MomentumCore Corp International,CONSULTANT,Brazil,REG-QA030DCE33,LOW,2018-03-12,ACTIVE
VND-02551,HarborLight Services,DISTRIBUTOR,France,REG-CB167JXE50,LOW,2018-08-30,INACTIVE
VND-02552,VoltEdge Solutions International,SUPPLIER,Japan,REG-VD995LRP53,LOW,2021-03-03,ACTIVE
VND-02553,LatticeCore Partners Holdings,LOGISTICS,United States,REG-OV530LJX12,LOW,2021-11-16,ACTIVE
VND-02554,XpressCore Dynamics Ltd,DISTRIBUTOR,United States,REG-NR472TYI30,LOW,2015-06-11,ACTIVE
VND-02555,FusionCore Analytics,CONSULTANT,United States,REG-EZ028LZV47,MEDIUM,2015-10-06,ACTIVE
VND-02556,UnityCore Technologies Group,LOGISTICS,Canada,REG-QZ017ISD22,LOW,2016-01-12,ACTIVE
VND-02557,Acuity Systems Holdings,SUPPLIER,France,REG-QI507DUX64,HIGH,2023-06-03,ACTIVE
VND-02558,Acuity Systems LLC,SERVICE_PROVIDER,United States,REG-AG177NYM54,LOW,2023-11-09,ACTIVE
VND-02559,NorthBridge Supplies International,SUPPLIER,India,REG-OI240OIC65,LOW,2016-10-13,ACTIVE
VND-02560,SkyBridge Logistics Ltd,SUPPLIER,Ireland,REG-EL272JUM58,LOW,2015-04-10,ACTIVE
VND-02561,CoreVault Systems,LOGISTICS,United Kingdom,REG-WI095STQ66,MEDIUM,2017-06-16,ACTIVE
VND-02562,InnoCore Dynamics Ltd,CONTRACTOR,Canada,REG-OM823CKX73,HIGH,2018-08-01,BLACKLISTED
VND-02563,BridgeTech Consulting Ltd,CONTRACTOR,France,REG-FD121HHD21,MEDIUM,2023-08-02,ACTIVE
VND-02564,Acuity Systems Ltd,SUPPLIER,United Kingdom,REG-AZ803VND58,LOW,2015-10-06,ACTIVE
VND-02565,LucentBridge Technologies International,CONTRACTOR,United States,REG-SC170ZOO74,LOW,2015-01-30,ACTIVE
VND-02566,Beta_Supplies Group,CONSULTANT,United States,REG-NN925QSW19,LOW,2019-06-15,ACTIVE
VND-02567,WavePath Inc Ltd,CONTRACTOR,China,REG-GL295LJF17,LOW,2018-02-26,ACTIVE
VND-02568,Beta_Supplies Group,DISTRIBUTOR,India,REG-DL643KBX38,LOW,2023-06-17,ACTIVE
VND-02569,QuantumEdge Solutions International,MANUFACTURER,India,REG-LY422RUR16,LOW,2016-05-03,ACTIVE
VND-02570,PeakVault Services LLC,LOGISTICS,Singapore,REG-VV496ASI33,LOW,2020-09-27,ACTIVE
VND-02571,YieldPoint Partners Inc,MANUFACTURER,United Kingdom,REG-CB334TGH44,LOW,2016-03-13,ACTIVE
VND-02572,WavePath Inc Holdings,MANUFACTURER,United Kingdom,REG-AR789DBZ95,LOW,2024-05-04,ACTIVE
VND-02573,XcelPath Networks International,MANUFACTURER,Japan,REG-XG205RWE96,MEDIUM,2015-08-11,ACTIVE
VND-02574,Beta_Supplies Holdings,DISTRIBUTOR,United States,REG-QN953SLZ77,LOW,2017-06-07,ACTIVE
VND-02575,LatticeCore Partners Inc,CONSULTANT,France,REG-AO632RLC95,LOW,2018-09-29,ACTIVE
VND-02576,UltraVista Technologies International,DISTRIBUTOR,United Kingdom,REG-WK775JBA22,HIGH,2019-05-20,ACTIVE
VND-02577,MomentumCore Corp Holdings,MANUFACTURER,India,REG-JZ165MIB81,HIGH,2023-12-01,ACTIVE
VND-02578,Apex Solutions Inc,DISTRIBUTOR,United States,REG-SH592EUX29,LOW,2015-05-08,ACTIVE
VND-02579,Apex Solutions Holdings,SERVICE_PROVIDER,China,REG-UU630WQS29,MEDIUM,2019-12-28,INACTIVE
VND-02580,XcelPath Networks Group,CONSULTANT,Singapore,REG-DQ963UZJ63,HIGH,2022-03-30,ACTIVE
VND-02581,RedPoint Consulting International,SUPPLIER,India,REG-CB629YEV42,MEDIUM,2022-05-01,ACTIVE
VND-02582,TrueNorth Services Group,SERVICE_PROVIDER,United Kingdom,REG-VG498MNU08,MEDIUM,2017-12-12,INACTIVE
VND-02583,SkyBridge Logistics Inc,SERVICE_PROVIDER,United Kingdom,REG-RK138IOT00,LOW,2015-05-05,ACTIVE
VND-02584,PrimeAxis Corp International,MANUFACTURER,China,REG-GL211YEX22,LOW,2021-07-02,ACTIVE
VND-02585,KryptonPath Ltd International,MANUFACTURER,United States,REG-JB481IAI58,LOW,2015-09-17,ACTIVE
VND-02586,YieldPoint Partners,SERVICE_PROVIDER,Singapore,REG-WL764HHU01,LOW,2015-06-02,ACTIVE
VND-02587,Apex Solutions Ltd,MANUFACTURER,United States,REG-TT488WIR06,MEDIUM,2015-06-30,ACTIVE
VND-02588,UnityCore Technologies Holdings,SERVICE_PROVIDER,United Kingdom,REG-GF006COH29,HIGH,2023-01-23,BLACKLISTED
VND-02589,RedPoint Consulting Inc,CONSULTANT,Australia,REG-XV735YOZ85,MEDIUM,2017-02-09,ACTIVE
VND-02590,CoreVault Systems Inc,LOGISTICS,Singapore,REG-BU464INS19,MEDIUM,2021-04-25,BLACKLISTED
VND-02591,Alpha_Inc Group,LOGISTICS,United States,REG-ZJ219LEM26,LOW,2023-01-09,ACTIVE
VND-02592,XcelPath Networks International,SERVICE_PROVIDER,UAE,REG-SK204NQI10,LOW,2024-03-15,ACTIVE
VND-02593,XcelPath Networks LLC,DISTRIBUTOR,United States,REG-KX314SHF78,LOW,2021-03-06,ACTIVE
VND-02594,Acuity Systems Group,SERVICE_PROVIDER,Canada,REG-LN797MNR26,LOW,2021-07-04,ACTIVE
VND-02595,SilverPath Holdings Group,MANUFACTURER,France,REG-SM981HVJ28,LOW,2024-02-18,ACTIVE
VND-02596,BlueStar Procurement,CONTRACTOR,United States,REG-AB003VSV66,LOW,2021-10-02,ACTIVE
VND-02597,DawnTech Services International,DISTRIBUTOR,United Kingdom,REG-MV200KIV05,LOW,2023-06-15,ACTIVE
VND-02598,OpenBridge Systems Group,CONTRACTOR,UAE,REG-AU386OCU31,MEDIUM,2021-09-18,ACTIVE
VND-02599,Epsilon_Group Inc,CONSULTANT,United Kingdom,REG-JT243AWJ83,LOW,2021-06-07,ACTIVE
VND-02600,Gamma_Co International,DISTRIBUTOR,UAE,REG-XN269DDC29,MEDIUM,2016-04-03,ACTIVE
VND-02601,Apex Solutions Holdings,MANUFACTURER,United Kingdom,REG-WB686POL27,LOW,2021-03-04,ACTIVE
VND-02602,Alpha_Inc Holdings,SUPPLIER,Germany,REG-RY838NNE96,MEDIUM,2020-06-26,ACTIVE
VND-02603,JadeCore Solutions International,MANUFACTURER,Canada,REG-OI618ZWX51,MEDIUM,2020-11-12,ACTIVE
VND-02604,Acuity Systems LLC,SUPPLIER,United Kingdom,REG-PB626JTX71,LOW,2023-06-06,ACTIVE
VND-02605,Beta_Supplies LLC,CONSULTANT,United States,REG-QG101YKM32,LOW,2023-06-13,ACTIVE
VND-02606,Delta_Logistics,CONSULTANT,United States,REG-GU392OWL18,MEDIUM,2020-07-21,BLACKLISTED
VND-02607,XpressCore Dynamics International,LOGISTICS,United Kingdom,REG-UT791WVS87,LOW,2018-05-25,ACTIVE
VND-02608,Gamma_Co Group,SUPPLIER,United States,REG-GP067CBW76,LOW,2015-04-07,ACTIVE
VND-02609,Gamma_Co Inc,SUPPLIER,United States,REG-HG592PRP08,LOW,2022-08-19,ACTIVE
VND-02610,BlueStar Procurement Holdings,SERVICE_PROVIDER,United States,REG-CA192HDG79,LOW,2022-06-02,INACTIVE
VND-02611,YieldPoint Partners Holdings,CONTRACTOR,Singapore,REG-IP159PIS69,LOW,2017-05-03,ACTIVE
VND-02612,OpenBridge Systems Ltd,SUPPLIER,France,REG-TU457JSZ20,LOW,2021-08-27,ACTIVE
VND-02613,WaveCore Manufacturing,MANUFACTURER,France,REG-WK656NWK86,HIGH,2017-11-13,ACTIVE
VND-02614,IronPoint Manufacturing Inc,SERVICE_PROVIDER,Brazil,REG-TN125GLK73,MEDIUM,2016-02-06,ACTIVE
VND-02615,SkyBridge Logistics International,SERVICE_PROVIDER,United States,REG-RQ255BOO39,LOW,2015-04-22,ACTIVE
VND-02616,FlowBridge Inc International,DISTRIBUTOR,United States,REG-MB074CRO29,HIGH,2017-10-29,INACTIVE
VND-02617,UnityCore Technologies LLC,SERVICE_PROVIDER,Canada,REG-LT729EWC66,LOW,2016-01-21,ACTIVE
VND-02618,EcoVenture Supplies,CONTRACTOR,China,REG-JA996JYM70,MEDIUM,2018-08-15,ACTIVE
VND-02619,NorthBridge Supplies Ltd,SUPPLIER,United States,REG-WR747NKS48,MEDIUM,2019-08-09,ACTIVE
VND-02620,SkyBridge Logistics Inc,DISTRIBUTOR,Australia,REG-ZM641ZGT83,LOW,2015-04-26,ACTIVE
VND-02621,RedPoint Consulting LLC,SERVICE_PROVIDER,UAE,REG-DH167OVN34,LOW,2021-05-03,ACTIVE
VND-02622,LucentBridge Technologies,DISTRIBUTOR,France,REG-YS698XLI81,LOW,2022-10-30,ACTIVE
VND-02623,Epsilon_Group Group,CONTRACTOR,Brazil,REG-YM044KQO50,LOW,2015-06-13,ACTIVE
VND-02624,JetStream Analytics Inc,CONSULTANT,France,REG-HC860KZI52,LOW,2015-11-11,ACTIVE
VND-02625,YellowBridge Partners LLC,MANUFACTURER,United Kingdom,REG-JM706DBI64,LOW,2024-01-18,ACTIVE
VND-02626,LatticeCore Partners Group,LOGISTICS,Brazil,REG-HG248XOA45,MEDIUM,2018-10-24,ACTIVE
VND-02627,ClearPath Logistics Inc,SUPPLIER,United States,REG-QZ889CVE83,MEDIUM,2022-11-10,ACTIVE
VND-02628,MomentumCore Corp Ltd,SERVICE_PROVIDER,France,REG-MV488EQV39,LOW,2015-04-07,ACTIVE
VND-02629,BridgeTech Consulting LLC,MANUFACTURER,Canada,REG-AJ185CYX63,LOW,2020-11-21,ACTIVE
VND-02630,EcoVenture Supplies,SERVICE_PROVIDER,China,REG-RW000UYW30,LOW,2018-02-16,ACTIVE
VND-02631,FlowBridge Inc Holdings,CONTRACTOR,France,REG-PN619BWY95,MEDIUM,2022-06-15,ACTIVE
VND-02632,InnoCore Dynamics,CONSULTANT,United States,REG-MC418IQS49,LOW,2015-04-09,ACTIVE
VND-02633,ClearPath Logistics LLC,CONTRACTOR,China,REG-WE679UBP08,LOW,2021-02-14,ACTIVE
VND-02634,Alpha_Inc LLC,DISTRIBUTOR,Singapore,REG-PZ187CBH26,LOW,2017-01-29,ACTIVE
VND-02635,MeridianTech Group,CONSULTANT,Canada,REG-OR365STQ10,LOW,2018-05-15,ACTIVE
VND-02636,Alpha_Inc,DISTRIBUTOR,India,REG-ER299QVB06,LOW,2016-04-06,ACTIVE
VND-02637,Delta_Logistics Group,CONSULTANT,France,REG-CY865JYX24,LOW,2018-08-01,ACTIVE
VND-02638,EcoVenture Supplies International,CONSULTANT,United States,REG-MB215EIU59,MEDIUM,2020-05-14,ACTIVE
VND-02639,OpenBridge Systems Ltd,SUPPLIER,United States,REG-MA622VPN21,LOW,2024-01-06,ACTIVE
VND-02640,JetStream Analytics Inc,SUPPLIER,France,REG-TE470YTI47,LOW,2023-07-13,ACTIVE
VND-02641,KryptonPath Ltd Group,MANUFACTURER,Singapore,REG-MB455UKG93,LOW,2017-10-08,INACTIVE
VND-02642,OmegaLink Systems Inc,SERVICE_PROVIDER,United States,REG-FF383ISV50,MEDIUM,2017-12-11,ACTIVE
VND-02643,UltraVista Technologies Inc,SUPPLIER,United Kingdom,REG-DA531VPZ29,MEDIUM,2019-06-05,ACTIVE
VND-02644,ZenithBridge Corp International,LOGISTICS,United Kingdom,REG-PX221OJO17,LOW,2021-10-19,ACTIVE
VND-02645,NexPoint Analytics Inc,SERVICE_PROVIDER,Ireland,REG-IP772IUP64,MEDIUM,2020-09-18,ACTIVE
VND-02646,PrimeAxis Corp Ltd,CONTRACTOR,France,REG-JU958KLL55,MEDIUM,2020-11-05,ACTIVE
VND-02647,BridgeTech Consulting International,DISTRIBUTOR,United States,REG-GZ425HGU25,MEDIUM,2015-09-29,ACTIVE
VND-02648,YellowBridge Partners LLC,CONTRACTOR,India,REG-ED759VDH17,MEDIUM,2015-06-13,ACTIVE
VND-02649,Delta_Logistics Holdings,LOGISTICS,UAE,REG-QC054DTR91,LOW,2018-05-28,ACTIVE
VND-02650,Epsilon_Group International,SERVICE_PROVIDER,Canada,REG-XJ735TCH35,LOW,2020-09-25,ACTIVE
VND-02651,LucentBridge Technologies LLC,MANUFACTURER,South Africa,REG-LT417SZK15,MEDIUM,2021-04-13,ACTIVE
VND-02652,InnoCore Dynamics International,SUPPLIER,France,REG-NC734VOF49,LOW,2018-10-12,ACTIVE
VND-02653,NexPoint Analytics LLC,CONTRACTOR,Japan,REG-HH880NAF33,HIGH,2015-09-15,ACTIVE
VND-02654,SilverPath Holdings Ltd,CONSULTANT,Germany,REG-LB133CGE89,LOW,2020-10-04,ACTIVE
VND-02655,PrimeAxis Corp Ltd,CONTRACTOR,India,REG-WY882LEI81,HIGH,2017-02-22,ACTIVE
VND-02656,SkyBridge Logistics International,CONTRACTOR,Brazil,REG-BL730URE48,LOW,2018-02-14,ACTIVE
VND-02657,YellowBridge Partners Ltd,CONSULTANT,India,REG-AU521QNU74,LOW,2023-10-29,ACTIVE
VND-02658,UnityCore Technologies Ltd,CONTRACTOR,United Kingdom,REG-GK378GWB01,LOW,2021-03-14,ACTIVE
VND-02659,LatticeCore Partners,MANUFACTURER,India,REG-FF734VEC46,MEDIUM,2023-02-15,ACTIVE
VND-02660,Alpha_Inc LLC,CONTRACTOR,United Kingdom,REG-ET629ONZ69,LOW,2024-04-24,ACTIVE
VND-02661,XcelPath Networks Group,SERVICE_PROVIDER,India,REG-YO299YBQ94,MEDIUM,2019-05-24,ACTIVE
VND-02662,VertiLink Distributors Group,DISTRIBUTOR,United States,REG-LY509BSC99,HIGH,2017-11-09,ACTIVE
VND-02663,Gamma_Co Ltd,SUPPLIER,United States,REG-VE108OKB98,LOW,2019-05-30,INACTIVE
VND-02664,FusionCore Analytics International,DISTRIBUTOR,India,REG-TF835IMA21,LOW,2021-03-05,ACTIVE
VND-02665,RedPoint Consulting,MANUFACTURER,France,REG-YR844VGX24,LOW,2019-10-18,ACTIVE
VND-02666,YieldPoint Partners Holdings,CONSULTANT,United Kingdom,REG-LX849CKJ97,LOW,2016-05-04,ACTIVE
VND-02667,DeltaPath Logistics,CONTRACTOR,United States,REG-WH575IHV95,LOW,2015-10-15,ACTIVE
VND-02668,Alpha_Inc,MANUFACTURER,Singapore,REG-EC190VLD22,LOW,2023-05-02,ACTIVE
VND-02669,KryptonPath Ltd,SUPPLIER,Germany,REG-HI891MOM24,LOW,2015-02-10,ACTIVE
VND-02670,SilverPath Holdings International,CONSULTANT,United Kingdom,REG-WL717HTQ05,HIGH,2017-09-12,INACTIVE
VND-02671,RedPoint Consulting Ltd,LOGISTICS,India,REG-FW514KHZ36,LOW,2018-12-19,ACTIVE
VND-02672,UltraVista Technologies Inc,CONSULTANT,Canada,REG-OB811NHG23,LOW,2017-06-19,ACTIVE
VND-02673,KineticBlue Ltd,MANUFACTURER,South Africa,REG-KP568NFI11,LOW,2021-05-28,ACTIVE
VND-02674,FusionCore Analytics,CONSULTANT,Singapore,REG-BV145YNQ90,HIGH,2016-01-27,ACTIVE
VND-02675,KineticBlue Ltd Group,CONTRACTOR,United States,REG-KD921XUJ77,LOW,2017-06-21,ACTIVE
VND-02676,BlueStar Procurement Ltd,LOGISTICS,Canada,REG-OY866XFO93,LOW,2021-09-22,ACTIVE
VND-02677,Epsilon_Group,MANUFACTURER,Australia,REG-VA588XQU07,LOW,2019-08-01,ACTIVE
VND-02678,YieldPoint Partners Inc,LOGISTICS,Canada,REG-HK326PYL01,LOW,2021-11-24,ACTIVE
VND-02679,NorthBridge Supplies LLC,SERVICE_PROVIDER,UAE,REG-KE103TIP82,LOW,2020-07-06,ACTIVE
VND-02680,GreenBridge Consulting Ltd,LOGISTICS,Australia,REG-CK551DSH36,LOW,2019-05-08,ACTIVE
VND-02681,UnityCore Technologies,LOGISTICS,Canada,REG-CS581UDI81,LOW,2021-09-27,ACTIVE
VND-02682,NorthBridge Supplies Holdings,SERVICE_PROVIDER,India,REG-EV437SYY36,LOW,2018-12-17,ACTIVE
VND-02683,OmegaLink Systems International,SERVICE_PROVIDER,United States,REG-IC873FNS66,LOW,2021-09-25,ACTIVE
VND-02684,PeakVault Services LLC,SERVICE_PROVIDER,United States,REG-PN589WPZ69,LOW,2015-09-22,ACTIVE
VND-02685,YieldPoint Partners,SERVICE_PROVIDER,Australia,REG-UW900BFX58,LOW,2020-07-03,ACTIVE
VND-02686,QuantumEdge Solutions Holdings,CONTRACTOR,Canada,REG-YY473PLF15,HIGH,2017-07-25,ACTIVE
VND-02687,KineticBlue Ltd Group,LOGISTICS,Brazil,REG-GY925SPZ51,HIGH,2017-06-16,ACTIVE
VND-02688,Delta_Logistics Group,SERVICE_PROVIDER,Canada,REG-EF902LDB83,LOW,2015-05-29,ACTIVE
VND-02689,UnityCore Technologies Group,DISTRIBUTOR,China,REG-AA289VPS66,LOW,2016-01-14,ACTIVE
VND-02690,QuantumEdge Solutions International,CONTRACTOR,United States,REG-QE281TRA64,LOW,2016-09-02,ACTIVE
VND-02691,LatticeCore Partners Group,CONTRACTOR,United Kingdom,REG-UO101NVI97,MEDIUM,2019-08-05,ACTIVE
VND-02692,FlowBridge Inc Ltd,DISTRIBUTOR,Ireland,REG-HC464MQJ05,LOW,2015-08-02,ACTIVE
VND-02693,WavePath Inc Group,DISTRIBUTOR,France,REG-AQ802JFA73,MEDIUM,2018-03-26,ACTIVE
VND-02694,PrimeAxis Corp,CONSULTANT,South Africa,REG-QO362QRR81,HIGH,2024-01-22,BLACKLISTED
VND-02695,GlobalNex Corp Holdings,LOGISTICS,United Kingdom,REG-LU718YNB93,MEDIUM,2024-03-01,ACTIVE
VND-02696,JadeCore Solutions Inc,MANUFACTURER,United Kingdom,REG-FZ969QSW06,LOW,2019-02-20,ACTIVE
VND-02697,PrimeAxis Corp Inc,CONTRACTOR,United Kingdom,REG-GI909WRN22,LOW,2015-02-05,ACTIVE
VND-02698,BridgeTech Consulting Ltd,SUPPLIER,Canada,REG-HT874PXV55,MEDIUM,2020-08-28,ACTIVE
VND-02699,JetStream Analytics Inc,CONSULTANT,South Africa,REG-DR872MBP71,LOW,2016-06-25,ACTIVE
VND-02700,RedPoint Consulting International,SERVICE_PROVIDER,United Kingdom,REG-WY688RXU11,MEDIUM,2017-10-03,ACTIVE
VND-02701,KineticBlue Ltd LLC,LOGISTICS,United States,REG-GW034HEG39,MEDIUM,2021-10-18,ACTIVE
VND-02702,Apex Solutions Holdings,DISTRIBUTOR,France,REG-PV738WGO77,LOW,2020-03-02,ACTIVE
VND-02703,IronPoint Manufacturing LLC,DISTRIBUTOR,Australia,REG-CA336QGO47,LOW,2019-07-13,ACTIVE
VND-02704,WaveCore Manufacturing Inc,DISTRIBUTOR,Singapore,REG-WM090GOA91,HIGH,2021-10-16,BLACKLISTED
VND-02705,Acuity Systems Group,LOGISTICS,France,REG-IW028QYK26,MEDIUM,2020-08-22,ACTIVE
VND-02706,EdgeWave Technologies Ltd,LOGISTICS,India,REG-FN041CUP23,LOW,2019-02-14,ACTIVE
VND-02707,YieldPoint Partners International,CONTRACTOR,United States,REG-RW577REB20,LOW,2018-05-11,ACTIVE
VND-02708,BridgeTech Consulting Group,LOGISTICS,Japan,REG-KN079KRX41,LOW,2019-11-19,ACTIVE
VND-02709,LucentBridge Technologies Inc,MANUFACTURER,United States,REG-ET381NTG09,MEDIUM,2023-07-05,ACTIVE
VND-02710,PrimeAxis Corp Group,CONSULTANT,Australia,REG-BL224UVJ87,LOW,2015-03-09,ACTIVE
VND-02711,UnityCore Technologies International,CONSULTANT,Australia,REG-AN726LLX49,LOW,2019-03-02,ACTIVE
VND-02712,PrimeAxis Corp Group,SUPPLIER,India,REG-SA174QSP22,LOW,2022-03-06,INACTIVE
VND-02713,YieldPoint Partners LLC,SUPPLIER,Brazil,REG-IN326DCM11,LOW,2019-11-11,ACTIVE
VND-02714,JadeCore Solutions International,LOGISTICS,France,REG-SY468NDE61,LOW,2015-06-15,ACTIVE
VND-02715,TrueNorth Services Ltd,SUPPLIER,United States,REG-SP028KDJ67,LOW,2016-11-10,ACTIVE
VND-02716,RedPoint Consulting,DISTRIBUTOR,United Kingdom,REG-ZZ009AUI53,LOW,2015-04-12,ACTIVE
VND-02717,ClearPath Logistics International,LOGISTICS,South Africa,REG-IL195BAV36,LOW,2018-09-30,ACTIVE
VND-02718,SilverPath Holdings,LOGISTICS,Netherlands,REG-DG779FPI50,LOW,2015-07-28,ACTIVE
VND-02719,XpressCore Dynamics International,LOGISTICS,Netherlands,REG-NN590DFM07,LOW,2019-11-11,ACTIVE
VND-02720,VoltEdge Solutions LLC,DISTRIBUTOR,United States,REG-GN072IYK21,LOW,2021-05-08,ACTIVE
VND-02721,Gamma_Co International,MANUFACTURER,Australia,REG-FJ087LHB16,CRITICAL,2018-09-14,INACTIVE
VND-02722,JetStream Analytics Group,CONSULTANT,United States,REG-FH454KKJ61,MEDIUM,2023-07-19,ACTIVE
VND-02723,OmegaLink Systems,CONTRACTOR,United States,REG-TP170ADJ74,LOW,2015-06-30,ACTIVE
VND-02724,KryptonPath Ltd Group,LOGISTICS,United States,REG-XJ344FPZ22,HIGH,2019-09-07,ACTIVE
VND-02725,NorthBridge Supplies,CONSULTANT,United States,REG-LR025WFJ23,LOW,2015-09-29,ACTIVE
VND-02726,EdgeWave Technologies Group,CONSULTANT,France,REG-ZE094LYN47,LOW,2020-04-02,ACTIVE
VND-02727,Delta_Logistics Holdings,MANUFACTURER,Canada,REG-UG032OIE65,LOW,2021-12-01,ACTIVE
VND-02728,QuantumEdge Solutions Ltd,DISTRIBUTOR,Germany,REG-UJ617BRI94,MEDIUM,2021-04-06,BLACKLISTED
VND-02729,JetStream Analytics LLC,LOGISTICS,Brazil,REG-WH455YCI98,LOW,2022-08-25,ACTIVE
VND-02730,MomentumCore Corp Inc,CONSULTANT,United States,REG-IL119FKZ15,LOW,2017-10-01,ACTIVE
VND-02731,GreenBridge Consulting Holdings,MANUFACTURER,Singapore,REG-ZI686AQE49,LOW,2020-08-05,ACTIVE
VND-02732,Delta_Logistics Inc,SUPPLIER,United States,REG-ND868YDA62,LOW,2017-11-21,ACTIVE
VND-02733,OmegaLink Systems Group,CONSULTANT,United States,REG-QB884GVO47,LOW,2020-03-16,ACTIVE
VND-02734,Acuity Systems LLC,SERVICE_PROVIDER,China,REG-KC781FSN91,LOW,2019-06-26,ACTIVE
VND-02735,KineticBlue Ltd,MANUFACTURER,United States,REG-CD921ZKV64,LOW,2020-05-24,ACTIVE
VND-02736,DeltaPath Logistics International,LOGISTICS,Singapore,REG-MY836UOR92,MEDIUM,2019-07-21,INACTIVE
VND-02737,BridgeTech Consulting Holdings,SUPPLIER,India,REG-CC848GKH64,LOW,2019-02-26,ACTIVE
VND-02738,FusionCore Analytics International,CONSULTANT,Singapore,REG-RB398LJT65,LOW,2021-08-07,ACTIVE
VND-02739,PrimeAxis Corp Ltd,CONSULTANT,Germany,REG-VU021FRV23,LOW,2024-01-09,ACTIVE
VND-02740,YieldPoint Partners Inc,SUPPLIER,United States,REG-NW205NAD50,LOW,2015-12-06,ACTIVE
VND-02741,JetStream Analytics Ltd,SERVICE_PROVIDER,United States,REG-PY008SVT86,LOW,2019-10-22,ACTIVE
VND-02742,TitanPath Holdings LLC,SUPPLIER,United States,REG-NA673AHH91,HIGH,2016-09-14,INACTIVE
VND-02743,SilverPath Holdings Inc,MANUFACTURER,Germany,REG-HZ991ZAB14,LOW,2019-02-11,ACTIVE
VND-02744,KineticBlue Ltd Holdings,SUPPLIER,United States,REG-PI916RFM92,LOW,2018-09-14,ACTIVE
VND-02745,CoreVault Systems Ltd,LOGISTICS,United Kingdom,REG-VT798NCY97,CRITICAL,2015-01-01,ACTIVE
VND-02746,Gamma_Co International,CONTRACTOR,Brazil,REG-FJ085BEQ48,MEDIUM,2016-03-16,INACTIVE
VND-02747,EdgeWave Technologies Inc,CONTRACTOR,United States,REG-ML630GRR00,LOW,2021-11-14,ACTIVE
VND-02748,QuantumEdge Solutions Group,LOGISTICS,Netherlands,REG-UP336CFG11,LOW,2022-03-20,ACTIVE
VND-02749,TitanPath Holdings,SERVICE_PROVIDER,Germany,REG-JP815XSQ19,LOW,2015-05-12,ACTIVE
VND-02750,Delta_Logistics International,DISTRIBUTOR,India,REG-JB582MOQ94,LOW,2019-01-09,ACTIVE
VND-02751,ZenithBridge Corp International,CONSULTANT,India,REG-WP015RAA35,LOW,2024-01-19,ACTIVE
VND-02752,DawnTech Services Group,CONSULTANT,United States,REG-MM075QSL69,LOW,2022-11-20,ACTIVE
VND-02753,HarborLight Services Group,SERVICE_PROVIDER,United States,REG-TD466GDJ72,LOW,2016-03-17,ACTIVE
VND-02754,YellowBridge Partners Holdings,CONTRACTOR,Brazil,REG-FS240GJI28,LOW,2022-09-17,ACTIVE
VND-02755,Acuity Systems,MANUFACTURER,China,REG-AJ387ZJC94,LOW,2022-03-24,ACTIVE
VND-02756,UnityCore Technologies Group,MANUFACTURER,United States,REG-QS858UID17,MEDIUM,2020-04-22,ACTIVE
VND-02757,WaveCore Manufacturing,SUPPLIER,India,REG-KO353WDB64,LOW,2015-07-20,ACTIVE
VND-02758,DawnTech Services LLC,LOGISTICS,Germany,REG-GX041JIJ29,LOW,2019-06-17,ACTIVE
VND-02759,WavePath Inc LLC,MANUFACTURER,Germany,REG-EO518LYO16,LOW,2019-09-26,ACTIVE
VND-02760,TitanPath Holdings Group,LOGISTICS,United Kingdom,REG-QZ559HCD04,HIGH,2015-01-31,INACTIVE
VND-02761,FusionCore Analytics Holdings,SUPPLIER,United States,REG-QB792ABD30,HIGH,2016-08-29,ACTIVE
VND-02762,RedPoint Consulting Group,CONSULTANT,Singapore,REG-JD128FBF38,LOW,2023-01-31,ACTIVE
VND-02763,XcelPath Networks LLC,LOGISTICS,South Africa,REG-EW232FIB96,LOW,2018-11-05,ACTIVE
VND-02764,EcoVenture Supplies Inc,DISTRIBUTOR,United Kingdom,REG-VB485BWU07,LOW,2024-03-30,ACTIVE
VND-02765,RapidCore Consulting Inc,MANUFACTURER,Netherlands,REG-TP344LJC60,LOW,2023-04-05,ACTIVE
VND-02766,HorizonEdge Inc Ltd,DISTRIBUTOR,United Kingdom,REG-GN634FVP60,LOW,2021-11-13,ACTIVE
VND-02767,Delta_Logistics,MANUFACTURER,Brazil,REG-FJ057QPW34,LOW,2020-02-07,ACTIVE
VND-02768,XpressCore Dynamics International,CONTRACTOR,Germany,REG-IK861KUW76,LOW,2015-07-02,ACTIVE
VND-02769,Alpha_Inc,LOGISTICS,Singapore,REG-CA127GZA26,LOW,2020-04-27,ACTIVE
VND-02770,MomentumCore Corp Ltd,CONTRACTOR,Brazil,REG-RE656NCA22,HIGH,2017-08-03,BLACKLISTED
VND-02771,PeakVault Services Inc,LOGISTICS,United Kingdom,REG-SE878DFQ49,LOW,2015-06-08,ACTIVE
VND-02772,ZenithBridge Corp Holdings,DISTRIBUTOR,United Kingdom,REG-AC290AGZ35,LOW,2015-01-18,ACTIVE
VND-02773,ClearPath Logistics Group,SUPPLIER,Singapore,REG-TJ848IPU97,LOW,2019-06-15,INACTIVE
VND-02774,Delta_Logistics Holdings,LOGISTICS,UAE,REG-UA434VWY04,LOW,2021-01-01,ACTIVE
VND-02775,VoltEdge Solutions Inc,MANUFACTURER,India,REG-VY821OBQ21,HIGH,2023-08-07,ACTIVE
VND-02776,FusionCore Analytics Ltd,DISTRIBUTOR,China,REG-KY952LBZ54,MEDIUM,2017-05-24,ACTIVE
VND-02777,PrimeAxis Corp International,MANUFACTURER,Germany,REG-QT441NFX11,LOW,2021-04-15,ACTIVE
VND-02778,Apex Solutions LLC,SUPPLIER,Germany,REG-JD388PAQ18,LOW,2019-10-26,ACTIVE
VND-02779,BridgeTech Consulting,MANUFACTURER,India,REG-RL634YSG35,LOW,2016-06-15,ACTIVE
VND-02780,QuantumEdge Solutions International,SERVICE_PROVIDER,United Kingdom,REG-RL821ZAI88,LOW,2016-10-24,ACTIVE
VND-02781,XpressCore Dynamics Holdings,DISTRIBUTOR,China,REG-WG066GCL40,MEDIUM,2018-06-21,ACTIVE
VND-02782,JetStream Analytics Inc,LOGISTICS,United States,REG-QV125RFZ43,LOW,2016-05-12,ACTIVE
VND-02783,YellowBridge Partners Inc,CONTRACTOR,United Kingdom,REG-DT230NVH16,HIGH,2023-07-04,ACTIVE
VND-02784,HarborLight Services Ltd,LOGISTICS,UAE,REG-GT603UPG72,LOW,2023-08-04,ACTIVE
VND-02785,RapidCore Consulting Ltd,LOGISTICS,United States,REG-DS600MGM32,LOW,2018-02-13,ACTIVE
VND-02786,LatticeCore Partners International,CONSULTANT,UAE,REG-DF789FZR99,LOW,2024-01-17,ACTIVE
VND-02787,NexPoint Analytics Inc,LOGISTICS,United States,REG-HP003GWS47,HIGH,2023-11-24,INACTIVE
VND-02788,VertiLink Distributors Group,LOGISTICS,UAE,REG-AC719XVG78,CRITICAL,2020-11-08,INACTIVE
VND-02789,XpressCore Dynamics LLC,SUPPLIER,Germany,REG-UG625QGL90,LOW,2018-12-10,BLACKLISTED
VND-02790,BlueStar Procurement,DISTRIBUTOR,Singapore,REG-AO478HEN55,MEDIUM,2024-01-20,ACTIVE
VND-02791,OpenBridge Systems International,DISTRIBUTOR,United States,REG-KT753HBE58,LOW,2023-09-04,ACTIVE
VND-02792,Beta_Supplies LLC,SERVICE_PROVIDER,China,REG-VA288EIX78,HIGH,2023-10-04,INACTIVE
VND-02793,PeakVault Services Holdings,SUPPLIER,United States,REG-HA790GBB37,MEDIUM,2017-03-26,ACTIVE
VND-02794,WaveCore Manufacturing,CONTRACTOR,Ireland,REG-JI881MRM97,LOW,2022-06-15,ACTIVE
VND-02795,Apex Solutions Holdings,SUPPLIER,United States,REG-XH964IMF77,LOW,2020-03-13,ACTIVE
VND-02796,JadeCore Solutions Inc,DISTRIBUTOR,United States,REG-JG530ALZ76,MEDIUM,2016-04-22,ACTIVE
VND-02797,JadeCore Solutions LLC,CONTRACTOR,United States,REG-YW480DGC85,LOW,2023-07-17,ACTIVE
VND-02798,Beta_Supplies LLC,CONSULTANT,India,REG-ZX024INZ43,LOW,2018-07-22,ACTIVE
VND-02799,CoreVault Systems Inc,SUPPLIER,India,REG-CY221YMQ69,LOW,2016-03-12,ACTIVE
VND-02800,TitanPath Holdings,SERVICE_PROVIDER,United States,REG-ZQ685EBY74,LOW,2024-02-24,BLACKLISTED
VND-02801,EdgeWave Technologies Ltd,SUPPLIER,France,REG-SH751PKX69,LOW,2019-01-30,ACTIVE
VND-02802,BridgeTech Consulting,CONTRACTOR,United Kingdom,REG-AT215JYE01,LOW,2018-03-13,ACTIVE
VND-02803,HorizonEdge Inc Ltd,LOGISTICS,United States,REG-XC070PHX33,MEDIUM,2021-09-21,ACTIVE
VND-02804,QuantumEdge Solutions Inc,CONTRACTOR,United States,REG-NI424OKI31,LOW,2018-09-29,ACTIVE
VND-02805,Delta_Logistics,SUPPLIER,India,REG-OB484ATG81,LOW,2017-08-06,ACTIVE
VND-02806,XpressCore Dynamics Ltd,LOGISTICS,China,REG-OC691JGX05,LOW,2015-11-23,ACTIVE
VND-02807,IronPoint Manufacturing Holdings,MANUFACTURER,India,REG-YS167SZT58,HIGH,2021-03-12,BLACKLISTED
VND-02808,CoreVault Systems Holdings,SUPPLIER,Germany,REG-TJ339FFA53,LOW,2019-09-18,ACTIVE
VND-02809,EdgeWave Technologies,SUPPLIER,United States,REG-AQ501XJF47,LOW,2021-08-06,ACTIVE
VND-02810,Delta_Logistics Holdings,DISTRIBUTOR,United States,REG-EP896JVU15,MEDIUM,2019-07-21,ACTIVE
VND-02811,JadeCore Solutions Inc,SUPPLIER,Germany,REG-FV128ZGI17,LOW,2017-10-11,ACTIVE
VND-02812,KryptonPath Ltd LLC,MANUFACTURER,United States,REG-GG395VXQ97,LOW,2016-03-01,ACTIVE
VND-02813,InnoCore Dynamics Group,LOGISTICS,Netherlands,REG-KO260UYB97,LOW,2023-04-11,ACTIVE
VND-02814,SkyBridge Logistics Ltd,DISTRIBUTOR,United Kingdom,REG-XR244BXD65,LOW,2018-01-24,ACTIVE
VND-02815,BlueStar Procurement Group,MANUFACTURER,Canada,REG-CG720BDN51,LOW,2021-11-16,ACTIVE
VND-02816,WaveCore Manufacturing Group,DISTRIBUTOR,Singapore,REG-YZ087QWP15,LOW,2019-07-15,ACTIVE
VND-02817,PrimeAxis Corp Ltd,MANUFACTURER,Singapore,REG-NG783FUT70,HIGH,2016-05-25,ACTIVE
VND-02818,Apex Solutions,DISTRIBUTOR,United Kingdom,REG-SE380TGU27,LOW,2019-07-20,ACTIVE
VND-02819,KryptonPath Ltd Group,MANUFACTURER,Brazil,REG-KL726VQX02,MEDIUM,2024-02-18,ACTIVE
VND-02820,InnoCore Dynamics LLC,CONSULTANT,India,REG-LJ686HTC27,LOW,2015-06-14,ACTIVE
VND-02821,SkyBridge Logistics International,CONSULTANT,India,REG-AC766PYR42,MEDIUM,2016-06-28,ACTIVE
VND-02822,PeakVault Services Group,SUPPLIER,United States,REG-VN327UJZ13,HIGH,2023-01-16,ACTIVE
VND-02823,ClearPath Logistics Group,MANUFACTURER,Ireland,REG-IN762HBU59,LOW,2016-08-25,ACTIVE
VND-02824,UltraVista Technologies International,MANUFACTURER,Netherlands,REG-QS879BZQ06,MEDIUM,2019-04-01,ACTIVE
VND-02825,MeridianTech Inc,CONSULTANT,United Kingdom,REG-LD886SVX93,LOW,2022-02-14,ACTIVE
VND-02826,RapidCore Consulting Inc,CONSULTANT,France,REG-YB534RHM05,LOW,2022-06-05,ACTIVE
VND-02827,DeltaPath Logistics Holdings,SERVICE_PROVIDER,Australia,REG-VF273UMC96,LOW,2015-01-13,ACTIVE
VND-02828,Beta_Supplies,SERVICE_PROVIDER,UAE,REG-RP640VUA53,LOW,2023-05-24,ACTIVE
VND-02829,SilverPath Holdings Group,CONTRACTOR,United Kingdom,REG-DF707TVW89,LOW,2018-03-06,ACTIVE
VND-02830,Alpha_Inc Inc,SUPPLIER,Brazil,REG-TB426PYH19,LOW,2020-12-09,ACTIVE
VND-02831,OmegaLink Systems International,MANUFACTURER,India,REG-ZV422IDU73,LOW,2017-04-02,ACTIVE
VND-02832,RedPoint Consulting Group,CONSULTANT,Australia,REG-PJ320EGG22,MEDIUM,2020-05-21,BLACKLISTED
VND-02833,PrimeAxis Corp LLC,SERVICE_PROVIDER,United Kingdom,REG-MH175FGB76,HIGH,2020-06-13,ACTIVE
VND-02834,PeakVault Services Group,CONTRACTOR,Canada,REG-IX204HSR29,CRITICAL,2016-03-25,BLACKLISTED
VND-02835,RedPoint Consulting Inc,DISTRIBUTOR,India,REG-CX869LGB83,LOW,2022-05-20,ACTIVE
VND-02836,KryptonPath Ltd,CONTRACTOR,India,REG-LB903LVA92,MEDIUM,2017-09-15,ACTIVE
VND-02837,RapidCore Consulting Ltd,DISTRIBUTOR,UAE,REG-LR980ZRF14,MEDIUM,2021-11-18,ACTIVE
VND-02838,HorizonEdge Inc,SUPPLIER,Germany,REG-EC106DWB80,HIGH,2016-09-02,INACTIVE
VND-02839,Acuity Systems Ltd,SUPPLIER,France,REG-XC316VRA37,MEDIUM,2018-10-29,ACTIVE
VND-02840,TrueNorth Services LLC,SERVICE_PROVIDER,India,REG-LA049DLQ33,LOW,2023-07-28,ACTIVE
VND-02841,MeridianTech LLC,MANUFACTURER,South Africa,REG-ZC469KKR31,LOW,2019-07-05,ACTIVE
VND-02842,YieldPoint Partners International,CONSULTANT,India,REG-IO763KCV80,LOW,2022-01-02,ACTIVE
VND-02843,WaveCore Manufacturing International,CONSULTANT,UAE,REG-WN654UNJ02,LOW,2023-07-06,ACTIVE
VND-02844,JadeCore Solutions,SUPPLIER,United States,REG-OI519DSK39,LOW,2022-09-26,ACTIVE
VND-02845,Acuity Systems Inc,CONSULTANT,Australia,REG-KH728YOW12,LOW,2015-06-29,ACTIVE
VND-02846,EdgeWave Technologies,DISTRIBUTOR,Australia,REG-IB049TAC60,LOW,2022-08-21,BLACKLISTED
VND-02847,NorthBridge Supplies Group,SUPPLIER,United States,REG-JP652TWN72,MEDIUM,2019-02-28,ACTIVE
VND-02848,Acuity Systems,MANUFACTURER,Brazil,REG-XB974CUA99,LOW,2018-02-22,ACTIVE
VND-02849,FlowBridge Inc Holdings,DISTRIBUTOR,United States,REG-AV886FXW40,MEDIUM,2017-08-27,INACTIVE
VND-02850,MomentumCore Corp Ltd,MANUFACTURER,India,REG-AQ602TGK08,LOW,2023-05-16,ACTIVE
VND-02851,IronPoint Manufacturing Group,LOGISTICS,United States,REG-XE290XXT22,LOW,2022-05-16,ACTIVE
VND-02852,NorthBridge Supplies Inc,CONTRACTOR,United States,REG-IK390CLO44,HIGH,2019-08-14,ACTIVE
VND-02853,KryptonPath Ltd Holdings,SERVICE_PROVIDER,Germany,REG-NL225AKP33,LOW,2015-01-01,ACTIVE
VND-02854,JadeCore Solutions LLC,SUPPLIER,United States,REG-PZ510VWD25,HIGH,2016-11-03,INACTIVE
VND-02855,RapidCore Consulting Holdings,CONSULTANT,United Kingdom,REG-VY193TRC54,CRITICAL,2017-02-27,BLACKLISTED
VND-02856,LatticeCore Partners Group,CONSULTANT,United Kingdom,REG-ZJ369SSY88,LOW,2024-04-11,ACTIVE
VND-02857,RapidCore Consulting International,DISTRIBUTOR,United States,REG-KS393PZK33,LOW,2017-07-13,ACTIVE
VND-02858,VoltEdge Solutions Group,MANUFACTURER,India,REG-BW962KVV08,LOW,2019-02-10,ACTIVE
VND-02859,TitanPath Holdings,CONSULTANT,France,REG-WR831FKL24,MEDIUM,2024-05-07,ACTIVE
VND-02860,CoreVault Systems Ltd,MANUFACTURER,Singapore,REG-UN075MNI96,LOW,2016-12-18,ACTIVE
VND-02861,NorthBridge Supplies,SERVICE_PROVIDER,United States,REG-ZM012EED37,LOW,2016-09-21,ACTIVE
VND-02862,KineticBlue Ltd Holdings,DISTRIBUTOR,China,REG-EA495YLM42,LOW,2023-01-02,ACTIVE
VND-02863,LucentBridge Technologies Ltd,SERVICE_PROVIDER,United Kingdom,REG-VN419YGL37,MEDIUM,2018-09-13,ACTIVE
VND-02864,RapidCore Consulting Ltd,SERVICE_PROVIDER,Singapore,REG-SO226GEX71,MEDIUM,2017-06-02,ACTIVE
VND-02865,ClearPath Logistics Holdings,CONTRACTOR,South Africa,REG-EU362JQG64,LOW,2018-07-17,ACTIVE
VND-02866,YellowBridge Partners Inc,CONSULTANT,Singapore,REG-SB646NBH12,LOW,2015-03-24,ACTIVE
VND-02867,DawnTech Services,SUPPLIER,United States,REG-LK730QVI09,LOW,2021-07-09,ACTIVE
VND-02868,TitanPath Holdings Ltd,DISTRIBUTOR,France,REG-MK452TGE40,HIGH,2016-04-08,ACTIVE
VND-02869,UnityCore Technologies LLC,CONSULTANT,United States,REG-UG535RNU50,LOW,2024-02-28,ACTIVE
VND-02870,OmegaLink Systems Inc,CONSULTANT,United States,REG-PQ219DHC14,LOW,2016-06-01,ACTIVE
VND-02871,EdgeWave Technologies Group,DISTRIBUTOR,United States,REG-DM797IXS24,LOW,2021-01-16,ACTIVE
VND-02872,QuantumEdge Solutions Holdings,DISTRIBUTOR,United States,REG-IP422TQO18,LOW,2018-09-22,ACTIVE
VND-02873,FusionCore Analytics Inc,CONSULTANT,United States,REG-VA581TXI92,MEDIUM,2024-05-25,ACTIVE
VND-02874,OpenBridge Systems,CONSULTANT,Japan,REG-OY770KMN67,MEDIUM,2020-10-22,ACTIVE
VND-02875,OpenBridge Systems Ltd,MANUFACTURER,Germany,REG-BW329GWN98,LOW,2015-11-25,ACTIVE
VND-02876,Epsilon_Group Holdings,SUPPLIER,United States,REG-QS025BRD78,LOW,2015-05-03,ACTIVE
VND-02877,TitanPath Holdings,MANUFACTURER,United States,REG-HM858VIK58,MEDIUM,2024-01-30,ACTIVE
VND-02878,WavePath Inc,DISTRIBUTOR,United States,REG-YL567BVG26,LOW,2022-02-22,ACTIVE
VND-02879,Delta_Logistics,LOGISTICS,UAE,REG-XK467XTN29,LOW,2019-12-04,ACTIVE
VND-02880,OpenBridge Systems LLC,SUPPLIER,United States,REG-KJ551KLL96,LOW,2021-10-13,ACTIVE
VND-02881,SkyBridge Logistics,DISTRIBUTOR,Ireland,REG-WU501YQO82,CRITICAL,2023-11-30,BLACKLISTED
VND-02882,KineticBlue Ltd,LOGISTICS,United States,REG-JA624MLW72,LOW,2021-02-13,ACTIVE
VND-02883,EcoVenture Supplies Holdings,DISTRIBUTOR,United States,REG-YK420PRF12,LOW,2020-07-04,ACTIVE
VND-02884,SilverPath Holdings Ltd,LOGISTICS,United States,REG-AY499AMS29,LOW,2021-12-21,ACTIVE
VND-02885,GreenBridge Consulting International,SUPPLIER,United States,REG-IA662ZAQ70,LOW,2020-03-29,ACTIVE
VND-02886,QuantumEdge Solutions Group,CONTRACTOR,Japan,REG-ML509EES56,LOW,2019-03-28,ACTIVE
VND-02887,HorizonEdge Inc Holdings,CONSULTANT,Singapore,REG-DV003WFK91,LOW,2020-12-11,ACTIVE
VND-02888,Acuity Systems Group,CONTRACTOR,Netherlands,REG-NL335IKT38,LOW,2023-12-12,ACTIVE
VND-02889,RapidCore Consulting,CONTRACTOR,United Kingdom,REG-YA711SCA93,LOW,2019-02-08,ACTIVE
VND-02890,CoreVault Systems Ltd,SUPPLIER,Japan,REG-QC082UZR77,MEDIUM,2023-01-04,ACTIVE
VND-02891,PrimeAxis Corp International,LOGISTICS,South Africa,REG-BI616ZSN07,LOW,2021-10-02,ACTIVE
VND-02892,Alpha_Inc,DISTRIBUTOR,Japan,REG-UO850DLM09,LOW,2023-08-30,ACTIVE
VND-02893,HorizonEdge Inc Group,SUPPLIER,United States,REG-QJ461ORH76,HIGH,2016-05-30,BLACKLISTED
VND-02894,HarborLight Services Inc,CONTRACTOR,UAE,REG-PY336NQS10,LOW,2019-05-24,ACTIVE
VND-02895,HorizonEdge Inc LLC,CONTRACTOR,Japan,REG-TG164YWR23,LOW,2015-01-21,ACTIVE
VND-02896,PeakVault Services Group,SERVICE_PROVIDER,France,REG-DE413QYH72,MEDIUM,2021-02-20,BLACKLISTED
VND-02897,MeridianTech International,LOGISTICS,United Kingdom,REG-SN576YQM06,MEDIUM,2023-01-20,ACTIVE
VND-02898,RedPoint Consulting Group,MANUFACTURER,United States,REG-BZ429EEU04,LOW,2016-09-26,ACTIVE
VND-02899,SkyBridge Logistics Holdings,CONSULTANT,Netherlands,REG-BF518FNN87,LOW,2023-02-21,ACTIVE
VND-02900,VoltEdge Solutions Holdings,CONTRACTOR,United Kingdom,REG-CK932SJO42,LOW,2019-07-28,ACTIVE
VND-02901,XpressCore Dynamics LLC,CONTRACTOR,UAE,REG-XF744KOR41,LOW,2016-06-18,ACTIVE
VND-02902,YellowBridge Partners Holdings,SERVICE_PROVIDER,United States,REG-YK565QCK38,LOW,2015-12-03,ACTIVE
VND-02903,OpenBridge Systems International,CONTRACTOR,Canada,REG-XV025OYW48,MEDIUM,2016-10-03,ACTIVE
VND-02904,CoreVault Systems Group,LOGISTICS,United Kingdom,REG-RS268DLM90,MEDIUM,2019-07-10,ACTIVE
VND-02905,IronPoint Manufacturing LLC,CONTRACTOR,United Kingdom,REG-AM864VOG10,MEDIUM,2017-02-04,ACTIVE
VND-02906,BridgeTech Consulting LLC,SERVICE_PROVIDER,Canada,REG-FZ557URP42,HIGH,2015-12-13,BLACKLISTED
VND-02907,SilverPath Holdings Ltd,LOGISTICS,UAE,REG-LX599OEI00,LOW,2021-06-16,ACTIVE
VND-02908,YellowBridge Partners Group,SUPPLIER,Canada,REG-FP146OAV04,LOW,2023-03-13,ACTIVE
VND-02909,HorizonEdge Inc Group,CONTRACTOR,Germany,REG-HQ143RND78,LOW,2024-04-24,ACTIVE
VND-02910,NexPoint Analytics Inc,SUPPLIER,Germany,REG-WC066PWA18,MEDIUM,2022-10-26,ACTIVE
VND-02911,DeltaPath Logistics Inc,CONSULTANT,United Kingdom,REG-WO467ZJZ26,LOW,2018-04-08,ACTIVE
VND-02912,XpressCore Dynamics Inc,CONSULTANT,UAE,REG-XH154VMK18,HIGH,2018-12-25,ACTIVE
VND-02913,UnityCore Technologies,MANUFACTURER,United Kingdom,REG-SK002KHA77,LOW,2019-06-05,ACTIVE
VND-02914,FlowBridge Inc,DISTRIBUTOR,Australia,REG-PJ845YBS07,MEDIUM,2022-12-23,ACTIVE
VND-02915,Alpha_Inc,SUPPLIER,South Africa,REG-VC356OTP60,LOW,2021-02-07,ACTIVE
VND-02916,FlowBridge Inc LLC,CONSULTANT,France,REG-PN746BZE98,HIGH,2022-08-12,ACTIVE
VND-02917,UltraVista Technologies Group,SERVICE_PROVIDER,United States,REG-SY730HJI67,LOW,2015-06-10,ACTIVE
VND-02918,XpressCore Dynamics Ltd,DISTRIBUTOR,France,REG-KP226RXF67,MEDIUM,2023-07-16,BLACKLISTED
VND-02919,YieldPoint Partners,DISTRIBUTOR,Singapore,REG-PG908BVN78,MEDIUM,2020-03-06,ACTIVE
VND-02920,HorizonEdge Inc,CONSULTANT,United Kingdom,REG-EW859NKA06,MEDIUM,2015-02-13,ACTIVE
VND-02921,BridgeTech Consulting Ltd,CONTRACTOR,Singapore,REG-GW342EZB89,MEDIUM,2016-03-13,BLACKLISTED
VND-02922,MomentumCore Corp Ltd,CONSULTANT,Canada,REG-II550HSD49,LOW,2015-02-23,ACTIVE
VND-02923,FusionCore Analytics Holdings,CONTRACTOR,Brazil,REG-IZ048RUC61,LOW,2023-03-07,ACTIVE
VND-02924,Acuity Systems,MANUFACTURER,United Kingdom,REG-DW066EZW32,LOW,2021-12-18,ACTIVE
VND-02925,WaveCore Manufacturing Group,SUPPLIER,India,REG-ZL290LLX73,LOW,2015-08-26,ACTIVE
VND-02926,HorizonEdge Inc LLC,DISTRIBUTOR,India,REG-KF891HJJ98,LOW,2023-08-28,ACTIVE
VND-02927,OmegaLink Systems International,SERVICE_PROVIDER,Germany,REG-FD653VAI37,LOW,2020-12-10,ACTIVE
VND-02928,XpressCore Dynamics International,CONSULTANT,United Kingdom,REG-ZL649SKB42,MEDIUM,2017-03-08,ACTIVE
VND-02929,GreenBridge Consulting Group,CONSULTANT,Australia,REG-RX398PUT31,HIGH,2015-10-29,INACTIVE
VND-02930,EdgeWave Technologies,SUPPLIER,India,REG-XK901NAC45,LOW,2017-11-11,ACTIVE
VND-02931,WavePath Inc,CONTRACTOR,Japan,REG-NV069ICM21,LOW,2024-04-20,ACTIVE
VND-02932,PrimeAxis Corp International,SERVICE_PROVIDER,Singapore,REG-KR054OJG98,LOW,2019-06-08,ACTIVE
VND-02933,HorizonEdge Inc LLC,SUPPLIER,United States,REG-DU430IHA21,HIGH,2016-01-29,INACTIVE
VND-02934,CoreVault Systems Group,DISTRIBUTOR,United Kingdom,REG-PR780QOR66,LOW,2015-08-15,ACTIVE
VND-02935,MomentumCore Corp,LOGISTICS,United States,REG-GY158PQX90,LOW,2024-03-05,ACTIVE
VND-02936,EdgeWave Technologies Holdings,CONSULTANT,United States,REG-AM928CXC15,LOW,2023-05-11,ACTIVE
VND-02937,QuantumEdge Solutions Holdings,SUPPLIER,Singapore,REG-AO170TCC92,HIGH,2018-12-28,INACTIVE
VND-02938,KryptonPath Ltd,MANUFACTURER,France,REG-CH030OED88,LOW,2020-06-11,ACTIVE
VND-02939,JetStream Analytics Ltd,DISTRIBUTOR,India,REG-MA262JLP82,LOW,2017-05-13,ACTIVE
VND-02940,HarborLight Services Group,DISTRIBUTOR,United States,REG-QB448DJH50,LOW,2018-05-30,INACTIVE
VND-02941,YellowBridge Partners Group,CONTRACTOR,India,REG-PP895DOR92,MEDIUM,2018-11-04,BLACKLISTED
VND-02942,JadeCore Solutions LLC,CONSULTANT,Singapore,REG-BL116RHU80,LOW,2020-12-05,ACTIVE
VND-02943,XcelPath Networks Ltd,SUPPLIER,United States,REG-ZZ961IAJ27,LOW,2023-02-12,ACTIVE
VND-02944,TitanPath Holdings LLC,DISTRIBUTOR,United States,REG-NH082DDO03,LOW,2015-03-15,ACTIVE
VND-02945,LucentBridge Technologies LLC,LOGISTICS,India,REG-RN263UZM44,LOW,2015-09-23,BLACKLISTED
VND-02946,BridgeTech Consulting LLC,CONTRACTOR,Brazil,REG-RF624AFL58,LOW,2020-01-30,ACTIVE
VND-02947,MomentumCore Corp LLC,DISTRIBUTOR,Japan,REG-QX042NAM42,MEDIUM,2021-06-04,ACTIVE
VND-02948,Delta_Logistics International,MANUFACTURER,India,REG-DX091PAL23,LOW,2023-10-03,ACTIVE
VND-02949,XpressCore Dynamics Ltd,MANUFACTURER,Australia,REG-TD849PNY76,MEDIUM,2023-05-14,ACTIVE
VND-02950,JetStream Analytics Ltd,CONTRACTOR,Brazil,REG-YU702IWS43,LOW,2023-10-15,ACTIVE
VND-02951,PrimeAxis Corp Group,DISTRIBUTOR,United States,REG-SW405BQG53,LOW,2018-09-15,INACTIVE
VND-02952,TrueNorth Services Ltd,LOGISTICS,United Kingdom,REG-RB187PZS54,LOW,2021-12-09,ACTIVE
VND-02953,GlobalNex Corp Group,LOGISTICS,United Kingdom,REG-WT488KCF21,HIGH,2024-05-30,BLACKLISTED
VND-02954,BlueStar Procurement International,DISTRIBUTOR,United States,REG-AJ385MIO46,LOW,2021-04-28,ACTIVE
VND-02955,JadeCore Solutions International,SERVICE_PROVIDER,Japan,REG-MX606NHA67,LOW,2016-09-26,ACTIVE
VND-02956,BridgeTech Consulting LLC,CONSULTANT,United Kingdom,REG-LT491KFQ25,LOW,2019-12-16,ACTIVE
VND-02957,VoltEdge Solutions Group,DISTRIBUTOR,United Kingdom,REG-MH220YLK42,LOW,2020-10-30,ACTIVE
VND-02958,XcelPath Networks LLC,DISTRIBUTOR,United States,REG-YA699ZED20,LOW,2017-09-26,ACTIVE
VND-02959,BridgeTech Consulting Inc,CONTRACTOR,United States,REG-WY996NLM23,LOW,2024-03-07,ACTIVE
VND-02960,RapidCore Consulting,MANUFACTURER,China,REG-NU299WJV83,MEDIUM,2016-08-06,BLACKLISTED
VND-02961,JadeCore Solutions Inc,CONSULTANT,Singapore,REG-TF768CNL87,LOW,2023-10-17,ACTIVE
VND-02962,SkyBridge Logistics Group,MANUFACTURER,India,REG-PQ560HLD41,LOW,2019-11-14,ACTIVE
VND-02963,KryptonPath Ltd International,SERVICE_PROVIDER,Japan,REG-UM849MHV31,LOW,2018-11-12,ACTIVE
VND-02964,Apex Solutions Ltd,LOGISTICS,Singapore,REG-ZA391BAE22,LOW,2020-05-27,ACTIVE
VND-02965,JetStream Analytics Inc,LOGISTICS,UAE,REG-JN440UVE76,LOW,2017-02-18,ACTIVE
VND-02966,XpressCore Dynamics,LOGISTICS,United Kingdom,REG-EN430THB49,LOW,2017-10-28,ACTIVE
VND-02967,JetStream Analytics Group,LOGISTICS,India,REG-JO389IEI75,MEDIUM,2021-08-03,ACTIVE
VND-02968,CoreVault Systems Inc,LOGISTICS,United Kingdom,REG-PU099QYT86,MEDIUM,2015-05-01,ACTIVE
VND-02969,Apex Solutions LLC,SERVICE_PROVIDER,Brazil,REG-NT224PJD05,LOW,2020-10-05,ACTIVE
VND-02970,EdgeWave Technologies,LOGISTICS,Canada,REG-BK823FBB53,LOW,2016-04-23,ACTIVE
VND-02971,RapidCore Consulting Group,DISTRIBUTOR,Germany,REG-NZ919IKX48,LOW,2024-02-18,ACTIVE
VND-02972,BridgeTech Consulting,SERVICE_PROVIDER,UAE,REG-IA805FEQ68,MEDIUM,2015-09-29,ACTIVE
VND-02973,FlowBridge Inc Holdings,DISTRIBUTOR,United States,REG-AA530GHB79,LOW,2022-01-23,ACTIVE
VND-02974,DawnTech Services International,CONSULTANT,Japan,REG-AT957PYT24,MEDIUM,2023-09-04,ACTIVE
VND-02975,ClearPath Logistics LLC,MANUFACTURER,United States,REG-OE741QME25,LOW,2019-08-12,ACTIVE
VND-02976,OpenBridge Systems Holdings,SUPPLIER,France,REG-DF956FFM10,LOW,2018-01-11,ACTIVE
VND-02977,ZenithBridge Corp Group,MANUFACTURER,Australia,REG-OA217FWK50,LOW,2015-08-27,ACTIVE
VND-02978,XpressCore Dynamics Inc,MANUFACTURER,United States,REG-VL202MUE59,MEDIUM,2019-08-14,ACTIVE
VND-02979,JadeCore Solutions Inc,MANUFACTURER,France,REG-ND938CMT73,LOW,2016-01-13,ACTIVE
VND-02980,YieldPoint Partners,DISTRIBUTOR,South Africa,REG-SJ244MAX47,MEDIUM,2016-10-21,ACTIVE
VND-02981,BridgeTech Consulting International,MANUFACTURER,UAE,REG-VI476AIX07,LOW,2020-11-16,ACTIVE
VND-02982,MeridianTech Group,CONSULTANT,United States,REG-AU351EXW07,LOW,2020-02-03,INACTIVE
VND-02983,UltraVista Technologies Holdings,CONSULTANT,United Kingdom,REG-XW917FES08,HIGH,2023-01-07,BLACKLISTED
VND-02984,GlobalNex Corp International,SUPPLIER,Australia,REG-FR328WYM95,LOW,2021-02-09,INACTIVE
VND-02985,KineticBlue Ltd LLC,SUPPLIER,South Africa,REG-YW409GAW18,LOW,2016-02-21,ACTIVE
VND-02986,OmegaLink Systems Inc,CONSULTANT,Netherlands,REG-CQ581RTZ15,LOW,2019-09-25,ACTIVE
VND-02987,DawnTech Services International,DISTRIBUTOR,Germany,REG-QH965ZDP39,HIGH,2021-02-14,ACTIVE
VND-02988,ClearPath Logistics,DISTRIBUTOR,India,REG-AL770PZA04,LOW,2022-06-28,ACTIVE
VND-02989,VoltEdge Solutions Group,CONTRACTOR,United States,REG-RB454WPM18,LOW,2021-06-28,ACTIVE
VND-02990,GreenBridge Consulting,SUPPLIER,Singapore,REG-BR822NLY18,LOW,2024-03-02,ACTIVE
VND-02991,PrimeAxis Corp International,MANUFACTURER,India,REG-XI620JZR38,LOW,2017-04-19,BLACKLISTED
VND-02992,IronPoint Manufacturing,SERVICE_PROVIDER,France,REG-AJ407ZUK88,MEDIUM,2016-08-03,ACTIVE
VND-02993,LatticeCore Partners,LOGISTICS,United Kingdom,REG-SB951TMN64,LOW,2015-02-27,ACTIVE
VND-02994,Gamma_Co Ltd,LOGISTICS,United Kingdom,REG-MD335MMD62,LOW,2021-01-05,ACTIVE
VND-02995,HorizonEdge Inc International,DISTRIBUTOR,UAE,REG-DW440XBF88,LOW,2016-12-03,ACTIVE
VND-02996,Alpha_Inc LLC,DISTRIBUTOR,Australia,REG-CM089KCR87,LOW,2022-09-14,ACTIVE
VND-02997,Gamma_Co Group,DISTRIBUTOR,India,REG-US199OSO18,LOW,2024-03-23,ACTIVE
VND-02998,LatticeCore Partners Ltd,CONTRACTOR,Singapore,REG-YG113GVI26,MEDIUM,2022-08-23,ACTIVE
VND-02999,XpressCore Dynamics International,SUPPLIER,France,REG-VK485ZZP80,LOW,2023-04-15,ACTIVE
VND-03000,VoltEdge Solutions LLC,SERVICE_PROVIDER,United States,REG-CS211DZR96,MEDIUM,2019-10-22,ACTIVE
VND-03001,ZenithBridge Corp Inc,CONSULTANT,Singapore,REG-ME220RAE53,LOW,2020-07-26,ACTIVE
VND-03002,Alpha_Inc,LOGISTICS,United States,REG-EU745SYD44,LOW,2019-02-04,ACTIVE
VND-03003,RapidCore Consulting Inc,CONSULTANT,United Kingdom,REG-WE823SYV17,LOW,2016-12-01,ACTIVE
VND-03004,KineticBlue Ltd,MANUFACTURER,Canada,REG-KR199AYF53,LOW,2019-05-31,ACTIVE
VND-03005,ClearPath Logistics,CONTRACTOR,Singapore,REG-PU662SWK62,LOW,2022-09-13,ACTIVE
VND-03006,HorizonEdge Inc LLC,CONSULTANT,United States,REG-IV605YEV30,LOW,2023-08-21,ACTIVE
VND-03007,KryptonPath Ltd International,LOGISTICS,Brazil,REG-FJ840CAN25,CRITICAL,2020-02-14,INACTIVE
VND-03008,IronPoint Manufacturing Inc,CONTRACTOR,India,REG-DZ686PCZ05,HIGH,2022-08-24,ACTIVE
VND-03009,SilverPath Holdings Inc,LOGISTICS,United States,REG-CI636UHP05,LOW,2021-02-17,ACTIVE
VND-03010,CoreVault Systems Inc,LOGISTICS,United States,REG-IL164HAN09,HIGH,2018-09-17,ACTIVE
VND-03011,OmegaLink Systems LLC,SERVICE_PROVIDER,Brazil,REG-DZ909VPO12,HIGH,2021-01-30,INACTIVE
VND-03012,SilverPath Holdings LLC,CONTRACTOR,South Africa,REG-MQ025VKS20,MEDIUM,2016-06-16,ACTIVE
VND-03013,GreenBridge Consulting Ltd,SUPPLIER,Ireland,REG-SM375XOH97,LOW,2022-01-22,ACTIVE
VND-03014,OpenBridge Systems Ltd,SERVICE_PROVIDER,United States,REG-NT926IBC00,LOW,2020-09-09,ACTIVE
VND-03015,WaveCore Manufacturing Group,DISTRIBUTOR,Singapore,REG-QU275QZR74,LOW,2017-08-21,ACTIVE
VND-03016,IronPoint Manufacturing Inc,CONSULTANT,United States,REG-VJ920MSS54,LOW,2022-05-13,ACTIVE
VND-03017,YieldPoint Partners Inc,DISTRIBUTOR,United States,REG-HJ453BOJ81,HIGH,2015-11-16,ACTIVE
VND-03018,DawnTech Services International,DISTRIBUTOR,France,REG-OW189HNS65,MEDIUM,2021-11-05,ACTIVE
VND-03019,NexPoint Analytics Ltd,DISTRIBUTOR,France,REG-KM456YRX62,LOW,2019-11-23,ACTIVE
VND-03020,Beta_Supplies Group,DISTRIBUTOR,China,REG-DU217SAY97,MEDIUM,2018-08-04,ACTIVE
VND-03021,CoreVault Systems Inc,DISTRIBUTOR,Germany,REG-IT036IBB16,LOW,2022-03-19,BLACKLISTED
VND-03022,PeakVault Services Group,MANUFACTURER,India,REG-WA704ZBI72,LOW,2022-08-26,ACTIVE
VND-03023,BridgeTech Consulting LLC,LOGISTICS,Canada,REG-XB351EXM58,LOW,2019-01-16,ACTIVE
VND-03024,SkyBridge Logistics International,SUPPLIER,United States,REG-BF017ZGU31,LOW,2021-05-20,ACTIVE
VND-03025,IronPoint Manufacturing Group,MANUFACTURER,Germany,REG-KD605XIL87,LOW,2023-09-24,ACTIVE
VND-03026,LatticeCore Partners Ltd,SERVICE_PROVIDER,Brazil,REG-LU441TCK33,MEDIUM,2019-05-30,ACTIVE
VND-03027,Gamma_Co Inc,CONTRACTOR,United Kingdom,REG-NG406RZU45,LOW,2021-11-09,ACTIVE
VND-03028,InnoCore Dynamics LLC,MANUFACTURER,China,REG-HK790VFW57,LOW,2020-12-21,ACTIVE
VND-03029,Beta_Supplies Inc,LOGISTICS,United Kingdom,REG-VT898TZL66,MEDIUM,2017-06-29,ACTIVE
VND-03030,KryptonPath Ltd,SERVICE_PROVIDER,United Kingdom,REG-JP365MUT61,LOW,2018-10-25,ACTIVE
VND-03031,UltraVista Technologies Group,LOGISTICS,Germany,REG-ZJ974AXR87,LOW,2020-12-23,ACTIVE
VND-03032,LatticeCore Partners Holdings,CONSULTANT,China,REG-EZ702UFI37,MEDIUM,2019-05-13,INACTIVE
VND-03033,OmegaLink Systems Inc,CONSULTANT,Germany,REG-LK430BMX19,LOW,2022-10-16,ACTIVE
VND-03034,XcelPath Networks,LOGISTICS,Netherlands,REG-JS673TMS33,LOW,2017-07-04,ACTIVE
VND-03035,XcelPath Networks Holdings,MANUFACTURER,France,REG-ZS732QCL39,LOW,2015-04-16,ACTIVE
VND-03036,Epsilon_Group Ltd,SUPPLIER,South Africa,REG-ZZ825DYN32,LOW,2018-08-21,INACTIVE
VND-03037,SkyBridge Logistics Holdings,CONTRACTOR,United Kingdom,REG-EP924NTK27,LOW,2024-04-01,ACTIVE
VND-03038,NexPoint Analytics,DISTRIBUTOR,China,REG-IP385RLB20,LOW,2022-07-29,ACTIVE
VND-03039,EcoVenture Supplies Ltd,CONSULTANT,United States,REG-BN914MOW01,LOW,2020-06-06,ACTIVE
VND-03040,VertiLink Distributors Ltd,CONTRACTOR,United States,REG-NT284FQE42,LOW,2017-08-24,ACTIVE
VND-03041,ZenithBridge Corp Holdings,CONTRACTOR,India,REG-AZ998REV29,LOW,2015-12-28,ACTIVE
VND-03042,UltraVista Technologies Group,CONSULTANT,United Kingdom,REG-IY515DCU45,LOW,2016-03-15,ACTIVE
VND-03043,Gamma_Co International,MANUFACTURER,UAE,REG-MJ699OHB91,LOW,2020-05-03,ACTIVE
VND-03044,ClearPath Logistics Inc,SUPPLIER,United States,REG-RJ064LXW33,LOW,2018-07-23,ACTIVE
VND-03045,Epsilon_Group Group,LOGISTICS,Ireland,REG-DD622NNE77,HIGH,2022-10-26,ACTIVE
VND-03046,YellowBridge Partners Inc,SUPPLIER,Germany,REG-TU680EBZ66,MEDIUM,2015-12-23,ACTIVE
VND-03047,HorizonEdge Inc,DISTRIBUTOR,UAE,REG-DP703YZC85,LOW,2022-10-22,ACTIVE
VND-03048,VoltEdge Solutions Inc,LOGISTICS,France,REG-GY595TIO29,LOW,2016-06-23,ACTIVE
VND-03049,PrimeAxis Corp Inc,DISTRIBUTOR,China,REG-UD410IFR74,LOW,2020-10-07,ACTIVE
VND-03050,KineticBlue Ltd Group,DISTRIBUTOR,Singapore,REG-KB067DAI58,MEDIUM,2018-09-17,ACTIVE
VND-03051,YellowBridge Partners Ltd,SERVICE_PROVIDER,Australia,REG-AC590PTZ62,LOW,2020-09-05,INACTIVE
VND-03052,KineticBlue Ltd Group,MANUFACTURER,Germany,REG-AU385ESK64,LOW,2020-07-11,ACTIVE
VND-03053,RapidCore Consulting Holdings,MANUFACTURER,Germany,REG-PL745NGH97,LOW,2021-01-26,INACTIVE
VND-03054,XcelPath Networks Inc,LOGISTICS,South Africa,REG-IT399RMY79,MEDIUM,2018-07-23,ACTIVE
VND-03055,TrueNorth Services Ltd,SUPPLIER,Singapore,REG-CL149VNU86,LOW,2016-05-01,ACTIVE
VND-03056,Epsilon_Group,SUPPLIER,United States,REG-JA504XBS93,CRITICAL,2015-06-11,ACTIVE
VND-03057,OmegaLink Systems Ltd,CONSULTANT,United States,REG-QY322GIG39,MEDIUM,2022-04-05,ACTIVE
VND-03058,Gamma_Co Inc,LOGISTICS,Germany,REG-QG289VNS81,HIGH,2016-04-19,ACTIVE
VND-03059,Apex Solutions Holdings,SERVICE_PROVIDER,United States,REG-AS853ELR40,MEDIUM,2018-10-24,ACTIVE
VND-03060,BlueStar Procurement Ltd,CONSULTANT,United States,REG-LH762TTF23,LOW,2023-04-12,ACTIVE
VND-03061,HorizonEdge Inc Ltd,SERVICE_PROVIDER,Canada,REG-TD422VGS56,LOW,2021-12-01,ACTIVE
VND-03062,FusionCore Analytics Group,LOGISTICS,United Kingdom,REG-JI718NCH88,LOW,2020-08-08,BLACKLISTED
VND-03063,Alpha_Inc International,CONTRACTOR,Ireland,REG-SE870YHD58,LOW,2023-01-25,ACTIVE
VND-03064,InnoCore Dynamics Holdings,MANUFACTURER,United Kingdom,REG-PX613ZTD49,LOW,2020-10-11,ACTIVE
VND-03065,EdgeWave Technologies Ltd,LOGISTICS,United Kingdom,REG-BW998RUG46,HIGH,2017-06-13,ACTIVE
VND-03066,GlobalNex Corp LLC,CONSULTANT,United States,REG-XY679YMR49,MEDIUM,2016-07-01,ACTIVE
VND-03067,Beta_Supplies LLC,MANUFACTURER,India,REG-JM830ZZH97,LOW,2015-01-30,ACTIVE
VND-03068,WavePath Inc,DISTRIBUTOR,India,REG-AF080YZI92,LOW,2016-01-04,ACTIVE
VND-03069,NorthBridge Supplies LLC,SERVICE_PROVIDER,Germany,REG-UU016CRG55,LOW,2021-03-14,ACTIVE
VND-03070,EcoVenture Supplies International,MANUFACTURER,United States,REG-ZU645UWW78,LOW,2020-10-25,ACTIVE
VND-03071,LatticeCore Partners Holdings,SERVICE_PROVIDER,Germany,REG-QE575BRA12,LOW,2020-05-20,ACTIVE
VND-03072,JadeCore Solutions LLC,SERVICE_PROVIDER,United States,REG-VH006YZA87,LOW,2017-12-24,INACTIVE
VND-03073,CoreVault Systems Holdings,DISTRIBUTOR,United States,REG-EA824YWQ05,LOW,2016-08-06,ACTIVE
VND-03074,RapidCore Consulting LLC,SERVICE_PROVIDER,China,REG-TQ512EXG24,LOW,2020-02-01,ACTIVE
VND-03075,DeltaPath Logistics Ltd,MANUFACTURER,Australia,REG-JZ997MMH40,LOW,2017-01-14,ACTIVE
VND-03076,LatticeCore Partners,MANUFACTURER,United Kingdom,REG-XO686UEC08,HIGH,2020-02-16,INACTIVE
VND-03077,VoltEdge Solutions Group,MANUFACTURER,Brazil,REG-MC170NTZ36,LOW,2021-05-01,ACTIVE
VND-03078,BridgeTech Consulting Holdings,CONSULTANT,United States,REG-DL423CZS86,HIGH,2017-01-14,BLACKLISTED
VND-03079,NexPoint Analytics Group,SERVICE_PROVIDER,United Kingdom,REG-OB508MXR98,LOW,2023-04-24,ACTIVE
VND-03080,Delta_Logistics Holdings,LOGISTICS,Brazil,REG-LX134BOE90,HIGH,2022-05-16,INACTIVE
VND-03081,JadeCore Solutions Ltd,CONSULTANT,United Kingdom,REG-FI979RVJ79,LOW,2016-08-12,ACTIVE
VND-03082,PrimeAxis Corp Inc,LOGISTICS,UAE,REG-YN841RHA35,LOW,2021-06-23,ACTIVE
VND-03083,TrueNorth Services Holdings,SUPPLIER,France,REG-WW450XYW73,LOW,2019-09-08,ACTIVE
VND-03084,WavePath Inc International,CONSULTANT,Canada,REG-UF748OOO09,MEDIUM,2017-06-15,ACTIVE
VND-03085,KryptonPath Ltd Holdings,LOGISTICS,India,REG-OW940JCI59,LOW,2017-12-05,ACTIVE
VND-03086,FusionCore Analytics Ltd,MANUFACTURER,United States,REG-RJ602PZC94,LOW,2023-01-09,INACTIVE
VND-03087,Gamma_Co Inc,SERVICE_PROVIDER,United States,REG-WI315VHR89,LOW,2021-07-12,ACTIVE
VND-03088,EdgeWave Technologies Group,CONTRACTOR,India,REG-JC907OGK34,LOW,2015-08-16,ACTIVE
VND-03089,XpressCore Dynamics Ltd,MANUFACTURER,United States,REG-BD777XNX48,LOW,2020-07-31,ACTIVE
VND-03090,Gamma_Co Holdings,DISTRIBUTOR,China,REG-VR141RHU86,LOW,2016-07-20,ACTIVE
VND-03091,InnoCore Dynamics Group,LOGISTICS,United States,REG-WU230IMU88,HIGH,2015-04-26,ACTIVE
VND-03092,VoltEdge Solutions Inc,LOGISTICS,United States,REG-KA868KPP41,LOW,2023-02-22,ACTIVE
VND-03093,CoreVault Systems Holdings,DISTRIBUTOR,France,REG-UJ326YTN05,LOW,2023-07-15,ACTIVE
VND-03094,DawnTech Services Ltd,DISTRIBUTOR,China,REG-SH427NGC67,LOW,2020-08-24,ACTIVE
VND-03095,TitanPath Holdings LLC,MANUFACTURER,Canada,REG-LN306QPR62,LOW,2023-02-05,ACTIVE
VND-03096,PrimeAxis Corp LLC,SERVICE_PROVIDER,United States,REG-DI151GJS81,LOW,2020-12-31,ACTIVE
VND-03097,Alpha_Inc Inc,SUPPLIER,United Kingdom,REG-TA265NJL59,MEDIUM,2023-08-15,INACTIVE
VND-03098,PrimeAxis Corp International,SUPPLIER,China,REG-DU062JOP32,LOW,2022-03-28,INACTIVE
VND-03099,HarborLight Services International,CONTRACTOR,United Kingdom,REG-LB717JKO98,MEDIUM,2015-09-30,ACTIVE
VND-03100,KryptonPath Ltd Inc,SUPPLIER,United States,REG-UR790ZTI06,HIGH,2016-01-19,BLACKLISTED
VND-03101,VoltEdge Solutions Ltd,CONTRACTOR,United States,REG-CL708UTQ47,LOW,2023-05-28,ACTIVE
VND-03102,RedPoint Consulting LLC,DISTRIBUTOR,United Kingdom,REG-UM176LHE75,LOW,2023-03-30,ACTIVE
VND-03103,Apex Solutions Ltd,SERVICE_PROVIDER,United States,REG-VN889DGE07,LOW,2019-08-30,ACTIVE
VND-03104,FlowBridge Inc Ltd,CONSULTANT,Canada,REG-MD591JLT57,LOW,2016-04-16,ACTIVE
VND-03105,JetStream Analytics,CONSULTANT,United States,REG-ZJ589NGQ62,LOW,2017-04-28,ACTIVE
VND-03106,DawnTech Services International,LOGISTICS,United States,REG-HB887JBR63,MEDIUM,2020-03-26,INACTIVE
VND-03107,WavePath Inc LLC,SUPPLIER,United States,REG-LZ761RGL23,LOW,2016-01-01,ACTIVE
VND-03108,LatticeCore Partners,DISTRIBUTOR,United States,REG-JZ190IGJ51,LOW,2016-05-10,ACTIVE
VND-03109,RapidCore Consulting LLC,LOGISTICS,Australia,REG-GX988IZB61,LOW,2020-12-07,ACTIVE
VND-03110,NexPoint Analytics LLC,CONSULTANT,United States,REG-CH706DDL69,HIGH,2023-03-08,ACTIVE
VND-03111,YieldPoint Partners Holdings,DISTRIBUTOR,United States,REG-JJ237YJM29,LOW,2017-05-03,ACTIVE
VND-03112,RapidCore Consulting Inc,LOGISTICS,Netherlands,REG-QT334MDC86,LOW,2018-05-19,ACTIVE
VND-03113,SilverPath Holdings Group,SUPPLIER,India,REG-UD350GNA67,LOW,2016-02-16,ACTIVE
VND-03114,ZenithBridge Corp LLC,CONSULTANT,Germany,REG-SC833AZF55,LOW,2020-11-19,ACTIVE
VND-03115,UltraVista Technologies Group,DISTRIBUTOR,India,REG-GU731VVO23,MEDIUM,2016-09-06,ACTIVE
VND-03116,Gamma_Co Ltd,MANUFACTURER,Canada,REG-IP057FHE05,LOW,2017-03-04,ACTIVE
VND-03117,YieldPoint Partners Inc,SUPPLIER,Ireland,REG-TR993QCT84,CRITICAL,2023-11-14,BLACKLISTED
VND-03118,UnityCore Technologies LLC,DISTRIBUTOR,Germany,REG-ET588ETE31,LOW,2021-05-19,ACTIVE
VND-03119,FusionCore Analytics Inc,LOGISTICS,United States,REG-DM012ZIC35,LOW,2015-03-11,ACTIVE
VND-03120,JetStream Analytics Holdings,SERVICE_PROVIDER,Germany,REG-EV156CLO89,LOW,2017-02-20,ACTIVE
VND-03121,YieldPoint Partners Holdings,CONSULTANT,United Kingdom,REG-DJ779OOT78,LOW,2023-07-21,ACTIVE
VND-03122,EdgeWave Technologies LLC,CONSULTANT,United States,REG-QA456EKZ84,MEDIUM,2023-09-24,ACTIVE
VND-03123,DeltaPath Logistics International,CONTRACTOR,South Africa,REG-TB403EBN66,LOW,2016-05-19,ACTIVE
VND-03124,FusionCore Analytics Holdings,CONSULTANT,Brazil,REG-WF295GQN73,LOW,2015-09-05,ACTIVE
VND-03125,VoltEdge Solutions,SERVICE_PROVIDER,Brazil,REG-CT159KMT75,LOW,2019-11-02,ACTIVE
VND-03126,InnoCore Dynamics Inc,DISTRIBUTOR,Ireland,REG-ZJ273XVN18,LOW,2018-02-26,ACTIVE
VND-03127,UltraVista Technologies Holdings,LOGISTICS,Japan,REG-JX029TQT15,HIGH,2016-10-11,ACTIVE
VND-03128,UnityCore Technologies Inc,SUPPLIER,India,REG-FY233VXE24,LOW,2018-03-15,ACTIVE
VND-03129,XcelPath Networks International,DISTRIBUTOR,Japan,REG-LB854ZYB83,LOW,2020-07-26,ACTIVE
VND-03130,Alpha_Inc Holdings,SUPPLIER,Canada,REG-ET734QYL46,LOW,2021-12-26,ACTIVE
VND-03131,WaveCore Manufacturing Holdings,SERVICE_PROVIDER,United Kingdom,REG-SP159FOF58,LOW,2018-03-13,ACTIVE
VND-03132,Beta_Supplies,LOGISTICS,India,REG-CA491VAK61,HIGH,2016-07-14,ACTIVE
VND-03133,CoreVault Systems Ltd,LOGISTICS,United States,REG-KJ218EPS16,LOW,2015-09-01,ACTIVE
VND-03134,CoreVault Systems Group,LOGISTICS,Singapore,REG-YS134DTL47,MEDIUM,2015-04-20,ACTIVE
VND-03135,ZenithBridge Corp Holdings,SUPPLIER,France,REG-SB483VIL77,LOW,2023-07-25,ACTIVE
VND-03136,IronPoint Manufacturing,SUPPLIER,Canada,REG-MX286BZJ43,LOW,2020-10-18,ACTIVE
VND-03137,BridgeTech Consulting Inc,SUPPLIER,Germany,REG-YT650LHJ99,LOW,2023-01-27,ACTIVE
VND-03138,MeridianTech Ltd,SERVICE_PROVIDER,Australia,REG-HM366VYA77,MEDIUM,2015-06-23,ACTIVE
VND-03139,UnityCore Technologies Group,SUPPLIER,United States,REG-UV661ZPR02,LOW,2018-09-22,ACTIVE
VND-03140,HorizonEdge Inc Holdings,CONTRACTOR,United Kingdom,REG-RS202ORN22,MEDIUM,2020-07-08,ACTIVE
VND-03141,UnityCore Technologies Group,SUPPLIER,China,REG-UC980BJO13,MEDIUM,2015-04-12,ACTIVE
VND-03142,HorizonEdge Inc LLC,SERVICE_PROVIDER,Singapore,REG-GE675CNE90,LOW,2018-12-26,ACTIVE
VND-03143,FusionCore Analytics,SUPPLIER,China,REG-HR524SBN46,MEDIUM,2017-04-17,ACTIVE
VND-03144,RapidCore Consulting Inc,CONSULTANT,South Africa,REG-DT233ZXB51,LOW,2023-09-18,ACTIVE
VND-03145,ClearPath Logistics Holdings,SERVICE_PROVIDER,Canada,REG-JY426PFW01,LOW,2024-05-26,ACTIVE
VND-03146,WaveCore Manufacturing Ltd,DISTRIBUTOR,India,REG-LY263WWV19,LOW,2015-09-20,ACTIVE
VND-03147,EcoVenture Supplies,SUPPLIER,India,REG-WK695OLF59,MEDIUM,2015-05-12,ACTIVE
VND-03148,TrueNorth Services Holdings,DISTRIBUTOR,United States,REG-MC764BNY14,LOW,2022-01-11,ACTIVE
VND-03149,DeltaPath Logistics International,SERVICE_PROVIDER,Australia,REG-VE850UUN25,MEDIUM,2021-08-07,ACTIVE
VND-03150,BridgeTech Consulting LLC,CONTRACTOR,Brazil,REG-EJ444LII86,LOW,2022-05-07,ACTIVE
VND-03151,JadeCore Solutions,MANUFACTURER,China,REG-WP390OEQ47,LOW,2024-03-14,ACTIVE
VND-03152,OpenBridge Systems LLC,DISTRIBUTOR,United States,REG-RE546SLM15,MEDIUM,2018-01-09,ACTIVE
VND-03153,UnityCore Technologies,LOGISTICS,United Kingdom,REG-SY251LDH14,LOW,2018-07-21,ACTIVE
VND-03154,GreenBridge Consulting,DISTRIBUTOR,India,REG-EI879SAS53,LOW,2024-01-22,ACTIVE
VND-03155,FusionCore Analytics International,DISTRIBUTOR,UAE,REG-CF095PBB43,LOW,2023-10-14,ACTIVE
VND-03156,PeakVault Services,SERVICE_PROVIDER,Brazil,REG-ZX183GDD08,CRITICAL,2017-03-24,BLACKLISTED
VND-03157,Acuity Systems International,DISTRIBUTOR,India,REG-TN187LFU31,LOW,2021-10-05,ACTIVE
VND-03158,GlobalNex Corp Group,SERVICE_PROVIDER,India,REG-EI114AKO36,LOW,2017-06-04,ACTIVE
VND-03159,KryptonPath Ltd Holdings,CONSULTANT,United Kingdom,REG-JD107GCN81,HIGH,2017-10-13,ACTIVE
VND-03160,NorthBridge Supplies LLC,DISTRIBUTOR,Brazil,REG-IV685WDD64,MEDIUM,2022-09-22,ACTIVE
VND-03161,HarborLight Services Ltd,LOGISTICS,United States,REG-LQ680MPZ26,LOW,2020-01-02,ACTIVE
VND-03162,QuantumEdge Solutions Group,LOGISTICS,United States,REG-AZ154CDL23,LOW,2019-10-31,ACTIVE
VND-03163,GreenBridge Consulting International,DISTRIBUTOR,United Kingdom,REG-VP302SVS86,LOW,2024-03-11,ACTIVE
VND-03164,Beta_Supplies Group,MANUFACTURER,United States,REG-VG052GSY24,LOW,2022-05-30,ACTIVE
VND-03165,QuantumEdge Solutions,LOGISTICS,United States,REG-CG206UEQ67,LOW,2021-02-13,ACTIVE
VND-03166,XpressCore Dynamics Ltd,DISTRIBUTOR,Brazil,REG-GZ599BPN20,LOW,2021-05-30,ACTIVE
VND-03167,LucentBridge Technologies International,SUPPLIER,United States,REG-RC822CUO22,LOW,2016-08-23,BLACKLISTED
VND-03168,VoltEdge Solutions Inc,DISTRIBUTOR,Japan,REG-XY922IPB20,HIGH,2021-01-10,BLACKLISTED
VND-03169,RapidCore Consulting Ltd,LOGISTICS,United States,REG-WN190QIT11,LOW,2015-05-06,ACTIVE
VND-03170,QuantumEdge Solutions Holdings,CONSULTANT,United Kingdom,REG-OP339LXL13,HIGH,2020-12-31,BLACKLISTED
VND-03171,WaveCore Manufacturing Ltd,MANUFACTURER,United Kingdom,REG-PU861MQV32,MEDIUM,2020-10-02,ACTIVE
VND-03172,GreenBridge Consulting Holdings,SUPPLIER,UAE,REG-TL645GZT23,LOW,2019-11-28,ACTIVE
VND-03173,QuantumEdge Solutions Ltd,SERVICE_PROVIDER,France,REG-LQ497LGB60,LOW,2015-07-11,ACTIVE
VND-03174,Beta_Supplies Inc,LOGISTICS,United Kingdom,REG-UZ634LWP20,LOW,2017-01-06,ACTIVE
VND-03175,MomentumCore Corp International,LOGISTICS,Ireland,REG-QK677JOO34,LOW,2016-01-10,ACTIVE
VND-03176,GreenBridge Consulting International,LOGISTICS,Brazil,REG-WZ529XFV73,LOW,2022-07-25,ACTIVE
VND-03177,RapidCore Consulting International,DISTRIBUTOR,United States,REG-KE266RFW55,LOW,2021-04-11,ACTIVE
VND-03178,LucentBridge Technologies LLC,MANUFACTURER,Japan,REG-DN625AAT38,LOW,2020-05-08,ACTIVE
VND-03179,WaveCore Manufacturing Group,SUPPLIER,India,REG-PZ147LSX53,LOW,2023-01-01,ACTIVE
VND-03180,LucentBridge Technologies International,CONTRACTOR,Singapore,REG-BU247UQO46,HIGH,2016-04-05,ACTIVE
VND-03181,PeakVault Services Group,SERVICE_PROVIDER,India,REG-IW538OXK96,LOW,2016-12-26,ACTIVE
VND-03182,JadeCore Solutions Ltd,CONTRACTOR,Canada,REG-MT853WYF24,LOW,2017-07-07,ACTIVE
VND-03183,DawnTech Services Ltd,LOGISTICS,Ireland,REG-EF924KPD15,LOW,2023-12-13,ACTIVE
VND-03184,CoreVault Systems Ltd,MANUFACTURER,Japan,REG-RN638QSA35,LOW,2019-09-24,ACTIVE
VND-03185,YieldPoint Partners Ltd,MANUFACTURER,India,REG-QK858BAY63,LOW,2017-10-15,ACTIVE
VND-03186,RedPoint Consulting International,CONTRACTOR,United States,REG-KE168LOP24,HIGH,2020-09-26,ACTIVE
VND-03187,JadeCore Solutions Holdings,SERVICE_PROVIDER,United States,REG-GW998ORG16,LOW,2016-02-23,ACTIVE
VND-03188,LucentBridge Technologies Inc,LOGISTICS,Japan,REG-SD116FBP83,LOW,2017-09-22,ACTIVE
VND-03189,InnoCore Dynamics,DISTRIBUTOR,United Kingdom,REG-YD073ESK72,LOW,2020-08-20,ACTIVE
VND-03190,TitanPath Holdings Ltd,DISTRIBUTOR,United States,REG-BE014JTB89,LOW,2017-07-22,ACTIVE
VND-03191,QuantumEdge Solutions International,CONSULTANT,UAE,REG-NH826IHS49,MEDIUM,2020-05-18,ACTIVE
VND-03192,BlueStar Procurement,LOGISTICS,United States,REG-ZL639UPR47,LOW,2021-12-27,ACTIVE
VND-03193,Beta_Supplies,LOGISTICS,India,REG-WW292ZNM64,LOW,2021-07-30,ACTIVE
VND-03194,MomentumCore Corp LLC,CONSULTANT,United Kingdom,REG-ZL917OTA29,LOW,2024-02-20,ACTIVE
VND-03195,NorthBridge Supplies International,SERVICE_PROVIDER,United States,REG-QF369QHL48,MEDIUM,2023-01-26,ACTIVE
VND-03196,CoreVault Systems Holdings,DISTRIBUTOR,Netherlands,REG-FN664ACR97,LOW,2018-08-08,INACTIVE
VND-03197,Beta_Supplies LLC,CONSULTANT,Canada,REG-VO068MHC33,LOW,2015-03-31,ACTIVE
VND-03198,TrueNorth Services International,CONTRACTOR,United States,REG-YX161KBH25,HIGH,2016-08-15,ACTIVE
VND-03199,PeakVault Services,MANUFACTURER,India,REG-UL639CWW94,LOW,2017-03-02,ACTIVE
VND-03200,Acuity Systems International,SERVICE_PROVIDER,France,REG-RN133EQA34,LOW,2015-09-16,ACTIVE
VND-03201,EdgeWave Technologies Inc,CONSULTANT,India,REG-SC734KIZ81,MEDIUM,2020-10-13,INACTIVE
VND-03202,IronPoint Manufacturing LLC,DISTRIBUTOR,UAE,REG-FM410NCE16,LOW,2015-06-21,ACTIVE
VND-03203,ZenithBridge Corp International,DISTRIBUTOR,United States,REG-AS481LPT16,HIGH,2024-05-06,INACTIVE
VND-03204,RedPoint Consulting International,LOGISTICS,United States,REG-PK910CJH04,LOW,2020-10-18,ACTIVE
VND-03205,NexPoint Analytics Group,MANUFACTURER,Canada,REG-IC866VEN16,MEDIUM,2019-06-04,ACTIVE
VND-03206,NexPoint Analytics LLC,DISTRIBUTOR,India,REG-HX903MQG42,HIGH,2021-01-14,ACTIVE
VND-03207,TitanPath Holdings Ltd,SERVICE_PROVIDER,India,REG-DN548UME42,LOW,2021-02-28,ACTIVE
VND-03208,TrueNorth Services LLC,CONTRACTOR,Germany,REG-FL607GNI91,HIGH,2016-01-05,ACTIVE
VND-03209,Delta_Logistics LLC,SUPPLIER,United States,REG-GS601FYF57,LOW,2015-07-21,INACTIVE
VND-03210,SkyBridge Logistics Group,LOGISTICS,France,REG-RT132BIT19,LOW,2015-08-28,ACTIVE
VND-03211,YieldPoint Partners LLC,CONTRACTOR,United States,REG-ZP702FSF88,CRITICAL,2015-07-02,INACTIVE
VND-03212,SkyBridge Logistics LLC,CONSULTANT,Brazil,REG-UI128FSE74,LOW,2015-09-11,ACTIVE
VND-03213,Delta_Logistics International,SERVICE_PROVIDER,Germany,REG-XF936YSB78,LOW,2017-04-28,ACTIVE
VND-03214,PeakVault Services Group,DISTRIBUTOR,Brazil,REG-YF391COF38,LOW,2016-02-14,INACTIVE
VND-03215,DeltaPath Logistics International,SUPPLIER,United States,REG-YK491SKP61,LOW,2020-06-11,ACTIVE
VND-03216,KryptonPath Ltd Holdings,CONSULTANT,India,REG-ET215PFV40,LOW,2024-01-19,ACTIVE
VND-03217,LatticeCore Partners,SERVICE_PROVIDER,Canada,REG-QB350QLY69,LOW,2018-04-16,ACTIVE
VND-03218,WavePath Inc,DISTRIBUTOR,Singapore,REG-VK168ULW45,LOW,2021-03-30,ACTIVE
VND-03219,UltraVista Technologies Inc,CONTRACTOR,United Kingdom,REG-OX741SFU02,LOW,2019-11-21,ACTIVE
VND-03220,TrueNorth Services Holdings,LOGISTICS,Canada,REG-TN179RHH89,LOW,2019-10-02,ACTIVE
VND-03221,IronPoint Manufacturing,SERVICE_PROVIDER,India,REG-GK566MOD94,LOW,2021-05-28,ACTIVE
VND-03222,MeridianTech Inc,LOGISTICS,South Africa,REG-BC051WQZ95,MEDIUM,2020-09-05,BLACKLISTED
VND-03223,Epsilon_Group Inc,CONTRACTOR,Singapore,REG-JL355COU84,LOW,2019-02-22,ACTIVE
VND-03224,Epsilon_Group LLC,LOGISTICS,Singapore,REG-IW172PXZ66,MEDIUM,2017-01-24,ACTIVE
VND-03225,GlobalNex Corp International,CONTRACTOR,South Africa,REG-EB504QCF60,LOW,2022-02-04,ACTIVE
VND-03226,DeltaPath Logistics,MANUFACTURER,Singapore,REG-YG441PAL30,LOW,2022-10-16,ACTIVE
VND-03227,LatticeCore Partners Group,CONSULTANT,Australia,REG-AA408OAA71,LOW,2018-04-19,ACTIVE
VND-03228,TitanPath Holdings LLC,CONTRACTOR,Singapore,REG-FI890IJA41,LOW,2020-04-25,ACTIVE
VND-03229,EdgeWave Technologies International,SUPPLIER,United States,REG-UH762HWY38,LOW,2015-04-24,ACTIVE
VND-03230,GlobalNex Corp,LOGISTICS,Netherlands,REG-JL223LJJ28,LOW,2019-03-06,ACTIVE
VND-03231,Delta_Logistics Ltd,SERVICE_PROVIDER,United States,REG-UJ408HMW47,MEDIUM,2022-03-04,ACTIVE
VND-03232,IronPoint Manufacturing,SERVICE_PROVIDER,Brazil,REG-AR999FCU40,LOW,2016-03-19,ACTIVE
VND-03233,UnityCore Technologies International,CONSULTANT,United Kingdom,REG-OX847YGT91,LOW,2021-04-07,ACTIVE
VND-03234,MomentumCore Corp Holdings,LOGISTICS,United States,REG-MU135XCJ05,MEDIUM,2019-12-24,ACTIVE
VND-03235,InnoCore Dynamics LLC,LOGISTICS,India,REG-YB289SHO20,HIGH,2019-08-01,ACTIVE
VND-03236,BlueStar Procurement,MANUFACTURER,United States,REG-WD578HPB09,MEDIUM,2016-08-26,ACTIVE
VND-03237,HorizonEdge Inc Holdings,MANUFACTURER,France,REG-TG280NST10,HIGH,2017-07-26,ACTIVE
VND-03238,TitanPath Holdings Ltd,SERVICE_PROVIDER,UAE,REG-VW534IYW19,LOW,2023-03-08,ACTIVE
VND-03239,Gamma_Co LLC,CONTRACTOR,India,REG-JA814ZDS47,LOW,2016-11-22,ACTIVE
VND-03240,InnoCore Dynamics,DISTRIBUTOR,United Kingdom,REG-PG280RJN21,HIGH,2022-07-14,ACTIVE
VND-03241,XcelPath Networks Inc,CONTRACTOR,United States,REG-FJ306PTB35,LOW,2023-06-09,ACTIVE
VND-03242,QuantumEdge Solutions Holdings,CONTRACTOR,India,REG-QJ378GOQ91,LOW,2022-04-27,ACTIVE
VND-03243,JetStream Analytics Inc,LOGISTICS,United States,REG-MK974AUV36,LOW,2017-03-17,ACTIVE
VND-03244,JetStream Analytics LLC,CONTRACTOR,UAE,REG-LK855TSX75,LOW,2020-01-07,ACTIVE
VND-03245,FusionCore Analytics LLC,MANUFACTURER,United States,REG-VA084AMB29,LOW,2021-12-17,ACTIVE
VND-03246,ZenithBridge Corp Inc,CONSULTANT,India,REG-HM904ZIB52,LOW,2017-04-24,ACTIVE
VND-03247,KineticBlue Ltd International,SUPPLIER,United Kingdom,REG-VA061DPO06,LOW,2016-11-26,ACTIVE
VND-03248,YieldPoint Partners LLC,LOGISTICS,United States,REG-FZ745UJC70,MEDIUM,2016-11-26,ACTIVE
VND-03249,Apex Solutions LLC,SUPPLIER,United States,REG-ET613LJD68,MEDIUM,2021-02-01,ACTIVE
VND-03250,PrimeAxis Corp Inc,CONTRACTOR,Germany,REG-RM253EUZ08,LOW,2015-06-20,ACTIVE
VND-03251,YieldPoint Partners Ltd,CONSULTANT,Germany,REG-SR992TDX96,MEDIUM,2023-11-22,ACTIVE
VND-03252,JetStream Analytics Holdings,CONSULTANT,Germany,REG-SR725LPV08,MEDIUM,2021-12-31,ACTIVE
VND-03253,Apex Solutions,LOGISTICS,Japan,REG-GA242XCR34,MEDIUM,2022-11-07,INACTIVE
VND-03254,UnityCore Technologies Inc,SERVICE_PROVIDER,France,REG-UV172VPZ41,MEDIUM,2019-06-12,ACTIVE
VND-03255,EdgeWave Technologies Inc,CONTRACTOR,United Kingdom,REG-UD915SLB85,LOW,2019-10-07,ACTIVE
VND-03256,RapidCore Consulting Holdings,CONTRACTOR,Singapore,REG-AK627RKX96,LOW,2017-12-07,ACTIVE
VND-03257,Gamma_Co Ltd,MANUFACTURER,United States,REG-QJ703NYV33,LOW,2019-01-21,ACTIVE
VND-03258,ClearPath Logistics LLC,DISTRIBUTOR,United States,REG-FU945OIZ23,LOW,2023-10-18,ACTIVE
VND-03259,XpressCore Dynamics Inc,MANUFACTURER,Germany,REG-RB286IMB30,LOW,2023-02-21,ACTIVE
VND-03260,JetStream Analytics Ltd,DISTRIBUTOR,Netherlands,REG-CK629GFS91,LOW,2020-02-13,ACTIVE
VND-03261,WavePath Inc International,DISTRIBUTOR,China,REG-TF292ADI20,LOW,2024-01-06,ACTIVE
VND-03262,HorizonEdge Inc Ltd,CONSULTANT,Brazil,REG-LZ215YMN39,LOW,2023-09-16,INACTIVE
VND-03263,UltraVista Technologies International,MANUFACTURER,United States,REG-WW706CNH32,LOW,2021-06-28,BLACKLISTED
VND-03264,Beta_Supplies International,CONSULTANT,India,REG-TI392XWA80,MEDIUM,2022-08-21,ACTIVE
VND-03265,FlowBridge Inc,DISTRIBUTOR,UAE,REG-QL220DGK61,LOW,2023-03-05,ACTIVE
VND-03266,QuantumEdge Solutions Group,CONSULTANT,United Kingdom,REG-OF333MFF59,MEDIUM,2018-01-01,ACTIVE
VND-03267,LucentBridge Technologies International,DISTRIBUTOR,India,REG-LT900LPV00,MEDIUM,2016-10-28,ACTIVE
VND-03268,JetStream Analytics,MANUFACTURER,China,REG-VY616TTR22,LOW,2022-03-31,ACTIVE
VND-03269,Gamma_Co Group,CONSULTANT,United Kingdom,REG-WM471TAU85,LOW,2021-05-09,ACTIVE
VND-03270,DeltaPath Logistics LLC,DISTRIBUTOR,United Kingdom,REG-AS799YXW23,LOW,2021-06-25,ACTIVE
VND-03271,Gamma_Co,CONSULTANT,United Kingdom,REG-PO323DDY16,LOW,2015-03-03,ACTIVE
VND-03272,EdgeWave Technologies LLC,SERVICE_PROVIDER,Australia,REG-SC814USP56,LOW,2020-11-08,ACTIVE
VND-03273,BridgeTech Consulting Ltd,DISTRIBUTOR,China,REG-WW701MRN94,LOW,2022-01-30,ACTIVE
VND-03274,UnityCore Technologies International,SUPPLIER,China,REG-AT117BVD76,HIGH,2016-05-13,INACTIVE
VND-03275,XcelPath Networks International,SUPPLIER,India,REG-IB527YKK61,LOW,2023-12-08,ACTIVE
VND-03276,JadeCore Solutions Holdings,MANUFACTURER,India,REG-DA815QEZ78,LOW,2018-07-31,ACTIVE
VND-03277,GreenBridge Consulting Inc,LOGISTICS,France,REG-ER902HZE23,LOW,2015-07-14,ACTIVE
VND-03278,YellowBridge Partners Inc,MANUFACTURER,United States,REG-OB870NVP67,LOW,2021-03-04,ACTIVE
VND-03279,LucentBridge Technologies Holdings,MANUFACTURER,United States,REG-IW223LJE71,LOW,2024-05-01,ACTIVE
VND-03280,YellowBridge Partners,LOGISTICS,Singapore,REG-XA268OFF48,LOW,2020-02-16,ACTIVE
VND-03281,Gamma_Co Inc,CONTRACTOR,Brazil,REG-MB142CBV94,HIGH,2018-02-16,ACTIVE
VND-03282,VertiLink Distributors,SUPPLIER,Singapore,REG-WI375KSJ39,LOW,2022-09-23,ACTIVE
VND-03283,YieldPoint Partners International,SUPPLIER,United States,REG-BW313MQO24,LOW,2018-01-05,ACTIVE
VND-03284,XcelPath Networks Holdings,MANUFACTURER,United States,REG-IE866WIT93,LOW,2015-12-21,ACTIVE
VND-03285,OmegaLink Systems Holdings,LOGISTICS,Australia,REG-ZR417FAV83,MEDIUM,2015-01-07,INACTIVE
VND-03286,NexPoint Analytics Inc,CONTRACTOR,Japan,REG-IC915GGX38,LOW,2021-08-19,ACTIVE
VND-03287,Apex Solutions Holdings,DISTRIBUTOR,United Kingdom,REG-SB406ZSL52,LOW,2023-09-02,ACTIVE
VND-03288,SilverPath Holdings Ltd,SERVICE_PROVIDER,UAE,REG-ZJ673FLR51,LOW,2016-07-30,ACTIVE
VND-03289,ZenithBridge Corp Group,DISTRIBUTOR,Australia,REG-XR553ZUW37,MEDIUM,2019-05-10,ACTIVE
VND-03290,IronPoint Manufacturing International,DISTRIBUTOR,Netherlands,REG-HC697GSL64,MEDIUM,2021-04-04,ACTIVE
VND-03291,EcoVenture Supplies Ltd,MANUFACTURER,Ireland,REG-ST622XHB49,MEDIUM,2022-08-25,ACTIVE
VND-03292,XcelPath Networks,LOGISTICS,Brazil,REG-AL462IKA50,LOW,2019-02-28,ACTIVE
VND-03293,Epsilon_Group,SERVICE_PROVIDER,Canada,REG-JR568DAX51,LOW,2021-05-21,ACTIVE
VND-03294,InnoCore Dynamics,CONSULTANT,Singapore,REG-MO276VUS72,LOW,2015-12-23,ACTIVE
VND-03295,WaveCore Manufacturing International,DISTRIBUTOR,China,REG-QR097RIE93,MEDIUM,2022-01-28,ACTIVE
VND-03296,YieldPoint Partners,SUPPLIER,China,REG-YQ291XAL46,LOW,2018-05-24,ACTIVE
VND-03297,KryptonPath Ltd Holdings,SUPPLIER,Australia,REG-JS234SQU77,MEDIUM,2016-07-24,ACTIVE
VND-03298,HarborLight Services International,SERVICE_PROVIDER,India,REG-DI045XHH79,LOW,2020-06-16,ACTIVE
VND-03299,InnoCore Dynamics International,SERVICE_PROVIDER,South Africa,REG-OP407NHI03,MEDIUM,2018-04-30,ACTIVE
VND-03300,IronPoint Manufacturing LLC,LOGISTICS,Ireland,REG-XP147MCP82,LOW,2023-12-10,ACTIVE
VND-03301,MomentumCore Corp LLC,SERVICE_PROVIDER,United States,REG-ET209ZFZ45,LOW,2021-08-22,ACTIVE
VND-03302,JetStream Analytics Ltd,CONTRACTOR,Netherlands,REG-OO706QIY36,LOW,2020-05-09,ACTIVE
VND-03303,Delta_Logistics LLC,MANUFACTURER,Canada,REG-EI863YJB01,LOW,2017-12-18,ACTIVE
VND-03304,Gamma_Co Ltd,MANUFACTURER,India,REG-IY084QXI84,LOW,2018-11-20,ACTIVE
VND-03305,CoreVault Systems Holdings,LOGISTICS,Netherlands,REG-RK333YBY67,LOW,2019-11-18,ACTIVE
VND-03306,JetStream Analytics Group,SERVICE_PROVIDER,United States,REG-FU828VOF96,LOW,2019-02-12,ACTIVE
VND-03307,VoltEdge Solutions,MANUFACTURER,Singapore,REG-MS360BMI54,MEDIUM,2015-09-17,ACTIVE
VND-03308,VertiLink Distributors International,SUPPLIER,Australia,REG-KT085DHM64,LOW,2018-01-31,ACTIVE
VND-03309,RedPoint Consulting Inc,CONSULTANT,Netherlands,REG-KN249XDP51,LOW,2020-04-09,ACTIVE
VND-03310,UltraVista Technologies LLC,CONTRACTOR,United States,REG-ZH011EWY54,LOW,2023-10-31,ACTIVE
VND-03311,PeakVault Services Inc,CONSULTANT,United Kingdom,REG-HU808GKO03,LOW,2020-10-17,ACTIVE
VND-03312,PrimeAxis Corp,SERVICE_PROVIDER,United States,REG-SD044RPE10,LOW,2016-07-12,ACTIVE
VND-03313,Alpha_Inc Inc,SUPPLIER,France,REG-ER566NVM85,LOW,2019-03-09,ACTIVE
VND-03314,JadeCore Solutions LLC,LOGISTICS,United States,REG-ET814DUW83,LOW,2022-10-30,ACTIVE
VND-03315,Apex Solutions Ltd,LOGISTICS,Australia,REG-OA803GZH09,LOW,2016-12-30,ACTIVE
VND-03316,Gamma_Co LLC,CONTRACTOR,United Kingdom,REG-FC564JQC71,MEDIUM,2015-12-19,ACTIVE
VND-03317,CoreVault Systems LLC,CONSULTANT,Australia,REG-YQ190GZM27,LOW,2019-01-25,ACTIVE
VND-03318,MeridianTech,SERVICE_PROVIDER,United States,REG-BF883GXH71,LOW,2015-05-15,ACTIVE
VND-03319,SkyBridge Logistics,SERVICE_PROVIDER,India,REG-FK668KEY61,MEDIUM,2015-01-19,ACTIVE
VND-03320,PeakVault Services,DISTRIBUTOR,India,REG-QM759KAE83,HIGH,2020-08-27,BLACKLISTED
VND-03321,SilverPath Holdings Group,MANUFACTURER,United States,REG-IN705XMQ05,LOW,2024-02-03,ACTIVE
VND-03322,Acuity Systems Ltd,DISTRIBUTOR,United Kingdom,REG-BU581CTJ95,MEDIUM,2021-03-24,ACTIVE
VND-03323,InnoCore Dynamics Ltd,CONTRACTOR,France,REG-PL853PLX53,MEDIUM,2017-11-19,ACTIVE
VND-03324,VoltEdge Solutions,LOGISTICS,Netherlands,REG-ZQ824JGD26,MEDIUM,2022-01-01,ACTIVE
VND-03325,MeridianTech Inc,LOGISTICS,UAE,REG-RV758IRB01,HIGH,2018-06-27,BLACKLISTED
VND-03326,VoltEdge Solutions Inc,SUPPLIER,India,REG-AX687MAJ93,LOW,2015-10-17,ACTIVE
VND-03327,YellowBridge Partners Ltd,DISTRIBUTOR,Singapore,REG-LE853WYB27,LOW,2022-06-12,ACTIVE
VND-03328,DawnTech Services Holdings,LOGISTICS,Canada,REG-EO983XZV45,LOW,2017-05-23,ACTIVE
VND-03329,Gamma_Co Group,LOGISTICS,United States,REG-XT025BGP28,LOW,2018-10-13,ACTIVE
VND-03330,RedPoint Consulting Ltd,SUPPLIER,Singapore,REG-IK087EIU30,LOW,2019-11-19,ACTIVE
VND-03331,OmegaLink Systems LLC,CONTRACTOR,UAE,REG-EY073EED82,LOW,2017-10-26,ACTIVE
VND-03332,LatticeCore Partners Holdings,CONSULTANT,Canada,REG-UI118SUE42,LOW,2023-12-22,ACTIVE
VND-03333,OpenBridge Systems Inc,SERVICE_PROVIDER,United States,REG-DA863CFJ09,HIGH,2018-05-05,INACTIVE
VND-03334,DeltaPath Logistics International,SERVICE_PROVIDER,India,REG-MS102RSF42,LOW,2024-02-26,ACTIVE
VND-03335,ClearPath Logistics Ltd,CONTRACTOR,United States,REG-EG305WNY77,MEDIUM,2018-10-06,ACTIVE
VND-03336,NorthBridge Supplies Ltd,MANUFACTURER,United States,REG-GY619XTN97,LOW,2017-01-18,ACTIVE
VND-03337,VertiLink Distributors Inc,SUPPLIER,United States,REG-AS656CMN67,LOW,2018-08-22,ACTIVE
VND-03338,VoltEdge Solutions,DISTRIBUTOR,United States,REG-XR683BBN34,LOW,2022-06-21,ACTIVE
VND-03339,FlowBridge Inc,LOGISTICS,Netherlands,REG-RY522RTX42,MEDIUM,2020-03-10,ACTIVE
VND-03340,SkyBridge Logistics,CONTRACTOR,India,REG-IF379LEW32,HIGH,2016-08-05,ACTIVE
VND-03341,YieldPoint Partners,MANUFACTURER,United Kingdom,REG-BX439SSE07,MEDIUM,2022-09-13,ACTIVE
VND-03342,UnityCore Technologies Ltd,CONSULTANT,Germany,REG-FY360OLH15,LOW,2019-02-28,ACTIVE
VND-03343,TitanPath Holdings,CONSULTANT,United States,REG-EZ150TJA10,MEDIUM,2022-08-27,INACTIVE
VND-03344,LatticeCore Partners International,LOGISTICS,China,REG-ZW008JKT02,MEDIUM,2018-07-09,ACTIVE
VND-03345,Apex Solutions Group,LOGISTICS,United States,REG-DJ347NOU59,LOW,2019-09-07,INACTIVE
VND-03346,NorthBridge Supplies Inc,CONSULTANT,Germany,REG-FF488MLG35,LOW,2023-01-25,ACTIVE
VND-03347,SkyBridge Logistics Ltd,SERVICE_PROVIDER,Japan,REG-FQ496YPT79,HIGH,2017-11-29,INACTIVE
VND-03348,ClearPath Logistics Holdings,LOGISTICS,France,REG-ZJ866BNF43,MEDIUM,2015-06-29,ACTIVE
VND-03349,MeridianTech Inc,SERVICE_PROVIDER,Brazil,REG-JX726HJT65,LOW,2016-06-12,ACTIVE
VND-03350,UnityCore Technologies LLC,MANUFACTURER,Canada,REG-KU685FQI49,LOW,2021-08-13,ACTIVE
VND-03351,RapidCore Consulting Inc,SUPPLIER,United States,REG-BI400ZQD02,LOW,2024-04-19,ACTIVE
VND-03352,SkyBridge Logistics Ltd,CONTRACTOR,United States,REG-FL146BJX05,LOW,2017-06-04,ACTIVE
VND-03353,HarborLight Services,CONTRACTOR,United States,REG-HZ543PMU27,LOW,2018-02-10,ACTIVE
VND-03354,BlueStar Procurement,DISTRIBUTOR,India,REG-PN033YMT56,HIGH,2020-09-05,BLACKLISTED
VND-03355,OpenBridge Systems Ltd,CONSULTANT,Ireland,REG-UC301LDH00,LOW,2016-01-20,ACTIVE
VND-03356,LatticeCore Partners Ltd,CONTRACTOR,India,REG-CH993HUA18,LOW,2019-01-11,ACTIVE
VND-03357,VertiLink Distributors Group,CONTRACTOR,Canada,REG-PO480VSR28,HIGH,2015-07-07,INACTIVE
VND-03358,FusionCore Analytics Ltd,SUPPLIER,Ireland,REG-NR158DNV92,LOW,2021-06-23,ACTIVE
VND-03359,Gamma_Co Ltd,SUPPLIER,UAE,REG-AB304FPX37,LOW,2015-08-29,ACTIVE
VND-03360,QuantumEdge Solutions,MANUFACTURER,India,REG-GY662ZFI80,LOW,2023-09-23,ACTIVE
VND-03361,TitanPath Holdings LLC,MANUFACTURER,United Kingdom,REG-WK268TXD15,CRITICAL,2016-05-28,BLACKLISTED
VND-03362,SilverPath Holdings,MANUFACTURER,Canada,REG-EF470CWR53,LOW,2021-07-07,ACTIVE
VND-03363,ZenithBridge Corp International,SERVICE_PROVIDER,United Kingdom,REG-BF833MMC09,MEDIUM,2020-02-21,ACTIVE
VND-03364,KineticBlue Ltd LLC,LOGISTICS,United States,REG-JL984HVT21,LOW,2018-11-26,ACTIVE
VND-03365,YieldPoint Partners Holdings,CONSULTANT,Canada,REG-AU269WPB37,LOW,2017-11-10,ACTIVE
VND-03366,IronPoint Manufacturing Holdings,DISTRIBUTOR,United States,REG-SG167GFE67,LOW,2017-01-22,ACTIVE
VND-03367,KryptonPath Ltd LLC,CONSULTANT,United Kingdom,REG-AP628BIH83,LOW,2023-09-27,ACTIVE
VND-03368,Epsilon_Group,SUPPLIER,United States,REG-DZ501LLK62,MEDIUM,2015-10-13,ACTIVE
VND-03369,Acuity Systems Inc,SUPPLIER,Germany,REG-GS266GAK67,LOW,2022-08-04,ACTIVE
VND-03370,IronPoint Manufacturing Ltd,DISTRIBUTOR,India,REG-UK376LJP16,LOW,2019-08-23,ACTIVE
VND-03371,HarborLight Services,SERVICE_PROVIDER,Australia,REG-SL989LPZ07,LOW,2019-04-22,ACTIVE
VND-03372,Apex Solutions Holdings,CONTRACTOR,Australia,REG-UV598NEE12,LOW,2022-08-10,ACTIVE
VND-03373,KryptonPath Ltd,DISTRIBUTOR,Australia,REG-FY726SBJ59,LOW,2023-11-10,ACTIVE
VND-03374,LatticeCore Partners,DISTRIBUTOR,Brazil,REG-UB385ETS80,LOW,2016-12-01,ACTIVE
VND-03375,ZenithBridge Corp,LOGISTICS,India,REG-EJ171LMK65,MEDIUM,2017-08-03,ACTIVE
VND-03376,LatticeCore Partners Inc,MANUFACTURER,United States,REG-WZ129FII56,LOW,2015-02-04,ACTIVE
VND-03377,LatticeCore Partners,SERVICE_PROVIDER,Australia,REG-BC711DPX48,LOW,2017-11-13,ACTIVE
VND-03378,InnoCore Dynamics,SUPPLIER,United States,REG-RM009TOL24,MEDIUM,2019-12-28,ACTIVE
VND-03379,OmegaLink Systems LLC,DISTRIBUTOR,United States,REG-OD878DOO75,MEDIUM,2023-06-07,ACTIVE
VND-03380,KineticBlue Ltd,LOGISTICS,South Africa,REG-HG029UJV30,LOW,2022-04-04,ACTIVE
VND-03381,WaveCore Manufacturing Ltd,SUPPLIER,Netherlands,REG-FR018KKW60,MEDIUM,2023-10-24,ACTIVE
VND-03382,Apex Solutions LLC,DISTRIBUTOR,United States,REG-LK069OMA52,LOW,2019-02-08,ACTIVE
VND-03383,GreenBridge Consulting International,DISTRIBUTOR,Canada,REG-YK931CAY80,LOW,2017-05-16,ACTIVE
VND-03384,VoltEdge Solutions Ltd,DISTRIBUTOR,Australia,REG-YL730YPT24,LOW,2018-07-05,ACTIVE
VND-03385,UnityCore Technologies LLC,SERVICE_PROVIDER,China,REG-XP624EYV97,LOW,2016-01-21,ACTIVE
VND-03386,XpressCore Dynamics Inc,CONSULTANT,France,REG-ZP405WRT71,LOW,2018-10-23,ACTIVE
VND-03387,MomentumCore Corp Inc,SUPPLIER,China,REG-QD695UYI67,LOW,2017-06-03,ACTIVE
VND-03388,JetStream Analytics Ltd,SERVICE_PROVIDER,United Kingdom,REG-XO735QVU44,HIGH,2021-07-11,INACTIVE
VND-03389,TrueNorth Services Inc,MANUFACTURER,United States,REG-IQ146AWG68,MEDIUM,2015-08-07,ACTIVE
VND-03390,VoltEdge Solutions Inc,CONSULTANT,United States,REG-JV348OQW34,CRITICAL,2020-05-06,INACTIVE
VND-03391,NexPoint Analytics Holdings,CONSULTANT,Japan,REG-NB862ZTH67,LOW,2021-01-07,ACTIVE
VND-03392,InnoCore Dynamics LLC,SUPPLIER,India,REG-EX532HEA07,HIGH,2016-09-28,BLACKLISTED
VND-03393,RedPoint Consulting LLC,MANUFACTURER,United States,REG-XP894AXZ32,LOW,2017-05-15,ACTIVE
VND-03394,WavePath Inc,SERVICE_PROVIDER,Canada,REG-PU983BMS44,HIGH,2015-09-28,BLACKLISTED
VND-03395,TitanPath Holdings,CONSULTANT,Japan,REG-WU580YTU50,LOW,2022-07-20,ACTIVE
VND-03396,OpenBridge Systems Group,CONTRACTOR,United States,REG-IR050ZDK92,MEDIUM,2015-07-27,ACTIVE
VND-03397,UnityCore Technologies International,CONTRACTOR,United States,REG-LW007MWM34,LOW,2020-08-01,ACTIVE
VND-03398,XcelPath Networks LLC,SUPPLIER,United States,REG-VF907JLU73,LOW,2017-03-05,ACTIVE
VND-03399,DeltaPath Logistics International,SERVICE_PROVIDER,United Kingdom,REG-BE450AIV38,LOW,2017-11-04,ACTIVE
VND-03400,DeltaPath Logistics Holdings,LOGISTICS,Brazil,REG-RI851SSO50,LOW,2023-01-08,INACTIVE
VND-03401,DawnTech Services International,SERVICE_PROVIDER,Brazil,REG-JG045TNV02,LOW,2018-12-28,ACTIVE
VND-03402,InnoCore Dynamics Inc,MANUFACTURER,United States,REG-QX312RRR79,LOW,2015-10-18,ACTIVE
VND-03403,FlowBridge Inc International,LOGISTICS,United States,REG-MF337ZUU95,LOW,2022-08-28,BLACKLISTED
VND-03404,MomentumCore Corp,DISTRIBUTOR,UAE,REG-KB112RKZ35,LOW,2016-10-13,ACTIVE
VND-03405,BridgeTech Consulting Holdings,LOGISTICS,UAE,REG-JB527RYL42,LOW,2017-10-12,ACTIVE
VND-03406,YieldPoint Partners International,CONSULTANT,China,REG-FO510HMJ85,MEDIUM,2016-10-26,ACTIVE
VND-03407,HarborLight Services International,SUPPLIER,Netherlands,REG-QO554WBC51,LOW,2020-06-17,ACTIVE
VND-03408,XcelPath Networks Inc,LOGISTICS,Canada,REG-GF919EQT35,LOW,2019-09-07,ACTIVE
VND-03409,CoreVault Systems International,MANUFACTURER,Canada,REG-SC555WAI37,LOW,2017-08-15,ACTIVE
VND-03410,GreenBridge Consulting Inc,CONTRACTOR,Canada,REG-DM728PCQ16,HIGH,2019-06-01,ACTIVE
VND-03411,YellowBridge Partners Inc,CONTRACTOR,India,REG-EX612BUU15,LOW,2023-10-14,ACTIVE
VND-03412,BlueStar Procurement International,MANUFACTURER,India,REG-WB264BGQ12,LOW,2017-03-15,ACTIVE
VND-03413,OmegaLink Systems Ltd,CONTRACTOR,United States,REG-KA818LND76,LOW,2019-09-04,ACTIVE
VND-03414,KineticBlue Ltd International,CONSULTANT,United Kingdom,REG-BP693BYP19,LOW,2017-02-16,ACTIVE
VND-03415,Beta_Supplies,CONTRACTOR,United States,REG-VF995DTV16,LOW,2015-12-29,ACTIVE
VND-03416,RapidCore Consulting Group,MANUFACTURER,Germany,REG-JI059RTU98,LOW,2024-04-17,ACTIVE
VND-03417,UltraVista Technologies Holdings,CONSULTANT,United States,REG-WN673RYO12,HIGH,2022-07-21,ACTIVE
VND-03418,OpenBridge Systems,MANUFACTURER,France,REG-GW888FQS04,LOW,2020-12-26,ACTIVE
VND-03419,SkyBridge Logistics Ltd,MANUFACTURER,Japan,REG-PZ202TXC59,HIGH,2016-02-06,ACTIVE
VND-03420,PrimeAxis Corp LLC,LOGISTICS,United States,REG-PQ282IEX31,HIGH,2018-06-28,ACTIVE
VND-03421,YieldPoint Partners Holdings,CONSULTANT,China,REG-MN576EHT72,LOW,2017-06-22,ACTIVE
VND-03422,InnoCore Dynamics LLC,SERVICE_PROVIDER,United Kingdom,REG-OQ549MFH04,LOW,2018-02-27,ACTIVE
VND-03423,XcelPath Networks Ltd,CONSULTANT,India,REG-XO343YFC69,MEDIUM,2017-08-24,ACTIVE
VND-03424,Gamma_Co,MANUFACTURER,India,REG-RP297GUB71,LOW,2024-01-27,ACTIVE
VND-03425,XcelPath Networks Inc,DISTRIBUTOR,France,REG-MI629YYV17,LOW,2022-07-01,ACTIVE
VND-03426,VoltEdge Solutions Holdings,LOGISTICS,Australia,REG-HB173JRN28,LOW,2019-02-23,ACTIVE
VND-03427,TitanPath Holdings Ltd,CONTRACTOR,France,REG-NJ108KGL73,MEDIUM,2022-07-28,ACTIVE
VND-03428,LucentBridge Technologies LLC,LOGISTICS,India,REG-YU836CNR91,LOW,2023-01-30,ACTIVE
VND-03429,OpenBridge Systems Holdings,CONTRACTOR,India,REG-WI767KGR10,MEDIUM,2017-03-27,INACTIVE
VND-03430,Epsilon_Group Holdings,SERVICE_PROVIDER,Brazil,REG-WM770VNU74,LOW,2019-05-29,ACTIVE
VND-03431,Delta_Logistics,CONSULTANT,India,REG-RU153DAZ04,MEDIUM,2019-10-31,ACTIVE
VND-03432,SilverPath Holdings,DISTRIBUTOR,United States,REG-PJ202FJN68,LOW,2015-04-01,ACTIVE
VND-03433,NexPoint Analytics Holdings,SUPPLIER,Germany,REG-KM034UGZ50,LOW,2020-09-11,ACTIVE
VND-03434,JetStream Analytics Holdings,CONTRACTOR,China,REG-RA760MXU30,LOW,2023-10-27,ACTIVE
VND-03435,ClearPath Logistics Group,LOGISTICS,India,REG-TO346EIT75,LOW,2016-04-07,ACTIVE
VND-03436,RedPoint Consulting Group,CONTRACTOR,Brazil,REG-GC236EPJ88,LOW,2017-09-08,ACTIVE
VND-03437,YieldPoint Partners,CONTRACTOR,United States,REG-WU272GPP10,CRITICAL,2024-02-15,INACTIVE
VND-03438,PeakVault Services Ltd,CONSULTANT,India,REG-TK460JAG18,CRITICAL,2021-07-18,BLACKLISTED
VND-03439,Acuity Systems Inc,CONTRACTOR,Germany,REG-YP388LCX25,MEDIUM,2016-04-21,ACTIVE
VND-03440,Delta_Logistics,DISTRIBUTOR,Singapore,REG-HU831XOA68,MEDIUM,2020-01-29,ACTIVE
VND-03441,OmegaLink Systems,SUPPLIER,United States,REG-KR360QRF38,LOW,2022-08-20,ACTIVE
VND-03442,HarborLight Services International,LOGISTICS,Germany,REG-DV736GLT90,LOW,2020-12-14,ACTIVE
VND-03443,HarborLight Services,MANUFACTURER,China,REG-CC476BWI72,HIGH,2019-02-17,ACTIVE
VND-03444,JadeCore Solutions Holdings,CONSULTANT,United Kingdom,REG-AD141HBP07,LOW,2018-07-27,ACTIVE
VND-03445,RedPoint Consulting LLC,SERVICE_PROVIDER,Netherlands,REG-MU485GLN08,LOW,2016-12-22,INACTIVE
VND-03446,Epsilon_Group LLC,MANUFACTURER,France,REG-WH708XLW51,MEDIUM,2022-04-18,ACTIVE
VND-03447,PeakVault Services Group,LOGISTICS,United States,REG-QX194AME45,LOW,2022-04-08,ACTIVE
VND-03448,VertiLink Distributors LLC,CONSULTANT,United Kingdom,REG-YH296MLD55,LOW,2024-03-14,ACTIVE
VND-03449,InnoCore Dynamics Ltd,SERVICE_PROVIDER,Germany,REG-CU671RZH37,HIGH,2019-10-28,ACTIVE
VND-03450,Apex Solutions,SUPPLIER,Ireland,REG-PL886WZG26,LOW,2018-02-15,ACTIVE
VND-03451,OpenBridge Systems LLC,LOGISTICS,United States,REG-OB266XXF78,MEDIUM,2019-01-02,INACTIVE
VND-03452,EdgeWave Technologies,CONTRACTOR,Ireland,REG-HE371VSC38,MEDIUM,2019-02-14,INACTIVE
VND-03453,CoreVault Systems,SERVICE_PROVIDER,United Kingdom,REG-ET223TYZ46,LOW,2016-09-14,INACTIVE
VND-03454,LatticeCore Partners Holdings,MANUFACTURER,United Kingdom,REG-UN627ASR63,MEDIUM,2020-03-11,ACTIVE
VND-03455,TrueNorth Services Group,MANUFACTURER,United States,REG-RT117LOQ61,LOW,2021-06-07,ACTIVE
VND-03456,ZenithBridge Corp Ltd,MANUFACTURER,United States,REG-OH152MZI48,MEDIUM,2024-01-15,ACTIVE
VND-03457,CoreVault Systems Group,CONSULTANT,Canada,REG-BQ636YUY47,LOW,2016-05-13,ACTIVE
VND-03458,JetStream Analytics Ltd,SERVICE_PROVIDER,United Kingdom,REG-EB896NYJ98,LOW,2023-09-12,ACTIVE
VND-03459,PeakVault Services Group,MANUFACTURER,Japan,REG-IO830FRM04,HIGH,2021-06-15,ACTIVE
VND-03460,WaveCore Manufacturing Group,CONTRACTOR,South Africa,REG-KL363VJX15,MEDIUM,2023-01-24,ACTIVE
VND-03461,RapidCore Consulting LLC,CONSULTANT,United States,REG-YV912MOR70,LOW,2017-05-23,ACTIVE
VND-03462,YellowBridge Partners Inc,CONSULTANT,South Africa,REG-VR104JLG06,LOW,2019-12-19,ACTIVE
VND-03463,MomentumCore Corp Group,CONTRACTOR,Canada,REG-GK187REH22,LOW,2015-01-06,ACTIVE
VND-03464,Beta_Supplies Inc,CONSULTANT,Germany,REG-HC830SLX18,MEDIUM,2024-04-29,ACTIVE
VND-03465,BlueStar Procurement,CONTRACTOR,United States,REG-HN607UYU57,LOW,2020-09-08,ACTIVE
VND-03466,DeltaPath Logistics Ltd,SUPPLIER,Netherlands,REG-LN849CNM74,LOW,2020-02-24,ACTIVE
VND-03467,Alpha_Inc,DISTRIBUTOR,United Kingdom,REG-FH052HRI21,LOW,2023-07-29,ACTIVE
VND-03468,CoreVault Systems,SERVICE_PROVIDER,United States,REG-VG656JNI58,MEDIUM,2015-02-27,ACTIVE
VND-03469,PeakVault Services Inc,DISTRIBUTOR,United Kingdom,REG-NO106ZRT17,LOW,2024-03-27,ACTIVE
VND-03470,JadeCore Solutions LLC,MANUFACTURER,United States,REG-MG563KMD16,MEDIUM,2017-01-19,ACTIVE
VND-03471,Alpha_Inc Inc,SERVICE_PROVIDER,India,REG-GA557MTM26,HIGH,2022-01-25,ACTIVE
VND-03472,ZenithBridge Corp International,CONTRACTOR,Australia,REG-EF637KNH88,LOW,2017-03-31,ACTIVE
VND-03473,NorthBridge Supplies Group,CONSULTANT,United States,REG-HK999SDH06,MEDIUM,2022-09-30,ACTIVE
VND-03474,GreenBridge Consulting,SUPPLIER,South Africa,REG-FW307MYR16,HIGH,2022-02-12,BLACKLISTED
VND-03475,WaveCore Manufacturing Ltd,LOGISTICS,China,REG-AH216ZPE33,LOW,2022-07-08,BLACKLISTED
VND-03476,SkyBridge Logistics LLC,CONSULTANT,Germany,REG-LC798WCT54,LOW,2017-01-24,ACTIVE
VND-03477,Gamma_Co Ltd,CONSULTANT,Canada,REG-MW903VSX72,LOW,2018-10-14,ACTIVE
VND-03478,PrimeAxis Corp Inc,LOGISTICS,France,REG-SA858PRM35,LOW,2022-02-15,ACTIVE
VND-03479,Epsilon_Group LLC,DISTRIBUTOR,United States,REG-RU981NMO27,MEDIUM,2016-04-14,ACTIVE
VND-03480,FusionCore Analytics Holdings,LOGISTICS,India,REG-CZ225REM51,LOW,2016-03-04,ACTIVE
VND-03481,OmegaLink Systems Inc,CONTRACTOR,United States,REG-FA258LGT14,LOW,2021-04-08,ACTIVE
VND-03482,Apex Solutions LLC,CONSULTANT,Canada,REG-SI236ZOK01,LOW,2015-10-21,ACTIVE
VND-03483,GreenBridge Consulting Inc,MANUFACTURER,Singapore,REG-NU945XJQ41,LOW,2018-03-20,ACTIVE
VND-03484,EcoVenture Supplies LLC,SERVICE_PROVIDER,United States,REG-NX531DMP56,LOW,2019-02-05,ACTIVE
VND-03485,EcoVenture Supplies,CONTRACTOR,India,REG-QV079VXN68,LOW,2019-01-20,ACTIVE
VND-03486,OpenBridge Systems LLC,CONTRACTOR,United States,REG-YL096IDI45,LOW,2015-10-03,ACTIVE
VND-03487,EdgeWave Technologies,LOGISTICS,Germany,REG-LS408GDE99,LOW,2021-05-08,ACTIVE
VND-03488,KryptonPath Ltd LLC,DISTRIBUTOR,Canada,REG-GE351ENN66,LOW,2016-01-10,ACTIVE
VND-03489,UltraVista Technologies International,SERVICE_PROVIDER,Germany,REG-BE973SIH67,LOW,2021-02-19,ACTIVE
VND-03490,Delta_Logistics,CONSULTANT,United States,REG-TI734PKP02,MEDIUM,2024-02-05,ACTIVE
VND-03491,KineticBlue Ltd LLC,SUPPLIER,Japan,REG-YU241OZZ98,LOW,2015-03-03,ACTIVE
VND-03492,InnoCore Dynamics LLC,SUPPLIER,United States,REG-BU063TAG23,MEDIUM,2022-06-03,ACTIVE
VND-03493,KryptonPath Ltd Group,MANUFACTURER,Singapore,REG-KS814WJR44,LOW,2023-06-07,ACTIVE
VND-03494,DawnTech Services Ltd,MANUFACTURER,Australia,REG-ZW202XAS43,HIGH,2021-05-09,INACTIVE
VND-03495,HorizonEdge Inc International,SUPPLIER,United Kingdom,REG-SF947HQV65,LOW,2017-06-02,ACTIVE
VND-03496,OmegaLink Systems,DISTRIBUTOR,United Kingdom,REG-RA861NZK56,LOW,2023-12-13,ACTIVE
VND-03497,SkyBridge Logistics Inc,SERVICE_PROVIDER,Germany,REG-MN414INT75,LOW,2015-04-26,ACTIVE
VND-03498,IronPoint Manufacturing Ltd,MANUFACTURER,UAE,REG-TO137ITU05,LOW,2020-04-30,INACTIVE
VND-03499,OpenBridge Systems Group,MANUFACTURER,China,REG-YE190QXE82,LOW,2022-01-28,ACTIVE
VND-03500,TrueNorth Services Group,DISTRIBUTOR,United States,REG-NR035LVK65,HIGH,2016-04-17,INACTIVE
VND-03501,TrueNorth Services Group,DISTRIBUTOR,Brazil,REG-EY920TYB23,LOW,2015-05-07,ACTIVE
VND-03502,HarborLight Services Group,CONSULTANT,United States,REG-KW969OOI22,LOW,2015-07-07,ACTIVE
VND-03503,BridgeTech Consulting Inc,SERVICE_PROVIDER,Canada,REG-EO619IYW41,LOW,2018-11-30,ACTIVE
VND-03504,OpenBridge Systems International,CONTRACTOR,France,REG-YY390TIR93,LOW,2023-12-19,ACTIVE
VND-03505,InnoCore Dynamics International,SERVICE_PROVIDER,Canada,REG-RL240GVM66,LOW,2021-04-17,ACTIVE
VND-03506,XpressCore Dynamics International,SERVICE_PROVIDER,India,REG-RH463IMO34,LOW,2020-07-26,ACTIVE
VND-03507,TrueNorth Services,LOGISTICS,United Kingdom,REG-GV343HYB75,LOW,2019-09-16,ACTIVE
VND-03508,TitanPath Holdings,LOGISTICS,Germany,REG-XZ940XZS86,LOW,2017-11-18,ACTIVE
VND-03509,WaveCore Manufacturing Holdings,CONSULTANT,France,REG-YN243IJV82,LOW,2022-11-03,ACTIVE
VND-03510,YieldPoint Partners Holdings,SERVICE_PROVIDER,South Africa,REG-VB507KWK43,LOW,2021-05-03,ACTIVE
VND-03511,FlowBridge Inc,DISTRIBUTOR,Ireland,REG-RE889OAP59,LOW,2022-02-13,ACTIVE
VND-03512,YieldPoint Partners Group,CONSULTANT,United States,REG-UN969UMG64,LOW,2018-08-08,ACTIVE
VND-03513,VoltEdge Solutions,CONTRACTOR,Germany,REG-DH765ZJH04,LOW,2017-01-04,ACTIVE
VND-03514,DawnTech Services International,CONSULTANT,Singapore,REG-VR300IJG99,LOW,2022-07-25,ACTIVE
VND-03515,Epsilon_Group Holdings,CONTRACTOR,UAE,REG-PZ734QYH49,LOW,2021-11-20,INACTIVE
VND-03516,KryptonPath Ltd Inc,DISTRIBUTOR,Canada,REG-NL667QDB98,LOW,2018-10-05,ACTIVE
VND-03517,RapidCore Consulting International,CONTRACTOR,Germany,REG-LD617FQN06,LOW,2017-10-12,ACTIVE
VND-03518,SilverPath Holdings LLC,CONTRACTOR,India,REG-ZH711QYT03,MEDIUM,2017-06-25,ACTIVE
VND-03519,TrueNorth Services Ltd,SERVICE_PROVIDER,China,REG-WA715BUU67,MEDIUM,2016-05-11,ACTIVE
VND-03520,XpressCore Dynamics Ltd,LOGISTICS,India,REG-BB051RGY88,HIGH,2017-09-20,ACTIVE
VND-03521,OmegaLink Systems Ltd,SERVICE_PROVIDER,India,REG-NS744SNX92,LOW,2018-01-09,ACTIVE
VND-03522,Beta_Supplies LLC,DISTRIBUTOR,United Kingdom,REG-BR969UWB85,LOW,2022-11-05,ACTIVE
VND-03523,VertiLink Distributors Ltd,CONSULTANT,South Africa,REG-FV566TCI93,LOW,2019-09-17,ACTIVE
VND-03524,NorthBridge Supplies Ltd,LOGISTICS,UAE,REG-ES428ILK61,MEDIUM,2022-07-03,ACTIVE
VND-03525,LucentBridge Technologies Inc,SUPPLIER,India,REG-IV571DRP40,LOW,2018-01-09,ACTIVE
VND-03526,XpressCore Dynamics Ltd,CONSULTANT,United States,REG-WY857TGY62,LOW,2019-12-30,INACTIVE
VND-03527,EcoVenture Supplies Inc,SERVICE_PROVIDER,Germany,REG-KP163WVA84,LOW,2015-06-27,ACTIVE
VND-03528,WaveCore Manufacturing Group,MANUFACTURER,Singapore,REG-GW806OBU35,LOW,2018-03-21,ACTIVE
VND-03529,LucentBridge Technologies Group,CONSULTANT,United States,REG-JK101YMV27,LOW,2023-09-21,ACTIVE
VND-03530,RedPoint Consulting Ltd,LOGISTICS,India,REG-PG193XJT04,LOW,2019-11-08,ACTIVE
VND-03531,VoltEdge Solutions Ltd,DISTRIBUTOR,United States,REG-WE775DNY86,LOW,2017-07-04,ACTIVE
VND-03532,WavePath Inc,SUPPLIER,United States,REG-VB562NQT03,MEDIUM,2018-12-28,ACTIVE
VND-03533,DawnTech Services Holdings,LOGISTICS,Germany,REG-GX439MYV46,MEDIUM,2019-05-31,ACTIVE
VND-03534,MeridianTech Holdings,CONTRACTOR,Japan,REG-RJ331MOX81,LOW,2021-07-13,ACTIVE
VND-03535,Apex Solutions Ltd,LOGISTICS,United States,REG-CO761HCT70,LOW,2019-10-29,ACTIVE
VND-03536,EdgeWave Technologies Holdings,CONTRACTOR,China,REG-LR457AIY76,HIGH,2022-12-01,INACTIVE
VND-03537,UltraVista Technologies International,CONSULTANT,United States,REG-SC367GNJ85,LOW,2019-05-08,ACTIVE
VND-03538,JadeCore Solutions Holdings,CONSULTANT,India,REG-XX977NRR47,LOW,2015-07-16,ACTIVE
VND-03539,Acuity Systems Group,MANUFACTURER,United States,REG-IL434WMC85,MEDIUM,2022-07-10,ACTIVE
VND-03540,TrueNorth Services International,CONSULTANT,India,REG-YD740AJE37,LOW,2018-04-14,ACTIVE
VND-03541,BridgeTech Consulting Holdings,MANUFACTURER,Australia,REG-EA404DWF20,LOW,2017-08-08,ACTIVE
VND-03542,WavePath Inc LLC,LOGISTICS,Canada,REG-TF497EUW53,MEDIUM,2022-07-26,ACTIVE
VND-03543,BridgeTech Consulting,LOGISTICS,Ireland,REG-LD733YCP09,MEDIUM,2021-03-11,ACTIVE
VND-03544,JetStream Analytics Ltd,SERVICE_PROVIDER,Brazil,REG-XZ094WUG06,LOW,2018-02-23,ACTIVE
VND-03545,Delta_Logistics LLC,MANUFACTURER,France,REG-PH234ZVP45,HIGH,2016-01-03,ACTIVE
VND-03546,DawnTech Services Holdings,SUPPLIER,India,REG-MR653IAB52,LOW,2017-02-10,ACTIVE
VND-03547,JetStream Analytics Group,LOGISTICS,Canada,REG-BK000VFE47,LOW,2021-01-06,ACTIVE
VND-03548,Gamma_Co Ltd,CONTRACTOR,Singapore,REG-AE034FMS95,HIGH,2021-11-01,ACTIVE
VND-03549,XpressCore Dynamics Holdings,LOGISTICS,United Kingdom,REG-UF989FJG96,LOW,2023-03-09,ACTIVE
VND-03550,JetStream Analytics Ltd,CONSULTANT,United States,REG-ZB583ETU74,LOW,2023-11-23,ACTIVE
VND-03551,ZenithBridge Corp Ltd,CONSULTANT,United Kingdom,REG-GP477WPA61,LOW,2016-03-17,ACTIVE
VND-03552,OmegaLink Systems Group,SERVICE_PROVIDER,Australia,REG-UL870AZQ47,MEDIUM,2017-11-04,ACTIVE
VND-03553,HarborLight Services LLC,LOGISTICS,Australia,REG-VX682TIX90,LOW,2019-10-19,ACTIVE
VND-03554,ClearPath Logistics Inc,CONSULTANT,France,REG-BH659PNE95,LOW,2019-10-15,ACTIVE
VND-03555,Gamma_Co Holdings,MANUFACTURER,United States,REG-UL423KTL30,LOW,2017-10-17,ACTIVE
VND-03556,NorthBridge Supplies,CONSULTANT,United Kingdom,REG-RE764RPN05,LOW,2015-11-17,ACTIVE
VND-03557,QuantumEdge Solutions Inc,CONSULTANT,India,REG-QD862WEN21,MEDIUM,2020-06-20,ACTIVE
VND-03558,Alpha_Inc Group,CONSULTANT,UAE,REG-TF186TCP60,LOW,2015-07-11,ACTIVE
VND-03559,Delta_Logistics Ltd,MANUFACTURER,United States,REG-DU389VGV14,LOW,2024-01-29,ACTIVE
VND-03560,KineticBlue Ltd LLC,CONSULTANT,India,REG-IA247MUM44,LOW,2023-12-09,ACTIVE
VND-03561,ClearPath Logistics Inc,SERVICE_PROVIDER,India,REG-UO441YGE02,LOW,2023-02-06,ACTIVE
VND-03562,VoltEdge Solutions Inc,LOGISTICS,France,REG-AT351FET86,LOW,2016-02-21,ACTIVE
VND-03563,UltraVista Technologies Inc,SERVICE_PROVIDER,United States,REG-EG131RMA35,LOW,2017-12-02,ACTIVE
VND-03564,LatticeCore Partners Holdings,SERVICE_PROVIDER,Canada,REG-RA258XUI53,LOW,2015-07-24,ACTIVE
VND-03565,ClearPath Logistics Group,MANUFACTURER,France,REG-XI153XOK98,LOW,2023-11-05,ACTIVE
VND-03566,EdgeWave Technologies Group,CONTRACTOR,Brazil,REG-VN178ZND95,LOW,2016-09-29,ACTIVE
VND-03567,Alpha_Inc LLC,SERVICE_PROVIDER,Canada,REG-JY984VXZ12,LOW,2018-11-06,INACTIVE
VND-03568,QuantumEdge Solutions Ltd,MANUFACTURER,United States,REG-WN816LNI75,MEDIUM,2023-02-16,ACTIVE
VND-03569,OpenBridge Systems Group,DISTRIBUTOR,United States,REG-IW319KFJ34,HIGH,2020-01-23,ACTIVE
VND-03570,FlowBridge Inc,SUPPLIER,UAE,REG-QY003MQI81,MEDIUM,2015-07-13,ACTIVE
VND-03571,PrimeAxis Corp LLC,MANUFACTURER,China,REG-SM924XKD21,LOW,2018-11-20,ACTIVE
VND-03572,NexPoint Analytics,SUPPLIER,Australia,REG-EG309UJE12,LOW,2022-07-05,ACTIVE
VND-03573,FusionCore Analytics Holdings,SUPPLIER,Japan,REG-UZ341FMP14,MEDIUM,2022-10-11,ACTIVE
VND-03574,WaveCore Manufacturing,DISTRIBUTOR,Japan,REG-DE155UOC53,HIGH,2021-08-04,ACTIVE
VND-03575,MomentumCore Corp Holdings,LOGISTICS,United States,REG-CC304IFQ40,LOW,2023-03-31,ACTIVE
VND-03576,JetStream Analytics International,MANUFACTURER,India,REG-NJ109TQX65,LOW,2019-05-08,ACTIVE
VND-03577,LatticeCore Partners Group,CONTRACTOR,India,REG-PV557ZTU66,LOW,2015-03-29,ACTIVE
VND-03578,LatticeCore Partners International,CONTRACTOR,India,REG-LG418JAN29,LOW,2022-08-13,ACTIVE
VND-03579,Epsilon_Group Group,MANUFACTURER,United States,REG-AT945RFN20,LOW,2017-03-10,ACTIVE
VND-03580,MeridianTech Holdings,CONTRACTOR,Australia,REG-PY106SNF16,LOW,2018-04-20,ACTIVE
VND-03581,TrueNorth Services Ltd,SERVICE_PROVIDER,Netherlands,REG-QQ008IZV22,MEDIUM,2020-10-25,ACTIVE
VND-03582,Apex Solutions Holdings,SUPPLIER,United Kingdom,REG-GI168JRF26,LOW,2020-03-18,ACTIVE
VND-03583,SkyBridge Logistics International,DISTRIBUTOR,Germany,REG-NK756XYJ26,LOW,2023-08-04,ACTIVE
VND-03584,UltraVista Technologies Group,MANUFACTURER,Australia,REG-KZ083TFV47,LOW,2023-11-02,ACTIVE
VND-03585,LatticeCore Partners International,MANUFACTURER,United Kingdom,REG-IQ005ZOO93,LOW,2019-10-16,ACTIVE
VND-03586,WavePath Inc Holdings,CONSULTANT,India,REG-OD572DTM28,LOW,2019-08-24,ACTIVE
VND-03587,EcoVenture Supplies Holdings,CONSULTANT,United Kingdom,REG-RJ220VNF07,LOW,2023-11-30,ACTIVE
VND-03588,BridgeTech Consulting International,SERVICE_PROVIDER,Germany,REG-HJ243NWF87,HIGH,2015-11-26,ACTIVE
VND-03589,MomentumCore Corp Group,MANUFACTURER,Canada,REG-RG452ZPB05,LOW,2015-04-24,ACTIVE
VND-03590,JetStream Analytics Ltd,SUPPLIER,United States,REG-CS286JBL06,LOW,2018-03-16,ACTIVE
VND-03591,YellowBridge Partners International,SUPPLIER,United States,REG-TE240QCZ65,LOW,2017-06-13,ACTIVE
VND-03592,RapidCore Consulting LLC,SERVICE_PROVIDER,United Kingdom,REG-BQ695FOG09,LOW,2021-07-10,ACTIVE
VND-03593,VoltEdge Solutions Inc,MANUFACTURER,Singapore,REG-SQ985NCG66,LOW,2016-09-23,ACTIVE
VND-03594,SilverPath Holdings LLC,CONSULTANT,United States,REG-OG655JFH62,LOW,2023-07-27,ACTIVE
VND-03595,RapidCore Consulting Holdings,DISTRIBUTOR,United States,REG-BS887NNP65,LOW,2021-12-28,ACTIVE
VND-03596,GlobalNex Corp Group,MANUFACTURER,United States,REG-PI136ILB06,LOW,2017-04-18,ACTIVE
VND-03597,Epsilon_Group,CONTRACTOR,China,REG-AR113ELR86,LOW,2015-06-28,ACTIVE
VND-03598,UnityCore Technologies Inc,SUPPLIER,Ireland,REG-NG719BNV90,LOW,2016-10-05,ACTIVE
VND-03599,GlobalNex Corp Inc,LOGISTICS,United States,REG-UP148JKT95,LOW,2016-12-09,ACTIVE
VND-03600,RapidCore Consulting,CONTRACTOR,UAE,REG-TW944HQD19,LOW,2022-12-23,ACTIVE
VND-03601,Acuity Systems Ltd,SERVICE_PROVIDER,India,REG-CI905JPL34,LOW,2020-08-07,ACTIVE
VND-03602,LucentBridge Technologies,CONTRACTOR,India,REG-OD516KVU73,MEDIUM,2020-12-14,ACTIVE
VND-03603,TrueNorth Services Holdings,CONSULTANT,United States,REG-ZJ326QGW70,LOW,2023-05-31,ACTIVE
VND-03604,KryptonPath Ltd,SERVICE_PROVIDER,Japan,REG-YS868QJL65,LOW,2020-08-01,ACTIVE
VND-03605,UltraVista Technologies Ltd,LOGISTICS,Canada,REG-HK258TIA22,LOW,2018-09-02,ACTIVE
VND-03606,ZenithBridge Corp LLC,LOGISTICS,United States,REG-XN183CBG23,LOW,2018-06-27,ACTIVE
VND-03607,NorthBridge Supplies Holdings,CONSULTANT,United States,REG-RB856FAO84,LOW,2022-05-21,ACTIVE
VND-03608,BlueStar Procurement Inc,CONSULTANT,United States,REG-RU780ZJO96,LOW,2016-08-16,ACTIVE
VND-03609,TitanPath Holdings,CONTRACTOR,United Kingdom,REG-KE744VJF95,LOW,2015-07-06,ACTIVE
VND-03610,Alpha_Inc,MANUFACTURER,France,REG-UW353RYT17,LOW,2018-02-26,ACTIVE
VND-03611,KryptonPath Ltd Inc,LOGISTICS,United States,REG-FR592ITD89,HIGH,2022-11-07,BLACKLISTED
VND-03612,ClearPath Logistics Group,LOGISTICS,Singapore,REG-YR411KBC48,LOW,2024-04-03,ACTIVE
VND-03613,NexPoint Analytics Holdings,MANUFACTURER,UAE,REG-FB511QVO99,LOW,2021-06-14,ACTIVE
VND-03614,TitanPath Holdings Group,MANUFACTURER,China,REG-EX496WXP55,LOW,2016-03-30,ACTIVE
VND-03615,BlueStar Procurement International,SUPPLIER,United Kingdom,REG-CH641MBP96,LOW,2019-08-06,ACTIVE
VND-03616,WaveCore Manufacturing Group,CONSULTANT,UAE,REG-VG009LDH35,MEDIUM,2023-05-22,ACTIVE
VND-03617,MeridianTech Inc,SUPPLIER,Germany,REG-KE630POJ15,LOW,2016-01-30,ACTIVE
VND-03618,LatticeCore Partners Holdings,DISTRIBUTOR,India,REG-RW242IYV28,LOW,2017-09-27,ACTIVE
VND-03619,WaveCore Manufacturing Ltd,CONSULTANT,Singapore,REG-YA349JDK27,LOW,2022-09-23,ACTIVE
VND-03620,RapidCore Consulting Inc,LOGISTICS,South Africa,REG-ZO846GCR01,MEDIUM,2021-05-01,ACTIVE
VND-03621,IronPoint Manufacturing LLC,CONSULTANT,Australia,REG-AE033VOC48,LOW,2019-11-06,ACTIVE
VND-03622,Epsilon_Group Group,LOGISTICS,China,REG-VF358GWU66,MEDIUM,2016-12-27,INACTIVE
VND-03623,GreenBridge Consulting Ltd,MANUFACTURER,United Kingdom,REG-PL446JZC05,CRITICAL,2019-04-28,INACTIVE
VND-03624,WavePath Inc,CONTRACTOR,Japan,REG-OS967IFI46,LOW,2020-09-02,ACTIVE
VND-03625,IronPoint Manufacturing Inc,LOGISTICS,Singapore,REG-NK053EGM64,LOW,2023-05-31,ACTIVE
VND-03626,PrimeAxis Corp International,CONTRACTOR,United States,REG-VO285RJZ67,LOW,2021-03-11,ACTIVE
VND-03627,JetStream Analytics LLC,LOGISTICS,United Kingdom,REG-WU850UYP21,LOW,2020-09-02,ACTIVE
VND-03628,MomentumCore Corp Group,MANUFACTURER,UAE,REG-DV383UJI07,LOW,2016-02-11,ACTIVE
VND-03629,OmegaLink Systems Holdings,SERVICE_PROVIDER,Brazil,REG-QN126MXZ26,MEDIUM,2017-02-04,ACTIVE
VND-03630,EcoVenture Supplies Holdings,LOGISTICS,United States,REG-AC784JNX46,MEDIUM,2022-12-10,ACTIVE
VND-03631,FusionCore Analytics International,MANUFACTURER,United States,REG-SK075GMG19,LOW,2016-01-25,ACTIVE
VND-03632,XcelPath Networks Inc,CONSULTANT,United States,REG-EJ177KRS55,LOW,2021-07-11,ACTIVE
VND-03633,HorizonEdge Inc,LOGISTICS,India,REG-XK441VNR49,LOW,2022-05-03,ACTIVE
VND-03634,InnoCore Dynamics International,SERVICE_PROVIDER,Singapore,REG-LH164WRW98,LOW,2021-10-21,ACTIVE
VND-03635,TitanPath Holdings,DISTRIBUTOR,Singapore,REG-RC385CBW97,LOW,2018-12-14,ACTIVE
VND-03636,PrimeAxis Corp Ltd,CONTRACTOR,Germany,REG-BX659UTU07,LOW,2022-10-08,ACTIVE
VND-03637,SkyBridge Logistics,LOGISTICS,United States,REG-XB943IEQ43,LOW,2023-01-12,ACTIVE
VND-03638,TitanPath Holdings Inc,DISTRIBUTOR,Canada,REG-LJ715UAL69,MEDIUM,2019-06-24,ACTIVE
VND-03639,WaveCore Manufacturing Ltd,SUPPLIER,United States,REG-SP490THW76,MEDIUM,2024-04-20,ACTIVE
VND-03640,NexPoint Analytics Ltd,DISTRIBUTOR,United Kingdom,REG-HD359QDH77,LOW,2021-08-26,ACTIVE
VND-03641,RedPoint Consulting LLC,MANUFACTURER,Japan,REG-OX154SNQ77,LOW,2019-11-18,ACTIVE
VND-03642,TrueNorth Services Group,LOGISTICS,South Africa,REG-IL314WXD87,LOW,2021-06-30,ACTIVE
VND-03643,EcoVenture Supplies Group,DISTRIBUTOR,Singapore,REG-OV856RPU41,LOW,2023-07-30,ACTIVE
VND-03644,TrueNorth Services,SERVICE_PROVIDER,China,REG-VP741XDN68,LOW,2023-07-29,INACTIVE
VND-03645,JadeCore Solutions,LOGISTICS,Brazil,REG-IX952XWJ32,LOW,2021-03-16,ACTIVE
VND-03646,FusionCore Analytics Holdings,CONTRACTOR,Japan,REG-TF095XGG79,LOW,2021-04-09,ACTIVE
VND-03647,RedPoint Consulting,CONSULTANT,South Africa,REG-XQ660OOH28,MEDIUM,2020-09-16,ACTIVE
VND-03648,HarborLight Services International,CONSULTANT,India,REG-VV362PYO33,MEDIUM,2020-03-07,ACTIVE
VND-03649,OpenBridge Systems Holdings,SERVICE_PROVIDER,Brazil,REG-DG470QZZ40,MEDIUM,2017-04-24,ACTIVE
VND-03650,YieldPoint Partners Holdings,DISTRIBUTOR,UAE,REG-QL971FUZ47,LOW,2023-09-16,ACTIVE
VND-03651,Apex Solutions Inc,CONSULTANT,Japan,REG-TU341KVC85,LOW,2021-10-13,ACTIVE
VND-03652,Apex Solutions Holdings,SUPPLIER,United States,REG-TX837ZCH45,LOW,2016-12-01,ACTIVE
VND-03653,DawnTech Services,SERVICE_PROVIDER,India,REG-GB703EDW96,LOW,2019-06-13,ACTIVE
VND-03654,BridgeTech Consulting Inc,CONSULTANT,India,REG-VC900YDK17,LOW,2021-02-07,ACTIVE
VND-03655,HorizonEdge Inc,CONSULTANT,United States,REG-BS490MLH78,LOW,2023-08-21,ACTIVE
VND-03656,JadeCore Solutions Group,LOGISTICS,United States,REG-HV551ZXL62,LOW,2022-06-19,ACTIVE
VND-03657,Gamma_Co Ltd,CONSULTANT,Japan,REG-ZR389PWM67,LOW,2021-03-07,ACTIVE
VND-03658,Beta_Supplies Inc,SUPPLIER,China,REG-TH673MAC55,LOW,2023-05-04,ACTIVE
VND-03659,PrimeAxis Corp,SERVICE_PROVIDER,Canada,REG-II707NRX22,LOW,2016-09-03,INACTIVE
VND-03660,NorthBridge Supplies,CONTRACTOR,Canada,REG-WM133NAE51,HIGH,2022-08-15,ACTIVE
VND-03661,LucentBridge Technologies Inc,DISTRIBUTOR,Germany,REG-TK430FOT97,MEDIUM,2023-09-24,ACTIVE
VND-03662,WaveCore Manufacturing International,SUPPLIER,China,REG-UE936TXU63,LOW,2018-04-14,ACTIVE
VND-03663,Gamma_Co International,MANUFACTURER,India,REG-HB967MTX14,LOW,2021-01-26,ACTIVE
VND-03664,GreenBridge Consulting Inc,MANUFACTURER,United States,REG-XO007BXJ35,LOW,2020-05-19,ACTIVE
VND-03665,KineticBlue Ltd International,LOGISTICS,United States,REG-VL260QAP82,LOW,2022-03-17,ACTIVE
VND-03666,NorthBridge Supplies International,MANUFACTURER,United States,REG-GW794HYB12,LOW,2019-03-06,ACTIVE
VND-03667,SilverPath Holdings,CONSULTANT,Brazil,REG-MY911ZKE22,LOW,2017-10-29,ACTIVE
VND-03668,EcoVenture Supplies Holdings,CONTRACTOR,Singapore,REG-FG425LFY26,LOW,2022-06-17,ACTIVE
VND-03669,Gamma_Co Holdings,CONTRACTOR,United States,REG-TZ892WWU59,LOW,2016-11-06,ACTIVE
VND-03670,InnoCore Dynamics,CONTRACTOR,South Africa,REG-SN744LXR65,LOW,2018-08-18,ACTIVE
VND-03671,InnoCore Dynamics Holdings,LOGISTICS,United Kingdom,REG-HG544ZXS11,LOW,2019-10-09,ACTIVE
VND-03672,HarborLight Services Ltd,CONTRACTOR,India,REG-CM851GBR36,LOW,2015-02-02,ACTIVE
VND-03673,RapidCore Consulting Holdings,LOGISTICS,United States,REG-PP520IGS38,LOW,2019-12-06,ACTIVE
VND-03674,YieldPoint Partners Holdings,CONTRACTOR,Germany,REG-TX937GIX68,LOW,2021-01-25,ACTIVE
VND-03675,BlueStar Procurement Holdings,SUPPLIER,United Kingdom,REG-QI471KBE46,LOW,2016-11-30,ACTIVE
VND-03676,FusionCore Analytics Inc,CONSULTANT,India,REG-UR483DGH33,LOW,2015-12-02,ACTIVE
VND-03677,GlobalNex Corp Group,LOGISTICS,Brazil,REG-YA272MAG83,LOW,2022-11-13,ACTIVE
VND-03678,ZenithBridge Corp Group,CONSULTANT,United States,REG-CU764KAA77,LOW,2022-05-20,ACTIVE
VND-03679,UnityCore Technologies Inc,CONSULTANT,Japan,REG-XD761YJV83,HIGH,2020-04-18,ACTIVE
VND-03680,FusionCore Analytics Group,LOGISTICS,India,REG-PE950SEO76,LOW,2019-10-10,INACTIVE
VND-03681,PrimeAxis Corp Ltd,DISTRIBUTOR,Germany,REG-CS621IHH72,LOW,2018-11-20,ACTIVE
VND-03682,UltraVista Technologies Group,DISTRIBUTOR,India,REG-GY680KOC41,MEDIUM,2017-01-11,ACTIVE
VND-03683,InnoCore Dynamics LLC,SUPPLIER,Singapore,REG-YZ326QNB45,LOW,2018-07-04,ACTIVE
VND-03684,FusionCore Analytics Holdings,SUPPLIER,Australia,REG-FZ741CUT99,LOW,2021-11-23,ACTIVE
VND-03685,DeltaPath Logistics Ltd,SUPPLIER,Canada,REG-YZ390KCK64,LOW,2022-02-21,ACTIVE
VND-03686,ClearPath Logistics International,CONTRACTOR,France,REG-VQ703HTM42,LOW,2018-06-12,ACTIVE
VND-03687,NorthBridge Supplies Holdings,CONSULTANT,India,REG-VX701JKG81,LOW,2023-08-30,ACTIVE
VND-03688,WavePath Inc,CONTRACTOR,United States,REG-ZD368ADR29,LOW,2023-03-19,ACTIVE
VND-03689,HarborLight Services Holdings,CONTRACTOR,China,REG-MP215OZU31,MEDIUM,2021-07-06,ACTIVE
VND-03690,Epsilon_Group Ltd,SUPPLIER,Germany,REG-IL252HBK60,LOW,2017-04-12,ACTIVE
VND-03691,BridgeTech Consulting Group,SUPPLIER,UAE,REG-YR088GAJ75,LOW,2017-03-10,ACTIVE
VND-03692,Alpha_Inc,CONSULTANT,India,REG-OW933GTM58,LOW,2022-09-20,ACTIVE
VND-03693,MomentumCore Corp Group,SUPPLIER,Netherlands,REG-CP910ZUF65,MEDIUM,2019-10-16,ACTIVE
VND-03694,LatticeCore Partners Inc,SUPPLIER,Germany,REG-KN745XST46,LOW,2021-03-30,ACTIVE
VND-03695,EcoVenture Supplies Group,CONTRACTOR,China,REG-TD510ZWF21,MEDIUM,2015-02-09,ACTIVE
VND-03696,EdgeWave Technologies Holdings,SUPPLIER,Australia,REG-KV283XGO31,LOW,2017-01-13,ACTIVE
VND-03697,Beta_Supplies LLC,CONTRACTOR,United Kingdom,REG-OV979ZWM90,LOW,2017-05-21,ACTIVE
VND-03698,GreenBridge Consulting,DISTRIBUTOR,China,REG-FS717BMC71,LOW,2016-02-20,ACTIVE
VND-03699,SkyBridge Logistics International,CONTRACTOR,India,REG-KT568EIQ70,MEDIUM,2017-02-09,ACTIVE
VND-03700,WavePath Inc International,MANUFACTURER,Canada,REG-QI605ZOW16,MEDIUM,2019-12-19,ACTIVE
VND-03701,ZenithBridge Corp Ltd,CONTRACTOR,United Kingdom,REG-CY895JQH33,HIGH,2015-09-25,ACTIVE
VND-03702,LucentBridge Technologies Ltd,CONTRACTOR,Canada,REG-QB876DAY77,LOW,2021-06-15,ACTIVE
VND-03703,VertiLink Distributors,DISTRIBUTOR,China,REG-ZT434DRO59,LOW,2021-11-01,ACTIVE
VND-03704,CoreVault Systems,DISTRIBUTOR,Brazil,REG-OO317LQL30,LOW,2015-07-17,ACTIVE
VND-03705,KryptonPath Ltd,CONSULTANT,Germany,REG-VH675XAT74,LOW,2020-12-16,ACTIVE
VND-03706,IronPoint Manufacturing Ltd,MANUFACTURER,Netherlands,REG-TS848CUZ09,LOW,2019-08-05,ACTIVE
VND-03707,PeakVault Services Holdings,CONTRACTOR,Netherlands,REG-YB318VSK15,LOW,2019-05-16,ACTIVE
VND-03708,XpressCore Dynamics Inc,DISTRIBUTOR,Australia,REG-XL707TTZ99,MEDIUM,2022-07-07,ACTIVE
VND-03709,JadeCore Solutions Holdings,LOGISTICS,France,REG-DE761KEZ11,LOW,2024-03-28,ACTIVE
VND-03710,WaveCore Manufacturing Inc,CONSULTANT,Netherlands,REG-AV475DJG45,LOW,2020-10-30,ACTIVE
VND-03711,DeltaPath Logistics Group,SUPPLIER,Australia,REG-RK972NSG26,MEDIUM,2016-08-10,ACTIVE
VND-03712,IronPoint Manufacturing Ltd,MANUFACTURER,Japan,REG-AM540GQR39,MEDIUM,2022-05-28,ACTIVE
VND-03713,TrueNorth Services Ltd,CONSULTANT,Japan,REG-BY685ULU60,MEDIUM,2021-01-22,ACTIVE
VND-03714,FlowBridge Inc International,CONTRACTOR,Brazil,REG-HI926AYJ13,LOW,2015-02-28,ACTIVE
VND-03715,QuantumEdge Solutions Holdings,SUPPLIER,India,REG-DC709MXD77,LOW,2024-02-04,ACTIVE
VND-03716,FusionCore Analytics Inc,DISTRIBUTOR,Canada,REG-JY039OFD96,MEDIUM,2016-10-16,ACTIVE
VND-03717,LatticeCore Partners LLC,MANUFACTURER,United States,REG-DC927WPW11,CRITICAL,2017-06-10,INACTIVE
VND-03718,XpressCore Dynamics International,SUPPLIER,United States,REG-LL128QYC96,LOW,2021-01-05,ACTIVE
VND-03719,FusionCore Analytics Inc,SUPPLIER,India,REG-KO682MRX43,LOW,2021-01-15,ACTIVE
VND-03720,Apex Solutions Inc,MANUFACTURER,Japan,REG-LO302QRY39,HIGH,2015-04-03,ACTIVE
VND-03721,Beta_Supplies LLC,MANUFACTURER,United Kingdom,REG-QT060ORA69,LOW,2021-06-04,ACTIVE
VND-03722,KryptonPath Ltd,CONTRACTOR,United States,REG-VC695IZU23,MEDIUM,2019-02-26,ACTIVE
VND-03723,BlueStar Procurement Ltd,CONSULTANT,Canada,REG-GV294PET12,LOW,2017-04-30,ACTIVE
VND-03724,UltraVista Technologies LLC,DISTRIBUTOR,United States,REG-HJ006VSI44,LOW,2020-08-28,ACTIVE
VND-03725,WavePath Inc,LOGISTICS,Germany,REG-LO753WWZ11,MEDIUM,2023-08-16,ACTIVE
VND-03726,BridgeTech Consulting LLC,SUPPLIER,United States,REG-WT804JHZ25,LOW,2023-05-08,ACTIVE
VND-03727,FlowBridge Inc,LOGISTICS,UAE,REG-WT053IXV76,LOW,2017-10-15,ACTIVE
VND-03728,EcoVenture Supplies Holdings,MANUFACTURER,Germany,REG-HO078CIZ68,LOW,2016-07-04,ACTIVE
VND-03729,BlueStar Procurement,SUPPLIER,UAE,REG-IK020HPE39,LOW,2021-06-08,ACTIVE
VND-03730,GlobalNex Corp Inc,MANUFACTURER,United States,REG-JZ701ANL95,LOW,2020-08-19,ACTIVE
VND-03731,InnoCore Dynamics Holdings,MANUFACTURER,Australia,REG-HX928EKH79,LOW,2017-05-19,ACTIVE
VND-03732,VertiLink Distributors LLC,LOGISTICS,UAE,REG-ZT731KXZ42,LOW,2023-12-01,ACTIVE
VND-03733,ZenithBridge Corp Group,SUPPLIER,United Kingdom,REG-QK629ZTT17,LOW,2019-12-07,ACTIVE
VND-03734,MomentumCore Corp International,CONSULTANT,United Kingdom,REG-WL160IJG33,LOW,2021-05-16,ACTIVE
VND-03735,DeltaPath Logistics LLC,MANUFACTURER,Germany,REG-FS070CLH05,LOW,2015-01-30,ACTIVE
VND-03736,XpressCore Dynamics Inc,SUPPLIER,Canada,REG-BJ745RKU12,LOW,2019-10-29,INACTIVE
VND-03737,RapidCore Consulting Group,MANUFACTURER,Germany,REG-XR017EZR54,LOW,2015-12-19,ACTIVE
VND-03738,PrimeAxis Corp Ltd,DISTRIBUTOR,United Kingdom,REG-DR879ZAI21,MEDIUM,2020-06-19,ACTIVE
VND-03739,HarborLight Services,CONTRACTOR,India,REG-KZ750RRK15,LOW,2019-04-05,ACTIVE
VND-03740,CoreVault Systems LLC,LOGISTICS,Netherlands,REG-OU744ZDE20,LOW,2016-07-02,ACTIVE
VND-03741,LatticeCore Partners International,LOGISTICS,United Kingdom,REG-MA854KXG83,HIGH,2015-04-26,ACTIVE
VND-03742,YellowBridge Partners LLC,SERVICE_PROVIDER,United States,REG-ZI723TPA83,LOW,2019-03-30,ACTIVE
VND-03743,LatticeCore Partners Ltd,SERVICE_PROVIDER,India,REG-CM601JOI45,LOW,2015-12-03,ACTIVE
VND-03744,SkyBridge Logistics International,SUPPLIER,United States,REG-VG671TGN48,LOW,2015-11-10,ACTIVE
VND-03745,UltraVista Technologies LLC,CONTRACTOR,UAE,REG-UG701KBF50,LOW,2017-04-18,ACTIVE
VND-03746,TrueNorth Services International,CONTRACTOR,United States,REG-IW972EKI09,MEDIUM,2024-04-15,ACTIVE
VND-03747,CoreVault Systems Group,DISTRIBUTOR,UAE,REG-UU018WIP28,HIGH,2022-07-04,BLACKLISTED
VND-03748,NorthBridge Supplies,CONSULTANT,France,REG-RK329PMW70,LOW,2017-12-17,ACTIVE
VND-03749,Epsilon_Group Ltd,CONTRACTOR,Japan,REG-LG795VIO82,LOW,2016-02-24,ACTIVE
VND-03750,HarborLight Services Ltd,DISTRIBUTOR,United Kingdom,REG-NZ551MPC16,LOW,2023-06-20,ACTIVE
VND-03751,BridgeTech Consulting Ltd,DISTRIBUTOR,United States,REG-YD149VDT20,LOW,2019-08-14,ACTIVE
VND-03752,TitanPath Holdings Inc,LOGISTICS,South Africa,REG-ZD142PLA48,LOW,2022-05-24,ACTIVE
VND-03753,Apex Solutions Ltd,CONSULTANT,Netherlands,REG-FH262IPS59,LOW,2016-12-12,ACTIVE
VND-03754,NexPoint Analytics Ltd,LOGISTICS,India,REG-UC124PWP97,LOW,2020-02-04,ACTIVE
VND-03755,WaveCore Manufacturing,CONSULTANT,Germany,REG-TM677OTM24,MEDIUM,2022-12-05,ACTIVE
VND-03756,InnoCore Dynamics Inc,SUPPLIER,Australia,REG-FK549MYX78,LOW,2020-07-03,ACTIVE
VND-03757,PeakVault Services International,DISTRIBUTOR,China,REG-OH715RPC64,LOW,2024-01-15,ACTIVE
VND-03758,XpressCore Dynamics International,LOGISTICS,India,REG-RI299PBP03,CRITICAL,2024-05-30,BLACKLISTED
VND-03759,CoreVault Systems Group,CONSULTANT,Brazil,REG-AD424OBU79,MEDIUM,2018-06-03,ACTIVE
VND-03760,EdgeWave Technologies Ltd,CONSULTANT,China,REG-EA094SWE09,LOW,2020-07-14,ACTIVE
VND-03761,WaveCore Manufacturing Ltd,MANUFACTURER,United Kingdom,REG-KZ376YSX24,LOW,2017-06-30,ACTIVE
VND-03762,EcoVenture Supplies International,LOGISTICS,India,REG-JC225OAY49,LOW,2015-02-27,ACTIVE
VND-03763,MomentumCore Corp,SUPPLIER,Germany,REG-TR930ODG91,LOW,2021-12-25,ACTIVE
VND-03764,Acuity Systems,DISTRIBUTOR,United States,REG-TH527WDL31,LOW,2017-02-02,ACTIVE
VND-03765,Alpha_Inc Group,CONTRACTOR,United States,REG-FV264AKY14,LOW,2015-06-11,ACTIVE
VND-03766,OmegaLink Systems,SUPPLIER,Ireland,REG-IN001ZON84,LOW,2021-11-08,ACTIVE
VND-03767,Apex Solutions Holdings,CONTRACTOR,United States,REG-ZT598KKK47,LOW,2023-07-02,ACTIVE
VND-03768,FusionCore Analytics LLC,LOGISTICS,India,REG-RA835SEY96,LOW,2021-08-20,ACTIVE
VND-03769,RedPoint Consulting Holdings,CONSULTANT,China,REG-BY715KKB39,LOW,2023-10-04,ACTIVE
VND-03770,EcoVenture Supplies LLC,CONTRACTOR,United States,REG-UA247CUM36,LOW,2021-11-28,ACTIVE
VND-03771,JetStream Analytics Inc,DISTRIBUTOR,Australia,REG-CT299ODB09,HIGH,2018-02-08,BLACKLISTED
VND-03772,JadeCore Solutions International,MANUFACTURER,Canada,REG-TJ476CGF14,LOW,2016-09-10,ACTIVE
VND-03773,KryptonPath Ltd International,CONSULTANT,United Kingdom,REG-TS355LPP40,CRITICAL,2017-04-18,BLACKLISTED
VND-03774,Beta_Supplies Holdings,CONSULTANT,United Kingdom,REG-JU169TVD79,LOW,2023-11-24,BLACKLISTED
VND-03775,TitanPath Holdings LLC,CONSULTANT,United Kingdom,REG-ON675MTO49,LOW,2022-07-21,ACTIVE
VND-03776,Beta_Supplies Ltd,SUPPLIER,United Kingdom,REG-UN969VXQ04,LOW,2015-07-31,ACTIVE
VND-03777,GlobalNex Corp LLC,CONSULTANT,United States,REG-EJ925SOV28,LOW,2019-04-12,ACTIVE
VND-03778,ZenithBridge Corp International,MANUFACTURER,United Kingdom,REG-OP733BEO81,LOW,2022-10-15,ACTIVE
VND-03779,YellowBridge Partners,DISTRIBUTOR,Germany,REG-LO453BTG30,LOW,2015-05-11,ACTIVE
VND-03780,Delta_Logistics International,CONSULTANT,United States,REG-BO224KIX74,MEDIUM,2023-02-03,ACTIVE
VND-03781,IronPoint Manufacturing Ltd,SUPPLIER,Germany,REG-OW372CUE03,LOW,2015-05-08,ACTIVE
VND-03782,BridgeTech Consulting,SERVICE_PROVIDER,India,REG-UG602BFT32,LOW,2016-01-28,ACTIVE
VND-03783,KryptonPath Ltd,LOGISTICS,Australia,REG-FD155ZLR58,LOW,2015-04-17,INACTIVE
VND-03784,MeridianTech Inc,SUPPLIER,Ireland,REG-VZ042TEF24,LOW,2023-09-25,ACTIVE
VND-03785,GlobalNex Corp Group,LOGISTICS,Canada,REG-FI992UOG55,LOW,2021-01-23,ACTIVE
VND-03786,EcoVenture Supplies,SERVICE_PROVIDER,France,REG-FP078UWB19,LOW,2022-05-07,ACTIVE
VND-03787,Delta_Logistics Inc,CONTRACTOR,India,REG-WE534NTE94,LOW,2017-11-05,ACTIVE
VND-03788,FusionCore Analytics,CONSULTANT,China,REG-FH157ZBZ55,MEDIUM,2021-05-21,ACTIVE
VND-03789,EcoVenture Supplies Inc,SERVICE_PROVIDER,India,REG-AP328BYB24,MEDIUM,2015-01-26,BLACKLISTED
VND-03790,JetStream Analytics Inc,LOGISTICS,India,REG-QX162TBP18,LOW,2017-07-12,ACTIVE
VND-03791,InnoCore Dynamics Group,CONSULTANT,United States,REG-BE520UCS07,LOW,2019-01-16,ACTIVE
VND-03792,VertiLink Distributors Group,DISTRIBUTOR,India,REG-QY205GZW98,LOW,2017-05-29,ACTIVE
VND-03793,VoltEdge Solutions LLC,SUPPLIER,Brazil,REG-TM697RNS71,MEDIUM,2023-03-11,ACTIVE
VND-03794,ClearPath Logistics Inc,CONSULTANT,Canada,REG-CG608CFS09,LOW,2020-04-27,ACTIVE
VND-03795,LatticeCore Partners International,MANUFACTURER,Germany,REG-JF610GHG39,LOW,2022-03-12,ACTIVE
VND-03796,InnoCore Dynamics International,SUPPLIER,Ireland,REG-CR818ZZQ93,LOW,2019-08-03,ACTIVE
VND-03797,VoltEdge Solutions Ltd,MANUFACTURER,United States,REG-HA163GET88,LOW,2015-04-09,ACTIVE
VND-03798,TitanPath Holdings,DISTRIBUTOR,Germany,REG-AM851CWO85,LOW,2021-07-21,ACTIVE
VND-03799,GlobalNex Corp,MANUFACTURER,United States,REG-WJ096IWK56,LOW,2021-06-13,ACTIVE
VND-03800,LucentBridge Technologies Inc,CONSULTANT,Singapore,REG-AE672JTF80,LOW,2016-01-08,ACTIVE
VND-03801,XpressCore Dynamics LLC,MANUFACTURER,South Africa,REG-CJ208OMD14,LOW,2018-03-15,ACTIVE
VND-03802,QuantumEdge Solutions International,SERVICE_PROVIDER,Netherlands,REG-DH356OUU40,MEDIUM,2021-03-27,INACTIVE
VND-03803,DawnTech Services International,SUPPLIER,Netherlands,REG-MC083HWM06,LOW,2015-08-29,ACTIVE
VND-03804,QuantumEdge Solutions,MANUFACTURER,United Kingdom,REG-WS995MJN14,LOW,2020-09-24,ACTIVE
VND-03805,FlowBridge Inc Ltd,DISTRIBUTOR,United States,REG-EQ671KCB46,LOW,2016-03-24,ACTIVE
VND-03806,KryptonPath Ltd Group,SERVICE_PROVIDER,India,REG-XE688JVW67,LOW,2015-12-18,ACTIVE
VND-03807,WavePath Inc LLC,DISTRIBUTOR,United Kingdom,REG-WB711CWQ64,LOW,2023-07-27,ACTIVE
VND-03808,OpenBridge Systems Group,CONSULTANT,Germany,REG-PW956FGD34,LOW,2024-05-07,INACTIVE
VND-03809,RedPoint Consulting Ltd,CONTRACTOR,Australia,REG-UC739IWH20,HIGH,2019-11-26,ACTIVE
VND-03810,KineticBlue Ltd,DISTRIBUTOR,UAE,REG-XE565TEE33,HIGH,2017-07-06,ACTIVE
VND-03811,LatticeCore Partners Group,LOGISTICS,United States,REG-FS303JEG16,LOW,2023-01-05,ACTIVE
VND-03812,MeridianTech LLC,SERVICE_PROVIDER,United States,REG-SJ926ERJ15,LOW,2023-02-25,BLACKLISTED
VND-03813,VertiLink Distributors,LOGISTICS,United Kingdom,REG-IX012SVU40,MEDIUM,2017-05-02,ACTIVE
VND-03814,JadeCore Solutions Ltd,CONSULTANT,India,REG-CG005VUC49,LOW,2019-03-24,ACTIVE
VND-03815,DawnTech Services Group,SUPPLIER,South Africa,REG-FZ998ODP39,MEDIUM,2021-08-28,BLACKLISTED
VND-03816,KryptonPath Ltd Inc,DISTRIBUTOR,United States,REG-YG887ZNA24,LOW,2023-09-23,ACTIVE
VND-03817,Delta_Logistics,DISTRIBUTOR,United States,REG-XQ343DBB83,LOW,2015-04-05,ACTIVE
VND-03818,OpenBridge Systems Group,CONSULTANT,United States,REG-KN914TNO35,LOW,2024-03-14,ACTIVE
VND-03819,DawnTech Services LLC,DISTRIBUTOR,UAE,REG-KK074PAU17,LOW,2024-04-29,ACTIVE
VND-03820,DawnTech Services LLC,DISTRIBUTOR,United States,REG-NF466SMW28,HIGH,2023-01-13,ACTIVE
VND-03821,VoltEdge Solutions Holdings,DISTRIBUTOR,United States,REG-JV189JCX62,LOW,2018-05-14,ACTIVE
VND-03822,JadeCore Solutions International,CONTRACTOR,Canada,REG-IP560CIO02,HIGH,2020-05-20,BLACKLISTED
VND-03823,MomentumCore Corp Inc,DISTRIBUTOR,India,REG-CG405LXF67,LOW,2021-08-11,ACTIVE
VND-03824,HarborLight Services,LOGISTICS,India,REG-GH589OKX04,LOW,2023-02-09,ACTIVE
VND-03825,GlobalNex Corp Ltd,CONTRACTOR,United States,REG-ZB805CTI16,HIGH,2015-12-15,ACTIVE
VND-03826,XcelPath Networks LLC,CONTRACTOR,Netherlands,REG-FH123JSX92,LOW,2017-11-27,ACTIVE
VND-03827,Delta_Logistics Holdings,SUPPLIER,United Kingdom,REG-JY479ZMA09,LOW,2016-09-06,ACTIVE
VND-03828,RapidCore Consulting,CONTRACTOR,United Kingdom,REG-NU152JZZ76,LOW,2015-10-08,ACTIVE
VND-03829,Acuity Systems International,SERVICE_PROVIDER,Germany,REG-JK444ZQS20,LOW,2015-05-03,ACTIVE
VND-03830,MomentumCore Corp Holdings,DISTRIBUTOR,India,REG-ZM824UEP88,LOW,2018-03-06,ACTIVE
VND-03831,JetStream Analytics LLC,SUPPLIER,United States,REG-XC737OEH14,MEDIUM,2015-08-08,ACTIVE
VND-03832,PeakVault Services LLC,LOGISTICS,United States,REG-OL802ZHQ66,LOW,2015-03-07,ACTIVE
VND-03833,FlowBridge Inc LLC,CONSULTANT,United States,REG-AY193FBQ96,MEDIUM,2020-09-07,ACTIVE
VND-03834,MomentumCore Corp Inc,SUPPLIER,United States,REG-GL718ZZN91,LOW,2018-03-29,ACTIVE
VND-03835,CoreVault Systems Ltd,DISTRIBUTOR,United States,REG-TU256FAJ92,HIGH,2018-11-20,ACTIVE
VND-03836,InnoCore Dynamics International,LOGISTICS,Germany,REG-OQ834FRF10,LOW,2017-07-20,ACTIVE
VND-03837,TrueNorth Services Group,CONTRACTOR,Australia,REG-JO318GTA11,LOW,2017-06-29,ACTIVE
VND-03838,KineticBlue Ltd,LOGISTICS,China,REG-OH513CLQ25,LOW,2016-01-23,ACTIVE
VND-03839,VertiLink Distributors,SUPPLIER,Singapore,REG-GX044AAK70,HIGH,2021-02-26,ACTIVE
VND-03840,Alpha_Inc LLC,CONTRACTOR,China,REG-SQ406GDH71,HIGH,2018-09-02,INACTIVE
VND-03841,ZenithBridge Corp,SUPPLIER,Australia,REG-QZ310ZWW31,LOW,2015-05-10,ACTIVE
VND-03842,QuantumEdge Solutions International,SUPPLIER,United States,REG-WJ645DUQ72,LOW,2019-07-31,ACTIVE
VND-03843,HorizonEdge Inc Group,SUPPLIER,United States,REG-UR794BON07,LOW,2020-02-21,ACTIVE
VND-03844,LatticeCore Partners Group,DISTRIBUTOR,Japan,REG-NH744CAM99,LOW,2016-06-04,ACTIVE
VND-03845,InnoCore Dynamics,CONTRACTOR,UAE,REG-ZV339NSF13,LOW,2022-05-06,ACTIVE
VND-03846,WavePath Inc International,LOGISTICS,Germany,REG-YB264OKB10,MEDIUM,2019-11-18,ACTIVE
VND-03847,VoltEdge Solutions Inc,CONTRACTOR,Canada,REG-CW753FZP18,LOW,2017-11-25,ACTIVE
VND-03848,TrueNorth Services LLC,CONSULTANT,Australia,REG-MZ101PVS08,MEDIUM,2016-12-28,BLACKLISTED
VND-03849,OpenBridge Systems Holdings,LOGISTICS,United States,REG-ZC612YSB53,LOW,2019-04-18,ACTIVE
VND-03850,PrimeAxis Corp,SERVICE_PROVIDER,Japan,REG-ZD047MTJ48,LOW,2019-02-07,ACTIVE
VND-03851,TrueNorth Services International,CONTRACTOR,India,REG-GQ698HED94,CRITICAL,2016-09-01,BLACKLISTED
VND-03852,FlowBridge Inc International,DISTRIBUTOR,United Kingdom,REG-DD036ZDA10,LOW,2019-08-06,INACTIVE
VND-03853,GlobalNex Corp LLC,CONSULTANT,Australia,REG-UK177TMM37,LOW,2022-08-14,ACTIVE
VND-03854,ClearPath Logistics,SERVICE_PROVIDER,Singapore,REG-HE307CGK81,LOW,2020-09-17,ACTIVE
VND-03855,WaveCore Manufacturing LLC,SERVICE_PROVIDER,United States,REG-BK600FRS49,MEDIUM,2023-10-13,ACTIVE
VND-03856,EdgeWave Technologies Ltd,SERVICE_PROVIDER,UAE,REG-BC415ROO59,MEDIUM,2019-12-16,ACTIVE
VND-03857,RedPoint Consulting Inc,CONTRACTOR,France,REG-SV384XKO96,LOW,2021-12-29,ACTIVE
VND-03858,KineticBlue Ltd,MANUFACTURER,United Kingdom,REG-UO917XPA03,LOW,2015-09-04,ACTIVE
VND-03859,GlobalNex Corp Inc,CONTRACTOR,Netherlands,REG-LY049OZW99,LOW,2020-09-21,ACTIVE
VND-03860,JetStream Analytics Group,CONTRACTOR,India,REG-PD361PGD97,LOW,2017-08-21,BLACKLISTED
VND-03861,TrueNorth Services LLC,MANUFACTURER,Canada,REG-RG394FTU62,MEDIUM,2019-09-14,ACTIVE
VND-03862,JetStream Analytics,LOGISTICS,Japan,REG-YV238QPN58,LOW,2018-10-09,ACTIVE
VND-03863,WavePath Inc,CONSULTANT,Germany,REG-QF276QSF87,LOW,2018-12-30,ACTIVE
VND-03864,BridgeTech Consulting International,MANUFACTURER,India,REG-WE349MYC31,LOW,2022-05-27,ACTIVE
VND-03865,FlowBridge Inc,SUPPLIER,South Africa,REG-JP060GEO55,MEDIUM,2016-05-21,ACTIVE
VND-03866,JadeCore Solutions,CONSULTANT,Australia,REG-TH579YIV21,LOW,2020-12-15,ACTIVE
VND-03867,BlueStar Procurement Group,CONSULTANT,Germany,REG-MX069WQZ89,LOW,2018-06-10,ACTIVE
VND-03868,GreenBridge Consulting Inc,LOGISTICS,United Kingdom,REG-SM463CAG98,LOW,2020-08-21,ACTIVE
VND-03869,RedPoint Consulting Ltd,SERVICE_PROVIDER,UAE,REG-OM455TPQ70,MEDIUM,2023-12-27,ACTIVE
VND-03870,QuantumEdge Solutions Inc,SUPPLIER,Germany,REG-ZV271LJX86,LOW,2023-09-06,ACTIVE
VND-03871,CoreVault Systems Group,CONSULTANT,Canada,REG-BN529LYD05,MEDIUM,2016-01-09,ACTIVE
VND-03872,RedPoint Consulting,MANUFACTURER,United Kingdom,REG-FU001BEA10,LOW,2023-12-30,ACTIVE
VND-03873,UnityCore Technologies International,CONTRACTOR,South Africa,REG-QY197QXV38,LOW,2015-07-28,ACTIVE
VND-03874,Apex Solutions Inc,SERVICE_PROVIDER,United States,REG-OA981DRV21,MEDIUM,2017-09-08,ACTIVE
VND-03875,GreenBridge Consulting International,SUPPLIER,United Kingdom,REG-TQ882YKN38,LOW,2015-08-05,ACTIVE
VND-03876,MeridianTech,SERVICE_PROVIDER,China,REG-MR086NED72,LOW,2021-09-01,BLACKLISTED
VND-03877,DeltaPath Logistics,LOGISTICS,India,REG-RD448OPO17,MEDIUM,2016-01-02,ACTIVE
VND-03878,TrueNorth Services International,SUPPLIER,India,REG-MI655IEX61,LOW,2024-02-14,ACTIVE
VND-03879,WavePath Inc,LOGISTICS,Australia,REG-AN882WFH20,LOW,2021-08-12,ACTIVE
VND-03880,CoreVault Systems Inc,SUPPLIER,Japan,REG-EO641OOT76,MEDIUM,2023-05-27,ACTIVE
VND-03881,JetStream Analytics Inc,MANUFACTURER,South Africa,REG-QW302HSO36,MEDIUM,2018-12-24,INACTIVE
VND-03882,VoltEdge Solutions Ltd,SUPPLIER,Brazil,REG-MU693ONL68,HIGH,2017-11-24,BLACKLISTED
VND-03883,OpenBridge Systems International,DISTRIBUTOR,Germany,REG-AP167JOY64,LOW,2024-03-18,ACTIVE
VND-03884,OpenBridge Systems,CONSULTANT,Australia,REG-VI919YIJ32,MEDIUM,2015-11-12,INACTIVE
VND-03885,KineticBlue Ltd LLC,SUPPLIER,France,REG-MP671DLQ26,LOW,2016-05-03,ACTIVE
VND-03886,SkyBridge Logistics Inc,SERVICE_PROVIDER,Netherlands,REG-LU999LNA52,HIGH,2024-05-21,ACTIVE
VND-03887,YellowBridge Partners International,LOGISTICS,United States,REG-WP444ZVO84,MEDIUM,2021-09-18,ACTIVE
VND-03888,Acuity Systems,SUPPLIER,China,REG-HE686TYO81,MEDIUM,2019-10-14,ACTIVE
VND-03889,NexPoint Analytics International,CONSULTANT,United States,REG-MT306HBU40,LOW,2024-05-12,ACTIVE
VND-03890,XpressCore Dynamics Ltd,SERVICE_PROVIDER,India,REG-US877WMR15,MEDIUM,2022-02-08,ACTIVE
VND-03891,IronPoint Manufacturing Group,CONTRACTOR,United Kingdom,REG-EN062DKW78,LOW,2020-06-10,ACTIVE
VND-03892,JadeCore Solutions Inc,SUPPLIER,United Kingdom,REG-YP912DKH04,LOW,2016-03-10,ACTIVE
VND-03893,SkyBridge Logistics LLC,DISTRIBUTOR,Canada,REG-NJ626MUG60,MEDIUM,2023-01-13,ACTIVE
VND-03894,GreenBridge Consulting,CONSULTANT,Ireland,REG-NU418WQN02,MEDIUM,2015-03-02,ACTIVE
VND-03895,MeridianTech Inc,CONSULTANT,United Kingdom,REG-UD997YKM73,LOW,2023-08-12,ACTIVE
VND-03896,KineticBlue Ltd Inc,SERVICE_PROVIDER,Brazil,REG-WW957EKP95,MEDIUM,2016-05-12,BLACKLISTED
VND-03897,MomentumCore Corp LLC,SERVICE_PROVIDER,China,REG-EE247ERN41,LOW,2023-07-24,BLACKLISTED
VND-03898,ZenithBridge Corp LLC,SUPPLIER,Canada,REG-BJ670WZP38,LOW,2020-04-17,ACTIVE
VND-03899,WaveCore Manufacturing,DISTRIBUTOR,United States,REG-XJ761SUK12,MEDIUM,2019-11-25,ACTIVE
VND-03900,XcelPath Networks LLC,CONSULTANT,United States,REG-CX330ZPC08,LOW,2023-05-25,ACTIVE
VND-03901,Beta_Supplies International,LOGISTICS,United States,REG-OJ829IGD24,LOW,2018-05-06,ACTIVE
VND-03902,Apex Solutions Group,CONTRACTOR,United States,REG-RT321HHM07,LOW,2017-03-20,ACTIVE
VND-03903,PeakVault Services Ltd,CONTRACTOR,United Kingdom,REG-WW127SIW36,HIGH,2023-08-07,BLACKLISTED
VND-03904,WavePath Inc LLC,DISTRIBUTOR,UAE,REG-AE220NCB72,LOW,2016-04-05,ACTIVE
VND-03905,SilverPath Holdings Ltd,DISTRIBUTOR,United States,REG-QR842EBR87,MEDIUM,2018-04-14,ACTIVE
VND-03906,GlobalNex Corp LLC,DISTRIBUTOR,United States,REG-OZ279UEK63,LOW,2019-10-08,ACTIVE
VND-03907,OmegaLink Systems,SUPPLIER,Canada,REG-RT955BBX51,MEDIUM,2016-08-26,ACTIVE
VND-03908,VoltEdge Solutions Holdings,LOGISTICS,China,REG-TS108IXQ19,HIGH,2023-07-25,ACTIVE
VND-03909,ZenithBridge Corp LLC,CONSULTANT,United Kingdom,REG-SD226ANA23,CRITICAL,2023-11-27,BLACKLISTED
VND-03910,VertiLink Distributors Group,DISTRIBUTOR,United States,REG-UC072JVP23,LOW,2018-06-23,ACTIVE
VND-03911,Gamma_Co,CONTRACTOR,France,REG-RJ830ORM34,LOW,2023-07-15,ACTIVE
VND-03912,JetStream Analytics International,LOGISTICS,Brazil,REG-BX753KJJ91,LOW,2020-09-01,ACTIVE
VND-03913,HarborLight Services Holdings,CONSULTANT,China,REG-OH091BYB66,MEDIUM,2020-04-19,ACTIVE
VND-03914,HarborLight Services Group,LOGISTICS,United States,REG-AP968NAQ74,LOW,2021-02-14,ACTIVE
VND-03915,VertiLink Distributors Inc,CONSULTANT,United Kingdom,REG-YG544BZQ10,HIGH,2016-02-08,BLACKLISTED
VND-03916,FusionCore Analytics Ltd,CONTRACTOR,Canada,REG-SS970YVV08,LOW,2016-02-08,ACTIVE
VND-03917,OpenBridge Systems,MANUFACTURER,Brazil,REG-FA801TJL51,LOW,2023-07-20,ACTIVE
VND-03918,YieldPoint Partners,CONTRACTOR,India,REG-IS628GHW09,LOW,2016-09-20,ACTIVE
VND-03919,XcelPath Networks Inc,SERVICE_PROVIDER,Australia,REG-NK050TAG96,LOW,2018-02-21,ACTIVE
VND-03920,EdgeWave Technologies International,SUPPLIER,Australia,REG-XK315SPS25,LOW,2016-02-21,ACTIVE
VND-03921,DawnTech Services,SERVICE_PROVIDER,India,REG-GJ228MDP05,LOW,2019-01-21,ACTIVE
VND-03922,PeakVault Services Inc,SERVICE_PROVIDER,United States,REG-VD743STT54,MEDIUM,2017-07-30,ACTIVE
VND-03923,TrueNorth Services Group,SUPPLIER,United Kingdom,REG-MX762CXG53,LOW,2020-12-11,ACTIVE
VND-03924,EdgeWave Technologies Inc,DISTRIBUTOR,Germany,REG-UG115RBL25,MEDIUM,2018-05-20,ACTIVE
VND-03925,YieldPoint Partners,DISTRIBUTOR,United Kingdom,REG-LZ778COF88,MEDIUM,2016-10-25,ACTIVE
VND-03926,ZenithBridge Corp LLC,SERVICE_PROVIDER,United States,REG-PB748QWZ90,LOW,2020-12-03,ACTIVE
VND-03927,HorizonEdge Inc,SUPPLIER,Australia,REG-HI880BEZ97,MEDIUM,2018-05-14,ACTIVE
VND-03928,Apex Solutions International,SERVICE_PROVIDER,United Kingdom,REG-XS422VSX93,LOW,2022-04-27,ACTIVE
VND-03929,Beta_Supplies LLC,CONTRACTOR,United Kingdom,REG-UV459YWK20,LOW,2017-04-25,ACTIVE
VND-03930,ZenithBridge Corp International,MANUFACTURER,United States,REG-MM675FGR77,MEDIUM,2019-09-07,BLACKLISTED
VND-03931,HorizonEdge Inc International,DISTRIBUTOR,France,REG-BT379TWV83,LOW,2023-02-05,ACTIVE
VND-03932,RapidCore Consulting LLC,LOGISTICS,India,REG-UX762RGF74,LOW,2015-05-04,ACTIVE
VND-03933,ZenithBridge Corp Ltd,CONSULTANT,United Kingdom,REG-HK608DCZ95,LOW,2022-08-14,ACTIVE
VND-03934,XcelPath Networks Inc,CONTRACTOR,United States,REG-XN152MYT21,LOW,2017-08-21,ACTIVE
VND-03935,HorizonEdge Inc,LOGISTICS,United States,REG-GM896RDB00,LOW,2021-10-09,ACTIVE
VND-03936,WavePath Inc,DISTRIBUTOR,Australia,REG-LN128UOA98,LOW,2018-09-02,ACTIVE
VND-03937,Apex Solutions Holdings,MANUFACTURER,Ireland,REG-VP746UKM11,LOW,2017-02-24,ACTIVE
VND-03938,DeltaPath Logistics LLC,DISTRIBUTOR,Brazil,REG-GO799VSZ27,MEDIUM,2020-04-24,ACTIVE
VND-03939,VertiLink Distributors Holdings,CONSULTANT,Singapore,REG-VI033HRW87,MEDIUM,2017-11-09,ACTIVE
VND-03940,BridgeTech Consulting Group,LOGISTICS,UAE,REG-GZ285GPG89,MEDIUM,2024-04-27,ACTIVE
VND-03941,EcoVenture Supplies Group,MANUFACTURER,United States,REG-ZS843PDT97,LOW,2019-07-07,ACTIVE
VND-03942,DeltaPath Logistics LLC,CONSULTANT,Ireland,REG-FL900SNL73,LOW,2016-12-22,ACTIVE
VND-03943,XpressCore Dynamics,SERVICE_PROVIDER,Canada,REG-RP944QQZ57,LOW,2024-05-16,ACTIVE
VND-03944,MomentumCore Corp,SUPPLIER,Singapore,REG-ZL441KVB07,LOW,2020-07-07,ACTIVE
VND-03945,KineticBlue Ltd,CONTRACTOR,United States,REG-TX265CWK43,LOW,2021-02-02,ACTIVE
VND-03946,ZenithBridge Corp Ltd,CONSULTANT,United States,REG-VL160PGN43,LOW,2021-03-16,ACTIVE
VND-03947,Beta_Supplies International,SUPPLIER,United Kingdom,REG-DZ985MTY90,LOW,2021-06-27,ACTIVE
VND-03948,LatticeCore Partners,MANUFACTURER,Singapore,REG-CG965WOR85,LOW,2017-01-08,ACTIVE
VND-03949,Alpha_Inc Ltd,SUPPLIER,India,REG-YE756HTN81,CRITICAL,2015-02-26,BLACKLISTED
VND-03950,FusionCore Analytics Inc,SUPPLIER,Singapore,REG-CP407QGZ30,LOW,2015-11-14,ACTIVE
VND-03951,ClearPath Logistics International,SUPPLIER,United Kingdom,REG-UQ776BPO13,LOW,2023-07-08,ACTIVE
VND-03952,MeridianTech International,SUPPLIER,Germany,REG-YL078KJM83,MEDIUM,2023-09-24,ACTIVE
VND-03953,SilverPath Holdings Ltd,CONSULTANT,United Kingdom,REG-PM385ALL40,LOW,2017-03-23,ACTIVE
VND-03954,QuantumEdge Solutions Holdings,DISTRIBUTOR,United Kingdom,REG-RX952CUL85,LOW,2019-03-24,ACTIVE
VND-03955,ClearPath Logistics Group,CONTRACTOR,Australia,REG-MK312DPU65,MEDIUM,2021-04-25,ACTIVE
VND-03956,JadeCore Solutions,CONSULTANT,China,REG-JQ514MSD97,LOW,2021-01-20,ACTIVE
VND-03957,UltraVista Technologies Holdings,CONSULTANT,Germany,REG-EF322ESB34,LOW,2015-09-07,ACTIVE
VND-03958,JadeCore Solutions Holdings,MANUFACTURER,South Africa,REG-TW950UXW93,LOW,2016-03-21,ACTIVE
VND-03959,InnoCore Dynamics International,CONSULTANT,France,REG-AH702EQE00,LOW,2022-11-10,ACTIVE
VND-03960,KineticBlue Ltd,LOGISTICS,Canada,REG-KR364ZEZ45,LOW,2016-04-27,ACTIVE
VND-03961,TrueNorth Services Inc,LOGISTICS,Singapore,REG-KP612QMF18,LOW,2021-04-25,ACTIVE
VND-03962,UnityCore Technologies International,SERVICE_PROVIDER,Ireland,REG-BC270VZG65,LOW,2020-01-28,ACTIVE
VND-03963,KineticBlue Ltd,CONTRACTOR,Germany,REG-PT222OBX83,LOW,2022-03-24,ACTIVE
VND-03964,QuantumEdge Solutions Ltd,MANUFACTURER,Brazil,REG-SW644PQA68,HIGH,2023-05-26,ACTIVE
VND-03965,Apex Solutions Ltd,SERVICE_PROVIDER,India,REG-LV455DIA55,LOW,2021-02-14,ACTIVE
VND-03966,FusionCore Analytics Holdings,SERVICE_PROVIDER,United States,REG-FF356XIM07,MEDIUM,2023-06-14,ACTIVE
VND-03967,RapidCore Consulting LLC,DISTRIBUTOR,United Kingdom,REG-AM433KUM27,LOW,2016-02-28,ACTIVE
VND-03968,YellowBridge Partners,LOGISTICS,India,REG-HL046SVP00,LOW,2019-03-02,ACTIVE
VND-03969,CoreVault Systems Holdings,DISTRIBUTOR,China,REG-KB696LRL26,MEDIUM,2017-11-27,ACTIVE
VND-03970,LatticeCore Partners Group,CONSULTANT,India,REG-VR209BZG75,HIGH,2018-11-28,ACTIVE
VND-03971,KineticBlue Ltd Group,SUPPLIER,United States,REG-BU790EVR67,LOW,2019-01-04,ACTIVE
VND-03972,PeakVault Services Inc,CONTRACTOR,United States,REG-LN120QTN03,LOW,2018-09-19,ACTIVE
VND-03973,OmegaLink Systems Holdings,CONTRACTOR,United States,REG-KH076YLU97,LOW,2018-03-07,ACTIVE
VND-03974,GreenBridge Consulting Inc,LOGISTICS,China,REG-LV183OEV33,LOW,2021-03-20,ACTIVE
VND-03975,NexPoint Analytics Group,LOGISTICS,India,REG-JH929AVO69,LOW,2023-06-20,ACTIVE
VND-03976,Epsilon_Group Group,CONSULTANT,Brazil,REG-AC071DJI22,LOW,2019-06-03,ACTIVE
VND-03977,IronPoint Manufacturing,DISTRIBUTOR,UAE,REG-VR283LDX77,LOW,2018-11-21,ACTIVE
VND-03978,InnoCore Dynamics Inc,CONTRACTOR,India,REG-UF054VII98,CRITICAL,2023-11-05,INACTIVE
VND-03979,DeltaPath Logistics International,CONTRACTOR,Brazil,REG-ZM728JKS20,LOW,2023-10-01,ACTIVE
VND-03980,NexPoint Analytics Ltd,CONSULTANT,United States,REG-KJ801DSQ26,LOW,2021-11-23,ACTIVE
VND-03981,FusionCore Analytics International,SUPPLIER,France,REG-UI665VRF89,LOW,2017-03-22,ACTIVE
VND-03982,RedPoint Consulting Group,SUPPLIER,Canada,REG-PB609QCJ60,LOW,2015-09-26,ACTIVE
VND-03983,RedPoint Consulting LLC,DISTRIBUTOR,United Kingdom,REG-NC452JDS57,LOW,2016-01-16,ACTIVE
VND-03984,Alpha_Inc,CONSULTANT,United Kingdom,REG-QA477CAZ88,HIGH,2021-07-28,ACTIVE
VND-03985,OmegaLink Systems,CONTRACTOR,United Kingdom,REG-DD946XDB57,LOW,2020-05-26,ACTIVE
VND-03986,BlueStar Procurement Inc,SERVICE_PROVIDER,Germany,REG-MD129JIT88,MEDIUM,2018-01-27,ACTIVE
VND-03987,OpenBridge Systems International,SERVICE_PROVIDER,United States,REG-IG268YJZ09,LOW,2017-10-28,ACTIVE
VND-03988,BridgeTech Consulting Ltd,SUPPLIER,Australia,REG-BA164VMF17,MEDIUM,2019-10-10,ACTIVE
VND-03989,Apex Solutions Ltd,CONSULTANT,UAE,REG-YU186TZI05,MEDIUM,2021-08-26,ACTIVE
VND-03990,InnoCore Dynamics Holdings,CONSULTANT,United Kingdom,REG-YT803EKX16,HIGH,2015-09-08,ACTIVE
VND-03991,TitanPath Holdings Group,CONTRACTOR,United States,REG-MH127LWW98,MEDIUM,2018-09-21,ACTIVE
VND-03992,VoltEdge Solutions Inc,SUPPLIER,Brazil,REG-XR428RRF53,LOW,2016-07-25,ACTIVE
VND-03993,RapidCore Consulting Inc,DISTRIBUTOR,Australia,REG-FN601JRQ99,LOW,2015-07-22,ACTIVE
VND-03994,OpenBridge Systems Group,SERVICE_PROVIDER,South Africa,REG-SH808EAS70,LOW,2017-12-04,ACTIVE
VND-03995,WavePath Inc Holdings,CONSULTANT,United States,REG-KC867EDP15,HIGH,2016-06-21,ACTIVE
VND-03996,Gamma_Co Holdings,LOGISTICS,Germany,REG-SO107OBJ40,LOW,2022-01-17,ACTIVE
VND-03997,HarborLight Services Ltd,MANUFACTURER,United States,REG-CS957JPS96,MEDIUM,2017-01-08,ACTIVE
VND-03998,FusionCore Analytics,SERVICE_PROVIDER,Japan,REG-FC610KAD51,LOW,2019-11-03,ACTIVE
VND-03999,NorthBridge Supplies Group,CONSULTANT,Brazil,REG-VX701BUL78,LOW,2023-06-30,ACTIVE
VND-04000,WaveCore Manufacturing,LOGISTICS,Japan,REG-QS050KEK25,LOW,2019-01-06,ACTIVE
VND-04001,DawnTech Services LLC,MANUFACTURER,India,REG-AR392LNE01,HIGH,2021-02-01,ACTIVE
VND-04002,HorizonEdge Inc Holdings,DISTRIBUTOR,Germany,REG-PD599RSP74,HIGH,2022-02-20,ACTIVE
VND-04003,Beta_Supplies LLC,CONSULTANT,Germany,REG-MV539CVT65,MEDIUM,2021-01-26,ACTIVE
VND-04004,EcoVenture Supplies Group,LOGISTICS,United Kingdom,REG-QR425RNW26,LOW,2019-07-15,ACTIVE
VND-04005,ZenithBridge Corp International,MANUFACTURER,Brazil,REG-ZS420HWX41,LOW,2016-05-28,ACTIVE
VND-04006,NorthBridge Supplies Inc,MANUFACTURER,Germany,REG-FM374PDX05,MEDIUM,2023-10-01,ACTIVE
VND-04007,LucentBridge Technologies International,DISTRIBUTOR,United Kingdom,REG-VK937XYR66,MEDIUM,2016-11-22,ACTIVE
VND-04008,Apex Solutions Inc,DISTRIBUTOR,United Kingdom,REG-VR976YXA81,LOW,2016-03-11,ACTIVE
VND-04009,OpenBridge Systems International,LOGISTICS,India,REG-ZY855DTM71,LOW,2016-11-19,ACTIVE
VND-04010,MeridianTech Ltd,CONTRACTOR,United Kingdom,REG-UZ058HGF49,LOW,2023-07-12,ACTIVE
VND-04011,KineticBlue Ltd Inc,CONSULTANT,India,REG-GD449NZV90,LOW,2016-10-27,ACTIVE
VND-04012,LatticeCore Partners Ltd,LOGISTICS,United States,REG-RW862CQQ40,LOW,2015-02-16,ACTIVE
VND-04013,ZenithBridge Corp Group,MANUFACTURER,Australia,REG-JB509NLQ99,LOW,2024-04-28,ACTIVE
VND-04014,Apex Solutions Holdings,CONTRACTOR,United States,REG-VL535GGH27,LOW,2024-04-26,ACTIVE
VND-04015,MeridianTech Group,SERVICE_PROVIDER,India,REG-IQ108ARB51,HIGH,2015-10-01,ACTIVE
VND-04016,OmegaLink Systems Ltd,SUPPLIER,United States,REG-OK898EPW59,LOW,2015-11-03,ACTIVE
VND-04017,XpressCore Dynamics Group,DISTRIBUTOR,United Kingdom,REG-DQ961DUS83,LOW,2021-01-15,ACTIVE
VND-04018,DawnTech Services,DISTRIBUTOR,United Kingdom,REG-JJ348QAQ00,LOW,2015-12-22,ACTIVE
VND-04019,CoreVault Systems International,DISTRIBUTOR,United States,REG-AV259VSI72,LOW,2015-03-29,ACTIVE
VND-04020,UltraVista Technologies International,SERVICE_PROVIDER,United States,REG-GT298NJE78,LOW,2018-02-24,ACTIVE
VND-04021,Beta_Supplies Inc,SERVICE_PROVIDER,Singapore,REG-RC474TYA98,HIGH,2015-08-13,INACTIVE
VND-04022,NorthBridge Supplies LLC,MANUFACTURER,Germany,REG-GE429UJQ37,MEDIUM,2020-11-23,ACTIVE
VND-04023,OmegaLink Systems International,CONSULTANT,India,REG-FD721LFV46,LOW,2016-12-11,ACTIVE
VND-04024,BlueStar Procurement LLC,LOGISTICS,United Kingdom,REG-NL804BCB52,LOW,2016-08-23,ACTIVE
VND-04025,MeridianTech Inc,SUPPLIER,United States,REG-LI988HDE97,LOW,2019-08-08,ACTIVE
VND-04026,QuantumEdge Solutions Holdings,SUPPLIER,Singapore,REG-QC544WSE58,LOW,2022-12-28,ACTIVE
VND-04027,UnityCore Technologies,CONTRACTOR,India,REG-IU340LSN19,LOW,2019-05-13,ACTIVE
VND-04028,WavePath Inc Group,CONSULTANT,Australia,REG-LS605DVQ96,MEDIUM,2020-02-27,ACTIVE
VND-04029,HorizonEdge Inc Holdings,SERVICE_PROVIDER,United States,REG-PH193MBH46,LOW,2020-05-06,ACTIVE
VND-04030,Alpha_Inc Holdings,CONTRACTOR,United Kingdom,REG-EM248PBU44,LOW,2021-10-11,ACTIVE
VND-04031,RedPoint Consulting International,SUPPLIER,France,REG-AJ561ZZI15,LOW,2024-01-27,ACTIVE
VND-04032,GreenBridge Consulting Ltd,SUPPLIER,United States,REG-QA230VNQ70,LOW,2019-12-13,ACTIVE
VND-04033,NexPoint Analytics Ltd,CONSULTANT,India,REG-YC805ITI31,MEDIUM,2017-02-12,ACTIVE
VND-04034,KineticBlue Ltd Holdings,CONSULTANT,Australia,REG-NC743RLZ30,LOW,2021-04-14,ACTIVE
VND-04035,EdgeWave Technologies Inc,CONSULTANT,United Kingdom,REG-ST718DWA62,LOW,2020-07-25,ACTIVE
VND-04036,VertiLink Distributors Inc,DISTRIBUTOR,Canada,REG-NI311SAF21,LOW,2017-03-15,ACTIVE
VND-04037,XpressCore Dynamics,CONTRACTOR,India,REG-WZ828DZA78,LOW,2016-11-08,ACTIVE
VND-04038,OmegaLink Systems International,CONSULTANT,Singapore,REG-GV154GZY59,MEDIUM,2023-07-15,ACTIVE
VND-04039,TitanPath Holdings International,CONSULTANT,Netherlands,REG-FH356BKO54,LOW,2016-12-09,ACTIVE
VND-04040,EdgeWave Technologies LLC,SUPPLIER,Brazil,REG-EK882QHT52,LOW,2015-02-19,ACTIVE
VND-04041,VertiLink Distributors LLC,SERVICE_PROVIDER,India,REG-UN866RYL90,LOW,2018-07-05,ACTIVE
VND-04042,RedPoint Consulting Group,LOGISTICS,Brazil,REG-GK984SIS28,LOW,2018-08-08,ACTIVE
VND-04043,CoreVault Systems Ltd,CONSULTANT,France,REG-PF705QOR20,LOW,2023-10-05,ACTIVE
VND-04044,BlueStar Procurement,SERVICE_PROVIDER,Ireland,REG-FY298UWK87,LOW,2018-06-02,ACTIVE
VND-04045,SilverPath Holdings Group,DISTRIBUTOR,Netherlands,REG-YH320BSI36,LOW,2020-02-10,ACTIVE
VND-04046,DeltaPath Logistics International,SERVICE_PROVIDER,United States,REG-BI778SQX62,LOW,2023-02-28,ACTIVE
VND-04047,PeakVault Services Inc,SERVICE_PROVIDER,India,REG-DV527YBU28,LOW,2018-12-10,ACTIVE
VND-04048,InnoCore Dynamics LLC,LOGISTICS,United Kingdom,REG-CJ320ORC87,MEDIUM,2019-05-08,ACTIVE
VND-04049,Alpha_Inc,MANUFACTURER,India,REG-OO106ROO28,LOW,2019-02-15,ACTIVE
VND-04050,XcelPath Networks Inc,MANUFACTURER,South Africa,REG-BL557MPI35,MEDIUM,2020-10-20,ACTIVE
VND-04051,JetStream Analytics International,MANUFACTURER,United Kingdom,REG-VN770VHW04,LOW,2020-05-01,ACTIVE
VND-04052,YellowBridge Partners Ltd,CONTRACTOR,United States,REG-XD973OVO02,LOW,2018-06-15,ACTIVE
VND-04053,Beta_Supplies Ltd,SUPPLIER,India,REG-BT228TKY57,LOW,2019-04-27,ACTIVE
VND-04054,XpressCore Dynamics International,CONTRACTOR,United States,REG-VS402AHM55,HIGH,2015-05-17,ACTIVE
VND-04055,RedPoint Consulting International,DISTRIBUTOR,India,REG-SG397GAE70,LOW,2021-08-22,ACTIVE
VND-04056,PeakVault Services International,CONSULTANT,United States,REG-AO881YSZ59,LOW,2022-06-20,ACTIVE
VND-04057,Alpha_Inc,CONSULTANT,United Kingdom,REG-YM738ATR65,MEDIUM,2021-02-22,ACTIVE
VND-04058,Epsilon_Group International,MANUFACTURER,India,REG-NL846TLN73,MEDIUM,2021-06-11,ACTIVE
VND-04059,YellowBridge Partners Ltd,DISTRIBUTOR,Ireland,REG-VW124IDS89,MEDIUM,2020-01-26,ACTIVE
VND-04060,GreenBridge Consulting Inc,MANUFACTURER,Brazil,REG-PR700NQU62,LOW,2018-09-11,ACTIVE
VND-04061,EcoVenture Supplies Inc,DISTRIBUTOR,Singapore,REG-RC994FAB26,MEDIUM,2017-04-20,ACTIVE
VND-04062,KineticBlue Ltd LLC,MANUFACTURER,Japan,REG-FI895TDO30,LOW,2020-10-10,ACTIVE
VND-04063,EcoVenture Supplies International,MANUFACTURER,Germany,REG-PU398GFF01,MEDIUM,2015-04-09,ACTIVE
VND-04064,Epsilon_Group,MANUFACTURER,India,REG-WB628JND33,MEDIUM,2022-07-10,ACTIVE
VND-04065,HarborLight Services LLC,SUPPLIER,India,REG-RB581HXN08,LOW,2020-02-09,ACTIVE
VND-04066,XpressCore Dynamics LLC,SUPPLIER,UAE,REG-ZD374BIO35,LOW,2023-07-30,ACTIVE
VND-04067,ClearPath Logistics,SERVICE_PROVIDER,United Kingdom,REG-EU772YXM87,MEDIUM,2019-07-26,ACTIVE
VND-04068,EdgeWave Technologies International,CONSULTANT,China,REG-QS695WFV79,LOW,2023-07-23,ACTIVE
VND-04069,Apex Solutions International,LOGISTICS,Brazil,REG-XB959VUP95,HIGH,2017-02-24,INACTIVE
VND-04070,GreenBridge Consulting Inc,SUPPLIER,China,REG-CH362TGX91,LOW,2021-11-26,ACTIVE
VND-04071,FusionCore Analytics,CONSULTANT,Singapore,REG-WK418SUI39,MEDIUM,2021-04-20,INACTIVE
VND-04072,YellowBridge Partners Group,LOGISTICS,United Kingdom,REG-PG520KXW78,MEDIUM,2023-08-31,BLACKLISTED
VND-04073,Apex Solutions Ltd,LOGISTICS,India,REG-NO165TLF11,LOW,2019-09-29,ACTIVE
VND-04074,LucentBridge Technologies Holdings,SUPPLIER,United Kingdom,REG-UJ457DZN44,LOW,2016-10-08,ACTIVE
VND-04075,SkyBridge Logistics LLC,SUPPLIER,India,REG-QD027MBG69,MEDIUM,2017-08-18,ACTIVE
VND-04076,OpenBridge Systems Ltd,SUPPLIER,United States,REG-UX824RPL03,HIGH,2022-10-06,ACTIVE
VND-04077,NexPoint Analytics International,SUPPLIER,Canada,REG-VS124LLM40,LOW,2020-01-16,ACTIVE
VND-04078,VertiLink Distributors Inc,SERVICE_PROVIDER,United Kingdom,REG-QF634LZT09,LOW,2021-01-15,ACTIVE
VND-04079,MomentumCore Corp Ltd,CONTRACTOR,United Kingdom,REG-WE180KUL52,LOW,2016-10-27,ACTIVE
VND-04080,YellowBridge Partners Holdings,LOGISTICS,India,REG-MQ900FIZ47,LOW,2022-05-21,ACTIVE
VND-04081,Alpha_Inc Inc,MANUFACTURER,United States,REG-AF325JMF46,MEDIUM,2022-10-12,ACTIVE
VND-04082,Acuity Systems International,LOGISTICS,United States,REG-ZG134TXE34,LOW,2020-08-18,ACTIVE
VND-04083,PeakVault Services Holdings,CONSULTANT,United States,REG-BS133LDB99,LOW,2022-06-09,ACTIVE
VND-04084,LucentBridge Technologies Inc,LOGISTICS,United States,REG-PS861IHX27,LOW,2023-06-22,ACTIVE
VND-04085,QuantumEdge Solutions Inc,MANUFACTURER,United States,REG-FS120TNG29,LOW,2021-07-07,ACTIVE
VND-04086,FlowBridge Inc Holdings,CONSULTANT,Australia,REG-LT130JCK14,HIGH,2015-01-07,INACTIVE
VND-04087,DeltaPath Logistics Ltd,SERVICE_PROVIDER,Japan,REG-IP989HTE08,MEDIUM,2016-10-01,ACTIVE
VND-04088,DeltaPath Logistics Group,DISTRIBUTOR,Japan,REG-KM966HKG45,LOW,2015-05-08,ACTIVE
VND-04089,Epsilon_Group,CONSULTANT,Singapore,REG-EQ990NMU82,LOW,2020-02-04,ACTIVE
VND-04090,Acuity Systems Ltd,MANUFACTURER,India,REG-JO683WBO17,LOW,2016-12-13,ACTIVE
VND-04091,UltraVista Technologies Inc,MANUFACTURER,United States,REG-EF670APN41,MEDIUM,2015-05-04,ACTIVE
VND-04092,RapidCore Consulting Ltd,DISTRIBUTOR,United Kingdom,REG-GY891WES91,LOW,2018-10-20,ACTIVE
VND-04093,RedPoint Consulting,SERVICE_PROVIDER,UAE,REG-UN050YKB13,LOW,2015-11-05,ACTIVE
VND-04094,SkyBridge Logistics,DISTRIBUTOR,Canada,REG-BB344FEQ95,LOW,2023-01-24,ACTIVE
VND-04095,EcoVenture Supplies International,CONSULTANT,United States,REG-TF876DWW50,MEDIUM,2019-05-25,ACTIVE
VND-04096,Beta_Supplies,DISTRIBUTOR,United States,REG-EY257WVN23,LOW,2017-09-10,ACTIVE
VND-04097,Delta_Logistics Group,CONSULTANT,India,REG-PG160UEF37,LOW,2019-09-22,ACTIVE
VND-04098,Delta_Logistics Ltd,MANUFACTURER,Ireland,REG-WK057NYX03,LOW,2019-04-12,ACTIVE
VND-04099,HorizonEdge Inc LLC,SERVICE_PROVIDER,United States,REG-BA306WMM67,LOW,2024-03-18,ACTIVE
VND-04100,WavePath Inc Holdings,MANUFACTURER,United States,REG-RM469PTI66,LOW,2024-02-02,ACTIVE
VND-04101,XcelPath Networks Group,DISTRIBUTOR,United States,REG-FG337VRU00,LOW,2019-07-29,ACTIVE
VND-04102,JetStream Analytics Group,CONTRACTOR,India,REG-ER800PDJ97,LOW,2020-02-22,ACTIVE
VND-04103,RedPoint Consulting Ltd,SERVICE_PROVIDER,United States,REG-TN633BZW23,LOW,2020-01-23,ACTIVE
VND-04104,XpressCore Dynamics International,CONSULTANT,India,REG-SS658ISH74,LOW,2015-01-04,ACTIVE
VND-04105,Epsilon_Group Inc,CONTRACTOR,United States,REG-DV839MUA23,LOW,2022-09-26,ACTIVE
VND-04106,XpressCore Dynamics International,DISTRIBUTOR,United States,REG-UI972SJR28,LOW,2017-11-13,ACTIVE
VND-04107,Alpha_Inc Holdings,CONTRACTOR,United States,REG-UH585NNX45,LOW,2023-09-26,ACTIVE
VND-04108,Gamma_Co LLC,LOGISTICS,Netherlands,REG-TH196KXW03,HIGH,2018-01-19,BLACKLISTED
VND-04109,UnityCore Technologies Ltd,SERVICE_PROVIDER,India,REG-NJ367TFM88,LOW,2020-01-25,ACTIVE
VND-04110,UnityCore Technologies International,CONSULTANT,United Kingdom,REG-IB693CQS23,LOW,2019-08-11,ACTIVE
VND-04111,CoreVault Systems International,LOGISTICS,Australia,REG-HT364AAZ75,HIGH,2019-07-10,ACTIVE
VND-04112,HorizonEdge Inc International,DISTRIBUTOR,United States,REG-GZ486OFX74,LOW,2018-03-08,ACTIVE
VND-04113,KryptonPath Ltd Inc,LOGISTICS,United Kingdom,REG-GD120VWK63,LOW,2020-06-07,ACTIVE
VND-04114,QuantumEdge Solutions Group,DISTRIBUTOR,Canada,REG-HQ977WGT60,LOW,2021-10-13,ACTIVE
VND-04115,KryptonPath Ltd,SUPPLIER,Canada,REG-QZ081FXC14,LOW,2016-06-11,INACTIVE
VND-04116,DawnTech Services Ltd,SERVICE_PROVIDER,United Kingdom,REG-SY281EEA43,LOW,2021-07-17,ACTIVE
VND-04117,NexPoint Analytics Ltd,MANUFACTURER,United States,REG-YB861MYE14,LOW,2021-09-26,ACTIVE
VND-04118,Alpha_Inc LLC,CONSULTANT,United Kingdom,REG-VV189BYV26,LOW,2021-02-23,ACTIVE
VND-04119,EcoVenture Supplies Inc,DISTRIBUTOR,Netherlands,REG-QL554VZG65,LOW,2019-06-26,ACTIVE
VND-04120,NexPoint Analytics Group,LOGISTICS,Singapore,REG-FC368FRZ43,LOW,2019-03-05,ACTIVE
VND-04121,QuantumEdge Solutions Ltd,SUPPLIER,Netherlands,REG-RV034KWR45,LOW,2016-12-08,ACTIVE
VND-04122,MomentumCore Corp Inc,SUPPLIER,Germany,REG-AF660FMA03,HIGH,2017-10-08,BLACKLISTED
VND-04123,MeridianTech Inc,SUPPLIER,United States,REG-HY227ZLE23,LOW,2021-09-21,ACTIVE
VND-04124,BridgeTech Consulting,CONTRACTOR,India,REG-YZ421HOI73,CRITICAL,2015-09-30,BLACKLISTED
VND-04125,TitanPath Holdings International,CONSULTANT,South Africa,REG-BY509LMQ57,LOW,2019-06-22,INACTIVE
VND-04126,Alpha_Inc Holdings,MANUFACTURER,United Kingdom,REG-RX099CIH16,MEDIUM,2023-04-24,INACTIVE
VND-04127,VoltEdge Solutions Ltd,CONSULTANT,India,REG-PR136HOQ40,MEDIUM,2015-10-17,ACTIVE
VND-04128,Delta_Logistics Ltd,CONTRACTOR,United States,REG-CA843SAL77,LOW,2020-07-23,ACTIVE
VND-04129,EcoVenture Supplies Group,DISTRIBUTOR,South Africa,REG-TH795TZL95,HIGH,2015-05-16,BLACKLISTED
VND-04130,Beta_Supplies LLC,CONTRACTOR,United Kingdom,REG-VY954BKV49,LOW,2019-04-21,ACTIVE
VND-04131,TitanPath Holdings Group,SUPPLIER,Germany,REG-BI421EVK75,MEDIUM,2018-04-30,ACTIVE
VND-04132,JetStream Analytics,CONSULTANT,United Kingdom,REG-VT800EPC16,LOW,2020-10-25,ACTIVE
VND-04133,KryptonPath Ltd International,SERVICE_PROVIDER,South Africa,REG-QY344SSW79,LOW,2019-10-14,ACTIVE
VND-04134,QuantumEdge Solutions Ltd,SERVICE_PROVIDER,United States,REG-RH592ATN35,HIGH,2021-12-16,ACTIVE
VND-04135,Gamma_Co Inc,LOGISTICS,United States,REG-UG832MFT64,HIGH,2021-02-11,ACTIVE
VND-04136,ZenithBridge Corp Ltd,SUPPLIER,United States,REG-AD100JGI17,LOW,2016-06-23,ACTIVE
VND-04137,OpenBridge Systems,DISTRIBUTOR,Singapore,REG-EV945VPC76,LOW,2020-01-12,ACTIVE
VND-04138,BlueStar Procurement Ltd,SERVICE_PROVIDER,United States,REG-FS494SLO84,LOW,2018-09-26,ACTIVE
VND-04139,VoltEdge Solutions LLC,CONTRACTOR,United States,REG-MO355NEK28,MEDIUM,2023-08-26,ACTIVE
VND-04140,TrueNorth Services International,SUPPLIER,United Kingdom,REG-KJ875HQN67,LOW,2017-11-21,ACTIVE
VND-04141,RapidCore Consulting Group,MANUFACTURER,Japan,REG-RO026DTE56,LOW,2020-05-28,INACTIVE
VND-04142,Apex Solutions,SERVICE_PROVIDER,France,REG-IU115UEH88,LOW,2020-07-25,ACTIVE
VND-04143,FusionCore Analytics Holdings,CONSULTANT,Singapore,REG-EU708AFU94,LOW,2015-09-12,ACTIVE
VND-04144,RapidCore Consulting Group,CONSULTANT,Germany,REG-ET911ZQQ61,LOW,2015-07-04,ACTIVE
VND-04145,LucentBridge Technologies Ltd,SUPPLIER,Brazil,REG-PD611WKD98,MEDIUM,2023-02-06,ACTIVE
VND-04146,NorthBridge Supplies International,CONSULTANT,India,REG-NU542XQH47,LOW,2015-06-15,ACTIVE
VND-04147,Epsilon_Group Holdings,LOGISTICS,Australia,REG-UQ852ESJ37,MEDIUM,2018-01-31,ACTIVE
VND-04148,YellowBridge Partners Holdings,SERVICE_PROVIDER,United States,REG-JJ770HOJ07,LOW,2020-07-13,ACTIVE
VND-04149,Acuity Systems Inc,LOGISTICS,United Kingdom,REG-KF532WPU51,LOW,2016-06-11,INACTIVE
VND-04150,Apex Solutions LLC,SERVICE_PROVIDER,Singapore,REG-ZE808KLD22,LOW,2024-05-21,ACTIVE
VND-04151,MomentumCore Corp,SERVICE_PROVIDER,Japan,REG-JI966BXU60,LOW,2023-10-27,ACTIVE
VND-04152,JadeCore Solutions Inc,CONTRACTOR,United States,REG-DE383ATZ95,LOW,2023-10-05,ACTIVE
VND-04153,RapidCore Consulting Group,DISTRIBUTOR,Germany,REG-MR821VEA00,LOW,2021-01-13,ACTIVE
VND-04154,MeridianTech Holdings,DISTRIBUTOR,United States,REG-FH907XDH03,LOW,2015-06-01,ACTIVE
VND-04155,Apex Solutions Holdings,DISTRIBUTOR,United States,REG-KC866FZY93,LOW,2018-11-19,ACTIVE
VND-04156,UltraVista Technologies Inc,CONTRACTOR,India,REG-GR098MJR34,MEDIUM,2020-01-25,ACTIVE
VND-04157,RapidCore Consulting Holdings,DISTRIBUTOR,United States,REG-AR674LNA87,MEDIUM,2017-10-16,ACTIVE
VND-04158,FusionCore Analytics Inc,SUPPLIER,United States,REG-ZV507ZUC44,HIGH,2020-04-20,ACTIVE
VND-04159,Beta_Supplies Inc,MANUFACTURER,India,REG-RR267FXM65,LOW,2015-02-21,ACTIVE
VND-04160,IronPoint Manufacturing Holdings,LOGISTICS,India,REG-LR828FEK17,LOW,2015-03-17,ACTIVE
VND-04161,IronPoint Manufacturing Group,SUPPLIER,UAE,REG-VW500IWJ34,LOW,2016-12-30,ACTIVE
VND-04162,YieldPoint Partners International,CONSULTANT,United States,REG-NO026DNI26,LOW,2023-08-16,ACTIVE
VND-04163,Gamma_Co Ltd,SERVICE_PROVIDER,India,REG-CO645PAN25,LOW,2021-03-21,ACTIVE
VND-04164,BridgeTech Consulting LLC,DISTRIBUTOR,UAE,REG-OV074FBG06,LOW,2019-12-27,ACTIVE
VND-04165,KineticBlue Ltd,CONTRACTOR,United States,REG-ZV522EXH47,LOW,2022-10-29,ACTIVE
VND-04166,TitanPath Holdings International,DISTRIBUTOR,United Kingdom,REG-WO258KLB37,HIGH,2022-12-15,ACTIVE
VND-04167,VertiLink Distributors LLC,CONSULTANT,United Kingdom,REG-MN053MIF66,MEDIUM,2019-09-07,ACTIVE
VND-04168,DawnTech Services Holdings,LOGISTICS,United States,REG-JI633WSZ42,LOW,2017-12-15,ACTIVE
VND-04169,DeltaPath Logistics Inc,LOGISTICS,Singapore,REG-YO283FRL72,LOW,2023-08-15,ACTIVE
VND-04170,MomentumCore Corp Ltd,SUPPLIER,Brazil,REG-CO259ZOT31,LOW,2020-06-01,ACTIVE
VND-04171,UnityCore Technologies,MANUFACTURER,South Africa,REG-TJ700PNQ89,LOW,2021-09-21,INACTIVE
VND-04172,Gamma_Co LLC,CONTRACTOR,United Kingdom,REG-MM037OWM04,LOW,2022-01-21,ACTIVE
VND-04173,Epsilon_Group Group,SERVICE_PROVIDER,Canada,REG-RX188ZOX38,LOW,2024-02-03,ACTIVE
VND-04174,RedPoint Consulting Ltd,DISTRIBUTOR,United States,REG-OA125RDO78,LOW,2018-10-18,ACTIVE
VND-04175,PrimeAxis Corp Group,SUPPLIER,United States,REG-WR719RHE85,LOW,2022-05-19,ACTIVE
VND-04176,SilverPath Holdings International,MANUFACTURER,United Kingdom,REG-PO696YSX80,LOW,2023-12-16,ACTIVE
VND-04177,MomentumCore Corp International,SUPPLIER,France,REG-XF544QSI21,LOW,2022-08-09,ACTIVE
VND-04178,UnityCore Technologies Holdings,SERVICE_PROVIDER,United States,REG-SB379UNT26,LOW,2018-04-28,ACTIVE
VND-04179,SkyBridge Logistics Inc,MANUFACTURER,United Kingdom,REG-HH273XNN96,MEDIUM,2016-07-17,ACTIVE
VND-04180,SilverPath Holdings International,SUPPLIER,Japan,REG-OZ428KCO83,LOW,2023-05-14,ACTIVE
VND-04181,KryptonPath Ltd Holdings,LOGISTICS,France,REG-RR979HNR97,LOW,2019-09-22,ACTIVE
VND-04182,InnoCore Dynamics Inc,CONSULTANT,India,REG-KG315MGX03,MEDIUM,2019-07-27,BLACKLISTED
VND-04183,YieldPoint Partners,CONSULTANT,United States,REG-RR965UBI51,LOW,2019-01-28,ACTIVE
VND-04184,WavePath Inc Ltd,SUPPLIER,United States,REG-VP506HZO66,LOW,2018-05-18,ACTIVE
VND-04185,ClearPath Logistics,SERVICE_PROVIDER,Netherlands,REG-FA067EFT34,LOW,2017-06-04,ACTIVE
VND-04186,Gamma_Co,CONSULTANT,United States,REG-JJ998LWU63,LOW,2019-05-31,ACTIVE
VND-04187,Beta_Supplies,SUPPLIER,United States,REG-VL910TJE38,LOW,2019-02-28,ACTIVE
VND-04188,FlowBridge Inc LLC,SERVICE_PROVIDER,India,REG-WK622WZP15,MEDIUM,2022-02-06,INACTIVE
VND-04189,LucentBridge Technologies,LOGISTICS,United Kingdom,REG-OM743MQN96,MEDIUM,2015-02-14,ACTIVE
VND-04190,KineticBlue Ltd,MANUFACTURER,India,REG-JK594WUY03,LOW,2024-01-13,ACTIVE
VND-04191,InnoCore Dynamics,CONTRACTOR,Germany,REG-ME465EDG65,LOW,2021-10-27,ACTIVE
VND-04192,DawnTech Services Inc,DISTRIBUTOR,Australia,REG-VF730BQJ02,LOW,2019-02-28,ACTIVE
VND-04193,Epsilon_Group,MANUFACTURER,United Kingdom,REG-RV736KWV63,LOW,2021-06-11,ACTIVE
VND-04194,NexPoint Analytics LLC,SERVICE_PROVIDER,United States,REG-UN673SGC22,HIGH,2020-12-24,ACTIVE
VND-04195,WaveCore Manufacturing Inc,CONTRACTOR,Germany,REG-BQ493ZAZ91,LOW,2020-07-12,INACTIVE
VND-04196,OpenBridge Systems Ltd,SUPPLIER,Germany,REG-AT191JHB09,LOW,2016-07-15,ACTIVE
VND-04197,MomentumCore Corp Holdings,CONTRACTOR,Germany,REG-AT607TWC32,LOW,2022-10-11,ACTIVE
VND-04198,JadeCore Solutions,DISTRIBUTOR,United States,REG-WN893XOR78,LOW,2022-01-27,ACTIVE
VND-04199,WaveCore Manufacturing LLC,DISTRIBUTOR,United Kingdom,REG-QB176MMF09,MEDIUM,2018-12-06,ACTIVE
VND-04200,SilverPath Holdings Inc,SERVICE_PROVIDER,Singapore,REG-GA164SWW58,LOW,2018-09-14,ACTIVE
VND-04201,Alpha_Inc LLC,CONSULTANT,United States,REG-KT734QFY66,LOW,2019-02-28,ACTIVE
VND-04202,UltraVista Technologies LLC,SERVICE_PROVIDER,United States,REG-DV338XYT78,LOW,2019-07-27,ACTIVE
VND-04203,GlobalNex Corp Inc,LOGISTICS,United States,REG-QV528YBW90,LOW,2019-09-17,ACTIVE
VND-04204,ClearPath Logistics,SERVICE_PROVIDER,Japan,REG-ZT183VCC78,LOW,2018-04-28,ACTIVE
VND-04205,ZenithBridge Corp,CONSULTANT,Germany,REG-PC198RPQ88,LOW,2016-06-20,ACTIVE
VND-04206,GreenBridge Consulting Holdings,SUPPLIER,Canada,REG-UN509NGC68,MEDIUM,2015-04-22,ACTIVE
VND-04207,EdgeWave Technologies International,MANUFACTURER,Japan,REG-PC625GKP02,HIGH,2017-08-01,INACTIVE
VND-04208,Delta_Logistics,SERVICE_PROVIDER,United States,REG-OK964QOT69,HIGH,2018-07-18,ACTIVE
VND-04209,DeltaPath Logistics Holdings,CONSULTANT,India,REG-MV354LHL86,LOW,2016-06-12,ACTIVE
VND-04210,LucentBridge Technologies Holdings,SERVICE_PROVIDER,China,REG-GC156EAH03,LOW,2018-06-13,ACTIVE
VND-04211,QuantumEdge Solutions LLC,CONTRACTOR,United Kingdom,REG-AN803SYB54,LOW,2023-05-11,ACTIVE
VND-04212,TitanPath Holdings International,SUPPLIER,Germany,REG-EZ049QCR03,LOW,2021-07-18,ACTIVE
VND-04213,WavePath Inc,MANUFACTURER,UAE,REG-BF769LLH11,MEDIUM,2023-07-04,ACTIVE
VND-04214,BlueStar Procurement LLC,LOGISTICS,Singapore,REG-SU503WJY96,LOW,2018-05-15,ACTIVE
VND-04215,YieldPoint Partners,CONSULTANT,United Kingdom,REG-CY681THU90,LOW,2021-03-18,ACTIVE
VND-04216,FusionCore Analytics Holdings,MANUFACTURER,China,REG-XI893IAT33,MEDIUM,2022-01-13,ACTIVE
VND-04217,Apex Solutions Holdings,SERVICE_PROVIDER,United States,REG-UU601VAX38,LOW,2022-09-13,ACTIVE
VND-04218,WavePath Inc LLC,LOGISTICS,France,REG-MY029HAG57,MEDIUM,2020-05-12,BLACKLISTED
VND-04219,QuantumEdge Solutions Group,LOGISTICS,Ireland,REG-DG012IFX45,MEDIUM,2015-01-25,ACTIVE
VND-04220,BridgeTech Consulting Ltd,SERVICE_PROVIDER,France,REG-SM806KXL19,LOW,2019-01-14,ACTIVE
VND-04221,Gamma_Co Group,MANUFACTURER,South Africa,REG-WV136HKG50,LOW,2022-09-28,ACTIVE
VND-04222,SkyBridge Logistics Group,DISTRIBUTOR,Singapore,REG-CF939GBY68,LOW,2017-05-11,ACTIVE
VND-04223,JadeCore Solutions Group,CONSULTANT,United Kingdom,REG-AP717TNJ08,LOW,2018-08-12,ACTIVE
VND-04224,DawnTech Services International,LOGISTICS,Brazil,REG-BF932SGM85,MEDIUM,2021-12-03,INACTIVE
VND-04225,ClearPath Logistics International,DISTRIBUTOR,United Kingdom,REG-NI612EWM93,LOW,2017-08-27,ACTIVE
VND-04226,VertiLink Distributors LLC,SUPPLIER,United States,REG-CK495XZQ22,LOW,2016-07-30,ACTIVE
VND-04227,KryptonPath Ltd,MANUFACTURER,United States,REG-EF003XHJ71,LOW,2017-10-26,ACTIVE
VND-04228,OmegaLink Systems Inc,CONSULTANT,Netherlands,REG-IA562YZG74,LOW,2023-12-15,ACTIVE
VND-04229,TrueNorth Services International,SUPPLIER,South Africa,REG-PO126DYL20,LOW,2022-05-26,ACTIVE
VND-04230,MomentumCore Corp,MANUFACTURER,France,REG-RF516KHH57,LOW,2023-12-20,ACTIVE
VND-04231,FlowBridge Inc Holdings,MANUFACTURER,Germany,REG-FH860QUI18,LOW,2018-01-05,ACTIVE
VND-04232,ClearPath Logistics Holdings,DISTRIBUTOR,South Africa,REG-DL399UWL33,LOW,2019-11-23,ACTIVE
VND-04233,OmegaLink Systems,SUPPLIER,Canada,REG-BY879JOH20,LOW,2015-05-01,ACTIVE
VND-04234,NorthBridge Supplies LLC,CONSULTANT,Singapore,REG-QS459GSM68,MEDIUM,2016-09-25,BLACKLISTED
VND-04235,JetStream Analytics Group,SERVICE_PROVIDER,Australia,REG-KW109ZJD61,CRITICAL,2020-07-11,BLACKLISTED
VND-04236,EdgeWave Technologies International,DISTRIBUTOR,United States,REG-FE450JWD52,LOW,2023-02-21,ACTIVE
VND-04237,TrueNorth Services LLC,SUPPLIER,Australia,REG-ZY360RXG81,HIGH,2020-05-12,ACTIVE
VND-04238,DeltaPath Logistics Group,LOGISTICS,United States,REG-CI804SES46,LOW,2019-03-31,ACTIVE
VND-04239,NexPoint Analytics Ltd,CONTRACTOR,United States,REG-ZX971JPR40,LOW,2023-12-06,ACTIVE
VND-04240,Gamma_Co,SERVICE_PROVIDER,India,REG-KW695BZA44,LOW,2022-03-07,ACTIVE
VND-04241,FusionCore Analytics Holdings,MANUFACTURER,Ireland,REG-IS958DQV06,MEDIUM,2015-03-17,ACTIVE
VND-04242,XpressCore Dynamics Holdings,CONSULTANT,Singapore,REG-RN669OIW83,MEDIUM,2020-09-04,ACTIVE
VND-04243,KryptonPath Ltd,LOGISTICS,United Kingdom,REG-MR907FTJ42,LOW,2019-10-27,ACTIVE
VND-04244,UnityCore Technologies International,LOGISTICS,Netherlands,REG-DP904CBL95,LOW,2017-02-20,ACTIVE
VND-04245,Epsilon_Group Inc,SERVICE_PROVIDER,India,REG-ZW538YMF47,LOW,2024-01-30,ACTIVE
VND-04246,SilverPath Holdings Ltd,CONTRACTOR,Germany,REG-ZS953FIH01,HIGH,2020-01-09,INACTIVE
VND-04247,NorthBridge Supplies,CONSULTANT,Brazil,REG-HU617LAI46,LOW,2020-11-11,ACTIVE
VND-04248,FusionCore Analytics LLC,LOGISTICS,UAE,REG-FH629WYY76,LOW,2021-06-10,ACTIVE
VND-04249,MomentumCore Corp Inc,CONTRACTOR,Brazil,REG-XM286TMH60,MEDIUM,2015-11-13,ACTIVE
VND-04250,CoreVault Systems Ltd,DISTRIBUTOR,Germany,REG-OY246RAE89,HIGH,2023-04-20,ACTIVE
VND-04251,SilverPath Holdings Ltd,LOGISTICS,United Kingdom,REG-KF016VFR56,MEDIUM,2022-11-16,ACTIVE
VND-04252,BlueStar Procurement Holdings,CONSULTANT,United States,REG-FI402NFT15,LOW,2017-06-05,ACTIVE
VND-04253,QuantumEdge Solutions International,CONSULTANT,United States,REG-MV252JVV42,MEDIUM,2016-02-20,BLACKLISTED
VND-04254,UnityCore Technologies Ltd,MANUFACTURER,United States,REG-VH600NTM85,LOW,2024-01-13,ACTIVE
VND-04255,VertiLink Distributors Ltd,DISTRIBUTOR,Germany,REG-XD617VXJ21,LOW,2018-03-26,ACTIVE
VND-04256,TitanPath Holdings,MANUFACTURER,Australia,REG-XF053MUH53,LOW,2017-01-17,ACTIVE
VND-04257,KineticBlue Ltd Group,LOGISTICS,Brazil,REG-VN845NOS60,LOW,2017-03-01,ACTIVE
VND-04258,TrueNorth Services International,CONSULTANT,Japan,REG-AM232FJL21,HIGH,2018-05-14,INACTIVE
VND-04259,DawnTech Services LLC,MANUFACTURER,France,REG-SP443ZER14,LOW,2020-08-26,ACTIVE
VND-04260,GreenBridge Consulting Ltd,CONSULTANT,United Kingdom,REG-QS087ZMR83,LOW,2016-08-01,ACTIVE
VND-04261,PeakVault Services International,CONTRACTOR,UAE,REG-ST779CWJ82,LOW,2015-08-25,ACTIVE
VND-04262,YieldPoint Partners Ltd,SERVICE_PROVIDER,United States,REG-OF116NFN82,HIGH,2015-07-22,ACTIVE
VND-04263,VoltEdge Solutions Holdings,MANUFACTURER,Canada,REG-PA981CZR81,CRITICAL,2021-06-15,INACTIVE
VND-04264,KryptonPath Ltd,LOGISTICS,India,REG-AW962DHX42,LOW,2021-01-06,ACTIVE
VND-04265,UltraVista Technologies Ltd,MANUFACTURER,Australia,REG-GE963CSX55,LOW,2019-10-21,ACTIVE
VND-04266,Alpha_Inc International,MANUFACTURER,UAE,REG-GH526IJM34,LOW,2017-02-28,ACTIVE
VND-04267,NexPoint Analytics Inc,CONSULTANT,United Kingdom,REG-VL725IOU44,LOW,2019-12-27,ACTIVE
VND-04268,Beta_Supplies Ltd,DISTRIBUTOR,United States,REG-HR351JWL17,LOW,2015-09-01,ACTIVE
VND-04269,InnoCore Dynamics,SERVICE_PROVIDER,Germany,REG-QV805XOJ03,LOW,2016-02-10,ACTIVE
VND-04270,ClearPath Logistics LLC,SERVICE_PROVIDER,India,REG-AQ828CZE72,LOW,2020-09-05,ACTIVE
VND-04271,HorizonEdge Inc International,CONTRACTOR,Germany,REG-II666IFT08,LOW,2018-08-13,ACTIVE
VND-04272,LatticeCore Partners Holdings,SERVICE_PROVIDER,India,REG-DO587EUN12,MEDIUM,2020-04-10,ACTIVE
VND-04273,HorizonEdge Inc International,DISTRIBUTOR,Singapore,REG-MM136GXX85,LOW,2018-10-14,ACTIVE
VND-04274,SilverPath Holdings LLC,CONTRACTOR,United States,REG-ES262TFQ10,MEDIUM,2015-08-24,ACTIVE
VND-04275,UltraVista Technologies,CONSULTANT,India,REG-ZY430FRS10,LOW,2016-09-22,ACTIVE
VND-04276,YellowBridge Partners Ltd,DISTRIBUTOR,France,REG-TW529TDT96,MEDIUM,2021-08-08,ACTIVE
VND-04277,Delta_Logistics Inc,CONSULTANT,United Kingdom,REG-YN433EGZ19,HIGH,2024-05-05,ACTIVE
VND-04278,BlueStar Procurement,LOGISTICS,United Kingdom,REG-RY153LCK33,LOW,2020-09-30,ACTIVE
VND-04279,CoreVault Systems LLC,SERVICE_PROVIDER,United States,REG-FB969WCV70,MEDIUM,2015-09-18,ACTIVE
VND-04280,CoreVault Systems Ltd,LOGISTICS,India,REG-MM343FXV44,HIGH,2018-05-06,ACTIVE
VND-04281,PeakVault Services International,CONSULTANT,United States,REG-UH858HGF61,LOW,2015-09-06,ACTIVE
VND-04282,DeltaPath Logistics Ltd,MANUFACTURER,UAE,REG-HX786KLJ02,MEDIUM,2021-11-09,ACTIVE
VND-04283,YellowBridge Partners Inc,MANUFACTURER,United States,REG-BO794GIF37,LOW,2018-02-12,INACTIVE
VND-04284,Apex Solutions Ltd,SERVICE_PROVIDER,Japan,REG-HK490KLO33,LOW,2023-08-21,ACTIVE
VND-04285,MomentumCore Corp International,DISTRIBUTOR,France,REG-CA954SCN80,LOW,2024-03-17,ACTIVE
VND-04286,JetStream Analytics Ltd,SUPPLIER,United Kingdom,REG-JD148TDE36,LOW,2018-01-05,ACTIVE
VND-04287,HorizonEdge Inc,CONTRACTOR,United States,REG-OZ740YAW70,LOW,2018-05-08,ACTIVE
VND-04288,YellowBridge Partners International,MANUFACTURER,France,REG-YT560IKJ07,LOW,2023-06-07,ACTIVE
VND-04289,Apex Solutions Ltd,SERVICE_PROVIDER,Japan,REG-HL212NGA82,LOW,2018-08-11,ACTIVE
VND-04290,QuantumEdge Solutions LLC,CONTRACTOR,Brazil,REG-WC827IBQ84,LOW,2015-03-19,ACTIVE
VND-04291,CoreVault Systems Group,SERVICE_PROVIDER,United States,REG-TU393XXP30,MEDIUM,2022-05-18,ACTIVE
VND-04292,RedPoint Consulting Group,LOGISTICS,United States,REG-ZZ969QZC20,LOW,2022-04-19,ACTIVE
VND-04293,WaveCore Manufacturing Ltd,LOGISTICS,United States,REG-LM485QPQ31,MEDIUM,2021-09-25,BLACKLISTED
VND-04294,Beta_Supplies Inc,SERVICE_PROVIDER,United Kingdom,REG-JF358HHQ49,LOW,2015-03-13,ACTIVE
VND-04295,OmegaLink Systems,MANUFACTURER,Australia,REG-QL465HBY12,MEDIUM,2021-04-27,ACTIVE
VND-04296,IronPoint Manufacturing International,CONTRACTOR,South Africa,REG-WT378BTJ17,LOW,2020-02-29,ACTIVE
VND-04297,RapidCore Consulting Holdings,DISTRIBUTOR,Singapore,REG-FS364AUV81,LOW,2015-10-01,ACTIVE
VND-04298,SkyBridge Logistics Ltd,CONSULTANT,United Kingdom,REG-KQ955KEN85,MEDIUM,2023-02-03,BLACKLISTED
VND-04299,VoltEdge Solutions Group,DISTRIBUTOR,Germany,REG-NW379AMS31,LOW,2024-05-29,ACTIVE
VND-04300,ZenithBridge Corp LLC,LOGISTICS,India,REG-FZ659DBH72,MEDIUM,2020-10-07,ACTIVE
VND-04301,PrimeAxis Corp LLC,CONSULTANT,United Kingdom,REG-NX777YJB59,LOW,2023-08-06,ACTIVE
VND-04302,WavePath Inc LLC,MANUFACTURER,China,REG-QM134ELW17,HIGH,2019-01-16,ACTIVE
VND-04303,RedPoint Consulting Group,SERVICE_PROVIDER,France,REG-ZT380LBY88,LOW,2020-02-25,ACTIVE
VND-04304,GlobalNex Corp Inc,CONSULTANT,United States,REG-MA723RZF39,LOW,2019-12-22,ACTIVE
VND-04305,LucentBridge Technologies Group,MANUFACTURER,United States,REG-GE615FON00,LOW,2022-05-15,ACTIVE
VND-04306,HorizonEdge Inc,SUPPLIER,Australia,REG-TS154LVM80,LOW,2023-07-28,INACTIVE
VND-04307,YellowBridge Partners Group,LOGISTICS,Canada,REG-WE647QLM92,LOW,2019-04-12,ACTIVE
VND-04308,Acuity Systems Ltd,DISTRIBUTOR,United States,REG-GZ010YXQ86,MEDIUM,2021-02-25,ACTIVE
VND-04309,PrimeAxis Corp Group,MANUFACTURER,United States,REG-KF790VEO49,HIGH,2020-02-28,BLACKLISTED
VND-04310,ClearPath Logistics Ltd,DISTRIBUTOR,United States,REG-KY806DQO79,LOW,2020-08-20,ACTIVE
VND-04311,OmegaLink Systems International,LOGISTICS,China,REG-RZ672HCZ09,CRITICAL,2022-08-14,BLACKLISTED
VND-04312,Alpha_Inc Inc,CONTRACTOR,India,REG-TO237RLD26,LOW,2019-10-21,ACTIVE
VND-04313,OpenBridge Systems LLC,SUPPLIER,China,REG-CK586RXN99,MEDIUM,2020-01-10,ACTIVE
VND-04314,ClearPath Logistics Ltd,MANUFACTURER,India,REG-NM715KXF57,LOW,2018-08-15,ACTIVE
VND-04315,Acuity Systems International,CONTRACTOR,United Kingdom,REG-TR701NGD15,LOW,2018-07-09,ACTIVE
VND-04316,Gamma_Co Inc,DISTRIBUTOR,Japan,REG-LB732GVA60,LOW,2021-02-08,ACTIVE
VND-04317,WavePath Inc Group,DISTRIBUTOR,United States,REG-WE888CWH86,LOW,2020-03-10,ACTIVE
VND-04318,FusionCore Analytics Ltd,DISTRIBUTOR,Brazil,REG-GY597ELS35,LOW,2015-08-26,ACTIVE
VND-04319,MomentumCore Corp Inc,MANUFACTURER,Canada,REG-FD336KYM44,LOW,2022-12-27,ACTIVE
VND-04320,NorthBridge Supplies Ltd,DISTRIBUTOR,Netherlands,REG-ZW276WMZ76,LOW,2017-12-15,ACTIVE
VND-04321,BridgeTech Consulting Inc,SUPPLIER,France,REG-YN458QLO76,LOW,2016-09-29,ACTIVE
VND-04322,LucentBridge Technologies International,SUPPLIER,United Kingdom,REG-OZ471VPR55,LOW,2022-08-22,ACTIVE
VND-04323,RapidCore Consulting Ltd,MANUFACTURER,Germany,REG-QB745XXP02,LOW,2015-04-25,ACTIVE
VND-04324,Delta_Logistics Ltd,CONSULTANT,China,REG-JU772RRV90,MEDIUM,2016-02-13,ACTIVE
VND-04325,PeakVault Services International,LOGISTICS,United States,REG-PN896QVB53,LOW,2022-05-09,ACTIVE
VND-04326,Delta_Logistics,LOGISTICS,France,REG-CX375EHA48,LOW,2022-04-11,ACTIVE
VND-04327,UnityCore Technologies Inc,SUPPLIER,United States,REG-UI538XZL33,LOW,2021-09-07,ACTIVE
VND-04328,OmegaLink Systems International,CONSULTANT,Brazil,REG-AM329YTV13,LOW,2023-09-28,ACTIVE
VND-04329,MomentumCore Corp Group,CONTRACTOR,Netherlands,REG-OD804NDZ07,LOW,2017-07-06,ACTIVE
VND-04330,RapidCore Consulting Holdings,SERVICE_PROVIDER,United States,REG-NL415ZTQ06,LOW,2021-10-24,ACTIVE
VND-04331,Acuity Systems International,SERVICE_PROVIDER,Netherlands,REG-AX051HOI02,LOW,2018-09-05,ACTIVE
VND-04332,Alpha_Inc LLC,CONSULTANT,Germany,REG-SZ796DRP33,LOW,2017-07-11,ACTIVE
VND-04333,Delta_Logistics International,CONSULTANT,United States,REG-PN646IFM60,LOW,2019-12-17,ACTIVE
VND-04334,RapidCore Consulting Group,CONTRACTOR,Germany,REG-VM997JYD41,MEDIUM,2016-02-15,ACTIVE
VND-04335,Epsilon_Group Inc,SERVICE_PROVIDER,United States,REG-BL941OFB01,LOW,2018-07-27,ACTIVE
VND-04336,HorizonEdge Inc International,DISTRIBUTOR,United Kingdom,REG-UH078ZTH19,LOW,2021-12-05,ACTIVE
VND-04337,RedPoint Consulting Holdings,CONTRACTOR,Canada,REG-OE497MHM79,LOW,2015-07-03,ACTIVE
VND-04338,GlobalNex Corp,SUPPLIER,India,REG-QN306UCP14,CRITICAL,2018-06-29,BLACKLISTED
VND-04339,PeakVault Services LLC,LOGISTICS,United States,REG-NV547BZW89,MEDIUM,2016-02-24,BLACKLISTED
VND-04340,Alpha_Inc Holdings,CONSULTANT,Singapore,REG-BU260ZHE27,HIGH,2015-07-21,BLACKLISTED
VND-04341,UltraVista Technologies LLC,SERVICE_PROVIDER,UAE,REG-FO567SIR07,LOW,2023-05-31,ACTIVE
VND-04342,LucentBridge Technologies LLC,LOGISTICS,Australia,REG-UZ129GNK23,LOW,2019-11-29,ACTIVE
VND-04343,JetStream Analytics Group,CONTRACTOR,Japan,REG-QX123MPL77,LOW,2022-03-01,ACTIVE
VND-04344,SilverPath Holdings,SERVICE_PROVIDER,China,REG-FA841GCA33,LOW,2019-08-15,ACTIVE
VND-04345,XpressCore Dynamics Group,LOGISTICS,Singapore,REG-EW580COZ79,MEDIUM,2024-03-10,ACTIVE
VND-04346,TrueNorth Services Inc,SUPPLIER,Singapore,REG-RC651FCD06,MEDIUM,2015-03-30,ACTIVE
VND-04347,UltraVista Technologies International,LOGISTICS,France,REG-HU838RGM47,LOW,2017-06-14,ACTIVE
VND-04348,HarborLight Services Holdings,SERVICE_PROVIDER,Canada,REG-DN034BVQ85,LOW,2021-07-13,ACTIVE
VND-04349,MomentumCore Corp LLC,CONSULTANT,Australia,REG-IE404LGD49,LOW,2022-07-04,ACTIVE
VND-04350,JadeCore Solutions Inc,CONSULTANT,United States,REG-JG903PYQ17,LOW,2023-05-02,ACTIVE
VND-04351,VertiLink Distributors Ltd,MANUFACTURER,India,REG-FV643HUV16,LOW,2019-02-17,ACTIVE
VND-04352,OmegaLink Systems Group,CONTRACTOR,United States,REG-CJ984JQK44,LOW,2016-12-18,BLACKLISTED
VND-04353,XcelPath Networks,CONTRACTOR,Japan,REG-LO593CDO03,LOW,2021-03-02,BLACKLISTED
VND-04354,LucentBridge Technologies International,SERVICE_PROVIDER,United States,REG-BN560NXD52,MEDIUM,2023-12-09,ACTIVE
VND-04355,TrueNorth Services Holdings,SERVICE_PROVIDER,France,REG-IM152MQN30,HIGH,2023-11-30,BLACKLISTED
VND-04356,VoltEdge Solutions,MANUFACTURER,Japan,REG-MK663PWZ30,MEDIUM,2018-11-15,ACTIVE
VND-04357,PeakVault Services,SERVICE_PROVIDER,India,REG-CM540PLH30,LOW,2022-01-12,ACTIVE
VND-04358,NexPoint Analytics,SUPPLIER,Australia,REG-NK540BHJ27,MEDIUM,2019-10-06,INACTIVE
VND-04359,KineticBlue Ltd Group,DISTRIBUTOR,United States,REG-UA953BSI18,LOW,2015-11-12,ACTIVE
VND-04360,PeakVault Services Inc,SUPPLIER,United Kingdom,REG-WS318YHI20,LOW,2018-03-20,ACTIVE
VND-04361,RedPoint Consulting LLC,SERVICE_PROVIDER,United States,REG-KP048DWT10,MEDIUM,2020-05-18,ACTIVE
VND-04362,JadeCore Solutions Group,SERVICE_PROVIDER,Australia,REG-WC847WFM38,MEDIUM,2022-10-13,ACTIVE
VND-04363,InnoCore Dynamics Ltd,MANUFACTURER,United States,REG-RT739VOR82,LOW,2024-02-02,ACTIVE
VND-04364,OpenBridge Systems Group,LOGISTICS,United States,REG-FI538KFJ15,LOW,2017-04-04,ACTIVE
VND-04365,Epsilon_Group LLC,MANUFACTURER,United States,REG-IL382WGG64,MEDIUM,2018-11-25,ACTIVE
VND-04366,YieldPoint Partners LLC,CONSULTANT,United States,REG-RA525XHY57,LOW,2024-03-09,ACTIVE
VND-04367,YieldPoint Partners International,SUPPLIER,Brazil,REG-CP815DGH59,LOW,2020-02-26,ACTIVE
VND-04368,Acuity Systems International,SUPPLIER,United States,REG-QV969GDY54,MEDIUM,2015-11-16,BLACKLISTED
VND-04369,PrimeAxis Corp Holdings,LOGISTICS,United States,REG-JS150LVH48,CRITICAL,2016-12-13,BLACKLISTED
VND-04370,InnoCore Dynamics Group,MANUFACTURER,United Kingdom,REG-PQ508SAT92,LOW,2022-08-17,ACTIVE
VND-04371,CoreVault Systems,MANUFACTURER,Australia,REG-CA403MXW50,LOW,2017-05-05,ACTIVE
VND-04372,Acuity Systems International,DISTRIBUTOR,United States,REG-GG593EDG55,HIGH,2019-01-06,ACTIVE
VND-04373,NexPoint Analytics,CONSULTANT,Japan,REG-TC227XCO75,LOW,2018-09-03,ACTIVE
VND-04374,HarborLight Services Holdings,SUPPLIER,South Africa,REG-LX774STH59,LOW,2018-04-18,ACTIVE
VND-04375,Epsilon_Group Holdings,SERVICE_PROVIDER,India,REG-SV238LZZ72,LOW,2015-09-14,ACTIVE
VND-04376,BlueStar Procurement Holdings,LOGISTICS,Canada,REG-CB379FDT79,MEDIUM,2016-07-27,INACTIVE
VND-04377,YieldPoint Partners Group,LOGISTICS,United States,REG-JT455KSV94,MEDIUM,2020-06-28,ACTIVE
VND-04378,LucentBridge Technologies Inc,CONTRACTOR,Ireland,REG-BI674MRK16,LOW,2023-06-01,ACTIVE
VND-04379,VertiLink Distributors Holdings,LOGISTICS,United Kingdom,REG-VX567LOV12,LOW,2021-07-14,ACTIVE
VND-04380,ClearPath Logistics International,LOGISTICS,United States,REG-QN027UYB67,LOW,2017-12-12,ACTIVE
VND-04381,NorthBridge Supplies Inc,LOGISTICS,China,REG-FJ641REZ22,LOW,2023-11-22,ACTIVE
VND-04382,WavePath Inc,CONTRACTOR,United States,REG-HS531OMR45,LOW,2018-10-02,INACTIVE
VND-04383,Beta_Supplies Inc,LOGISTICS,India,REG-SX170VJP05,MEDIUM,2018-01-15,BLACKLISTED
VND-04384,JadeCore Solutions International,CONSULTANT,United Kingdom,REG-XB455ZLH95,HIGH,2020-05-24,ACTIVE
VND-04385,KryptonPath Ltd,SERVICE_PROVIDER,India,REG-YQ683ESW35,LOW,2018-05-16,ACTIVE
VND-04386,XcelPath Networks Holdings,MANUFACTURER,United States,REG-YN668WWA08,HIGH,2019-03-29,ACTIVE
VND-04387,LucentBridge Technologies Inc,CONSULTANT,Germany,REG-AW491TDS08,LOW,2017-03-21,ACTIVE
VND-04388,Alpha_Inc Ltd,DISTRIBUTOR,Netherlands,REG-VR317EJU15,LOW,2020-02-19,ACTIVE
VND-04389,NorthBridge Supplies,LOGISTICS,United States,REG-OO219ZJY79,LOW,2016-07-02,ACTIVE
VND-04390,SilverPath Holdings Group,SERVICE_PROVIDER,Ireland,REG-CH093KHG16,LOW,2019-12-11,ACTIVE
VND-04391,MeridianTech,DISTRIBUTOR,Canada,REG-XX850YWJ10,LOW,2022-10-31,ACTIVE
VND-04392,VoltEdge Solutions LLC,SERVICE_PROVIDER,India,REG-XN391LCK11,LOW,2021-01-04,ACTIVE
VND-04393,FlowBridge Inc Holdings,SUPPLIER,India,REG-TM640RRU09,LOW,2016-01-13,ACTIVE
VND-04394,Acuity Systems Group,SUPPLIER,United States,REG-FL339CLA63,LOW,2022-01-29,ACTIVE
VND-04395,JadeCore Solutions International,SUPPLIER,South Africa,REG-KP388EJI78,LOW,2016-02-03,ACTIVE
VND-04396,UltraVista Technologies International,CONSULTANT,Germany,REG-CH938GWW44,LOW,2018-05-18,ACTIVE
VND-04397,Acuity Systems LLC,MANUFACTURER,United States,REG-VR676ZIV63,MEDIUM,2021-02-22,ACTIVE
VND-04398,LucentBridge Technologies LLC,CONSULTANT,United States,REG-SF083LSL48,LOW,2017-03-21,ACTIVE
VND-04399,UnityCore Technologies LLC,SUPPLIER,Singapore,REG-JU664ATR74,LOW,2017-03-14,ACTIVE
VND-04400,DeltaPath Logistics Group,SERVICE_PROVIDER,Germany,REG-XR047WKW83,LOW,2020-08-19,ACTIVE
VND-04401,VertiLink Distributors LLC,MANUFACTURER,Germany,REG-CM796YPU63,HIGH,2015-03-19,INACTIVE
VND-04402,SilverPath Holdings LLC,SUPPLIER,India,REG-TR818NKK77,HIGH,2016-01-27,ACTIVE
VND-04403,Acuity Systems International,SUPPLIER,Germany,REG-TQ468YNN71,MEDIUM,2015-05-31,ACTIVE
VND-04404,LucentBridge Technologies Ltd,SUPPLIER,United States,REG-ZU995VZB31,LOW,2016-08-03,ACTIVE
VND-04405,PrimeAxis Corp Group,DISTRIBUTOR,United States,REG-RA642JOY39,CRITICAL,2023-04-20,BLACKLISTED
VND-04406,RedPoint Consulting,CONTRACTOR,United Kingdom,REG-RX908LYY96,LOW,2015-05-10,ACTIVE
VND-04407,LatticeCore Partners LLC,SUPPLIER,Canada,REG-LI681KYY18,MEDIUM,2016-12-22,ACTIVE
VND-04408,GlobalNex Corp LLC,DISTRIBUTOR,United States,REG-JF232ILD46,LOW,2023-04-16,ACTIVE
VND-04409,NorthBridge Supplies Holdings,CONTRACTOR,United Kingdom,REG-TJ373XRD37,MEDIUM,2020-12-28,ACTIVE
VND-04410,OmegaLink Systems LLC,CONTRACTOR,United Kingdom,REG-FT613THU86,LOW,2016-12-14,ACTIVE
VND-04411,HarborLight Services Inc,CONSULTANT,India,REG-YV783ULY04,LOW,2017-05-29,INACTIVE
VND-04412,Beta_Supplies Inc,MANUFACTURER,India,REG-GY576JRA57,MEDIUM,2019-08-14,ACTIVE
VND-04413,LatticeCore Partners Ltd,CONTRACTOR,India,REG-ZO055VEP12,LOW,2019-06-26,ACTIVE
VND-04414,Apex Solutions Group,DISTRIBUTOR,Netherlands,REG-NA644OKD94,LOW,2017-12-16,ACTIVE
VND-04415,LatticeCore Partners LLC,MANUFACTURER,Brazil,REG-BW056MQZ14,LOW,2015-08-12,ACTIVE
VND-04416,XpressCore Dynamics International,MANUFACTURER,France,REG-JF420RGB04,HIGH,2022-02-20,ACTIVE
VND-04417,PrimeAxis Corp Holdings,DISTRIBUTOR,China,REG-ID747PUF15,LOW,2022-06-04,ACTIVE
VND-04418,NexPoint Analytics International,CONSULTANT,Germany,REG-QQ919BZV85,LOW,2024-04-24,ACTIVE
VND-04419,VertiLink Distributors LLC,SERVICE_PROVIDER,Singapore,REG-UJ651UDI33,LOW,2016-12-28,ACTIVE
VND-04420,Epsilon_Group,SERVICE_PROVIDER,Canada,REG-TK143GEB22,LOW,2017-12-31,ACTIVE
VND-04421,PrimeAxis Corp Inc,DISTRIBUTOR,United States,REG-ST632DXR79,HIGH,2022-03-04,ACTIVE
VND-04422,TrueNorth Services,SERVICE_PROVIDER,Canada,REG-AZ233CVZ81,LOW,2017-12-27,ACTIVE
VND-04423,LucentBridge Technologies LLC,CONSULTANT,India,REG-CX891JIM70,LOW,2019-02-28,ACTIVE
VND-04424,RedPoint Consulting Inc,SERVICE_PROVIDER,Germany,REG-PX184SLX57,MEDIUM,2019-06-02,ACTIVE
VND-04425,JadeCore Solutions Ltd,MANUFACTURER,Singapore,REG-VI659EBT90,LOW,2022-11-02,ACTIVE
VND-04426,YellowBridge Partners Ltd,CONTRACTOR,India,REG-GH259ZSN96,LOW,2021-03-08,ACTIVE
VND-04427,UnityCore Technologies Inc,SERVICE_PROVIDER,Brazil,REG-AO583EEU04,LOW,2019-05-10,ACTIVE
VND-04428,EcoVenture Supplies,MANUFACTURER,Australia,REG-EA513MWJ06,LOW,2016-10-03,ACTIVE
VND-04429,Acuity Systems Group,MANUFACTURER,China,REG-DS216VZM89,MEDIUM,2023-05-10,ACTIVE
VND-04430,NorthBridge Supplies LLC,SERVICE_PROVIDER,China,REG-JC714SPF73,HIGH,2018-03-19,ACTIVE
VND-04431,PrimeAxis Corp LLC,SUPPLIER,Singapore,REG-ZF927LAB43,LOW,2021-06-24,ACTIVE
VND-04432,IronPoint Manufacturing Group,DISTRIBUTOR,France,REG-OM656ZFA02,MEDIUM,2018-04-27,ACTIVE
VND-04433,MomentumCore Corp Inc,DISTRIBUTOR,United States,REG-WJ558QDU06,LOW,2023-07-06,ACTIVE
VND-04434,OmegaLink Systems LLC,SUPPLIER,United States,REG-ID552RPZ67,LOW,2020-08-10,ACTIVE
VND-04435,PeakVault Services Group,SERVICE_PROVIDER,United States,REG-HA702AWV75,LOW,2022-10-16,ACTIVE
VND-04436,Delta_Logistics Group,CONSULTANT,Canada,REG-LA687UDE06,LOW,2020-04-25,ACTIVE
VND-04437,YellowBridge Partners Inc,SUPPLIER,United States,REG-YD121SMM81,LOW,2023-09-03,ACTIVE
VND-04438,Gamma_Co International,MANUFACTURER,United States,REG-ZO235WSO39,LOW,2021-03-18,ACTIVE
VND-04439,VoltEdge Solutions Holdings,CONSULTANT,United States,REG-UL054SUF84,LOW,2021-06-08,ACTIVE
VND-04440,SilverPath Holdings International,CONSULTANT,Brazil,REG-LS657MJG07,LOW,2023-10-16,ACTIVE
VND-04441,ClearPath Logistics International,CONTRACTOR,Ireland,REG-LZ830RQA24,MEDIUM,2017-01-23,ACTIVE
VND-04442,LucentBridge Technologies Inc,CONSULTANT,Canada,REG-BJ855UCT19,LOW,2022-02-05,ACTIVE
VND-04443,XpressCore Dynamics International,LOGISTICS,United Kingdom,REG-GC115XUG48,MEDIUM,2017-04-20,ACTIVE
VND-04444,WavePath Inc Ltd,DISTRIBUTOR,Japan,REG-ZX093XUP34,LOW,2024-01-17,ACTIVE
VND-04445,ZenithBridge Corp Inc,CONTRACTOR,Netherlands,REG-UE363TXX30,MEDIUM,2021-06-03,ACTIVE
VND-04446,RapidCore Consulting,MANUFACTURER,Singapore,REG-KI437SHZ00,MEDIUM,2017-01-13,ACTIVE
VND-04447,SilverPath Holdings Ltd,SUPPLIER,Japan,REG-OP437JGY70,MEDIUM,2020-02-28,ACTIVE
VND-04448,BridgeTech Consulting International,DISTRIBUTOR,United Kingdom,REG-HL704VTS70,LOW,2022-08-25,INACTIVE
VND-04449,HarborLight Services,SERVICE_PROVIDER,United States,REG-OK928VEF33,LOW,2016-03-05,ACTIVE
VND-04450,KryptonPath Ltd,SERVICE_PROVIDER,India,REG-GD785YMC68,LOW,2016-04-10,ACTIVE
VND-04451,LucentBridge Technologies,LOGISTICS,United States,REG-FV505PSX91,LOW,2023-07-16,ACTIVE
VND-04452,RedPoint Consulting Group,MANUFACTURER,Singapore,REG-RW930UXL10,LOW,2020-05-04,ACTIVE
VND-04453,NorthBridge Supplies LLC,DISTRIBUTOR,United States,REG-PT169PEF83,MEDIUM,2018-01-25,ACTIVE
VND-04454,IronPoint Manufacturing Inc,CONTRACTOR,United States,REG-BH936MTQ47,LOW,2022-10-02,ACTIVE
VND-04455,BlueStar Procurement International,CONSULTANT,United States,REG-WJ406VVK54,MEDIUM,2021-09-25,BLACKLISTED
VND-04456,IronPoint Manufacturing,SERVICE_PROVIDER,United States,REG-YX357AKQ07,LOW,2016-02-29,ACTIVE
VND-04457,UnityCore Technologies Ltd,MANUFACTURER,United States,REG-PU620BJP78,HIGH,2022-06-08,ACTIVE
VND-04458,TrueNorth Services LLC,SUPPLIER,United States,REG-AB271WIO92,MEDIUM,2016-10-23,ACTIVE
VND-04459,Acuity Systems Inc,SUPPLIER,Singapore,REG-GB611VHB86,LOW,2019-09-05,ACTIVE
VND-04460,WavePath Inc,DISTRIBUTOR,United States,REG-PE936LRK09,HIGH,2021-12-17,BLACKLISTED
VND-04461,Epsilon_Group Inc,CONTRACTOR,Netherlands,REG-DM081IFS70,LOW,2017-04-01,ACTIVE
VND-04462,TrueNorth Services Ltd,CONSULTANT,United States,REG-ZQ628QSH05,MEDIUM,2017-12-05,INACTIVE
VND-04463,BlueStar Procurement,SERVICE_PROVIDER,China,REG-FR777QLD70,LOW,2022-10-19,ACTIVE
VND-04464,Beta_Supplies Ltd,CONSULTANT,UAE,REG-GK268VBP21,CRITICAL,2016-02-13,ACTIVE
VND-04465,Alpha_Inc International,LOGISTICS,United States,REG-FC964MOU60,LOW,2016-02-10,ACTIVE
VND-04466,InnoCore Dynamics Inc,SUPPLIER,Brazil,REG-LK956JCW91,MEDIUM,2022-11-29,ACTIVE
VND-04467,Gamma_Co,CONTRACTOR,Australia,REG-UK135VQD63,LOW,2016-07-08,ACTIVE
VND-04468,HorizonEdge Inc Ltd,MANUFACTURER,United States,REG-CD489FWG25,LOW,2024-01-03,ACTIVE
VND-04469,Beta_Supplies Ltd,LOGISTICS,Japan,REG-OE674MXI86,LOW,2020-02-25,ACTIVE
VND-04470,FusionCore Analytics LLC,LOGISTICS,South Africa,REG-UF182QGC17,LOW,2015-11-04,ACTIVE
VND-04471,Epsilon_Group Ltd,SERVICE_PROVIDER,Canada,REG-XN477NQR93,LOW,2019-02-18,ACTIVE
VND-04472,MomentumCore Corp,DISTRIBUTOR,United States,REG-PX584YML38,LOW,2017-09-05,ACTIVE
VND-04473,TrueNorth Services Ltd,MANUFACTURER,Canada,REG-JX971CFN25,LOW,2016-03-31,ACTIVE
VND-04474,SilverPath Holdings Group,MANUFACTURER,United States,REG-OK306HJY46,LOW,2017-10-18,ACTIVE
VND-04475,DeltaPath Logistics,CONSULTANT,United States,REG-AL719KMN19,LOW,2022-12-18,ACTIVE
VND-04476,DeltaPath Logistics International,MANUFACTURER,Singapore,REG-PW530JEJ31,HIGH,2021-09-10,ACTIVE
VND-04477,EdgeWave Technologies International,CONTRACTOR,Germany,REG-IG305ZVU68,HIGH,2021-02-22,ACTIVE
VND-04478,LatticeCore Partners Inc,SERVICE_PROVIDER,India,REG-VL753BSK35,LOW,2022-05-10,BLACKLISTED
VND-04479,OpenBridge Systems Holdings,SERVICE_PROVIDER,United States,REG-FQ029EGH48,MEDIUM,2018-03-05,ACTIVE
VND-04480,IronPoint Manufacturing Ltd,DISTRIBUTOR,India,REG-LQ128LMS26,HIGH,2022-11-26,ACTIVE
VND-04481,WaveCore Manufacturing International,DISTRIBUTOR,India,REG-KZ517IIL39,LOW,2019-05-19,ACTIVE
VND-04482,MomentumCore Corp Group,SUPPLIER,Canada,REG-BV317AYP78,LOW,2015-08-28,INACTIVE
VND-04483,TitanPath Holdings LLC,SERVICE_PROVIDER,Australia,REG-UU947ESQ50,LOW,2018-10-27,BLACKLISTED
VND-04484,ZenithBridge Corp Group,CONTRACTOR,Netherlands,REG-TN779EIQ17,LOW,2019-02-06,ACTIVE
VND-04485,LatticeCore Partners International,MANUFACTURER,United States,REG-WP434GSE53,LOW,2022-02-26,ACTIVE
VND-04486,InnoCore Dynamics Inc,CONTRACTOR,Singapore,REG-LJ157DKD50,LOW,2022-04-30,ACTIVE
VND-04487,Apex Solutions International,MANUFACTURER,United States,REG-YL948SXC03,LOW,2015-04-03,ACTIVE
VND-04488,PeakVault Services Holdings,LOGISTICS,United Kingdom,REG-MM562KGA94,LOW,2016-03-31,ACTIVE
VND-04489,GreenBridge Consulting LLC,LOGISTICS,United Kingdom,REG-IU867UBZ08,LOW,2019-09-21,ACTIVE
VND-04490,GreenBridge Consulting International,LOGISTICS,United States,REG-RZ943GDY94,LOW,2023-09-22,ACTIVE
VND-04491,OpenBridge Systems Inc,SERVICE_PROVIDER,UAE,REG-XV104LEQ27,MEDIUM,2019-08-14,ACTIVE
VND-04492,Delta_Logistics Inc,SERVICE_PROVIDER,United States,REG-JH935AGH49,LOW,2016-02-15,ACTIVE
VND-04493,Acuity Systems Group,DISTRIBUTOR,United States,REG-NN188PHN96,LOW,2017-02-26,ACTIVE
VND-04494,RapidCore Consulting Group,CONSULTANT,United States,REG-UN293HTY57,LOW,2016-07-27,ACTIVE
VND-04495,JadeCore Solutions Group,SUPPLIER,UAE,REG-TF811CMT15,LOW,2018-03-08,ACTIVE
VND-04496,JetStream Analytics Ltd,CONTRACTOR,South Africa,REG-AS756RKY01,LOW,2017-02-27,ACTIVE
VND-04497,Apex Solutions Holdings,SUPPLIER,China,REG-AK245ALH54,LOW,2016-01-13,ACTIVE
VND-04498,HarborLight Services Group,LOGISTICS,United States,REG-TS354KJQ69,LOW,2019-03-08,ACTIVE
VND-04499,WaveCore Manufacturing LLC,LOGISTICS,Germany,REG-FW394CPQ07,MEDIUM,2015-05-02,INACTIVE
VND-04500,ClearPath Logistics Group,LOGISTICS,Ireland,REG-DZ434NVQ66,LOW,2016-11-05,INACTIVE
VND-04501,Gamma_Co,SERVICE_PROVIDER,India,REG-YY700PKH60,LOW,2023-11-17,ACTIVE
VND-04502,RapidCore Consulting Holdings,DISTRIBUTOR,United States,REG-GZ107MVI95,LOW,2020-06-27,ACTIVE
VND-04503,PrimeAxis Corp,DISTRIBUTOR,United States,REG-KK141SOG20,LOW,2016-06-06,ACTIVE
VND-04504,TrueNorth Services,CONTRACTOR,Germany,REG-GC756MVB16,MEDIUM,2021-12-22,ACTIVE
VND-04505,VertiLink Distributors Inc,CONSULTANT,Netherlands,REG-HM418NRM54,LOW,2023-07-07,ACTIVE
VND-04506,PeakVault Services Holdings,SERVICE_PROVIDER,China,REG-HV665MZE02,MEDIUM,2018-03-25,ACTIVE
VND-04507,VoltEdge Solutions LLC,DISTRIBUTOR,United States,REG-CP565NGQ81,LOW,2016-06-11,ACTIVE
VND-04508,SkyBridge Logistics Ltd,CONSULTANT,United States,REG-DT578VLV29,LOW,2021-11-04,ACTIVE
VND-04509,FusionCore Analytics Ltd,MANUFACTURER,United States,REG-LH492PRG21,LOW,2022-03-16,ACTIVE
VND-04510,JadeCore Solutions Ltd,SUPPLIER,United States,REG-RG429HSH99,LOW,2023-09-02,ACTIVE
VND-04511,NexPoint Analytics LLC,SERVICE_PROVIDER,India,REG-XS401TZK38,LOW,2023-01-22,ACTIVE
VND-04512,Gamma_Co LLC,DISTRIBUTOR,China,REG-KA939UJA14,HIGH,2019-07-07,BLACKLISTED
VND-04513,JadeCore Solutions Holdings,SERVICE_PROVIDER,Canada,REG-TC120JDN17,LOW,2018-11-11,ACTIVE
VND-04514,YellowBridge Partners,LOGISTICS,India,REG-GG844HZZ69,LOW,2021-02-09,ACTIVE
VND-04515,Apex Solutions Inc,DISTRIBUTOR,Singapore,REG-SI594JDL81,LOW,2019-09-13,ACTIVE
VND-04516,TrueNorth Services Holdings,DISTRIBUTOR,South Africa,REG-QU913MGA67,LOW,2016-09-19,ACTIVE
VND-04517,YieldPoint Partners,SUPPLIER,Canada,REG-MY449JUH15,MEDIUM,2023-03-01,ACTIVE
VND-04518,OmegaLink Systems International,CONTRACTOR,Canada,REG-DH801UIN13,LOW,2023-06-25,ACTIVE
VND-04519,ZenithBridge Corp Holdings,SERVICE_PROVIDER,Singapore,REG-PS156LIQ82,LOW,2016-08-12,ACTIVE
VND-04520,RapidCore Consulting Ltd,CONTRACTOR,Brazil,REG-LZ022EFO46,LOW,2015-10-11,ACTIVE
VND-04521,WaveCore Manufacturing Group,SUPPLIER,Netherlands,REG-PW320QKP25,MEDIUM,2022-02-14,ACTIVE
VND-04522,ZenithBridge Corp Ltd,CONSULTANT,Japan,REG-EY867BTX07,LOW,2021-11-19,ACTIVE
VND-04523,RedPoint Consulting Holdings,LOGISTICS,France,REG-FO293TBT98,LOW,2020-02-27,ACTIVE
VND-04524,Delta_Logistics Inc,DISTRIBUTOR,India,REG-SF674FIE08,MEDIUM,2015-02-07,ACTIVE
VND-04525,JetStream Analytics Holdings,CONSULTANT,India,REG-SD075BPN24,LOW,2016-12-14,ACTIVE
VND-04526,RedPoint Consulting,MANUFACTURER,United States,REG-TF051JSZ09,LOW,2020-02-05,ACTIVE
VND-04527,VertiLink Distributors Group,DISTRIBUTOR,United States,REG-BW725SEB42,LOW,2019-06-20,ACTIVE
VND-04528,DawnTech Services Holdings,SUPPLIER,Canada,REG-FB893WUW92,LOW,2021-07-23,ACTIVE
VND-04529,Delta_Logistics International,CONSULTANT,India,REG-OJ398QGZ52,LOW,2015-03-03,ACTIVE
VND-04530,PrimeAxis Corp Inc,CONSULTANT,United States,REG-YP828MQO93,LOW,2017-05-22,ACTIVE
VND-04531,MomentumCore Corp Holdings,CONSULTANT,United Kingdom,REG-BE278VCR68,LOW,2019-01-09,ACTIVE
VND-04532,IronPoint Manufacturing Inc,DISTRIBUTOR,Canada,REG-FH235NMX73,MEDIUM,2016-07-24,ACTIVE
VND-04533,Beta_Supplies Group,SERVICE_PROVIDER,Canada,REG-RL931LLR16,LOW,2021-10-14,ACTIVE
VND-04534,NexPoint Analytics Ltd,SERVICE_PROVIDER,United Kingdom,REG-TD135UDW34,LOW,2016-01-07,ACTIVE
VND-04535,KineticBlue Ltd,LOGISTICS,United States,REG-XA070UJJ77,LOW,2016-07-22,ACTIVE
VND-04536,DawnTech Services Ltd,CONSULTANT,United States,REG-NY494ZMY99,LOW,2023-08-17,ACTIVE
VND-04537,LatticeCore Partners International,DISTRIBUTOR,United Kingdom,REG-TA576IXE86,LOW,2019-04-16,ACTIVE
VND-04538,Apex Solutions International,CONSULTANT,Germany,REG-WE380NXQ59,LOW,2017-06-25,BLACKLISTED
VND-04539,HarborLight Services Inc,DISTRIBUTOR,United Kingdom,REG-KX845LVV42,MEDIUM,2017-08-02,BLACKLISTED
VND-04540,YellowBridge Partners Inc,SUPPLIER,United Kingdom,REG-NE133WSG05,LOW,2019-01-07,ACTIVE
VND-04541,RapidCore Consulting Ltd,SUPPLIER,China,REG-VT963GBM51,LOW,2015-07-19,ACTIVE
VND-04542,XcelPath Networks Ltd,SERVICE_PROVIDER,South Africa,REG-RO674ZBO51,LOW,2017-07-13,ACTIVE
VND-04543,Apex Solutions,SUPPLIER,United Kingdom,REG-UB659QEF05,LOW,2022-03-31,ACTIVE
VND-04544,BlueStar Procurement,CONSULTANT,United Kingdom,REG-QI372ASF23,MEDIUM,2019-03-24,ACTIVE
VND-04545,UnityCore Technologies LLC,MANUFACTURER,France,REG-NO870IHI32,MEDIUM,2018-02-24,ACTIVE
VND-04546,WaveCore Manufacturing Ltd,SUPPLIER,Australia,REG-NP817UKW18,LOW,2018-06-20,ACTIVE
VND-04547,JetStream Analytics Group,CONTRACTOR,Germany,REG-IH354EKC75,LOW,2015-01-02,ACTIVE
VND-04548,InnoCore Dynamics LLC,SUPPLIER,Canada,REG-NE596FTM37,MEDIUM,2017-08-17,BLACKLISTED
VND-04549,Alpha_Inc Ltd,SUPPLIER,India,REG-GZ331KPD08,LOW,2023-08-14,ACTIVE
VND-04550,VoltEdge Solutions Holdings,CONSULTANT,Australia,REG-BP659IGG40,LOW,2024-05-24,ACTIVE
VND-04551,NexPoint Analytics Holdings,CONTRACTOR,United Kingdom,REG-XT036FRC48,LOW,2023-06-28,ACTIVE
VND-04552,GlobalNex Corp,SERVICE_PROVIDER,France,REG-TE021TQB82,LOW,2022-07-07,ACTIVE
VND-04553,BlueStar Procurement Holdings,CONTRACTOR,United Kingdom,REG-HQ817BEB02,LOW,2015-08-28,ACTIVE
VND-04554,XpressCore Dynamics International,CONSULTANT,United States,REG-LW878ESK73,LOW,2015-10-02,ACTIVE
VND-04555,FlowBridge Inc,MANUFACTURER,Germany,REG-QI997BRM03,MEDIUM,2022-11-08,ACTIVE
VND-04556,RapidCore Consulting,MANUFACTURER,Japan,REG-TT474IGC33,LOW,2023-12-10,ACTIVE
VND-04557,EdgeWave Technologies LLC,SERVICE_PROVIDER,France,REG-SZ651AEA00,LOW,2016-04-11,ACTIVE
VND-04558,ClearPath Logistics,MANUFACTURER,France,REG-VX413VVD13,LOW,2019-05-02,ACTIVE
VND-04559,PrimeAxis Corp Group,CONSULTANT,France,REG-WJ942RRI07,LOW,2016-09-11,ACTIVE
VND-04560,JetStream Analytics,SERVICE_PROVIDER,Japan,REG-IQ395FFY67,LOW,2016-07-19,ACTIVE
VND-04561,GreenBridge Consulting Holdings,CONSULTANT,France,REG-JF189TJD89,LOW,2019-08-24,ACTIVE
VND-04562,JetStream Analytics Ltd,CONSULTANT,United States,REG-EN767GED75,LOW,2018-06-30,ACTIVE
VND-04563,PrimeAxis Corp International,CONTRACTOR,India,REG-FI123KON98,LOW,2024-04-23,ACTIVE
VND-04564,TitanPath Holdings Group,MANUFACTURER,United States,REG-EO720CRX48,LOW,2017-09-23,ACTIVE
VND-04565,WaveCore Manufacturing Ltd,MANUFACTURER,Netherlands,REG-VG194AGZ55,LOW,2022-05-22,ACTIVE
VND-04566,NorthBridge Supplies Group,LOGISTICS,UAE,REG-IJ173RBF41,MEDIUM,2020-05-14,ACTIVE
VND-04567,RapidCore Consulting Ltd,LOGISTICS,France,REG-OO964YGW03,MEDIUM,2017-04-06,ACTIVE
VND-04568,VertiLink Distributors Group,CONSULTANT,United States,REG-MK758GXI59,LOW,2020-11-15,ACTIVE
VND-04569,RapidCore Consulting Inc,LOGISTICS,Canada,REG-XR536TMM20,LOW,2015-05-05,ACTIVE
VND-04570,BlueStar Procurement International,CONSULTANT,Singapore,REG-RK392UQB71,MEDIUM,2018-04-14,ACTIVE
VND-04571,OmegaLink Systems Inc,SUPPLIER,United States,REG-DA638IDV56,LOW,2019-02-19,ACTIVE
VND-04572,UltraVista Technologies Holdings,LOGISTICS,India,REG-JQ715RLD37,LOW,2017-06-22,BLACKLISTED
VND-04573,SkyBridge Logistics International,LOGISTICS,Canada,REG-RU555RSW53,LOW,2018-07-10,ACTIVE
VND-04574,QuantumEdge Solutions Ltd,DISTRIBUTOR,India,REG-DD078SGH96,LOW,2019-12-13,INACTIVE
VND-04575,RedPoint Consulting Inc,DISTRIBUTOR,India,REG-WC892VCD21,LOW,2023-12-30,ACTIVE
VND-04576,BridgeTech Consulting Holdings,MANUFACTURER,United States,REG-TF204WEH09,MEDIUM,2019-07-25,ACTIVE
VND-04577,LucentBridge Technologies Group,SERVICE_PROVIDER,Germany,REG-XQ246FIS17,LOW,2021-05-13,INACTIVE
VND-04578,Epsilon_Group,LOGISTICS,United States,REG-JB041AEF04,LOW,2016-08-08,ACTIVE
VND-04579,XpressCore Dynamics International,MANUFACTURER,France,REG-BI864XST42,MEDIUM,2019-09-08,ACTIVE
VND-04580,WavePath Inc Holdings,SUPPLIER,South Africa,REG-AE704FHZ98,LOW,2022-11-16,ACTIVE
VND-04581,QuantumEdge Solutions LLC,LOGISTICS,United States,REG-XA018OPK77,LOW,2018-01-08,ACTIVE
VND-04582,TrueNorth Services International,MANUFACTURER,Canada,REG-OY570WBD44,LOW,2023-10-11,ACTIVE
VND-04583,Alpha_Inc Group,SERVICE_PROVIDER,Australia,REG-XH324KNE66,HIGH,2018-04-13,ACTIVE
VND-04584,Epsilon_Group LLC,MANUFACTURER,United States,REG-QZ490OGG30,LOW,2022-06-29,ACTIVE
VND-04585,FusionCore Analytics LLC,SERVICE_PROVIDER,United States,REG-LK779JQZ98,LOW,2021-05-12,ACTIVE
VND-04586,SilverPath Holdings LLC,SUPPLIER,Australia,REG-SH924HGR70,LOW,2022-05-08,ACTIVE
VND-04587,NexPoint Analytics Ltd,SUPPLIER,India,REG-XS301PIP86,LOW,2016-07-02,ACTIVE
VND-04588,JetStream Analytics Inc,CONSULTANT,Australia,REG-GG145YHK65,LOW,2017-09-22,ACTIVE
VND-04589,TitanPath Holdings,MANUFACTURER,India,REG-DB759PRP17,LOW,2021-05-13,ACTIVE
VND-04590,ZenithBridge Corp International,LOGISTICS,Australia,REG-YZ743RES25,LOW,2019-06-28,ACTIVE
VND-04591,OpenBridge Systems Group,CONSULTANT,Netherlands,REG-UF053PQJ62,LOW,2022-07-11,ACTIVE
VND-04592,EdgeWave Technologies Group,LOGISTICS,United States,REG-GO311EHL54,LOW,2023-11-26,ACTIVE
VND-04593,DeltaPath Logistics LLC,DISTRIBUTOR,India,REG-FG020PVZ60,LOW,2022-07-31,ACTIVE
VND-04594,YieldPoint Partners Inc,LOGISTICS,UAE,REG-IL930ERT05,LOW,2017-11-02,ACTIVE
VND-04595,NorthBridge Supplies International,MANUFACTURER,China,REG-VW426XMJ73,LOW,2020-01-23,BLACKLISTED
VND-04596,GreenBridge Consulting Group,DISTRIBUTOR,South Africa,REG-HA425GRU61,LOW,2022-10-02,ACTIVE
VND-04597,OpenBridge Systems,CONSULTANT,Canada,REG-VJ999AYS44,LOW,2022-10-27,ACTIVE
VND-04598,SkyBridge Logistics Holdings,CONTRACTOR,Singapore,REG-NC184WXU55,LOW,2021-10-20,ACTIVE
VND-04599,BridgeTech Consulting Ltd,SERVICE_PROVIDER,India,REG-UP826NXD82,MEDIUM,2019-02-26,ACTIVE
VND-04600,HarborLight Services Inc,CONSULTANT,India,REG-QT814CLZ99,LOW,2017-02-08,ACTIVE
VND-04601,FlowBridge Inc Ltd,CONTRACTOR,United States,REG-XL323OWG58,LOW,2017-05-31,ACTIVE
VND-04602,Apex Solutions,CONTRACTOR,India,REG-HB035VBZ28,MEDIUM,2016-03-19,BLACKLISTED
VND-04603,Alpha_Inc Ltd,MANUFACTURER,Ireland,REG-FL750ROC78,LOW,2023-01-09,ACTIVE
VND-04604,NorthBridge Supplies Ltd,DISTRIBUTOR,China,REG-WL354RTS42,LOW,2023-03-25,ACTIVE
VND-04605,CoreVault Systems Holdings,MANUFACTURER,United States,REG-SX777RKY74,LOW,2017-11-11,ACTIVE
VND-04606,PrimeAxis Corp,SERVICE_PROVIDER,Canada,REG-BS493ZDD04,LOW,2018-11-28,ACTIVE
VND-04607,SkyBridge Logistics Group,CONTRACTOR,United Kingdom,REG-GI606YTI98,MEDIUM,2024-05-07,ACTIVE
VND-04608,RedPoint Consulting Ltd,CONSULTANT,France,REG-ZN627FDL55,LOW,2022-03-29,ACTIVE
VND-04609,GreenBridge Consulting,SUPPLIER,Japan,REG-BL385GIH46,LOW,2017-03-18,ACTIVE
VND-04610,ZenithBridge Corp Ltd,SERVICE_PROVIDER,India,REG-XQ040ZWU72,LOW,2018-07-25,ACTIVE
VND-04611,Gamma_Co International,CONTRACTOR,United States,REG-WB396DKN01,LOW,2021-02-26,ACTIVE
VND-04612,CoreVault Systems Group,LOGISTICS,United States,REG-CK324JZI70,LOW,2020-03-09,ACTIVE
VND-04613,TitanPath Holdings Ltd,MANUFACTURER,United Kingdom,REG-HR517ZXD43,LOW,2022-03-30,ACTIVE
VND-04614,FlowBridge Inc,DISTRIBUTOR,Canada,REG-VR325SXL03,LOW,2019-02-07,ACTIVE
VND-04615,BlueStar Procurement,DISTRIBUTOR,China,REG-QR439JDJ88,LOW,2015-12-15,ACTIVE
VND-04616,ClearPath Logistics Holdings,MANUFACTURER,Netherlands,REG-FY952FLQ36,LOW,2021-06-30,ACTIVE
VND-04617,Acuity Systems,LOGISTICS,United States,REG-MS964VWT54,LOW,2020-05-05,ACTIVE
VND-04618,VertiLink Distributors Ltd,CONTRACTOR,United Kingdom,REG-LC957UMU81,MEDIUM,2017-04-29,ACTIVE
VND-04619,EdgeWave Technologies Ltd,SERVICE_PROVIDER,Germany,REG-UG174HOI27,LOW,2018-11-25,ACTIVE
VND-04620,XcelPath Networks Group,CONSULTANT,India,REG-MN240ZQI23,LOW,2019-02-02,ACTIVE
VND-04621,XpressCore Dynamics Ltd,CONTRACTOR,United Kingdom,REG-RT761BXQ76,LOW,2016-10-30,ACTIVE
VND-04622,GlobalNex Corp International,MANUFACTURER,France,REG-QX404GFK65,LOW,2023-09-17,ACTIVE
VND-04623,SkyBridge Logistics Holdings,LOGISTICS,India,REG-HB863WAI81,LOW,2021-01-18,ACTIVE
VND-04624,FusionCore Analytics Ltd,SUPPLIER,United Kingdom,REG-EX289PSR20,HIGH,2017-05-02,ACTIVE
VND-04625,VertiLink Distributors Group,LOGISTICS,Australia,REG-TI595CXA28,LOW,2016-10-07,ACTIVE
VND-04626,BlueStar Procurement Ltd,LOGISTICS,Ireland,REG-NN774USQ23,LOW,2021-04-13,ACTIVE
VND-04627,OpenBridge Systems Holdings,MANUFACTURER,United States,REG-TC337HNM32,LOW,2024-02-04,ACTIVE
VND-04628,HorizonEdge Inc Holdings,SERVICE_PROVIDER,United States,REG-HC692AIY15,LOW,2018-05-13,ACTIVE
VND-04629,IronPoint Manufacturing International,CONSULTANT,United States,REG-QM077OOQ21,HIGH,2024-03-05,ACTIVE
VND-04630,EcoVenture Supplies Group,LOGISTICS,United States,REG-NF869EXW65,LOW,2023-02-05,ACTIVE
VND-04631,OmegaLink Systems Ltd,LOGISTICS,United Kingdom,REG-LA731JKJ05,LOW,2023-01-07,ACTIVE
VND-04632,EcoVenture Supplies International,LOGISTICS,United States,REG-BQ318ZKX73,HIGH,2023-05-18,INACTIVE
VND-04633,SilverPath Holdings Group,CONSULTANT,France,REG-DC079OGI33,LOW,2018-07-30,ACTIVE
VND-04634,MeridianTech,DISTRIBUTOR,United States,REG-VT973HVD41,LOW,2023-10-01,ACTIVE
VND-04635,JetStream Analytics,LOGISTICS,United States,REG-HJ275AIT90,LOW,2015-07-16,ACTIVE
VND-04636,MeridianTech Holdings,CONTRACTOR,France,REG-JL009BJP07,MEDIUM,2022-07-28,ACTIVE
VND-04637,DeltaPath Logistics Holdings,MANUFACTURER,France,REG-LW712RWL18,LOW,2023-04-15,ACTIVE
VND-04638,ClearPath Logistics International,LOGISTICS,Japan,REG-XC395IPN96,MEDIUM,2016-01-20,ACTIVE
VND-04639,BlueStar Procurement,DISTRIBUTOR,Brazil,REG-UD159WHD98,MEDIUM,2022-08-08,ACTIVE
VND-04640,XcelPath Networks LLC,SERVICE_PROVIDER,Germany,REG-KM579AJH03,LOW,2021-11-03,ACTIVE
VND-04641,DawnTech Services International,SUPPLIER,South Africa,REG-SE806DVA09,MEDIUM,2018-04-27,ACTIVE
VND-04642,HorizonEdge Inc,CONSULTANT,India,REG-DC241GOI30,LOW,2017-08-18,ACTIVE
VND-04643,NexPoint Analytics LLC,CONSULTANT,United Kingdom,REG-UV675RIV87,MEDIUM,2019-02-10,ACTIVE
VND-04644,InnoCore Dynamics LLC,MANUFACTURER,Canada,REG-TV095CSN91,HIGH,2019-04-05,BLACKLISTED
VND-04645,MeridianTech LLC,CONSULTANT,United States,REG-NS723RZI66,LOW,2017-01-16,ACTIVE
VND-04646,PrimeAxis Corp Ltd,SUPPLIER,Australia,REG-GI728HSX65,LOW,2022-11-21,ACTIVE
VND-04647,EcoVenture Supplies LLC,SERVICE_PROVIDER,United States,REG-RW204QUC38,LOW,2017-09-23,ACTIVE
VND-04648,Alpha_Inc LLC,SUPPLIER,United States,REG-YQ462QMS17,MEDIUM,2021-07-31,ACTIVE
VND-04649,WavePath Inc LLC,SUPPLIER,United States,REG-BY939TWY41,HIGH,2016-01-29,ACTIVE
VND-04650,JetStream Analytics International,SUPPLIER,Netherlands,REG-RJ740RSA78,LOW,2015-02-06,ACTIVE
VND-04651,JadeCore Solutions Ltd,CONSULTANT,India,REG-CR985NEW85,LOW,2023-01-18,ACTIVE
VND-04652,MomentumCore Corp International,LOGISTICS,United Kingdom,REG-PJ106BSF67,MEDIUM,2021-03-28,INACTIVE
VND-04653,GreenBridge Consulting LLC,CONTRACTOR,France,REG-CI879NUN39,LOW,2017-04-27,ACTIVE
VND-04654,GlobalNex Corp Holdings,SERVICE_PROVIDER,France,REG-RK770NHB12,MEDIUM,2021-05-25,ACTIVE
VND-04655,YieldPoint Partners Group,DISTRIBUTOR,Singapore,REG-QP459CIA82,LOW,2022-12-21,ACTIVE
VND-04656,SilverPath Holdings LLC,CONSULTANT,United States,REG-EO470LMY40,CRITICAL,2024-04-29,BLACKLISTED
VND-04657,FusionCore Analytics LLC,LOGISTICS,Singapore,REG-ZY518LLB75,LOW,2016-07-22,ACTIVE
VND-04658,HorizonEdge Inc Group,SERVICE_PROVIDER,UAE,REG-EN920VXF32,LOW,2018-06-25,ACTIVE
VND-04659,LucentBridge Technologies Group,SERVICE_PROVIDER,United States,REG-LE125JPA67,LOW,2023-01-30,ACTIVE
VND-04660,CoreVault Systems LLC,MANUFACTURER,United States,REG-KW085YLH78,LOW,2023-03-29,ACTIVE
VND-04661,DeltaPath Logistics,MANUFACTURER,Canada,REG-VX532YYB42,LOW,2018-05-30,ACTIVE
VND-04662,LucentBridge Technologies,LOGISTICS,Germany,REG-FZ098INA05,MEDIUM,2021-04-10,ACTIVE
VND-04663,FusionCore Analytics,MANUFACTURER,United Kingdom,REG-RE903POZ03,LOW,2019-06-30,ACTIVE
VND-04664,TitanPath Holdings LLC,CONSULTANT,Germany,REG-UB532UIR98,MEDIUM,2017-03-22,ACTIVE
VND-04665,NorthBridge Supplies International,MANUFACTURER,United Kingdom,REG-VF997ZCB70,MEDIUM,2021-09-16,ACTIVE
VND-04666,DeltaPath Logistics,SUPPLIER,Brazil,REG-GR007YPP46,MEDIUM,2023-02-06,ACTIVE
VND-04667,LucentBridge Technologies Group,DISTRIBUTOR,Australia,REG-FU700QFT49,LOW,2015-09-28,ACTIVE
VND-04668,Delta_Logistics Holdings,DISTRIBUTOR,United States,REG-FQ436UOY87,LOW,2024-03-28,ACTIVE
VND-04669,OmegaLink Systems Holdings,CONTRACTOR,United States,REG-FW387ETF62,LOW,2022-11-03,ACTIVE
VND-04670,MomentumCore Corp Inc,DISTRIBUTOR,United States,REG-GB405BHH45,LOW,2017-01-06,ACTIVE
VND-04671,QuantumEdge Solutions LLC,MANUFACTURER,Australia,REG-ER248KFG74,LOW,2017-06-22,ACTIVE
VND-04672,YellowBridge Partners International,CONSULTANT,UAE,REG-UU531MGG41,LOW,2019-06-02,ACTIVE
VND-04673,Alpha_Inc Inc,CONSULTANT,United States,REG-RK726LFO34,HIGH,2015-12-04,ACTIVE
VND-04674,EdgeWave Technologies Holdings,DISTRIBUTOR,India,REG-LZ223HKH39,LOW,2023-07-15,ACTIVE
VND-04675,QuantumEdge Solutions Inc,LOGISTICS,United States,REG-SH590NIQ07,MEDIUM,2020-02-19,INACTIVE
VND-04676,OmegaLink Systems,LOGISTICS,United States,REG-XW044ADY84,MEDIUM,2024-04-15,INACTIVE
VND-04677,JadeCore Solutions Group,LOGISTICS,India,REG-UD715PSY41,LOW,2022-07-25,ACTIVE
VND-04678,FusionCore Analytics Group,SERVICE_PROVIDER,Japan,REG-JL604OKF56,LOW,2021-10-12,ACTIVE
VND-04679,GlobalNex Corp Ltd,SUPPLIER,India,REG-PZ164FYQ57,LOW,2021-07-22,INACTIVE
VND-04680,OmegaLink Systems International,MANUFACTURER,Germany,REG-YZ765QEZ76,LOW,2019-07-30,ACTIVE
VND-04681,GlobalNex Corp International,SERVICE_PROVIDER,Singapore,REG-GQ085VVP20,LOW,2024-02-10,ACTIVE
VND-04682,GreenBridge Consulting International,SERVICE_PROVIDER,United States,REG-UL296EFX45,LOW,2020-05-14,ACTIVE
VND-04683,NorthBridge Supplies International,SERVICE_PROVIDER,UAE,REG-HF049HIL98,LOW,2017-08-25,ACTIVE
VND-04684,WaveCore Manufacturing,MANUFACTURER,Ireland,REG-XT887VRJ27,LOW,2015-12-26,ACTIVE
VND-04685,OpenBridge Systems Group,SERVICE_PROVIDER,United Kingdom,REG-XS206CAM18,LOW,2020-02-27,ACTIVE
VND-04686,BlueStar Procurement International,DISTRIBUTOR,Netherlands,REG-PH298BYR73,LOW,2019-12-24,ACTIVE
VND-04687,MeridianTech International,SERVICE_PROVIDER,United States,REG-IT400ABM67,LOW,2022-03-21,ACTIVE
VND-04688,UltraVista Technologies Group,DISTRIBUTOR,Ireland,REG-QP903DMF21,HIGH,2017-02-06,BLACKLISTED
VND-04689,IronPoint Manufacturing Ltd,SERVICE_PROVIDER,India,REG-BF839GHZ33,LOW,2015-01-03,ACTIVE
VND-04690,UltraVista Technologies Ltd,SUPPLIER,United States,REG-QG840IUV65,LOW,2021-01-02,ACTIVE
VND-04691,EcoVenture Supplies International,SERVICE_PROVIDER,Germany,REG-SS875WJK52,LOW,2016-09-15,ACTIVE
VND-04692,YieldPoint Partners Holdings,DISTRIBUTOR,United Kingdom,REG-MA615MDQ14,HIGH,2015-04-13,BLACKLISTED
VND-04693,WavePath Inc Ltd,CONTRACTOR,United States,REG-EC578KIM35,HIGH,2015-04-11,ACTIVE
VND-04694,SilverPath Holdings,SERVICE_PROVIDER,United States,REG-WZ871BNB35,HIGH,2023-09-03,BLACKLISTED
VND-04695,VertiLink Distributors International,DISTRIBUTOR,United Kingdom,REG-TV338IBQ95,MEDIUM,2021-03-08,ACTIVE
VND-04696,InnoCore Dynamics Ltd,LOGISTICS,Canada,REG-UR417YCS82,LOW,2018-12-14,INACTIVE
VND-04697,IronPoint Manufacturing International,MANUFACTURER,United States,REG-XV199BIQ91,LOW,2015-11-25,ACTIVE
VND-04698,BlueStar Procurement,LOGISTICS,Ireland,REG-TK694LMZ76,MEDIUM,2015-08-18,ACTIVE
VND-04699,UnityCore Technologies Ltd,CONTRACTOR,India,REG-XH842FLD68,LOW,2017-01-22,ACTIVE
VND-04700,HorizonEdge Inc International,LOGISTICS,France,REG-DF367AIP99,LOW,2021-04-17,ACTIVE
VND-04701,DeltaPath Logistics LLC,MANUFACTURER,United States,REG-UU719VRI09,LOW,2017-08-12,ACTIVE
VND-04702,BridgeTech Consulting,MANUFACTURER,United States,REG-GI038HXZ72,MEDIUM,2016-02-21,ACTIVE
VND-04703,PeakVault Services Ltd,LOGISTICS,Japan,REG-WU519YYK04,LOW,2019-05-23,ACTIVE
VND-04704,KryptonPath Ltd Inc,SERVICE_PROVIDER,Ireland,REG-CG446ZVB22,LOW,2015-04-05,ACTIVE
VND-04705,LatticeCore Partners Group,LOGISTICS,United Kingdom,REG-RW633CHJ93,LOW,2017-07-19,ACTIVE
VND-04706,HarborLight Services LLC,SUPPLIER,Canada,REG-UP432RIF62,LOW,2021-04-16,ACTIVE
VND-04707,Alpha_Inc International,CONSULTANT,United States,REG-UU403MWH07,LOW,2022-03-02,ACTIVE
VND-04708,Alpha_Inc Group,MANUFACTURER,Singapore,REG-JS414HTM20,HIGH,2019-04-26,BLACKLISTED
VND-04709,KryptonPath Ltd International,CONSULTANT,France,REG-AW507VMN45,LOW,2019-01-28,ACTIVE
VND-04710,SilverPath Holdings,LOGISTICS,Germany,REG-OK328MYD09,HIGH,2022-10-27,INACTIVE
VND-04711,FlowBridge Inc,LOGISTICS,India,REG-TY024MFB40,LOW,2022-03-14,ACTIVE
VND-04712,MomentumCore Corp Holdings,MANUFACTURER,France,REG-QJ907LPR71,LOW,2019-07-30,ACTIVE
VND-04713,IronPoint Manufacturing International,CONSULTANT,Canada,REG-OP532OFB77,LOW,2023-11-06,ACTIVE
VND-04714,XcelPath Networks Group,CONTRACTOR,United States,REG-EC554ICW76,LOW,2017-11-07,ACTIVE
VND-04715,JadeCore Solutions Ltd,LOGISTICS,Singapore,REG-JG735SDG54,LOW,2022-06-07,ACTIVE
VND-04716,MeridianTech LLC,LOGISTICS,India,REG-VR266PLN61,LOW,2023-05-20,ACTIVE
VND-04717,JadeCore Solutions LLC,MANUFACTURER,Germany,REG-DT929DIE42,LOW,2017-07-25,ACTIVE
VND-04718,OpenBridge Systems Group,LOGISTICS,France,REG-OO501PKD34,LOW,2019-09-02,ACTIVE
VND-04719,Beta_Supplies Holdings,CONTRACTOR,India,REG-NP627VGL98,LOW,2020-10-21,INACTIVE
VND-04720,Delta_Logistics International,CONTRACTOR,UAE,REG-TK477EIM33,LOW,2020-04-20,ACTIVE
VND-04721,MomentumCore Corp Holdings,CONSULTANT,Ireland,REG-SM903HJC71,LOW,2017-09-25,ACTIVE
VND-04722,JadeCore Solutions Group,LOGISTICS,Ireland,REG-UD593QFS95,LOW,2022-05-14,ACTIVE
VND-04723,VoltEdge Solutions International,MANUFACTURER,Germany,REG-LC211TZP62,LOW,2021-09-11,ACTIVE
VND-04724,BridgeTech Consulting Inc,LOGISTICS,India,REG-TR591QMZ00,MEDIUM,2023-02-13,ACTIVE
VND-04725,VoltEdge Solutions,CONSULTANT,UAE,REG-QN436KVX44,LOW,2021-09-06,ACTIVE
VND-04726,VoltEdge Solutions Inc,SUPPLIER,Australia,REG-JK969SWT14,LOW,2015-02-03,ACTIVE
VND-04727,XpressCore Dynamics Ltd,CONSULTANT,China,REG-CZ007TGP22,LOW,2023-07-04,ACTIVE
VND-04728,OmegaLink Systems LLC,CONSULTANT,Brazil,REG-OG527CIU80,LOW,2020-06-30,ACTIVE
VND-04729,WaveCore Manufacturing LLC,MANUFACTURER,United States,REG-MI710WXN93,LOW,2022-01-19,ACTIVE
VND-04730,EdgeWave Technologies International,CONTRACTOR,China,REG-DQ000BNO90,LOW,2016-07-18,ACTIVE
VND-04731,CoreVault Systems LLC,MANUFACTURER,Japan,REG-CV258SZX67,CRITICAL,2016-06-27,INACTIVE
VND-04732,BridgeTech Consulting LLC,DISTRIBUTOR,United States,REG-JQ861TDP72,LOW,2017-01-27,BLACKLISTED
VND-04733,EdgeWave Technologies Group,DISTRIBUTOR,India,REG-ON034OLT46,LOW,2020-03-15,ACTIVE
VND-04734,SkyBridge Logistics Group,CONSULTANT,France,REG-SX465EVS68,MEDIUM,2024-03-30,ACTIVE
VND-04735,VertiLink Distributors Group,LOGISTICS,United States,REG-UF635NUW17,LOW,2015-11-19,ACTIVE
VND-04736,WaveCore Manufacturing Ltd,CONTRACTOR,United Kingdom,REG-ZK185RYW17,LOW,2015-04-30,ACTIVE
VND-04737,DawnTech Services Inc,CONSULTANT,China,REG-YA959ACY65,LOW,2017-12-18,ACTIVE
VND-04738,LatticeCore Partners Inc,CONTRACTOR,United States,REG-LK337ZVR52,LOW,2022-06-28,ACTIVE
VND-04739,FusionCore Analytics Group,CONSULTANT,China,REG-KK842LIU10,LOW,2020-12-04,ACTIVE
VND-04740,SilverPath Holdings,CONTRACTOR,Japan,REG-LO145XUM57,MEDIUM,2015-11-25,ACTIVE
VND-04741,Delta_Logistics Ltd,MANUFACTURER,United States,REG-AC723RES76,MEDIUM,2024-03-28,BLACKLISTED
VND-04742,FlowBridge Inc International,CONTRACTOR,Germany,REG-LN264ECI30,LOW,2022-06-19,ACTIVE
VND-04743,SkyBridge Logistics Group,SERVICE_PROVIDER,United States,REG-LJ137JHB22,MEDIUM,2022-09-21,ACTIVE
VND-04744,EcoVenture Supplies Group,LOGISTICS,United States,REG-QM935MJK24,HIGH,2021-02-05,ACTIVE
VND-04745,ClearPath Logistics Holdings,SUPPLIER,United States,REG-KZ950IJQ14,LOW,2019-04-28,ACTIVE
VND-04746,Beta_Supplies International,SERVICE_PROVIDER,United Kingdom,REG-MM076DID95,MEDIUM,2019-03-15,ACTIVE
VND-04747,GlobalNex Corp Group,SERVICE_PROVIDER,United States,REG-DR834NBD76,MEDIUM,2023-06-13,ACTIVE
VND-04748,GreenBridge Consulting Inc,SERVICE_PROVIDER,Canada,REG-ZB782ZYM44,LOW,2022-05-06,ACTIVE
VND-04749,DeltaPath Logistics International,CONSULTANT,United States,REG-RK483OTN60,LOW,2021-05-27,ACTIVE
VND-04750,BridgeTech Consulting Inc,DISTRIBUTOR,Brazil,REG-UB868HUV25,LOW,2017-08-20,ACTIVE
VND-04751,WavePath Inc International,CONTRACTOR,Germany,REG-KE925YLY62,LOW,2015-08-31,ACTIVE
VND-04752,NexPoint Analytics Inc,DISTRIBUTOR,United States,REG-UC692VKF32,LOW,2021-08-14,ACTIVE
VND-04753,SkyBridge Logistics LLC,SERVICE_PROVIDER,Australia,REG-TK346EDU89,HIGH,2023-02-11,ACTIVE
VND-04754,LatticeCore Partners Inc,CONTRACTOR,United Kingdom,REG-QO472QBA33,LOW,2017-05-31,ACTIVE
VND-04755,JadeCore Solutions Ltd,CONTRACTOR,Netherlands,REG-TM610UVY51,MEDIUM,2015-06-07,ACTIVE
VND-04756,RapidCore Consulting Holdings,CONSULTANT,United States,REG-ZK180GJY68,LOW,2022-04-17,ACTIVE
VND-04757,PrimeAxis Corp International,CONTRACTOR,United States,REG-RQ887MQB92,LOW,2018-05-04,ACTIVE
VND-04758,LatticeCore Partners Inc,CONSULTANT,United States,REG-BN395TUA18,MEDIUM,2023-02-06,ACTIVE
VND-04759,XcelPath Networks Inc,SERVICE_PROVIDER,Canada,REG-JI134OSP40,LOW,2019-02-28,ACTIVE
VND-04760,EdgeWave Technologies,CONTRACTOR,India,REG-BH318ZLV38,LOW,2023-01-21,ACTIVE
VND-04761,OpenBridge Systems Holdings,SUPPLIER,Netherlands,REG-EZ347IPY69,LOW,2017-03-05,ACTIVE
VND-04762,TrueNorth Services Group,DISTRIBUTOR,Canada,REG-ON377JZA93,MEDIUM,2019-11-21,ACTIVE
VND-04763,CoreVault Systems LLC,LOGISTICS,United Kingdom,REG-YN122GGW01,LOW,2022-04-29,ACTIVE
VND-04764,EcoVenture Supplies,MANUFACTURER,United States,REG-PL520GXJ02,LOW,2022-08-09,ACTIVE
VND-04765,SkyBridge Logistics Ltd,MANUFACTURER,Australia,REG-OW313RNR36,LOW,2016-04-14,ACTIVE
VND-04766,Alpha_Inc Holdings,SUPPLIER,Australia,REG-LF140KFC98,LOW,2024-01-27,ACTIVE
VND-04767,HarborLight Services Inc,CONSULTANT,South Africa,REG-BE231LCH89,LOW,2019-10-17,ACTIVE
VND-04768,GreenBridge Consulting International,LOGISTICS,Japan,REG-PG295QXD90,LOW,2017-07-25,ACTIVE
VND-04769,JadeCore Solutions Group,DISTRIBUTOR,United States,REG-AS756ASG90,LOW,2019-06-15,ACTIVE
VND-04770,SkyBridge Logistics International,LOGISTICS,France,REG-NW917LST65,MEDIUM,2019-11-18,ACTIVE
VND-04771,InnoCore Dynamics Ltd,MANUFACTURER,Australia,REG-XE834HXE38,LOW,2020-10-05,ACTIVE
VND-04772,SilverPath Holdings,MANUFACTURER,Japan,REG-NH547HDO46,LOW,2021-09-02,ACTIVE
VND-04773,MeridianTech,CONTRACTOR,Germany,REG-EJ087ILC02,MEDIUM,2017-11-07,ACTIVE
VND-04774,LatticeCore Partners,LOGISTICS,Ireland,REG-QU400UHA93,LOW,2016-06-20,ACTIVE
VND-04775,PrimeAxis Corp Ltd,DISTRIBUTOR,South Africa,REG-LN834KHY91,LOW,2020-07-17,ACTIVE
VND-04776,TrueNorth Services LLC,SUPPLIER,United Kingdom,REG-LQ005SEI93,LOW,2018-11-19,ACTIVE
VND-04777,ClearPath Logistics Inc,SUPPLIER,India,REG-YK325XJP27,LOW,2019-06-13,ACTIVE
VND-04778,Apex Solutions Ltd,MANUFACTURER,United Kingdom,REG-GB021DKW31,LOW,2023-10-04,ACTIVE
VND-04779,DawnTech Services LLC,CONTRACTOR,Japan,REG-YF428RBG32,LOW,2018-11-26,ACTIVE
VND-04780,JetStream Analytics Group,SERVICE_PROVIDER,UAE,REG-HZ167BDY81,LOW,2023-11-05,ACTIVE
VND-04781,PrimeAxis Corp Inc,MANUFACTURER,United States,REG-LU862GVM90,LOW,2021-02-28,ACTIVE
VND-04782,XpressCore Dynamics Holdings,CONSULTANT,India,REG-CO864XBK26,LOW,2016-02-15,ACTIVE
VND-04783,IronPoint Manufacturing Holdings,CONSULTANT,United States,REG-FE209RZV94,LOW,2016-10-16,ACTIVE
VND-04784,JadeCore Solutions Group,LOGISTICS,India,REG-YM304EMH05,LOW,2019-01-21,ACTIVE
VND-04785,WavePath Inc Group,MANUFACTURER,United States,REG-CU410YUA50,LOW,2022-09-07,ACTIVE
VND-04786,HorizonEdge Inc,LOGISTICS,Japan,REG-JS848AFC52,MEDIUM,2023-02-12,ACTIVE
VND-04787,Apex Solutions Group,DISTRIBUTOR,United States,REG-BC037NFD84,LOW,2021-01-10,ACTIVE
VND-04788,PrimeAxis Corp LLC,DISTRIBUTOR,United States,REG-ZR083QSC07,LOW,2019-04-08,ACTIVE
VND-04789,UnityCore Technologies Holdings,SERVICE_PROVIDER,Singapore,REG-TA583FFK55,LOW,2022-04-08,ACTIVE
VND-04790,BridgeTech Consulting Holdings,SUPPLIER,India,REG-PU727IJL97,LOW,2016-06-14,ACTIVE
VND-04791,DeltaPath Logistics International,SERVICE_PROVIDER,United States,REG-IA901XGF83,LOW,2015-02-06,ACTIVE
VND-04792,XcelPath Networks Inc,SUPPLIER,Ireland,REG-BM213YIB40,LOW,2023-11-28,ACTIVE
VND-04793,UltraVista Technologies,CONSULTANT,Australia,REG-BL199TCZ05,LOW,2017-01-08,ACTIVE
VND-04794,XpressCore Dynamics,DISTRIBUTOR,United States,REG-EZ511EUF74,LOW,2023-10-05,ACTIVE
VND-04795,TrueNorth Services Holdings,CONTRACTOR,Singapore,REG-WZ706CKB48,LOW,2017-11-29,ACTIVE
VND-04796,ZenithBridge Corp Holdings,SERVICE_PROVIDER,United States,REG-KY886YQD31,LOW,2018-10-18,ACTIVE
VND-04797,FusionCore Analytics,SERVICE_PROVIDER,Australia,REG-IR790FPI44,LOW,2017-08-25,ACTIVE
VND-04798,TitanPath Holdings Inc,DISTRIBUTOR,Netherlands,REG-GW819RVS01,MEDIUM,2022-07-30,ACTIVE
VND-04799,BlueStar Procurement Group,CONTRACTOR,Singapore,REG-AE676LVI77,LOW,2021-07-22,ACTIVE
VND-04800,XpressCore Dynamics Inc,LOGISTICS,Australia,REG-EC496KJY01,LOW,2019-04-13,ACTIVE
VND-04801,XcelPath Networks Holdings,CONSULTANT,Australia,REG-EE176DWZ45,LOW,2020-07-18,ACTIVE
VND-04802,Epsilon_Group Ltd,MANUFACTURER,India,REG-AQ022TWO38,LOW,2020-05-11,ACTIVE
VND-04803,VoltEdge Solutions Group,MANUFACTURER,Ireland,REG-DQ478IUM27,MEDIUM,2017-06-09,ACTIVE
VND-04804,SilverPath Holdings LLC,SUPPLIER,India,REG-PS209LIR59,HIGH,2019-04-09,INACTIVE
VND-04805,YieldPoint Partners Group,SERVICE_PROVIDER,United Kingdom,REG-XT898GFL73,LOW,2020-07-17,ACTIVE
VND-04806,SkyBridge Logistics,LOGISTICS,Australia,REG-NO729UVS93,MEDIUM,2015-10-21,ACTIVE
VND-04807,TrueNorth Services Group,MANUFACTURER,United States,REG-NP702KGZ40,LOW,2022-01-08,ACTIVE
VND-04808,OmegaLink Systems,SERVICE_PROVIDER,UAE,REG-XY639SIS84,LOW,2021-09-27,ACTIVE
VND-04809,Acuity Systems Holdings,SUPPLIER,India,REG-JO427UUW39,MEDIUM,2020-05-16,ACTIVE
VND-04810,KryptonPath Ltd International,DISTRIBUTOR,France,REG-EJ652UJA39,LOW,2021-08-26,ACTIVE
VND-04811,JadeCore Solutions Ltd,CONSULTANT,United States,REG-PV762OPT27,HIGH,2023-09-28,ACTIVE
VND-04812,FusionCore Analytics LLC,MANUFACTURER,United Kingdom,REG-AB062MPR01,LOW,2021-10-07,ACTIVE
VND-04813,Beta_Supplies,CONTRACTOR,China,REG-XZ014SMQ21,LOW,2023-08-02,ACTIVE
VND-04814,JetStream Analytics Inc,DISTRIBUTOR,United States,REG-KZ526HJA36,HIGH,2022-12-05,INACTIVE
VND-04815,DeltaPath Logistics International,DISTRIBUTOR,United Kingdom,REG-CS233RRX57,LOW,2018-09-12,ACTIVE
VND-04816,QuantumEdge Solutions,MANUFACTURER,United States,REG-SJ514FEG34,LOW,2019-03-25,ACTIVE
VND-04817,ClearPath Logistics Group,DISTRIBUTOR,United Kingdom,REG-SK754VEP94,LOW,2016-06-09,ACTIVE
VND-04818,MeridianTech,DISTRIBUTOR,United States,REG-TT421LOX88,LOW,2015-12-25,ACTIVE
VND-04819,ZenithBridge Corp LLC,LOGISTICS,France,REG-XE463KNH81,LOW,2015-08-07,ACTIVE
VND-04820,NexPoint Analytics LLC,LOGISTICS,Netherlands,REG-LQ164QYS79,LOW,2023-11-11,ACTIVE
VND-04821,EcoVenture Supplies Holdings,DISTRIBUTOR,Australia,REG-LQ299CUN87,LOW,2021-07-10,ACTIVE
VND-04822,KineticBlue Ltd Inc,SUPPLIER,France,REG-FX539WPK98,LOW,2016-07-06,ACTIVE
VND-04823,Epsilon_Group International,CONTRACTOR,Singapore,REG-DU153ZHQ00,LOW,2023-11-13,ACTIVE
VND-04824,JadeCore Solutions Ltd,MANUFACTURER,United States,REG-EK518LRP34,LOW,2020-12-29,ACTIVE
VND-04825,Apex Solutions International,SERVICE_PROVIDER,United Kingdom,REG-QU057VME82,CRITICAL,2015-11-12,BLACKLISTED
VND-04826,UnityCore Technologies Holdings,LOGISTICS,India,REG-ZT081PVE24,LOW,2019-07-23,ACTIVE
VND-04827,Beta_Supplies,DISTRIBUTOR,Australia,REG-VD862OER43,LOW,2016-11-19,ACTIVE
VND-04828,WaveCore Manufacturing International,CONSULTANT,Singapore,REG-YH606UBY69,CRITICAL,2024-03-04,BLACKLISTED
VND-04829,MomentumCore Corp International,SERVICE_PROVIDER,China,REG-MG963ZJZ74,LOW,2017-06-11,ACTIVE
VND-04830,Beta_Supplies Group,LOGISTICS,Brazil,REG-YV187ABE90,LOW,2020-11-22,ACTIVE
VND-04831,DeltaPath Logistics International,CONSULTANT,United States,REG-AG471GKU59,LOW,2020-12-12,ACTIVE
VND-04832,Gamma_Co,SUPPLIER,Singapore,REG-CA023QWD16,LOW,2020-08-08,ACTIVE
VND-04833,Alpha_Inc LLC,CONSULTANT,United States,REG-IA272YGO89,CRITICAL,2022-10-20,BLACKLISTED
VND-04834,TitanPath Holdings Group,SUPPLIER,India,REG-ZF212QVS08,LOW,2019-09-23,ACTIVE
VND-04835,HorizonEdge Inc Holdings,DISTRIBUTOR,United States,REG-CD984NZW25,LOW,2018-01-01,ACTIVE
VND-04836,TitanPath Holdings Ltd,SUPPLIER,India,REG-QK699CDP78,MEDIUM,2024-05-12,ACTIVE
VND-04837,WaveCore Manufacturing LLC,CONTRACTOR,Netherlands,REG-IQ141ZAP44,LOW,2018-04-26,ACTIVE
VND-04838,VertiLink Distributors LLC,LOGISTICS,India,REG-TI737BET23,MEDIUM,2019-09-21,ACTIVE
VND-04839,JadeCore Solutions Inc,SUPPLIER,United States,REG-TU595VMT28,LOW,2024-04-26,ACTIVE
VND-04840,VoltEdge Solutions Group,MANUFACTURER,United States,REG-SB947NWF57,LOW,2021-10-08,ACTIVE
VND-04841,VertiLink Distributors,LOGISTICS,India,REG-BV982UFE93,LOW,2019-11-29,ACTIVE
VND-04842,WavePath Inc Group,DISTRIBUTOR,United States,REG-YC979BBE83,LOW,2018-08-14,ACTIVE
VND-04843,Beta_Supplies Holdings,SERVICE_PROVIDER,Singapore,REG-NM410RUR59,LOW,2024-05-01,ACTIVE
VND-04844,GlobalNex Corp Inc,CONSULTANT,United Kingdom,REG-OK815DPV04,MEDIUM,2022-11-20,INACTIVE
VND-04845,TitanPath Holdings Ltd,CONSULTANT,China,REG-XJ602OAN85,LOW,2019-06-07,ACTIVE
VND-04846,GlobalNex Corp Inc,MANUFACTURER,China,REG-NW660TRD96,LOW,2017-05-01,ACTIVE
VND-04847,UltraVista Technologies International,LOGISTICS,United States,REG-ZK607FDF51,LOW,2017-06-10,ACTIVE
VND-04848,YellowBridge Partners Inc,DISTRIBUTOR,Singapore,REG-QI842YTP62,LOW,2020-04-10,ACTIVE
VND-04849,YellowBridge Partners Ltd,MANUFACTURER,Brazil,REG-RW418LSD02,LOW,2015-07-08,ACTIVE
VND-04850,XcelPath Networks Inc,DISTRIBUTOR,Australia,REG-ZX859PVK35,LOW,2021-06-30,ACTIVE
VND-04851,VoltEdge Solutions,MANUFACTURER,South Africa,REG-VC437CUA79,LOW,2021-04-22,ACTIVE
VND-04852,GlobalNex Corp International,MANUFACTURER,United Kingdom,REG-QJ557ZVZ37,LOW,2020-06-03,ACTIVE
VND-04853,FlowBridge Inc International,DISTRIBUTOR,United States,REG-KV525VJS12,LOW,2019-06-29,ACTIVE
VND-04854,NexPoint Analytics International,SERVICE_PROVIDER,Australia,REG-QF679ZUX01,LOW,2017-02-25,ACTIVE
VND-04855,HarborLight Services International,CONSULTANT,India,REG-NR227KRW92,LOW,2022-05-14,ACTIVE
VND-04856,LatticeCore Partners Holdings,MANUFACTURER,United Kingdom,REG-ZF652QRL39,HIGH,2016-06-27,INACTIVE
VND-04857,RedPoint Consulting,DISTRIBUTOR,UAE,REG-OQ990HVR20,LOW,2022-09-20,ACTIVE
VND-04858,OmegaLink Systems Inc,SUPPLIER,Singapore,REG-QW070FVK08,MEDIUM,2024-01-29,ACTIVE
VND-04859,VoltEdge Solutions Group,CONTRACTOR,India,REG-KV124UEU26,LOW,2019-11-13,ACTIVE
VND-04860,IronPoint Manufacturing,LOGISTICS,India,REG-RM385EYT13,HIGH,2022-04-11,ACTIVE
VND-04861,XpressCore Dynamics Ltd,CONSULTANT,United States,REG-AE352TIU94,LOW,2018-01-13,ACTIVE
VND-04862,Delta_Logistics Inc,CONTRACTOR,United States,REG-GW620JBZ40,LOW,2023-06-16,ACTIVE
VND-04863,Acuity Systems Holdings,SUPPLIER,United States,REG-EH334MFH61,LOW,2022-11-13,ACTIVE
VND-04864,RapidCore Consulting,SERVICE_PROVIDER,India,REG-LP737YWM28,LOW,2018-10-09,ACTIVE
VND-04865,SilverPath Holdings,SERVICE_PROVIDER,Germany,REG-GT338NEE04,LOW,2018-06-19,ACTIVE
VND-04866,UnityCore Technologies,SERVICE_PROVIDER,United States,REG-VZ160ROD33,LOW,2017-02-27,ACTIVE
VND-04867,InnoCore Dynamics Holdings,CONTRACTOR,United States,REG-HP854TPA41,LOW,2024-05-28,ACTIVE
VND-04868,GreenBridge Consulting Inc,SERVICE_PROVIDER,United States,REG-MF602OEJ09,LOW,2017-01-03,ACTIVE
VND-04869,EdgeWave Technologies,CONSULTANT,Germany,REG-LP802AFU10,LOW,2022-03-18,ACTIVE
VND-04870,LatticeCore Partners LLC,DISTRIBUTOR,United Kingdom,REG-PA677VWD77,LOW,2021-06-25,ACTIVE
VND-04871,PrimeAxis Corp International,MANUFACTURER,Canada,REG-VN645DNQ54,LOW,2019-04-15,INACTIVE
VND-04872,BlueStar Procurement Ltd,LOGISTICS,United Kingdom,REG-MW819XVU54,LOW,2016-12-10,ACTIVE
VND-04873,IronPoint Manufacturing International,DISTRIBUTOR,India,REG-NN110KUX26,LOW,2016-01-18,ACTIVE
VND-04874,Gamma_Co Ltd,LOGISTICS,United Kingdom,REG-UW330IMS89,LOW,2023-10-10,ACTIVE
VND-04875,NexPoint Analytics Inc,LOGISTICS,India,REG-RV331ETP35,LOW,2017-08-02,ACTIVE
VND-04876,Epsilon_Group Group,SUPPLIER,Canada,REG-BJ855YQB07,LOW,2018-04-19,ACTIVE
VND-04877,WavePath Inc Group,SERVICE_PROVIDER,United Kingdom,REG-CS626TGU06,LOW,2018-01-11,ACTIVE
VND-04878,HorizonEdge Inc Ltd,CONSULTANT,India,REG-BK144GAS87,LOW,2021-10-12,ACTIVE
VND-04879,GlobalNex Corp LLC,SERVICE_PROVIDER,Singapore,REG-SL834DPD27,LOW,2020-11-27,ACTIVE
VND-04880,CoreVault Systems Ltd,LOGISTICS,Canada,REG-KU294EKW06,HIGH,2019-11-16,ACTIVE
VND-04881,PrimeAxis Corp LLC,CONSULTANT,Canada,REG-GN202NDD35,MEDIUM,2021-04-21,ACTIVE
VND-04882,JadeCore Solutions Holdings,SUPPLIER,Australia,REG-IQ125HXJ82,HIGH,2018-11-08,BLACKLISTED
VND-04883,Beta_Supplies,LOGISTICS,Germany,REG-MW919FYR94,LOW,2021-06-23,ACTIVE
VND-04884,JadeCore Solutions LLC,LOGISTICS,Japan,REG-RU599ZQS19,LOW,2020-11-12,ACTIVE
VND-04885,EcoVenture Supplies Inc,LOGISTICS,United States,REG-PL464ABQ52,CRITICAL,2022-01-30,BLACKLISTED
VND-04886,MomentumCore Corp Inc,CONTRACTOR,Germany,REG-VH152YFI42,LOW,2019-09-25,ACTIVE
VND-04887,Beta_Supplies Inc,SERVICE_PROVIDER,Germany,REG-YE554GLE70,LOW,2020-04-10,ACTIVE
VND-04888,Delta_Logistics Ltd,CONSULTANT,United States,REG-RT795YCC01,LOW,2020-11-12,ACTIVE
VND-04889,LucentBridge Technologies Holdings,CONSULTANT,China,REG-WP936VCV72,LOW,2018-01-27,ACTIVE
VND-04890,RedPoint Consulting Holdings,MANUFACTURER,South Africa,REG-QE280DET04,LOW,2023-04-18,ACTIVE
VND-04891,HorizonEdge Inc International,SERVICE_PROVIDER,Brazil,REG-CR073PGA46,LOW,2019-10-27,ACTIVE
VND-04892,DawnTech Services,MANUFACTURER,United States,REG-LN134IZR07,LOW,2019-08-01,ACTIVE
VND-04893,PeakVault Services,DISTRIBUTOR,United States,REG-UL164FWS57,LOW,2019-11-10,ACTIVE
VND-04894,ClearPath Logistics,SUPPLIER,United Kingdom,REG-WZ283FRG28,LOW,2015-11-27,ACTIVE
VND-04895,UnityCore Technologies International,CONTRACTOR,Canada,REG-ZH515GEW06,MEDIUM,2016-02-25,ACTIVE
VND-04896,BlueStar Procurement LLC,SUPPLIER,Ireland,REG-AR571AFA55,LOW,2018-08-27,ACTIVE
VND-04897,GreenBridge Consulting International,MANUFACTURER,United States,REG-KP689AVP40,LOW,2015-03-23,ACTIVE
VND-04898,QuantumEdge Solutions Ltd,MANUFACTURER,United Kingdom,REG-KX646UHS05,LOW,2023-02-10,ACTIVE
VND-04899,XcelPath Networks Ltd,SERVICE_PROVIDER,China,REG-LV611AML33,LOW,2022-03-05,ACTIVE
VND-04900,RedPoint Consulting Holdings,SUPPLIER,Ireland,REG-JX245ZMZ18,LOW,2023-07-08,ACTIVE
VND-04901,Epsilon_Group LLC,LOGISTICS,United Kingdom,REG-PT192BKC12,LOW,2021-06-19,ACTIVE
VND-04902,InnoCore Dynamics Inc,MANUFACTURER,India,REG-JT486HEK97,LOW,2022-12-26,ACTIVE
VND-04903,BlueStar Procurement,LOGISTICS,UAE,REG-KB896ODW31,HIGH,2020-04-15,INACTIVE
VND-04904,Delta_Logistics International,CONTRACTOR,United States,REG-YK270LLW43,LOW,2016-05-24,ACTIVE
VND-04905,SkyBridge Logistics Inc,DISTRIBUTOR,Germany,REG-IP591AHI64,MEDIUM,2017-09-12,ACTIVE
VND-04906,BlueStar Procurement LLC,LOGISTICS,Canada,REG-HF746YNG90,MEDIUM,2016-12-07,BLACKLISTED
VND-04907,Alpha_Inc,SERVICE_PROVIDER,India,REG-PD919RPB86,MEDIUM,2022-01-21,ACTIVE
VND-04908,PrimeAxis Corp Inc,SERVICE_PROVIDER,China,REG-AA855YJL36,LOW,2023-05-25,ACTIVE
VND-04909,MeridianTech Holdings,CONTRACTOR,United Kingdom,REG-AE306NPV35,MEDIUM,2020-09-28,ACTIVE
VND-04910,BridgeTech Consulting Inc,LOGISTICS,United States,REG-NU577SKX56,LOW,2015-11-22,ACTIVE
VND-04911,MomentumCore Corp Holdings,LOGISTICS,South Africa,REG-ZT984ATC10,LOW,2015-12-11,ACTIVE
VND-04912,SilverPath Holdings LLC,LOGISTICS,Canada,REG-NW327ITX30,LOW,2020-08-25,ACTIVE
VND-04913,UnityCore Technologies International,CONTRACTOR,UAE,REG-NV827YUI46,LOW,2020-02-26,ACTIVE
VND-04914,NorthBridge Supplies International,SERVICE_PROVIDER,United States,REG-JG356SWJ11,LOW,2018-09-03,ACTIVE
VND-04915,BlueStar Procurement Group,CONTRACTOR,India,REG-RT038ULV06,LOW,2017-11-05,ACTIVE
VND-04916,ZenithBridge Corp Ltd,DISTRIBUTOR,Canada,REG-VM862PQE18,LOW,2023-10-04,ACTIVE
VND-04917,OmegaLink Systems,SUPPLIER,United States,REG-DF112YMB81,MEDIUM,2021-01-09,ACTIVE
VND-04918,SkyBridge Logistics International,SERVICE_PROVIDER,United States,REG-OZ366PUN66,LOW,2015-12-30,ACTIVE
VND-04919,HarborLight Services International,CONTRACTOR,Germany,REG-PP472KAU81,LOW,2018-05-19,ACTIVE
VND-04920,LatticeCore Partners LLC,CONSULTANT,Canada,REG-MM984RFN50,LOW,2019-08-21,ACTIVE
VND-04921,IronPoint Manufacturing Holdings,SUPPLIER,Netherlands,REG-OF029XNW40,LOW,2022-10-24,ACTIVE
VND-04922,MomentumCore Corp International,SERVICE_PROVIDER,India,REG-VV313ISC24,LOW,2024-02-15,ACTIVE
VND-04923,Epsilon_Group Holdings,CONTRACTOR,India,REG-OV567DZY19,MEDIUM,2021-11-16,BLACKLISTED
VND-04924,Beta_Supplies Ltd,CONTRACTOR,United States,REG-DJ305DDY68,LOW,2022-12-29,ACTIVE
VND-04925,ClearPath Logistics LLC,LOGISTICS,India,REG-SN126SYI52,LOW,2020-02-26,ACTIVE
VND-04926,XpressCore Dynamics Inc,SERVICE_PROVIDER,Canada,REG-ZU918MGP52,MEDIUM,2017-09-10,ACTIVE
VND-04927,SilverPath Holdings,LOGISTICS,United States,REG-UH882RLD01,LOW,2017-12-22,ACTIVE
VND-04928,Acuity Systems International,SUPPLIER,India,REG-FP776ZUF49,LOW,2018-12-23,ACTIVE
VND-04929,TrueNorth Services,CONTRACTOR,France,REG-IG657KIT65,LOW,2015-11-08,ACTIVE
VND-04930,NorthBridge Supplies,DISTRIBUTOR,United States,REG-TK619QBI54,MEDIUM,2021-12-22,ACTIVE
VND-04931,CoreVault Systems Ltd,MANUFACTURER,United States,REG-XS948MQV49,MEDIUM,2018-02-11,ACTIVE
VND-04932,WaveCore Manufacturing LLC,CONSULTANT,India,REG-ZE457UPI76,MEDIUM,2020-09-04,ACTIVE
VND-04933,VertiLink Distributors Group,LOGISTICS,Germany,REG-XV865CTL50,MEDIUM,2020-11-21,ACTIVE
VND-04934,PrimeAxis Corp Holdings,CONSULTANT,United States,REG-VC159GMJ56,LOW,2017-01-08,ACTIVE
VND-04935,CoreVault Systems LLC,MANUFACTURER,United States,REG-YZ395AHL93,HIGH,2022-08-31,ACTIVE
VND-04936,DawnTech Services,MANUFACTURER,United States,REG-AY412GJX70,MEDIUM,2021-05-26,ACTIVE
VND-04937,Gamma_Co Holdings,LOGISTICS,Canada,REG-FI536CCI08,LOW,2021-07-23,ACTIVE
VND-04938,MomentumCore Corp LLC,DISTRIBUTOR,Netherlands,REG-JJ020GEK33,MEDIUM,2023-08-02,ACTIVE
VND-04939,Beta_Supplies Holdings,SUPPLIER,China,REG-EB099OCK66,LOW,2015-11-26,ACTIVE
VND-04940,GreenBridge Consulting Group,SERVICE_PROVIDER,India,REG-XQ037GOY34,LOW,2023-05-26,ACTIVE
VND-04941,VoltEdge Solutions Holdings,SERVICE_PROVIDER,Singapore,REG-OG567LOS07,LOW,2020-04-10,ACTIVE
VND-04942,XpressCore Dynamics LLC,DISTRIBUTOR,France,REG-ZS056MLA57,HIGH,2019-07-31,ACTIVE
VND-04943,DawnTech Services LLC,SERVICE_PROVIDER,Singapore,REG-ZC770MMP54,LOW,2021-07-18,ACTIVE
VND-04944,Beta_Supplies International,CONSULTANT,South Africa,REG-LV164VRB90,LOW,2021-02-20,ACTIVE
VND-04945,InnoCore Dynamics Holdings,CONTRACTOR,Brazil,REG-WW887HGB30,LOW,2019-07-14,ACTIVE
VND-04946,PeakVault Services Ltd,CONTRACTOR,United Kingdom,REG-NG810ILZ25,LOW,2015-10-05,ACTIVE
VND-04947,Apex Solutions LLC,DISTRIBUTOR,United Kingdom,REG-RF266XGD25,MEDIUM,2017-01-09,ACTIVE
VND-04948,Epsilon_Group,CONTRACTOR,France,REG-TA095FXS80,LOW,2018-07-16,ACTIVE
VND-04949,BlueStar Procurement Group,SUPPLIER,India,REG-XU615ACB97,LOW,2016-09-29,ACTIVE
VND-04950,FlowBridge Inc Ltd,SERVICE_PROVIDER,United States,REG-NH190GUQ07,LOW,2019-05-11,ACTIVE
VND-04951,PrimeAxis Corp Group,DISTRIBUTOR,United States,REG-SP673ZWK47,LOW,2021-03-10,ACTIVE
VND-04952,GreenBridge Consulting Holdings,CONTRACTOR,Australia,REG-RG390NGK89,LOW,2016-11-17,ACTIVE
VND-04953,InnoCore Dynamics,CONTRACTOR,South Africa,REG-EH859OJG67,LOW,2017-02-08,ACTIVE
VND-04954,WavePath Inc,CONSULTANT,United Kingdom,REG-QI305OQP42,LOW,2022-07-16,ACTIVE
VND-04955,OmegaLink Systems Inc,SUPPLIER,UAE,REG-LP251CMW11,MEDIUM,2019-01-03,ACTIVE
VND-04956,XpressCore Dynamics Inc,SERVICE_PROVIDER,India,REG-SK594QKS09,HIGH,2019-07-23,INACTIVE
VND-04957,EcoVenture Supplies Holdings,CONSULTANT,United States,REG-NN125VLC97,HIGH,2016-01-27,BLACKLISTED
VND-04958,EdgeWave Technologies Ltd,CONSULTANT,United States,REG-TC323RAD88,HIGH,2022-07-24,BLACKLISTED
VND-04959,MeridianTech Holdings,LOGISTICS,Germany,REG-UH660KUE62,LOW,2019-09-10,ACTIVE
VND-04960,NorthBridge Supplies Ltd,LOGISTICS,UAE,REG-NE340JNI39,LOW,2020-11-29,ACTIVE
VND-04961,HarborLight Services International,DISTRIBUTOR,Germany,REG-HG744GMA30,LOW,2021-03-04,ACTIVE
VND-04962,NexPoint Analytics,DISTRIBUTOR,Netherlands,REG-RC329TAL39,LOW,2024-01-27,ACTIVE
VND-04963,Alpha_Inc,DISTRIBUTOR,Canada,REG-AE663HWT82,LOW,2016-11-30,ACTIVE
VND-04964,Beta_Supplies Inc,SERVICE_PROVIDER,Australia,REG-OO818GEE51,LOW,2016-03-29,ACTIVE
VND-04965,NorthBridge Supplies Ltd,LOGISTICS,United States,REG-CZ860CFE57,LOW,2017-04-21,ACTIVE
VND-04966,XpressCore Dynamics Ltd,DISTRIBUTOR,United States,REG-IW928COD89,LOW,2016-01-11,ACTIVE
VND-04967,IronPoint Manufacturing,CONTRACTOR,Canada,REG-RC287WGN57,MEDIUM,2024-03-09,BLACKLISTED
VND-04968,MomentumCore Corp Inc,CONTRACTOR,United Kingdom,REG-AY230CFH36,LOW,2016-12-09,ACTIVE
VND-04969,XcelPath Networks Ltd,MANUFACTURER,India,REG-WM719EQL24,LOW,2020-03-12,ACTIVE
VND-04970,Beta_Supplies Ltd,SUPPLIER,United Kingdom,REG-MZ655SKA71,HIGH,2023-04-01,BLACKLISTED
VND-04971,EcoVenture Supplies Group,SUPPLIER,United States,REG-UO745CWW14,LOW,2018-04-24,ACTIVE
VND-04972,MeridianTech Group,CONTRACTOR,Ireland,REG-RZ257HIJ44,LOW,2015-12-10,ACTIVE
VND-04973,DeltaPath Logistics,CONSULTANT,United States,REG-DT526HHX99,LOW,2018-08-06,ACTIVE
VND-04974,SilverPath Holdings,SERVICE_PROVIDER,UAE,REG-EP111YOI56,LOW,2020-01-17,ACTIVE
VND-04975,DeltaPath Logistics Ltd,SERVICE_PROVIDER,Canada,REG-SV515AFC76,LOW,2023-04-21,ACTIVE
VND-04976,YellowBridge Partners Holdings,SERVICE_PROVIDER,Singapore,REG-MI506MGV80,LOW,2018-08-02,ACTIVE
VND-04977,PrimeAxis Corp LLC,CONTRACTOR,Germany,REG-BU319SDL34,MEDIUM,2023-12-22,ACTIVE
VND-04978,Alpha_Inc Ltd,CONSULTANT,Brazil,REG-PO758TVV60,CRITICAL,2023-04-28,BLACKLISTED
VND-04979,NexPoint Analytics Inc,CONTRACTOR,Germany,REG-XI563KJP33,LOW,2021-09-15,ACTIVE
VND-04980,SkyBridge Logistics,MANUFACTURER,United States,REG-XU495CDV24,LOW,2021-12-06,ACTIVE
VND-04981,TitanPath Holdings LLC,MANUFACTURER,Canada,REG-OI155ZMI78,LOW,2019-04-16,INACTIVE
VND-04982,DeltaPath Logistics Inc,MANUFACTURER,UAE,REG-RV803JDF24,LOW,2022-11-16,ACTIVE
VND-04983,QuantumEdge Solutions Group,MANUFACTURER,United States,REG-TS618GOY62,LOW,2023-12-22,ACTIVE
VND-04984,Gamma_Co Ltd,CONSULTANT,United States,REG-UZ974LNO76,LOW,2016-05-30,ACTIVE
VND-04985,OpenBridge Systems International,MANUFACTURER,Canada,REG-PR703EJW85,LOW,2016-11-29,ACTIVE
VND-04986,YieldPoint Partners Group,DISTRIBUTOR,United Kingdom,REG-KM726HYN81,MEDIUM,2015-05-05,ACTIVE
VND-04987,Delta_Logistics LLC,MANUFACTURER,United States,REG-XY229TLS41,LOW,2015-12-20,ACTIVE
VND-04988,InnoCore Dynamics LLC,MANUFACTURER,Japan,REG-LW328PRL06,LOW,2023-12-20,ACTIVE
VND-04989,WaveCore Manufacturing International,LOGISTICS,United States,REG-VX418REI54,HIGH,2016-06-14,BLACKLISTED
VND-04990,UnityCore Technologies Group,CONSULTANT,United States,REG-PF925QXA88,LOW,2016-10-08,ACTIVE
VND-04991,DawnTech Services Inc,DISTRIBUTOR,Germany,REG-BM035KGJ63,LOW,2017-12-30,ACTIVE
VND-04992,QuantumEdge Solutions Inc,DISTRIBUTOR,Australia,REG-NA673TCL54,LOW,2017-02-22,ACTIVE
VND-04993,WaveCore Manufacturing,CONTRACTOR,United Kingdom,REG-BY865GLT71,HIGH,2018-04-24,ACTIVE
VND-04994,VertiLink Distributors LLC,LOGISTICS,Ireland,REG-XV621YXD32,HIGH,2020-09-27,BLACKLISTED
VND-04995,OpenBridge Systems Ltd,SUPPLIER,Canada,REG-IU862YSO86,LOW,2019-06-25,ACTIVE
VND-04996,LatticeCore Partners Inc,CONSULTANT,India,REG-RR347HIL60,LOW,2024-04-29,ACTIVE
VND-04997,Epsilon_Group Holdings,CONTRACTOR,Australia,REG-IC309LHM25,LOW,2020-05-08,ACTIVE
VND-04998,MomentumCore Corp Holdings,MANUFACTURER,Brazil,REG-NE467ZMP36,HIGH,2015-06-20,ACTIVE
VND-04999,OpenBridge Systems Ltd,DISTRIBUTOR,Netherlands,REG-GE084KVZ60,LOW,2023-03-04,ACTIVE
VND-05000,TitanPath Holdings,SUPPLIER,United States,REG-SZ280TMD33,LOW,2017-04-16,ACTIVE
